monthly_txn_count,avg_txn_amount_usd,wallet_balance_trend,airtime_recharge_freq,airtime_avg_amount_usd,has_savings_account,savings_consistency_score,monthly_savings_usd,has_prior_loan,prior_loan_repayment_rate,days_late_avg,network_diversity_score,bill_payment_regularity,merchant_payment_count,loan_amount_requested_usd,loan_duration_weeks,txn_intensity,savings_commitment_ratio,airtime_stability,no_prior_loan_flag
17,54.71,-0.269,14,2.94,1,19.0,33.59,1,0.641,2.4,56.0,92.0,10,224.32,4,11.6198,0.6029,0.196,0
18,36.25,-0.265,10,1.64,0,3.0,0.0,0,,,40.0,77.0,8,673.36,24,10.652,0.0,0.1491,1
17,27.48,0.745,11,3.17,0,6.0,0.0,1,0.449,25.9,14.0,74.0,9,202.29,12,9.6804,0.0,0.2642,0
20,40.62,0.14,13,2.18,0,5.0,0.0,1,0.928,1.6,39.0,78.0,3,297.35,12,11.3517,0.0,0.1557,0
6,28.07,-0.253,20,1.22,1,21.0,19.64,0,,,44.0,19.0,5,131.45,12,6.5571,0.6756,0.0581,1
21,153.71,-0.797,12,2.89,1,35.0,35.16,0,,,63.0,72.0,7,129.43,8,15.5837,0.2273,0.2223,1
15,20.12,0.271,22,2.89,0,5.0,0.0,0,,,44.0,55.0,6,450.26,8,8.457,0.0,0.1257,1
24,55.23,2.078,18,4.23,1,55.0,94.32,1,0.737,0.0,40.0,78.0,6,789.6,8,12.9703,1.6774,0.2226,0
21,39.22,0.949,13,6.58,1,50.0,18.03,0,,,74.0,67.0,8,572.41,8,11.4194,0.4483,0.47,1
8,57.22,-0.558,7,2.41,1,59.0,8.62,0,,,18.0,66.0,1,209.73,12,8.93,0.1481,0.3012,1
15,94.0,0.569,14,6.57,1,50.0,82.14,1,0.477,5.6,42.0,37.0,10,1320.74,24,12.626,0.8646,0.438,0
9,5.96,0.474,12,2.72,0,4.0,0.0,1,0.706,7.0,41.0,68.0,7,306.61,4,4.4674,0.0,0.2092,0
21,127.81,1.797,16,3.14,0,2.0,0.0,0,,,23.0,61.0,7,243.7,12,15.0173,0.0,0.1847,1
29,78.1,-0.484,24,2.63,0,2.0,0.0,1,0.651,6.2,50.0,60.0,6,1064.66,12,14.8657,0.0,0.1052,0
14,25.53,-0.242,10,1.94,0,5.0,0.0,0,,,34.0,61.0,4,285.91,8,8.8777,0.0,0.1764,1
35,55.45,0.74,25,3.9,1,51.0,15.85,0,,,69.0,59.0,7,223.25,8,14.4536,0.2808,0.15,1
30,40.33,0.781,20,6.38,0,3.0,0.0,0,,,63.0,52.0,6,877.85,4,12.7799,0.0,0.3038,1
3,18.31,-1.058,9,0.66,1,84.0,10.99,0,,,12.0,79.0,2,265.03,4,4.1043,0.5691,0.066,1
30,22.05,1.337,21,6.06,0,1.0,0.0,0,,,54.0,44.0,11,296.73,12,10.7747,0.0,0.2755,1
33,52.16,1.849,19,10.48,1,53.0,52.2,1,0.934,0.5,60.0,64.0,13,203.77,4,14.0113,0.9819,0.524,0
18,23.03,0.363,13,4.83,1,81.0,24.65,1,0.714,3.4,65.0,62.0,4,435.39,4,9.3613,1.0258,0.345,0
21,53.05,-0.355,14,2.63,1,78.0,17.01,0,,,49.0,43.0,5,348.74,24,12.333,0.3147,0.1753,1
10,75.74,-0.819,15,2.96,1,63.0,7.36,0,,,60.0,42.0,0,105.63,24,10.4079,0.0959,0.185,1
3,50.81,-0.864,8,1.74,1,77.0,6.58,1,0.462,11.7,19.0,89.0,0,66.3,4,5.4725,0.127,0.1933,0
10,34.26,-1.759,9,1.23,0,2.0,0.0,0,,,29.0,79.0,0,118.57,24,8.5431,0.0,0.123,1
19,27.03,0.046,16,5.62,0,13.0,0.0,1,0.54,10.8,60.0,68.0,4,154.93,24,9.9856,0.0,0.3306,0
6,18.14,-0.469,6,2.78,1,70.0,16.87,0,,,8.0,57.0,1,74.53,52,5.7439,0.8814,0.3971,1
15,90.2,1.488,19,1.06,0,1.0,0.0,0,,,68.0,41.0,6,225.11,12,12.5128,0.0,0.053,1
12,70.62,-0.807,14,3.42,0,0.0,0.0,0,,,37.0,90.0,3,772.26,12,10.9559,0.0,0.228,1
9,46.62,0.124,18,2.56,0,4.0,0.0,1,0.819,4.8,26.0,68.0,0,184.37,52,8.8955,0.0,0.1347,0
6,43.78,0.344,12,3.05,0,19.0,0.0,1,0.785,7.1,24.0,96.0,1,136.0,24,7.3979,0.0,0.2346,0
27,32.96,0.596,22,2.66,1,68.0,53.2,0,,,40.0,66.0,9,413.67,8,11.7466,1.5665,0.1157,1
13,53.54,0.36,7,2.11,0,6.0,0.0,1,0.981,12.3,7.0,28.0,5,168.63,12,10.5534,0.0,0.2638,0
14,51.99,0.171,13,1.45,1,72.0,7.0,1,0.87,10.8,84.0,44.0,6,228.7,8,10.7512,0.1321,0.1036,0
8,10.73,0.173,6,4.09,0,1.0,0.0,1,0.425,11.1,52.0,12.0,2,415.07,12,5.4099,0.0,0.5843,0
28,16.65,0.028,11,4.08,1,57.0,81.77,0,,,70.0,65.0,12,121.95,12,9.6666,4.6329,0.34,1
14,29.79,0.551,17,4.33,0,11.0,0.0,0,,,53.0,69.0,10,442.83,12,9.281,0.0,0.2406,1
18,28.28,0.519,8,1.35,0,3.0,0.0,1,0.88,9.0,53.0,60.0,6,578.71,8,9.9431,0.0,0.15,0
15,26.2,-0.543,16,2.69,1,52.0,9.6,1,0.753,26.9,57.0,35.0,8,551.29,8,9.1585,0.3529,0.1582,0
16,49.36,-0.725,10,2.87,0,8.0,0.0,1,0.66,0.6,10.0,14.0,2,102.41,8,11.1039,0.0,0.2609,0
11,33.47,-0.064,11,1.51,1,14.0,21.45,1,0.708,31.8,65.0,53.0,3,322.86,8,8.7968,0.6223,0.1258,0
9,43.38,-0.813,12,1.35,0,1.0,0.0,0,,,98.0,78.0,3,552.09,8,8.7332,0.0,0.1038,1
29,77.73,0.624,8,1.29,0,2.0,0.0,0,,,44.0,7.0,4,136.29,4,14.8497,0.0,0.1433,1
11,24.46,-0.089,23,1.42,0,9.0,0.0,1,0.8,6.6,65.0,87.0,3,359.32,8,8.0439,0.0,0.0592,0
24,71.27,0.296,16,4.43,0,1.0,0.0,0,,,32.0,94.0,12,113.84,12,13.7781,0.0,0.2606,1
21,71.27,0.498,16,2.86,1,34.0,38.81,1,0.836,13.6,68.0,73.0,2,185.45,8,13.2309,0.537,0.1682,0
30,107.38,1.087,20,2.09,0,6.0,0.0,1,0.869,2.1,87.0,60.0,11,533.53,24,16.0904,0.0,0.0995,0
17,21.88,-1.017,9,3.2,0,5.0,0.0,0,,,31.0,30.0,0,142.14,12,9.0476,0.0,0.32,1
22,63.97,0.327,25,4.54,0,3.0,0.0,1,0.841,33.6,70.0,57.0,7,1554.44,4,13.0873,0.0,0.1746,0
7,37.68,-0.279,7,1.56,0,4.0,0.0,1,0.588,11.5,53.0,25.0,4,311.31,4,7.601,0.0,0.195,0
5,10.8,-0.648,7,3.21,1,71.0,15.85,0,,,5.0,54.0,0,119.09,8,4.4222,1.3432,0.4012,1
19,50.2,0.394,14,2.09,1,82.0,16.19,0,,,54.0,55.0,4,438.8,8,11.7904,0.3162,0.1393,1
14,21.75,1.166,9,2.04,1,39.0,8.0,1,0.548,12.8,23.0,85.0,4,191.75,52,8.4615,0.3516,0.204,0
14,43.74,0.308,11,1.02,1,50.0,21.0,0,,,27.0,67.0,2,141.67,12,10.2929,0.4694,0.085,1
23,45.8,-0.079,12,3.15,0,16.0,0.0,1,0.709,19.7,47.0,81.0,6,416.86,12,12.2224,0.0,0.2423,0
13,19.11,-0.309,11,3.68,1,90.0,19.17,0,,,56.0,95.0,5,372.66,4,7.9204,0.9533,0.3067,1
15,65.36,0.522,10,3.03,0,4.0,0.0,0,,,16.0,37.0,10,123.71,4,11.6313,0.0,0.2755,1
17,147.25,-0.619,9,3.58,0,1.0,0.0,1,0.989,13.5,32.0,58.0,5,251.35,8,14.4487,0.0,0.358,0
16,54.75,0.158,15,6.79,1,54.0,7.95,0,,,50.0,97.0,5,500.32,12,11.392,0.1426,0.4244,1
13,43.76,-0.907,16,2.92,1,44.0,25.48,1,0.957,0.4,56.0,71.0,9,296.22,4,10.0319,0.5693,0.1718,0
19,102.59,0.014,12,2.71,0,7.0,0.0,1,0.827,30.7,81.0,33.0,5,150.02,24,13.9015,0.0,0.2085,0
17,69.5,-0.606,14,3.77,1,69.0,12.98,0,,,57.0,77.0,9,229.17,24,12.3003,0.1841,0.2513,1
29,38.91,1.248,16,5.23,1,81.0,29.38,1,0.723,6.3,43.0,88.0,7,402.79,12,12.5389,0.7362,0.3076,0
26,120.71,0.422,12,3.43,0,6.0,0.0,0,,,94.0,71.0,6,728.33,4,15.8254,0.0,0.2638,1
11,98.26,-0.501,19,1.66,1,80.0,21.14,1,0.722,9.3,47.0,71.0,7,75.42,4,11.425,0.213,0.083,0
9,94.61,0.31,17,8.97,0,1.0,0.0,0,,,54.0,70.0,5,863.3,8,10.5004,0.0,0.4983,1
17,66.15,0.471,8,2.48,0,5.0,0.0,0,,,11.0,38.0,1,716.55,8,12.1596,0.0,0.2756,1
17,41.51,0.36,12,6.62,0,0.0,0.0,0,,,37.0,77.0,3,1429.74,12,10.8381,0.0,0.5092,1
17,50.43,0.28,15,2.08,0,8.0,0.0,0,,,45.0,80.0,7,810.2,12,11.3887,0.0,0.13,1
13,22.86,-0.975,20,2.0,1,62.0,25.07,0,,,40.0,37.0,6,440.21,4,8.3716,1.0507,0.0952,1
27,62.75,0.132,17,3.23,1,59.0,52.76,1,0.661,24.9,50.0,62.0,2,196.39,24,13.8452,0.8276,0.1794,0
14,40.04,0.206,6,2.38,1,45.0,31.5,0,,,15.0,22.0,2,65.5,4,10.0592,0.7675,0.34,1
27,32.97,1.918,26,1.29,1,28.0,59.4,0,,,42.0,49.0,11,283.23,8,11.7476,1.7486,0.0478,1
12,27.07,-0.888,8,4.37,0,1.0,0.0,1,0.737,40.2,56.0,59.0,6,119.92,4,8.5533,0.0,0.4856,0
8,17.05,-0.471,17,1.6,0,2.0,0.0,0,,,78.0,74.0,5,784.15,8,6.3569,0.0,0.0889,1
14,75.34,0.328,10,2.39,0,4.0,0.0,0,,,64.0,55.0,3,241.53,4,11.7399,0.0,0.2173,1
17,62.35,0.381,14,1.5,0,0.0,0.0,0,,,52.0,90.0,3,356.19,52,11.9912,0.0,0.1,1
17,30.57,0.219,16,1.69,0,17.0,0.0,0,,,56.0,79.0,6,659.55,12,9.9782,0.0,0.0994,1
16,63.0,0.05,20,6.26,1,19.0,36.4,0,,,19.0,35.0,1,139.09,24,11.783,0.5688,0.2981,1
13,21.69,0.332,13,2.6,1,69.0,37.27,0,,,57.0,8.0,5,381.11,12,8.2389,1.6426,0.1857,1
10,9.96,-0.264,7,2.26,0,4.0,0.0,0,,,79.0,67.0,2,117.93,4,5.7412,0.0,0.2825,1
15,74.44,-0.07,13,2.28,0,1.0,0.0,0,,,58.0,76.0,2,634.74,8,11.9868,0.0,0.1629,1
14,68.54,0.669,16,1.81,0,5.0,0.0,1,0.82,17.9,45.0,66.0,4,218.39,12,11.4873,0.0,0.1065,0
22,62.71,1.161,25,3.93,1,49.0,27.92,1,0.883,12.1,40.0,84.0,11,593.46,12,13.0259,0.4382,0.1512,0
14,19.83,-0.092,5,1.75,0,2.0,0.0,0,,,45.0,40.0,4,1044.45,4,8.2227,0.0,0.2917,1
16,91.43,0.169,14,1.57,0,2.0,0.0,1,0.815,5.5,65.0,35.0,6,736.91,8,12.8244,0.0,0.1047,0
14,35.01,0.246,7,5.32,1,67.0,11.38,0,,,44.0,85.0,0,117.84,8,9.7051,0.316,0.665,1
10,51.58,-0.232,18,1.79,0,7.0,0.0,0,,,87.0,30.0,3,121.35,12,9.5013,0.0,0.0942,1
12,49.75,-0.249,11,2.32,1,63.0,28.07,0,,,47.0,55.0,4,287.89,8,10.0723,0.5531,0.1933,1
13,89.94,1.08,11,2.01,0,0.0,0.0,0,,,59.0,81.0,9,173.6,52,11.9027,0.0,0.1675,1
10,31.85,-0.554,19,3.6,0,7.0,0.0,0,,,30.0,47.0,5,71.44,4,8.3733,0.0,0.18,1
7,15.85,-0.545,6,1.66,0,3.0,0.0,0,,,58.0,58.0,0,199.18,12,5.8731,0.0,0.2371,1
33,87.74,1.661,18,4.99,1,27.0,41.77,0,,,60.0,73.0,9,1375.95,12,15.8182,0.4707,0.2626,1
11,39.04,-0.203,9,3.14,1,34.0,9.19,1,0.833,5.2,61.0,83.0,6,87.48,4,9.169,0.2295,0.314,0
24,57.76,0.786,19,6.57,0,9.0,0.0,1,0.734,0.3,29.0,85.0,4,264.69,8,13.112,0.0,0.3285,0
11,27.13,0.785,16,6.93,1,83.0,33.34,0,,,49.0,59.0,6,209.96,12,8.2917,1.1852,0.4076,1
15,58.36,0.329,13,2.72,0,9.0,0.0,0,,,27.0,66.0,2,242.1,8,11.3222,0.0,0.1943,1
12,34.23,-0.332,10,3.73,0,1.0,0.0,0,,,58.0,86.0,1,89.25,8,9.1361,0.0,0.3391,1
17,36.72,0.963,8,2.36,0,7.0,0.0,0,,,73.0,55.0,1,507.66,24,10.4926,0.0,0.2622,1
35,20.86,0.957,21,4.67,0,5.0,0.0,0,,,54.0,76.0,8,190.64,12,11.0539,0.0,0.2123,1
18,59.73,-0.215,15,3.74,0,1.0,0.0,1,0.846,3.3,54.0,41.0,6,490.75,12,12.0912,0.0,0.2338,0
20,46.58,1.35,11,4.73,0,0.0,0.0,0,,,64.0,77.0,5,392.27,8,11.7592,0.0,0.3942,1
15,63.41,-0.829,16,1.96,1,21.0,21.07,1,0.798,23.4,56.0,61.0,7,134.34,4,11.5486,0.3271,0.1153,0
10,36.79,-0.898,11,4.14,0,7.0,0.0,1,0.736,52.8,57.0,39.0,4,285.79,12,8.7093,0.0,0.345,0
26,91.45,-0.607,29,6.5,1,48.0,19.2,1,0.686,6.7,68.0,90.0,11,524.87,4,14.9192,0.2077,0.2167,0
12,155.13,-0.388,15,3.94,0,15.0,0.0,0,,,37.0,83.0,7,329.97,8,12.9548,0.0,0.2462,1
16,51.92,0.768,20,3.81,1,76.0,48.33,1,0.719,8.2,25.0,66.0,7,150.12,8,11.2444,0.9133,0.1814,0
12,71.59,0.069,9,1.56,0,14.0,0.0,1,0.792,5.0,62.0,74.0,3,814.47,8,10.9904,0.0,0.156,0
13,50.01,-0.503,14,1.56,1,46.0,30.47,0,,,49.0,64.0,0,442.2,4,10.3768,0.5973,0.104,1
10,28.28,-0.429,16,6.36,0,13.0,0.0,0,,,9.0,94.0,5,253.36,4,8.0975,0.0,0.3741,1
14,19.72,-0.168,12,3.84,0,8.0,0.0,1,0.877,1.1,59.0,78.0,1,511.56,8,8.2084,0.0,0.2954,0
13,42.55,1.012,13,7.46,0,5.0,0.0,1,0.774,7.9,59.0,64.0,6,353.28,12,9.9596,0.0,0.5329,0
26,87.18,0.157,18,5.61,0,2.0,0.0,0,,,40.0,73.0,7,181.07,4,14.7633,0.0,0.2953,1
13,29.03,-0.146,13,3.1,0,1.0,0.0,0,,,82.0,53.0,5,183.44,8,8.9786,0.0,0.2214,1
30,257.97,1.112,17,3.23,0,6.0,0.0,1,0.712,0.8,45.0,40.0,8,439.35,4,19.0817,0.0,0.1794,0
15,78.98,0.298,9,3.56,1,79.0,40.35,1,0.695,0.4,72.0,76.0,3,310.52,4,12.1489,0.5045,0.356,0
6,8.48,-0.27,11,2.39,1,82.0,13.61,0,,,43.0,46.0,6,161.87,12,4.3767,1.4357,0.1992,1
44,69.44,0.806,19,5.15,0,1.0,0.0,0,,,54.0,61.0,10,551.92,8,16.1964,0.0,0.2575,1
19,165.48,0.243,19,3.22,0,6.0,0.0,0,,,39.0,68.0,7,1087.17,8,15.3228,0.0,0.161,1
18,44.38,-0.348,16,3.32,0,5.0,0.0,0,,,62.0,58.0,5,282.51,24,11.2332,0.0,0.1953,1
39,37.44,1.38,31,3.93,1,87.0,70.14,1,0.866,3.4,37.0,80.0,13,369.29,24,13.4611,1.8247,0.1228,0
17,68.09,0.333,17,2.74,1,60.0,19.18,0,,,66.0,66.0,5,161.16,12,12.2419,0.2776,0.1522,1
6,65.73,-0.646,13,2.34,0,21.0,0.0,0,,,85.0,44.0,2,119.13,4,8.1741,0.0,0.1671,1
5,20.48,-1.089,4,1.65,0,6.0,0.0,0,,,21.0,62.0,1,123.31,4,5.4955,0.0,0.33,1
23,34.71,1.294,12,7.59,0,11.0,0.0,1,0.793,0.1,60.0,74.0,8,204.92,4,11.3629,0.0,0.5838,0
14,86.81,1.021,16,3.33,0,15.0,0.0,0,,,22.0,86.0,7,240.0,8,12.119,0.0,0.1959,1
17,105.33,0.136,18,1.64,0,4.0,0.0,0,,,51.0,90.0,11,896.54,12,13.4881,0.0,0.0863,1
8,26.78,-0.948,15,3.35,0,1.0,0.0,0,,,9.0,43.0,0,67.46,12,7.3043,0.0,0.2094,1
4,43.15,0.807,9,0.84,0,2.0,0.0,0,,,43.0,17.0,2,144.68,52,6.0959,0.0,0.084,1
15,29.05,-0.468,16,2.57,1,57.0,21.83,1,0.95,13.0,48.0,21.0,3,277.54,4,9.4347,0.7265,0.1512,0
7,24.31,-0.109,8,1.57,1,56.0,17.51,1,0.5,8.1,20.0,46.0,2,170.52,8,6.7191,0.6918,0.1744,0
8,20.46,-0.137,11,2.61,0,0.0,0.0,0,,,23.0,39.0,2,254.98,4,6.7371,0.0,0.2175,1
10,25.71,-0.042,10,1.35,1,74.0,31.44,0,,,31.0,39.0,1,124.76,12,7.8772,1.1771,0.1227,1
19,37.91,-2.134,7,2.06,0,8.0,0.0,0,,,22.0,55.0,3,366.67,12,10.9681,0.0,0.2575,1
13,25.86,0.802,10,5.19,0,8.0,0.0,1,0.763,27.3,62.0,72.0,6,632.88,4,8.6842,0.0,0.4718,0
28,55.82,0.364,14,4.38,0,2.0,0.0,1,0.55,5.7,72.0,73.0,11,502.4,12,13.6035,0.0,0.292,0
11,27.82,-0.269,10,3.67,0,9.0,0.0,1,0.855,3.9,56.0,44.0,1,347.0,4,8.3519,0.0,0.3336,0
20,57.8,-0.471,10,3.12,0,8.0,0.0,0,,,65.0,84.0,4,226.95,24,12.4038,0.0,0.2836,1
10,16.14,0.362,10,1.44,0,5.0,0.0,0,,,67.0,30.0,0,427.97,24,6.8134,0.0,0.1309,1
10,20.89,-0.206,11,5.41,0,8.0,0.0,0,,,40.0,40.0,7,215.32,24,7.4,0.0,0.4508,1
15,80.38,-1.038,10,4.6,0,6.0,0.0,0,,,69.0,68.0,3,412.59,8,12.197,0.0,0.4182,1
14,32.77,-0.324,8,3.2,0,4.0,0.0,0,,,34.0,85.0,2,463.8,8,9.5312,0.0,0.3556,1
22,153.88,-0.298,8,3.39,0,2.0,0.0,1,0.622,31.5,77.0,63.0,11,197.21,24,15.8112,0.0,0.3767,0
17,16.91,-0.19,12,3.03,1,56.0,28.42,1,0.617,11.6,21.0,94.0,5,206.32,12,8.3398,1.5868,0.2331,0
7,20.63,0.366,14,0.73,1,71.0,13.38,1,0.504,32.7,19.0,17.0,2,82.87,24,6.3924,0.6186,0.0487,0
9,53.68,-0.414,12,1.21,0,1.0,0.0,0,,,22.0,27.0,1,136.0,12,9.2138,0.0,0.0931,1
20,30.31,0.834,11,1.59,0,1.0,0.0,0,,,42.0,66.0,5,175.87,12,10.4851,0.0,0.1325,1
14,33.32,-0.561,8,2.64,1,76.0,23.0,1,0.481,21.4,48.0,60.0,0,225.56,12,9.5749,0.6702,0.2933,0
13,47.17,0.247,11,5.11,1,57.0,36.9,0,,,45.0,66.0,7,452.98,24,10.2257,0.766,0.4258,1
28,62.03,1.191,16,6.68,1,76.0,24.95,1,0.933,1.3,52.0,84.0,17,824.77,8,13.9528,0.3958,0.3929,0
26,90.28,0.675,18,3.86,1,58.0,43.52,1,0.839,14.2,22.0,56.0,4,299.99,4,14.8772,0.4768,0.2032,0
18,135.07,-0.052,14,2.97,0,3.0,0.0,0,,,37.0,64.0,7,126.27,24,14.4665,0.0,0.198,1
8,22.38,0.02,10,1.28,0,2.0,0.0,1,0.893,4.7,23.0,87.0,3,538.49,24,6.9254,0.0,0.1164,0
15,19.74,-0.556,7,0.7,1,62.0,22.77,1,0.502,3.1,27.0,30.0,1,135.79,8,8.4067,1.0979,0.0875,0
9,21.16,-1.202,12,2.33,0,3.0,0.0,0,,,23.0,81.0,4,45.36,52,7.1341,0.0,0.1792,1
10,32.92,0.707,14,5.7,0,2.0,0.0,0,,,50.0,10.0,4,39.99,12,8.4502,0.0,0.38,1
10,19.05,-0.489,7,3.48,0,21.0,0.0,0,,,29.0,91.0,1,232.83,8,7.1894,0.0,0.435,1
13,57.22,-0.419,12,2.61,1,82.0,37.4,0,,,81.0,61.0,5,340.33,4,10.7257,0.6424,0.2008,1
8,51.32,-0.205,8,2.94,1,98.0,22.91,1,0.477,11.8,49.0,81.0,1,511.53,8,8.6952,0.4379,0.3267,0
14,63.24,-0.132,8,4.55,0,12.0,0.0,1,0.636,27.0,79.0,54.0,3,165.75,8,11.2726,0.0,0.5056,0
5,101.67,0.474,10,3.18,0,0.0,0.0,0,,,85.0,6.0,3,529.01,8,8.2986,0.0,0.2891,1
26,106.09,0.077,28,3.67,1,45.0,17.84,1,0.504,2.3,70.0,51.0,8,639.95,8,15.4037,0.1666,0.1266,0
10,30.97,-0.398,11,1.32,1,51.0,20.33,0,,,2.0,88.0,6,228.96,8,8.3082,0.6359,0.11,1
20,79.33,-0.514,15,5.4,0,6.0,0.0,1,0.676,8.9,25.0,84.0,10,1369.1,4,13.3537,0.0,0.3375,0
20,28.85,-0.287,15,5.62,1,64.0,121.82,1,0.884,23.2,54.0,39.0,8,209.31,24,10.3398,4.0811,0.3512,0
14,63.19,0.009,8,3.25,0,0.0,0.0,1,0.855,39.5,45.0,73.0,5,62.88,8,11.2705,0.0,0.3611,0
14,16.42,0.074,5,1.81,0,1.0,0.0,0,,,32.0,71.0,2,236.62,8,7.7386,0.0,0.3017,1
15,12.98,0.071,14,2.2,0,2.0,0.0,0,,,65.0,34.0,5,127.66,4,7.3131,0.0,0.1467,1
14,64.94,-0.43,12,2.01,0,13.0,0.0,0,,,50.0,68.0,8,173.57,12,11.3433,0.0,0.1546,1
6,22.79,-0.077,13,1.12,1,53.0,12.7,0,,,20.0,70.0,2,329.8,8,6.1671,0.5338,0.08,1
12,68.21,-0.22,13,2.49,1,79.0,11.9,0,,,43.0,46.0,3,207.59,4,10.8681,0.1719,0.1779,1
24,68.21,1.217,7,5.63,0,3.0,0.0,1,0.943,22.3,16.0,60.0,6,342.21,24,13.6388,0.0,0.7038,0
20,35.47,0.171,16,1.42,1,60.0,19.39,0,,,37.0,53.0,4,420.41,8,10.9496,0.5317,0.0835,1
24,41.53,0.566,14,4.49,1,45.0,39.0,0,,,70.0,44.0,6,2248.54,8,12.0715,0.917,0.2993,1
13,17.19,0.187,20,1.89,1,89.0,21.12,1,0.518,5.9,18.0,75.0,7,265.02,4,7.6556,1.1611,0.09,0
26,54.32,0.999,16,4.25,1,44.0,151.38,1,0.871,6.0,43.0,90.0,12,549.08,8,13.2266,2.7364,0.25,0
21,75.1,-0.2,15,2.26,0,20.0,0.0,0,,,5.0,52.0,4,445.41,8,13.3905,0.0,0.1412,1
14,62.54,-0.779,8,4.52,0,4.0,0.0,1,0.663,22.8,43.0,54.0,2,183.48,4,11.2429,0.0,0.5022,0
26,19.21,-0.413,14,1.46,0,4.0,0.0,1,0.895,1.4,64.0,64.0,3,543.75,4,9.9079,0.0,0.0973,0
16,30.72,-0.22,9,9.94,0,6.0,0.0,1,0.867,36.4,57.0,55.0,6,290.13,8,9.7943,0.0,0.994,0
15,25.59,-0.736,14,4.79,1,51.0,31.86,0,,,40.0,84.0,7,940.38,8,9.0956,1.1982,0.3193,1
15,123.61,0.615,21,4.55,0,11.0,0.0,0,,,35.0,40.0,4,421.43,4,13.3783,0.0,0.2068,1
16,33.01,-1.239,16,2.2,1,56.0,27.2,0,,,39.0,60.0,1,165.78,24,9.9918,0.7998,0.1294,1
9,7.52,-0.716,14,3.2,0,6.0,0.0,0,,,33.0,56.0,5,162.26,24,4.9331,0.0,0.2133,1
22,97.74,1.066,13,3.53,0,10.0,0.0,1,0.591,7.2,35.0,17.0,5,116.04,4,14.3997,0.0,0.2521,0
12,160.92,0.373,21,3.79,1,44.0,20.09,0,,,64.0,65.0,6,393.07,12,13.0482,0.1241,0.1723,1
29,48.8,-0.026,15,4.65,0,8.0,0.0,1,0.746,12.7,64.0,83.0,5,511.15,12,13.2919,0.0,0.2906,0
17,38.15,0.232,14,2.8,0,8.0,0.0,0,,,18.0,57.0,6,475.55,12,10.6002,0.0,0.1867,1
10,39.83,-0.326,13,3.9,1,58.0,17.07,0,,,76.0,18.0,3,121.74,4,8.8948,0.4181,0.2786,1
13,21.22,-0.741,15,3.37,1,63.0,6.13,1,0.916,3.4,41.0,21.0,8,220.7,12,8.1837,0.2759,0.2106,0
16,52.64,0.421,21,2.11,1,60.0,38.06,1,0.86,2.8,74.0,62.0,7,482.07,24,11.2827,0.7095,0.0959,0
6,45.61,0.857,10,1.82,1,68.0,12.57,0,,,54.0,91.0,7,124.69,24,7.4758,0.2697,0.1655,1
20,83.02,1.172,12,4.78,0,12.0,0.0,1,0.97,32.8,70.0,71.0,4,345.41,4,13.4904,0.0,0.3677,0
9,48.78,0.08,16,2.54,0,4.0,0.0,1,0.728,11.2,74.0,52.0,3,324.92,8,8.9976,0.0,0.1494,0
17,17.7,0.397,12,2.86,0,5.0,0.0,1,0.894,16.4,17.0,18.0,3,1725.34,8,8.4645,0.0,0.22,0
7,19.92,-1.215,11,1.48,0,1.0,0.0,0,,,83.0,38.0,3,66.7,24,6.323,0.0,0.1233,1
14,34.8,0.283,8,2.94,0,2.0,0.0,1,0.763,9.6,79.0,56.0,5,471.95,12,9.6893,0.0,0.3267,0
27,36.83,1.304,18,5.71,0,9.0,0.0,0,,,33.0,55.0,7,240.79,52,12.1062,0.0,0.3005,1
10,54.16,-0.026,6,3.56,0,2.0,0.0,0,,,38.0,14.0,4,92.2,12,9.6161,0.0,0.5086,1
13,37.59,0.083,12,1.17,0,5.0,0.0,1,0.844,6.8,64.0,48.0,2,195.53,52,9.6405,0.0,0.09,0
9,34.62,-0.004,10,1.79,0,1.0,0.0,1,0.904,1.8,20.0,21.0,4,618.8,4,8.2269,0.0,0.1627,0
22,45.84,-1.22,16,4.07,0,10.0,0.0,1,0.734,5.4,47.0,91.0,4,235.1,4,12.0614,0.0,0.2394,0
10,88.11,0.211,12,3.04,1,56.0,21.74,0,,,72.0,42.0,2,60.47,8,10.7662,0.244,0.2338,1
14,78.34,0.577,17,7.61,1,70.0,32.75,1,0.341,2.4,69.0,42.0,6,464.06,4,11.8443,0.4128,0.4228,0
13,35.27,0.579,10,3.39,0,6.0,0.0,0,,,59.0,72.0,5,199.43,24,9.4768,0.0,0.3082,1
3,24.9,-0.219,6,1.97,0,16.0,0.0,0,,,4.0,62.0,0,489.51,4,4.5113,0.0,0.2814,1
29,540.6,1.672,23,5.99,1,67.0,30.17,0,,,46.0,70.0,15,526.77,24,21.4089,0.0557,0.2496,1
13,33.83,-0.114,14,2.29,1,68.0,17.7,1,0.731,8.3,35.0,88.0,3,227.46,4,9.3699,0.5082,0.1527,0
18,39.04,-0.233,12,4.28,0,2.0,0.0,1,0.813,5.4,45.0,39.0,7,164.02,8,10.8646,0.0,0.3292,0
28,125.32,1.606,13,4.36,0,19.0,0.0,0,,,42.0,55.0,3,229.24,8,16.2937,0.0,0.3114,1
9,26.98,0.251,7,1.47,1,83.0,22.11,0,,,45.0,66.0,3,281.34,12,7.671,0.7902,0.1838,1
16,29.66,0.089,9,2.12,0,16.0,0.0,0,,,40.0,51.0,1,211.38,24,9.698,0.0,0.212,1
34,161.1,1.156,18,5.91,1,63.0,52.64,0,,,39.0,77.0,11,161.48,8,18.0904,0.3247,0.3111,1
20,187.68,1.73,21,2.49,0,5.0,0.0,0,,,82.0,42.0,10,792.74,12,15.9535,0.0,0.1132,1
13,18.84,0.879,10,4.29,0,13.0,0.0,0,,,22.0,66.0,6,76.86,8,7.8847,0.0,0.39,1
25,126.14,-0.704,11,2.34,0,15.0,0.0,1,0.914,0.2,45.0,75.0,8,146.46,24,15.7864,0.0,0.195,0
18,21.21,1.177,17,2.01,1,35.0,23.33,0,,,18.0,91.0,0,1209.64,52,9.1294,1.0504,0.1117,1
22,106.32,0.374,10,7.88,0,17.0,0.0,1,0.895,25.3,89.0,9.0,7,422.53,12,14.661,0.0,0.7164,0
13,20.38,0.343,15,1.45,0,12.0,0.0,0,,,63.0,95.0,3,823.95,4,8.082,0.0,0.0906,1
17,142.82,0.49,11,1.6,0,7.0,0.0,0,,,60.0,65.0,7,193.44,4,14.361,0.0,0.1333,1
9,36.16,-0.374,10,2.53,1,77.0,24.46,0,,,38.0,56.0,9,370.2,12,8.3244,0.6582,0.23,1
9,68.24,0.672,11,2.4,0,18.0,0.0,1,0.829,38.0,30.0,88.0,2,652.18,8,9.7574,0.0,0.2,0
21,23.39,0.402,16,2.73,0,0.0,0.0,1,0.931,5.8,33.0,65.0,4,1107.61,8,9.8733,0.0,0.1606,0
11,37.68,-0.411,10,2.02,1,50.0,14.32,1,0.695,10.6,39.0,69.0,4,133.93,24,9.0831,0.3702,0.1836,0
10,52.48,0.183,14,1.35,0,0.0,0.0,1,0.586,1.8,28.0,91.0,3,150.12,8,9.542,0.0,0.09,0
10,36.13,-1.066,15,4.23,1,34.0,20.46,1,0.549,6.5,44.0,82.0,7,132.57,24,8.667,0.551,0.2644,0
17,93.84,-0.633,11,8.51,0,12.0,0.0,1,0.826,10.6,75.0,72.0,4,367.9,8,13.1575,0.0,0.7092,0
14,27.73,-0.299,12,2.39,0,5.0,0.0,0,,,41.0,38.0,8,537.76,24,9.0935,0.0,0.1838,1
6,21.85,0.233,9,3.28,1,44.0,37.15,0,,,48.0,71.0,4,431.52,4,6.0887,1.6258,0.328,1
14,75.13,-0.453,9,1.05,1,84.0,14.37,0,,,26.0,28.0,7,73.91,8,11.7325,0.1888,0.105,1
14,82.83,0.503,16,3.43,1,62.0,9.31,0,,,22.0,67.0,4,154.13,12,11.9934,0.1111,0.2018,1
13,34.36,0.862,17,3.51,0,1.0,0.0,0,,,15.0,44.0,1,378.6,8,9.4098,0.0,0.195,1
6,10.3,-1.462,13,0.77,0,3.0,0.0,0,,,40.0,71.0,1,123.32,4,4.7184,0.0,0.055,1
10,72.78,-1.188,10,1.15,1,81.0,25.04,1,0.783,7.0,49.0,45.0,5,88.36,4,10.3136,0.3394,0.1045,0
23,160.65,-0.108,19,7.03,1,34.0,38.25,0,,,59.0,70.0,6,127.25,12,16.1618,0.2366,0.3515,1
9,73.58,1.276,8,4.04,0,6.0,0.0,0,,,55.0,60.0,5,122.05,12,9.9285,0.0,0.4489,1
7,72.46,-1.043,9,2.36,0,3.0,0.0,1,0.746,9.9,54.0,77.0,2,372.92,8,8.9348,0.0,0.236,0
13,18.0,-0.393,12,1.88,1,80.0,12.93,0,,,70.0,31.0,3,192.68,52,7.7705,0.6805,0.1446,1
8,28.02,-0.851,13,1.54,0,4.0,0.0,0,,,25.0,21.0,2,151.01,8,7.4002,0.0,0.11,1
21,93.7,1.084,14,6.74,0,9.0,0.0,1,0.757,15.4,22.0,59.0,11,1443.9,8,14.0665,0.0,0.4493,0
9,32.71,1.133,16,1.3,1,52.0,11.16,1,0.548,45.9,52.0,85.0,1,691.04,4,8.1,0.3311,0.0765,0
16,53.28,0.18,19,4.9,1,64.0,43.39,0,,,66.0,70.0,9,214.68,8,11.3163,0.7994,0.245,1
16,56.42,0.169,14,2.09,1,49.0,36.69,1,0.74,0.7,51.0,72.0,6,419.9,24,11.4756,0.639,0.1393,0
9,43.27,0.044,10,1.1,0,19.0,0.0,0,,,16.0,37.0,3,64.79,8,8.7275,0.0,0.1,1
5,63.45,0.591,12,1.77,1,62.0,11.36,1,0.831,13.4,39.0,19.0,5,43.14,4,7.4643,0.1763,0.1362,0
6,40.03,-0.25,7,1.03,0,5.0,0.0,0,,,94.0,48.0,1,69.86,8,7.2277,0.0,0.1288,1
8,17.62,0.167,10,1.67,0,8.0,0.0,0,,,24.0,32.0,2,119.16,24,6.4252,0.0,0.1518,1
12,40.45,0.94,14,2.28,0,15.0,0.0,1,0.725,5.9,59.0,83.0,6,172.54,4,9.5531,0.0,0.152,0
24,123.25,0.832,20,11.49,0,2.0,0.0,0,,,54.0,53.0,14,422.18,8,15.5224,0.0,0.5471,1
9,42.64,0.818,14,3.18,1,61.0,17.59,0,,,32.0,23.0,6,419.36,12,8.6945,0.4031,0.212,1
22,21.54,-0.328,8,1.52,1,43.0,19.86,0,,,32.0,56.0,3,713.74,8,9.768,0.8811,0.1689,1
12,17.15,-0.653,7,3.79,0,6.0,0.0,0,,,46.0,76.0,6,81.69,24,7.4349,0.0,0.4738,1
10,5.17,0.953,7,4.48,0,7.0,0.0,0,,,38.0,62.0,1,91.1,4,4.3634,0.0,0.56,1
10,137.05,-0.193,6,1.14,0,7.0,0.0,0,,,27.0,50.0,2,156.41,4,11.8159,0.0,0.1629,1
8,20.42,-1.349,14,1.63,0,0.0,0.0,0,,,87.0,40.0,1,424.77,4,6.733,0.0,0.1087,1
20,101.33,0.832,16,4.19,1,22.0,37.82,0,,,53.0,73.0,5,387.14,8,14.0907,0.3696,0.2465,1
12,55.94,-0.128,10,3.04,0,4.0,0.0,0,,,29.0,41.0,0,174.04,8,10.3675,0.0,0.2764,1
25,44.42,-0.254,26,4.78,1,73.0,64.32,1,0.706,6.0,76.0,81.0,14,948.89,24,12.4327,1.4161,0.177,0
9,8.34,-0.525,9,3.05,0,1.0,0.0,0,,,38.0,56.0,4,70.78,12,5.1447,0.0,0.305,1
13,28.69,-1.333,7,1.79,1,49.0,13.36,0,,,20.0,71.0,2,197.17,52,8.9485,0.45,0.2238,1
18,78.51,1.168,20,13.03,1,45.0,25.62,0,,,27.0,44.0,8,287.43,8,12.8845,0.3222,0.6205,1
14,45.85,-0.572,9,4.75,0,1.0,0.0,1,0.905,25.3,33.0,54.0,1,254.38,12,10.4177,0.0,0.475,0
10,11.85,-0.087,11,2.16,0,7.0,0.0,0,,,48.0,44.0,3,167.9,4,6.1227,0.0,0.18,1
31,173.21,0.968,22,2.09,0,7.0,0.0,0,,,80.0,60.0,10,1022.7,8,17.8841,0.0,0.0909,1
6,70.01,-1.194,14,0.99,1,71.0,7.27,1,0.851,7.9,13.0,95.0,3,131.38,12,8.2951,0.1024,0.066,0
8,14.68,-0.495,16,2.98,1,77.0,11.56,1,0.865,16.7,46.0,26.0,7,633.03,12,6.0476,0.7372,0.1753,0
9,20.93,-1.092,8,1.93,0,5.0,0.0,1,0.856,4.4,21.0,46.0,4,95.96,24,7.1101,0.0,0.2144,0
20,99.24,0.364,22,0.95,1,54.0,38.31,0,,,19.0,27.0,8,325.63,4,14.0278,0.3822,0.0413,1
11,58.39,0.33,15,2.67,0,16.0,0.0,0,,,65.0,60.0,2,965.35,4,10.1487,0.0,0.1669,1
8,20.41,-0.015,10,2.74,1,10.0,10.25,0,,,37.0,69.0,3,519.96,8,6.732,0.4787,0.2491,1
26,53.09,0.386,19,2.93,1,79.0,40.1,0,,,50.0,76.0,9,414.65,4,13.1525,0.7414,0.1465,1
8,31.84,-0.133,9,1.46,0,1.0,0.0,1,0.881,8.1,43.0,64.0,11,128.16,4,7.6719,0.0,0.146,0
27,22.09,-0.054,14,4.04,1,29.0,52.08,0,,,73.0,90.0,5,418.87,4,10.4611,2.2555,0.2693,1
2,26.68,-1.094,10,1.74,0,2.0,0.0,0,,,51.0,48.0,2,206.07,8,3.6482,0.0,0.1582,1
9,54.23,-0.173,16,1.15,0,1.0,0.0,0,,,41.0,75.0,5,382.4,12,9.2368,0.0,0.0676,1
16,70.21,-0.626,9,3.17,0,4.0,0.0,0,,,92.0,64.0,6,558.05,4,12.0854,0.0,0.317,1
8,19.29,-0.586,12,3.92,0,1.0,0.0,0,,,57.0,50.0,5,143.12,8,6.6139,0.0,0.3015,1
29,30.7,1.627,16,4.38,0,0.0,0.0,0,,,37.0,53.0,13,638.95,8,11.7556,0.0,0.2576,1
7,20.96,-0.038,7,2.77,0,14.0,0.0,1,0.911,25.5,62.0,82.0,1,205.68,8,6.4239,0.0,0.3462,0
25,63.76,-0.151,15,1.84,0,6.0,0.0,0,,,44.0,49.0,5,397.34,24,13.5885,0.0,0.115,1
27,73.99,1.989,18,3.58,1,89.0,21.75,1,0.879,10.0,61.0,42.0,6,1791.49,4,14.3863,0.29,0.1884,0
4,26.73,-0.949,8,0.95,0,3.0,0.0,1,0.62,29.2,55.0,83.0,4,60.08,12,5.3474,0.0,0.1056,0
13,45.6,0.49,8,3.09,1,54.0,31.95,1,0.732,23.7,20.0,52.0,5,273.37,8,10.1382,0.6856,0.3433,0
15,31.29,-0.347,13,3.4,1,53.0,21.85,0,,,68.0,68.0,4,982.95,4,9.6341,0.6767,0.2429,1
10,34.35,-0.453,7,3.05,0,5.0,0.0,1,0.803,5.2,54.0,86.0,3,228.14,8,8.5492,0.0,0.3812,0
28,194.42,0.726,15,5.79,1,76.0,29.32,0,,,24.0,90.0,13,409.68,12,17.763,0.15,0.3619,1
11,21.07,0.122,7,2.64,0,15.0,0.0,1,0.953,7.0,27.0,79.0,1,284.46,4,7.6888,0.0,0.33,0
23,104.99,-0.971,17,6.02,1,82.0,13.21,0,,,6.0,65.0,10,754.61,8,14.8204,0.1246,0.3344,1
9,13.72,-1.943,10,1.82,1,53.0,12.12,1,0.836,24.4,38.0,72.0,1,225.89,24,6.1921,0.8234,0.1655,0
12,34.85,-0.341,14,1.97,0,0.0,0.0,0,,,40.0,60.0,2,277.55,24,9.1808,0.0,0.1313,1
16,58.6,1.0,15,8.13,0,4.0,0.0,1,0.897,1.2,59.0,64.0,6,77.49,12,11.5812,0.0,0.5081,0
27,45.54,0.277,9,4.44,0,14.0,0.0,0,,,34.0,58.0,10,441.87,8,12.7967,0.0,0.444,1
21,94.95,-0.709,16,4.34,1,30.0,44.56,0,,,63.0,72.0,12,478.97,4,14.107,0.4644,0.2553,1
24,70.18,0.498,10,9.78,1,77.0,24.64,0,,,68.0,49.0,3,940.46,12,13.7292,0.3462,0.8891,1
35,153.61,1.276,23,4.36,0,4.0,0.0,1,0.718,1.2,67.0,65.0,6,411.16,4,18.0642,0.0,0.1817,0
16,48.83,0.43,7,7.14,0,5.0,0.0,0,,,72.0,93.0,8,328.2,8,11.0739,0.0,0.8925,1
20,139.96,-0.331,16,2.27,0,5.0,0.0,1,0.883,8.7,42.0,58.0,8,276.35,12,15.0657,0.0,0.1335,0
21,19.82,0.316,24,3.31,0,6.0,0.0,0,,,26.0,93.0,8,364.71,12,9.3841,0.0,0.1324,1
15,40.54,0.282,10,2.83,0,0.0,0.0,0,,,28.0,30.0,3,287.57,8,10.3325,0.0,0.2573,1
19,78.87,0.507,18,7.05,1,45.0,16.98,1,0.522,5.2,75.0,25.0,8,813.66,24,13.1225,0.2126,0.3711,0
13,37.03,0.367,17,3.71,1,77.0,36.01,0,,,54.0,42.0,4,812.64,12,9.6019,0.9469,0.2061,1
24,119.49,0.668,16,3.55,1,59.0,26.59,1,0.784,2.8,77.0,59.0,7,351.38,4,15.4235,0.2207,0.2088,0
14,221.67,-0.938,21,6.36,0,4.0,0.0,1,0.717,17.3,75.0,29.0,8,329.91,24,14.6389,0.0,0.2891,0
19,87.44,0.719,12,4.85,0,2.0,0.0,0,,,22.0,54.0,10,535.81,12,13.4278,0.0,0.3731,1
12,13.66,0.641,11,2.52,0,3.0,0.0,0,,,60.0,77.0,6,330.59,4,6.8872,0.0,0.21,1
13,21.91,-0.249,11,1.75,0,1.0,0.0,1,0.804,78.1,35.0,92.0,2,367.59,12,8.2644,0.0,0.1458,0
22,23.6,-0.456,5,1.88,1,48.0,41.98,1,0.818,6.5,29.0,53.0,2,254.48,12,10.0422,1.7065,0.3133,0
7,18.62,0.238,7,3.16,0,10.0,0.0,0,,,40.0,74.0,1,128.18,8,6.1896,0.0,0.395,1
26,72.84,1.17,13,6.83,0,12.0,0.0,0,,,58.0,65.0,15,301.74,12,14.1784,0.0,0.4879,1
10,53.5,0.985,13,1.78,0,3.0,0.0,1,0.701,0.7,45.0,81.0,4,718.28,12,9.5873,0.0,0.1271,0
21,38.93,0.608,15,2.02,0,3.0,0.0,0,,,70.0,43.0,6,363.53,12,11.3971,0.0,0.1262,1
25,39.11,-0.336,18,6.5,1,57.0,75.13,1,0.858,1.3,57.0,88.0,8,421.27,24,12.0277,1.8731,0.3421,0
14,49.46,0.738,22,3.77,1,61.0,12.89,0,,,20.0,47.0,3,229.05,12,10.6188,0.2554,0.1639,1
34,13.33,0.56,17,2.51,1,72.0,44.67,0,,,95.0,63.0,13,125.16,12,9.4656,3.1172,0.1394,1
15,106.06,-0.741,12,3.85,1,49.0,15.6,0,,,62.0,80.0,4,361.42,8,12.9574,0.1457,0.2962,1
21,161.65,1.055,23,3.56,1,25.0,57.16,0,,,26.0,51.0,15,347.0,12,15.7384,0.3514,0.1483,1
7,27.62,-0.263,13,5.7,0,2.0,0.0,0,,,56.0,41.0,1,237.76,24,6.9747,0.0,0.4071,1
6,32.4,-0.087,11,2.73,1,91.0,54.6,1,0.805,6.8,69.0,65.0,1,191.35,8,6.8273,1.6347,0.2275,0
28,78.16,1.697,15,3.75,1,86.0,65.91,1,0.825,11.4,45.0,91.0,8,409.47,24,14.72,0.8326,0.2344,0
28,142.98,1.188,19,3.66,1,60.0,25.56,1,0.869,8.6,49.0,69.0,4,385.6,12,16.7344,0.1775,0.183,0
16,65.15,0.196,15,3.26,1,67.0,21.09,0,,,47.0,70.0,7,161.0,8,11.8766,0.3188,0.2037,1
10,29.36,0.164,8,1.63,0,2.0,0.0,1,0.373,12.5,21.0,61.0,3,284.39,4,8.1843,0.0,0.1811,0
13,12.58,-0.898,15,2.06,1,72.0,31.74,0,,,31.0,74.0,4,204.12,8,6.8842,2.3373,0.1288,1
17,28.38,0.2,10,2.86,0,1.0,0.0,0,,,67.0,56.0,5,167.02,4,9.7704,0.0,0.26,1
28,138.32,0.298,23,1.87,1,84.0,34.08,1,0.947,6.5,32.0,64.0,11,677.79,4,16.6236,0.2446,0.0779,0
21,107.08,0.634,20,2.45,1,51.0,77.57,0,,,56.0,66.0,5,574.29,12,14.475,0.7177,0.1167,1
12,107.41,-0.29,20,1.44,1,53.0,31.18,0,,,39.0,56.0,8,108.02,8,12.0191,0.2876,0.0686,1
18,66.32,-0.016,13,4.22,1,73.0,62.42,1,0.98,2.9,80.0,51.0,2,414.41,24,12.3945,0.9272,0.3014,0
18,175.25,0.172,20,2.92,1,52.0,59.94,0,,,66.0,47.0,11,422.43,4,15.2284,0.3401,0.139,1
12,41.68,-0.029,9,1.14,1,63.0,8.32,0,,,28.0,61.0,3,62.02,52,9.6281,0.1949,0.114,1
16,41.03,0.38,12,7.73,1,44.0,19.87,0,,,44.0,73.0,2,89.41,8,10.5916,0.4728,0.5946,1
14,33.67,0.317,15,7.79,0,19.0,0.0,0,,,60.0,88.0,8,365.99,12,9.6024,0.0,0.4869,1
23,22.05,1.498,9,1.74,0,5.0,0.0,0,,,26.0,77.0,4,548.49,8,9.9717,0.0,0.174,1
24,50.14,0.046,21,4.16,1,50.0,38.85,0,,,50.0,50.0,10,632.92,12,12.6649,0.7597,0.1891,1
16,45.27,0.475,15,2.19,0,5.0,0.0,0,,,80.0,56.0,5,241.22,52,10.8639,0.0,0.1369,1
17,63.07,0.328,11,3.39,0,11.0,0.0,1,0.56,9.4,75.0,79.0,3,330.17,8,12.0239,0.0,0.2825,0
24,127.09,1.778,19,4.55,1,62.0,33.05,0,,,31.0,54.0,20,215.71,4,15.6203,0.258,0.2275,1
18,70.37,0.847,17,3.25,0,5.0,0.0,1,0.729,4.2,29.0,39.0,5,244.52,8,12.5665,0.0,0.1806,0
25,161.41,1.265,17,7.32,1,61.0,23.41,0,,,12.0,92.0,12,162.82,8,16.5841,0.1441,0.4067,1
20,50.05,0.214,13,4.58,0,14.0,0.0,1,0.782,10.7,65.0,70.0,6,308.31,8,11.9735,0.0,0.3271,0
18,27.21,0.159,12,5.08,0,6.0,0.0,1,0.831,5.3,49.0,66.0,4,144.56,8,9.8335,0.0,0.3908,0
24,57.14,0.79,18,3.7,1,62.0,23.0,0,,,57.0,54.0,10,1181.89,24,13.0778,0.3956,0.1947,1
20,72.44,0.875,16,4.18,1,69.0,18.95,0,,,76.0,33.0,9,214.45,8,13.0807,0.258,0.2459,1
8,138.92,0.63,9,3.64,0,10.0,0.0,1,0.772,2.8,42.0,79.0,6,490.77,24,10.8566,0.0,0.364,0
10,75.77,0.278,17,4.0,1,35.0,10.94,0,,,63.0,30.0,7,360.3,52,10.4088,0.1425,0.2222,1
18,26.99,-0.279,8,1.25,0,8.0,0.0,1,0.726,0.4,43.0,32.0,7,344.52,24,9.8104,0.0,0.1389,0
10,68.4,0.104,7,3.74,0,0.0,0.0,0,,,73.0,7.0,4,148.16,8,10.1668,0.0,0.4675,1
11,31.12,0.967,12,1.45,0,1.0,0.0,0,,,41.0,50.0,4,229.28,24,8.6213,0.0,0.1115,1
33,28.57,0.08,22,4.68,1,70.0,86.53,0,,,32.0,51.0,12,378.24,8,11.9429,2.9263,0.2035,1
7,20.12,-0.855,15,3.25,0,10.0,0.0,0,,,91.0,73.0,5,205.73,4,6.3428,0.0,0.2031,1
16,41.36,1.194,16,3.45,1,47.0,23.03,1,0.591,34.6,72.0,79.0,6,325.58,12,10.6138,0.5437,0.2029,0
10,47.24,0.048,8,1.59,1,58.0,20.61,1,0.893,7.7,33.0,34.0,1,286.27,12,9.2947,0.4272,0.1767,0
17,25.65,0.689,24,2.32,1,90.0,21.07,1,0.851,18.3,86.0,71.0,12,816.69,12,9.4885,0.7906,0.0928,0
12,27.59,-1.283,11,3.88,1,77.0,22.76,1,0.86,2.5,41.0,63.0,3,512.65,52,8.6004,0.7961,0.3233,0
20,64.94,-0.367,25,5.1,0,5.0,0.0,0,,,91.0,32.0,8,2096.09,8,12.7527,0.0,0.1962,1
12,31.62,0.083,18,2.91,0,4.0,0.0,0,,,7.0,62.0,5,197.44,4,8.9387,0.0,0.1532,1
13,12.21,0.116,7,1.69,0,7.0,0.0,0,,,51.0,78.0,3,215.19,12,6.8113,0.0,0.2112,1
16,21.37,-0.645,9,2.81,0,3.0,0.0,0,,,45.0,76.0,2,420.61,8,8.8048,0.0,0.281,1
18,46.55,0.659,17,2.75,0,9.0,0.0,1,0.796,27.1,64.0,88.0,3,237.38,4,11.3708,0.0,0.1528,0
25,37.87,-0.262,21,2.08,1,77.0,22.93,0,,,46.0,83.0,9,230.67,24,11.9254,0.5899,0.0945,1
32,95.45,1.291,14,12.26,1,88.0,69.91,0,,,84.0,89.0,13,324.02,8,15.9756,0.7248,0.8173,1
10,37.94,-0.018,10,3.21,1,79.0,19.75,0,,,56.0,23.0,3,931.95,8,8.7811,0.5072,0.2918,1
8,27.58,-0.698,5,2.38,1,82.0,19.55,1,0.835,2.1,56.0,87.0,0,70.49,24,7.3667,0.684,0.3967,0
5,18.42,-0.982,17,1.62,0,9.0,0.0,0,,,60.0,86.0,3,317.69,24,5.3149,0.0,0.09,1
13,25.3,-0.299,8,5.33,0,4.0,0.0,1,0.806,5.4,76.0,41.0,5,411.76,4,8.6286,0.0,0.5922,0
22,46.43,-0.088,10,4.77,1,36.0,23.56,1,0.955,0.9,54.0,85.0,11,464.4,8,12.1007,0.4967,0.4336,0
24,19.4,-0.394,13,4.41,1,25.0,14.84,1,0.861,14.5,51.0,49.0,4,236.88,24,9.7066,0.7275,0.315,0
17,29.15,0.111,23,5.37,0,5.0,0.0,0,,,41.0,48.0,7,320.98,52,9.8451,0.0,0.2238,1
18,52.31,0.595,8,5.41,0,0.0,0.0,1,0.564,5.3,30.0,53.0,8,261.17,12,11.7075,0.0,0.6011,0
19,16.49,0.684,14,1.22,0,19.0,0.0,0,,,55.0,42.0,6,545.42,24,8.5727,0.0,0.0813,1
20,33.39,0.463,16,3.93,0,4.0,0.0,0,,,33.0,27.0,3,987.72,8,10.7708,0.0,0.2312,1
12,59.27,-0.647,15,12.72,0,14.0,0.0,1,0.83,0.1,52.0,57.0,7,180.23,4,10.5133,0.0,0.795,0
1,18.83,0.235,9,2.28,1,81.0,14.99,1,0.849,17.8,72.0,39.0,3,283.9,8,2.0706,0.7559,0.228,0
35,100.11,1.379,17,4.16,1,52.0,65.92,0,,,84.0,57.0,7,229.48,24,16.5423,0.652,0.2311,1
19,33.66,0.218,19,10.46,1,84.0,36.23,0,,,64.0,88.0,7,430.27,24,10.6216,1.0453,0.523,1
15,125.1,0.684,8,1.89,0,5.0,0.0,1,0.599,22.0,23.0,46.0,8,855.51,8,13.4112,0.0,0.21,0
24,234.35,0.631,18,2.81,0,10.0,0.0,0,,,52.0,66.0,7,359.69,8,17.5785,0.0,0.1479,1
29,122.37,1.457,14,3.73,0,5.0,0.0,0,,,52.0,99.0,7,417.61,8,16.3774,0.0,0.2487,1
12,32.2,0.27,13,1.99,0,6.0,0.0,1,0.974,3.5,47.0,66.0,4,182.97,8,8.9839,0.0,0.1421,0
20,79.14,0.644,21,5.47,1,75.0,37.73,0,,,53.0,84.0,9,240.17,4,13.3465,0.4708,0.2486,1
13,34.71,-0.817,15,2.89,0,7.0,0.0,0,,,71.0,86.0,8,586.58,12,9.4358,0.0,0.1806,1
7,32.86,-0.409,8,2.8,1,16.0,9.61,1,0.879,37.8,32.0,90.0,3,527.17,4,7.3243,0.2838,0.3111,0
13,42.65,-0.374,19,2.81,1,51.0,23.54,1,0.843,6.6,80.0,89.0,5,264.98,12,9.9656,0.5393,0.1405,0
29,42.1,0.232,17,4.56,0,10.0,0.0,0,,,57.0,83.0,5,390.43,8,12.8005,0.0,0.2533,1
18,37.86,0.874,16,1.71,0,3.0,0.0,1,0.808,8.3,88.0,60.0,6,279.6,8,10.7765,0.0,0.1006,0
3,8.49,-0.345,10,1.07,1,48.0,25.53,0,,,18.0,48.0,0,93.42,8,3.1195,2.6902,0.0973,1
20,52.54,0.674,20,2.96,1,57.0,19.37,1,0.806,8.4,58.0,71.0,9,62.8,8,12.1185,0.3618,0.141,0
29,24.96,0.536,15,2.51,0,10.0,0.0,1,0.861,4.7,79.0,48.0,5,1011.32,4,11.0762,0.0,0.1569,0
31,74.46,1.85,18,6.67,1,46.0,74.08,0,,,57.0,69.0,17,945.87,4,14.9845,0.9817,0.3511,1
14,45.03,-0.221,17,3.05,0,9.0,0.0,1,0.732,22.5,62.0,87.0,1,381.76,24,10.3699,0.0,0.1694,0
5,14.9,-0.716,10,2.25,1,51.0,10.38,1,0.93,33.8,21.0,63.0,1,85.9,24,4.9566,0.6528,0.2045,0
14,38.46,0.779,16,1.93,0,19.0,0.0,0,,,39.0,20.0,2,1202.37,24,9.9529,0.0,0.1135,1
18,55.89,0.734,16,3.66,0,4.0,0.0,0,,,56.0,61.0,6,466.09,4,11.8988,0.0,0.2153,1
27,38.94,0.07,18,1.62,1,69.0,22.58,0,,,64.0,38.0,9,591.21,8,12.2871,0.5653,0.0853,1
32,71.07,0.573,19,3.32,1,24.0,38.47,1,0.845,14.2,31.0,67.0,12,522.06,4,14.9568,0.5338,0.166,0
27,115.17,0.733,15,2.41,0,1.0,0.0,1,0.895,10.0,20.0,27.0,7,501.58,8,15.8448,0.0,0.1506,0
11,29.15,-0.781,17,4.09,1,43.0,20.77,0,,,53.0,53.0,2,255.95,4,8.4641,0.6889,0.2272,1
5,26.16,-0.214,9,1.57,0,9.0,0.0,1,0.589,19.0,80.0,81.0,4,439.02,4,5.9159,0.0,0.157,0
4,13.19,-0.324,8,1.93,1,64.0,12.0,1,0.811,60.4,33.0,37.0,3,290.21,4,4.2691,0.8457,0.2144,0
13,56.99,0.04,13,2.81,0,3.0,0.0,1,0.688,3.6,40.0,73.0,6,181.87,4,10.7153,0.0,0.2007,0
15,14.11,-0.454,8,4.76,0,7.0,0.0,1,0.878,0.3,75.0,62.0,1,516.76,12,7.5286,0.0,0.5289,0
15,22.71,0.752,13,3.6,1,42.0,22.77,1,0.937,30.4,62.0,64.0,5,319.06,4,8.7777,0.9604,0.2571,0
16,77.44,-0.942,14,3.7,0,2.0,0.0,1,0.734,25.6,40.0,35.0,4,391.29,52,12.3594,0.0,0.2467,0
4,20.62,-0.776,7,3.42,0,13.0,0.0,0,,,22.0,50.0,0,98.18,4,4.9468,0.0,0.4275,1
19,45.79,-0.522,18,2.55,1,26.0,11.68,1,0.905,1.1,33.0,30.0,6,610.31,4,11.5206,0.2496,0.1342,0
22,24.09,-0.326,13,1.82,1,38.0,43.02,1,0.557,2.0,58.0,48.0,10,112.24,8,10.104,1.7146,0.13,0
13,29.95,-1.145,13,2.11,1,76.0,13.14,1,0.639,5.4,45.0,51.0,1,82.19,24,9.0582,0.4246,0.1507,0
21,66.13,0.693,11,4.2,1,26.0,42.5,1,0.469,24.5,46.0,70.0,7,331.52,4,13.0029,0.6331,0.35,0
20,43.27,0.065,15,1.01,1,67.0,23.98,0,,,50.0,87.0,7,446.46,4,11.5397,0.5417,0.0631,1
33,46.67,0.559,18,2.06,0,1.0,0.0,0,,,80.0,90.0,9,137.37,12,13.6269,0.0,0.1084,1
10,32.33,-0.958,14,2.28,0,7.0,0.0,1,0.599,12.6,54.0,76.0,3,158.42,12,8.4081,0.0,0.152,0
10,19.34,-1.455,9,3.51,0,6.0,0.0,1,0.777,4.2,38.0,79.0,2,252.19,8,7.2239,0.0,0.351,0
24,94.0,1.263,19,3.22,1,59.0,43.77,1,0.775,2.9,20.0,69.0,6,200.31,8,14.6584,0.4607,0.161,0
17,30.01,0.135,14,3.9,1,48.0,11.24,1,0.943,22.1,37.0,86.0,3,592.69,4,9.9264,0.3625,0.26,0
13,70.19,0.661,13,3.85,0,8.0,0.0,1,0.721,1.9,18.0,79.0,13,1032.08,24,11.2565,0.0,0.275,0
22,55.08,0.687,13,5.43,1,8.0,35.02,0,,,64.0,80.0,8,637.58,12,12.6259,0.6245,0.3879,1
13,23.18,0.135,12,7.6,0,13.0,0.0,0,,,28.0,73.0,2,272.68,12,8.4068,0.0,0.5846,1
17,43.73,-0.678,7,2.4,1,58.0,6.4,0,,,48.0,47.0,0,531.34,4,10.9853,0.1431,0.3,1
10,10.06,-1.308,6,1.42,1,45.0,5.77,0,,,62.0,39.0,1,76.67,8,5.7629,0.5217,0.2029,1
10,32.88,0.687,9,2.18,0,2.0,0.0,1,0.789,12.3,55.0,92.0,1,123.59,52,8.4474,0.0,0.218,0
25,34.98,-0.213,17,5.86,0,1.0,0.0,0,,,52.0,83.0,13,443.94,12,11.6736,0.0,0.3256,1
21,36.31,-0.423,11,4.11,0,0.0,0.0,1,0.847,9.3,83.0,55.0,4,176.32,8,11.1873,0.0,0.3425,0
16,34.57,-1.16,11,1.36,1,13.0,23.11,0,,,54.0,45.0,5,260.97,4,10.1188,0.6497,0.1133,1
6,38.28,-0.494,4,3.38,1,53.0,16.32,0,,,46.0,59.0,5,278.15,8,7.1429,0.4155,0.676,1
22,110.61,-0.25,8,3.69,1,58.0,67.09,1,0.435,4.3,61.0,55.0,4,369.9,8,14.7839,0.6011,0.41,0
19,57.16,0.433,9,8.52,0,8.0,0.0,0,,,73.0,21.0,5,362.74,8,12.1723,0.0,0.852,1
25,49.79,-0.055,25,4.03,0,3.0,0.0,0,,,68.0,71.0,12,204.76,4,12.7968,0.0,0.155,1
18,14.96,-0.444,12,1.67,0,3.0,0.0,0,,,54.0,95.0,6,1091.01,8,8.1563,0.0,0.1285,1
22,80.93,0.632,11,2.64,1,61.0,24.28,1,0.633,4.3,47.0,77.0,11,187.37,8,13.8146,0.2964,0.22,0
20,134.29,-0.176,20,2.47,1,49.0,40.97,0,,,14.0,62.0,4,575.45,12,14.9408,0.3028,0.1176,1
12,55.22,1.137,14,4.11,1,43.0,15.98,0,,,10.0,59.0,7,1278.31,12,10.3349,0.2842,0.274,1
36,84.15,0.903,20,3.42,0,1.0,0.0,0,,,21.0,24.0,8,473.23,24,16.0484,0.0,0.1629,1
33,80.12,2.066,21,3.45,1,65.0,45.36,1,0.728,1.8,59.0,74.0,9,320.35,12,15.5016,0.5592,0.1568,0
29,62.45,1.155,21,3.36,1,62.0,15.01,0,,,21.0,79.0,11,279.03,12,14.1158,0.2366,0.1527,1
17,146.32,1.173,19,1.51,1,64.0,39.46,0,,,56.0,66.0,9,386.0,52,14.4305,0.2679,0.0755,1
19,59.85,-0.112,11,7.38,0,3.0,0.0,0,,,77.0,82.0,8,602.07,12,12.3077,0.0,0.615,1
15,17.76,0.186,9,2.99,1,86.0,28.57,1,0.699,4.0,79.0,46.0,4,116.61,24,8.1285,1.5229,0.299,0
20,35.87,0.953,10,3.64,1,58.0,33.78,0,,,60.0,81.0,8,285.96,24,10.9828,0.9162,0.3309,1
33,59.1,0.667,17,2.12,1,85.0,34.35,0,,,78.0,76.0,10,583.96,24,14.444,0.5715,0.1178,1
9,55.09,-0.126,11,3.2,1,73.0,14.38,0,,,68.0,85.0,0,423.78,4,9.2724,0.2564,0.2667,1
13,50.14,-0.806,16,2.01,0,4.0,0.0,1,0.898,1.2,42.0,58.0,3,233.91,24,10.3835,0.0,0.1182,0
22,28.2,0.407,17,3.27,1,88.0,10.87,0,,,85.0,59.0,7,384.39,12,10.5797,0.3723,0.1817,1
20,39.29,0.58,15,4.2,1,45.0,33.79,1,0.738,12.2,35.0,44.0,6,556.42,4,11.2529,0.8387,0.2625,0
7,48.32,-0.689,7,1.31,0,9.0,0.0,1,0.698,18.5,35.0,68.0,1,96.97,24,8.1063,0.0,0.1638,0
19,6.85,0.449,8,2.65,0,2.0,0.0,0,,,59.0,25.0,7,180.1,12,6.1727,0.0,0.2944,1
24,49.24,-0.007,16,5.68,0,6.0,0.0,1,0.586,21.6,80.0,83.0,5,514.98,8,12.6077,0.0,0.3341,0
16,50.72,-0.705,12,2.48,0,6.0,0.0,0,,,33.0,62.0,7,332.55,4,11.1794,0.0,0.1908,1
28,63.33,0.154,10,5.24,1,88.0,51.65,0,,,28.0,78.0,9,222.04,24,14.0215,0.8029,0.4764,1
14,42.19,0.978,12,3.76,0,3.0,0.0,0,,,59.0,35.0,4,228.2,4,10.1975,0.0,0.2892,1
13,87.45,-0.391,11,2.81,1,52.0,18.37,0,,,24.0,40.0,3,493.98,24,11.8294,0.2077,0.2342,1
18,86.95,-0.434,7,1.86,0,7.0,0.0,1,0.801,3.4,13.0,82.0,6,198.66,4,13.1816,0.0,0.2325,0
14,49.8,-0.749,11,2.34,0,10.0,0.0,1,0.724,1.9,15.0,68.0,3,215.49,24,10.6369,0.0,0.195,0
17,15.84,0.031,13,0.76,0,2.0,0.0,1,0.849,24.0,24.0,60.0,5,501.41,4,8.1617,0.0,0.0543,0
23,100.5,0.812,10,3.01,1,63.0,14.04,1,0.915,12.4,54.0,86.0,12,399.45,12,14.6828,0.1383,0.2736,0
9,41.9,-0.086,13,3.39,0,10.0,0.0,0,,,86.0,91.0,3,95.55,12,8.6551,0.0,0.2421,1
27,160.8,-0.792,20,2.45,0,1.0,0.0,0,,,19.0,64.0,3,144.12,8,16.9488,0.0,0.1167,1
11,46.4,-0.494,10,3.34,0,3.0,0.0,1,0.421,1.9,21.0,53.0,3,153.14,4,9.5883,0.0,0.3036,0
13,63.79,0.949,15,2.48,0,5.0,0.0,0,,,51.0,68.0,5,255.17,8,11.0079,0.0,0.155,1
11,59.18,-1.006,15,4.53,0,3.0,0.0,0,,,82.0,54.0,5,154.75,8,10.1815,0.0,0.2831,1
12,38.81,-0.301,16,4.81,1,61.0,34.11,0,,,12.0,59.0,5,208.66,12,9.4496,0.8568,0.2829,1
13,29.08,0.237,8,0.57,0,0.0,0.0,0,,,45.0,49.0,3,416.05,12,8.983,0.0,0.0633,1
8,31.77,-0.841,11,1.2,1,24.0,16.59,0,,,27.0,43.0,1,223.77,52,7.6672,0.5063,0.1,1
22,58.46,-0.192,10,1.48,0,4.0,0.0,0,,,17.0,83.0,10,407.49,24,12.8094,0.0,0.1345,1
33,38.09,0.437,17,5.05,1,38.0,33.42,1,0.714,2.5,56.0,84.0,7,271.73,12,12.9272,0.855,0.2806,0
15,95.41,0.595,10,5.77,0,13.0,0.0,0,,,32.0,60.0,3,291.94,8,12.6669,0.0,0.5245,1
19,55.29,-0.551,24,5.06,0,6.0,0.0,1,0.637,2.5,28.0,56.0,6,246.91,4,12.0743,0.0,0.2024,0
16,18.48,0.171,11,3.83,0,3.0,0.0,1,0.718,7.1,17.0,59.0,3,146.5,12,8.4129,0.0,0.3192,0
12,20.46,-0.01,14,2.71,1,52.0,19.92,0,,,24.0,55.0,5,201.3,4,7.8646,0.9282,0.1807,1
7,36.79,-0.259,11,0.96,0,11.0,0.0,1,0.687,2.8,11.0,62.0,2,586.92,4,7.5526,0.0,0.08,0
26,54.75,0.575,8,1.94,1,58.0,15.18,1,0.682,25.8,27.0,48.0,6,560.18,4,13.2522,0.2723,0.2156,0
8,73.73,-0.127,10,1.16,0,2.0,0.0,0,,,55.0,53.0,3,174.16,12,9.4786,0.0,0.1055,1
16,33.97,0.494,10,7.88,0,0.0,0.0,0,,,35.0,60.0,4,1062.55,12,10.0706,0.0,0.7164,1
13,47.9,0.577,11,1.92,1,91.0,7.67,1,0.834,11.3,49.0,61.0,5,233.36,12,10.2653,0.1569,0.16,0
13,66.21,-0.121,21,5.17,0,8.0,0.0,0,,,46.0,97.0,9,209.99,52,11.1047,0.0,0.235,1
22,126.65,0.387,15,2.53,0,5.0,0.0,1,0.804,25.8,42.0,91.0,6,1860.65,4,15.2049,0.0,0.1581,0
15,26.61,-0.165,2,3.08,0,4.0,0.0,0,,,18.0,78.0,1,146.85,4,9.1999,0.0,1.0267,1
23,71.45,0.184,15,3.15,0,10.0,0.0,1,0.579,16.0,71.0,43.0,3,2133.07,4,13.6113,0.0,0.1969,0
22,52.54,0.391,17,8.06,1,86.0,26.22,1,0.568,5.9,35.0,93.0,12,313.99,12,12.4806,0.4897,0.4478,0
15,28.18,-0.327,11,3.09,1,60.0,33.64,1,0.696,2.4,64.0,78.0,5,291.76,4,9.3533,1.1528,0.2575,0
12,71.05,-0.951,9,2.02,0,1.0,0.0,0,,,25.0,67.0,2,236.79,8,10.9712,0.0,0.202,1
7,12.67,-1.164,11,2.22,1,69.0,27.57,0,,,52.0,71.0,1,82.05,8,5.4382,2.0168,0.185,1
17,58.64,1.02,14,3.59,0,12.0,0.0,1,0.859,2.7,71.0,77.0,10,901.95,24,11.8168,0.0,0.2393,0
10,26.48,-0.01,16,5.75,0,2.0,0.0,0,,,74.0,77.0,4,443.96,12,7.9453,0.0,0.3382,1
15,37.98,1.116,17,2.66,1,59.0,44.15,1,0.757,3.3,78.0,87.0,6,493.27,8,10.1561,1.1326,0.1478,0
35,40.83,0.861,33,6.76,1,85.0,38.81,1,0.796,2.3,79.0,88.0,11,437.72,8,13.3795,0.9278,0.1988,0
17,76.27,0.445,25,5.56,1,53.0,64.45,0,,,55.0,83.0,10,1009.06,8,12.5653,0.8341,0.2138,1
10,29.87,-0.332,10,2.18,0,1.0,0.0,1,0.881,35.4,35.0,49.0,3,834.03,12,8.2243,0.0,0.1982,0
11,17.21,0.212,13,1.79,0,1.0,0.0,0,,,55.0,65.0,1,286.48,12,7.2111,0.0,0.1279,1
28,38.89,1.128,11,11.69,1,40.0,30.19,0,,,69.0,63.0,6,278.3,8,12.4123,0.7568,0.9742,1
7,41.62,-0.792,13,1.32,1,58.0,7.94,1,0.789,3.6,70.0,26.0,3,258.92,8,7.8027,0.1863,0.0943,0
16,91.54,0.345,17,3.29,0,1.0,0.0,1,0.251,1.5,55.0,66.0,3,223.88,8,12.8278,0.0,0.1828,0
21,95.64,-0.7,17,2.38,0,2.0,0.0,1,0.667,6.1,52.0,84.0,5,114.63,12,14.1291,0.0,0.1322,0
17,144.46,0.22,18,6.06,0,2.0,0.0,0,,,49.0,75.0,9,353.09,12,14.3938,0.0,0.3189,1
27,77.63,0.614,17,3.31,1,69.0,47.98,1,0.789,3.2,19.0,73.0,9,379.25,24,14.5443,0.6102,0.1839,0
10,79.12,-1.012,3,1.38,1,85.0,12.32,0,,,74.0,21.0,6,256.51,24,10.5112,0.1538,0.345,1
22,168.73,1.111,10,1.96,0,3.0,0.0,1,0.946,4.9,52.0,39.0,11,348.99,12,16.0983,0.0,0.1782,0
20,82.02,0.267,15,4.01,1,70.0,24.92,1,0.569,2.5,23.0,30.0,6,368.7,52,13.454,0.3002,0.2506,0
14,70.45,0.298,12,1.55,1,71.0,9.87,1,0.841,49.4,44.0,88.0,2,179.94,24,11.5607,0.1381,0.1192,0
21,150.37,-0.156,25,4.38,0,13.0,0.0,0,,,31.0,53.0,3,435.16,8,15.5162,0.0,0.1685,1
23,30.73,0.409,25,3.92,1,71.0,14.89,1,0.874,13.5,46.0,35.0,4,92.79,12,10.9874,0.4693,0.1508,0
9,35.77,0.265,10,7.58,0,17.0,0.0,0,,,71.0,76.0,4,421.97,12,8.3001,0.0,0.6891,1
6,21.55,0.5,5,0.86,0,4.0,0.0,0,,,20.0,87.0,2,397.68,12,6.0629,0.0,0.1433,1
26,50.06,0.454,16,2.01,1,76.0,33.21,0,,,59.0,82.0,8,527.28,4,12.9625,0.6504,0.1182,1
7,8.94,0.92,8,2.28,0,10.0,0.0,0,,,14.0,42.0,1,178.51,8,4.7756,0.0,0.2533,1
24,13.13,0.086,17,1.98,0,2.0,0.0,0,,,37.0,65.0,3,108.55,24,8.5245,0.0,0.11,1
12,52.71,1.047,12,1.63,0,2.0,0.0,1,0.658,13.6,53.0,45.0,2,485.36,52,10.2177,0.0,0.1254,0
29,257.02,0.803,27,4.88,1,48.0,23.27,1,0.735,0.6,52.0,59.0,12,369.41,8,18.887,0.0902,0.1743,0
16,52.01,0.522,13,1.67,0,6.0,0.0,0,,,84.0,87.0,4,172.71,8,11.2492,0.0,0.1193,1
10,46.63,-0.557,6,2.08,0,23.0,0.0,0,,,36.0,64.0,2,502.46,4,9.2642,0.0,0.2971,1
28,47.84,0.321,28,5.46,1,81.0,25.42,1,0.803,8.9,43.0,76.0,10,642.11,8,13.0939,0.5205,0.1883,0
40,104.01,1.117,15,5.42,0,6.0,0.0,0,,,47.0,93.0,13,277.52,12,17.2832,0.0,0.3388,1
18,31.89,-0.055,23,2.33,0,5.0,0.0,1,0.882,13.0,67.0,76.0,4,104.48,8,10.2854,0.0,0.0971,0
26,80.37,1.383,18,3.31,0,9.0,0.0,0,,,87.0,70.0,9,329.13,24,14.4984,0.0,0.1742,1
16,83.89,0.376,13,4.17,0,8.0,0.0,1,0.943,0.5,61.0,91.0,3,686.45,8,12.5833,0.0,0.2979,0
13,93.31,1.152,9,1.1,0,5.0,0.0,0,,,57.0,39.0,6,211.84,8,11.9987,0.0,0.11,1
16,23.08,0.338,19,2.53,0,21.0,0.0,0,,,20.0,72.0,5,357.36,12,9.0135,0.0,0.1265,1
22,68.52,0.166,20,2.99,1,31.0,29.43,1,0.803,3.9,50.0,93.0,7,904.59,12,13.2996,0.4233,0.1424,0
25,92.08,0.707,14,3.44,0,7.0,0.0,1,0.822,9.5,68.0,88.0,6,867.03,4,14.7704,0.0,0.2293,0
7,45.27,0.241,10,2.55,0,3.0,0.0,1,0.787,27.0,46.0,46.0,4,197.38,4,7.9736,0.0,0.2318,0
13,26.59,0.671,17,2.53,0,11.0,0.0,1,0.975,5.5,81.0,72.0,3,454.92,4,8.7549,0.0,0.1406,0
16,64.91,0.877,14,3.2,0,12.0,0.0,0,,,33.0,55.0,6,155.33,12,11.8663,0.0,0.2133,1
26,110.75,0.21,15,2.87,1,70.0,23.29,0,,,54.0,44.0,9,561.22,4,15.544,0.2084,0.1794,1
22,29.94,0.86,12,1.78,1,71.0,10.69,0,,,39.0,76.0,3,499.9,8,10.7612,0.3455,0.1369,1
15,34.91,0.123,13,2.88,0,13.0,0.0,1,0.522,22.7,39.0,41.0,3,168.84,24,9.9287,0.0,0.2057,0
18,12.6,0.189,9,1.43,0,2.0,0.0,1,0.448,7.2,27.0,74.0,4,374.29,4,7.6852,0.0,0.143,0
8,40.01,0.189,10,4.69,0,0.0,0.0,0,,,49.0,51.0,9,453.17,12,8.1601,0.0,0.4264,1
26,65.87,0.635,16,3.81,0,13.0,0.0,1,0.408,10.5,75.0,68.0,10,622.73,12,13.8516,0.0,0.2241,0
7,101.85,-0.446,9,3.78,1,77.0,20.3,0,,,11.0,63.0,3,196.19,8,9.6346,0.1974,0.378,1
18,54.24,1.086,12,1.87,1,36.0,31.38,0,,,51.0,73.0,5,467.01,8,11.8122,0.5681,0.1438,1
10,30.38,-0.48,18,1.48,0,1.0,0.0,0,,,46.0,53.0,2,54.12,8,8.2636,0.0,0.0779,1
22,27.24,1.627,11,2.24,1,49.0,24.02,1,0.83,0.2,31.0,69.0,5,1152.1,4,10.4749,0.8506,0.1867,0
13,30.68,0.088,18,7.19,0,15.0,0.0,0,,,55.0,71.0,7,109.58,4,9.1198,0.0,0.3784,1
20,59.24,0.649,16,6.39,0,15.0,0.0,1,0.69,17.6,75.0,72.0,6,568.37,24,12.4775,0.0,0.3759,0
14,33.79,-0.973,13,2.51,0,5.0,0.0,1,0.545,12.5,62.0,29.0,2,284.64,8,9.6118,0.0,0.1793,0
18,30.83,0.483,21,6.93,0,13.0,0.0,0,,,45.0,57.0,10,386.59,12,10.189,0.0,0.315,1
18,22.17,-0.199,10,3.76,1,43.0,13.63,0,,,64.0,44.0,4,288.0,4,9.254,0.5883,0.3418,1
9,25.25,-0.145,8,1.3,0,1.0,0.0,1,0.704,11.6,38.0,57.0,2,272.03,8,7.5241,0.0,0.1444,0
17,30.01,-0.785,5,2.98,1,89.0,20.16,0,,,50.0,59.0,8,655.88,12,9.9264,0.6501,0.4967,1
17,87.21,0.127,15,2.06,1,40.0,143.51,1,0.891,1.1,65.0,97.0,4,970.64,4,12.9481,1.6269,0.1288,0
6,28.48,-0.607,12,1.83,1,34.0,28.93,0,,,25.0,85.0,3,188.81,12,6.5844,0.9813,0.1408,1
32,44.3,0.448,18,2.55,1,26.0,41.82,0,,,61.0,83.0,10,978.4,12,13.3333,0.9232,0.1342,1
38,56.19,1.876,15,3.63,1,65.0,27.34,0,,,16.0,64.0,5,524.31,8,14.8242,0.4781,0.2269,1
24,27.08,0.003,10,2.73,1,75.0,24.01,0,,,48.0,70.0,6,877.36,8,10.7351,0.8551,0.2482,1
23,61.11,-0.08,12,1.06,0,3.0,0.0,1,0.758,51.7,66.0,43.0,2,105.86,12,13.1219,0.0,0.0815,0
32,131.47,0.69,20,7.41,1,60.0,94.75,0,,,71.0,73.0,7,1589.0,8,17.0852,0.7153,0.3529,1
14,60.54,-0.759,10,1.18,0,8.0,0.0,1,0.624,3.7,22.0,83.0,4,490.49,8,11.1563,0.0,0.1073,0
22,44.13,-0.451,13,3.62,1,74.0,58.83,1,0.847,2.8,28.0,70.0,7,1961.23,24,11.9448,1.3036,0.2586,0
17,65.52,-0.913,14,2.52,0,7.0,0.0,0,,,44.0,53.0,7,149.2,4,12.1323,0.0,0.168,1
17,80.99,-0.06,10,5.53,0,4.0,0.0,1,0.864,4.8,34.0,83.0,3,166.33,24,12.7367,0.0,0.5027,0
3,32.55,-0.045,10,1.51,0,24.0,0.0,1,0.621,39.9,14.0,43.0,2,127.93,52,4.8701,0.0,0.1373,0
8,34.07,-0.251,9,1.46,0,13.0,0.0,0,,,22.0,66.0,0,231.63,24,7.8163,0.0,0.146,1
7,15.96,-1.046,4,0.8,0,0.0,0.0,0,,,26.0,19.0,0,162.89,8,5.8866,0.0,0.16,1
21,84.59,-0.039,9,2.46,0,6.0,0.0,1,0.836,0.1,61.0,55.0,6,200.32,4,13.7538,0.0,0.246,0
17,37.37,0.065,9,1.8,1,32.0,17.65,1,0.965,15.6,35.0,39.0,2,829.24,8,10.542,0.46,0.18,0
12,50.73,-0.149,17,1.89,0,10.0,0.0,0,,,47.0,26.0,1,146.18,8,10.1214,0.0,0.105,1
17,58.12,-0.007,13,3.52,0,1.0,0.0,1,0.838,4.7,49.0,43.0,4,346.83,12,11.7915,0.0,0.2514,0
5,14.73,-0.301,5,1.63,0,0.0,0.0,0,,,40.0,55.0,1,643.65,24,4.9373,0.0,0.2717,1
16,52.58,0.408,8,4.8,1,64.0,35.78,1,0.928,3.2,69.0,88.0,3,780.62,4,11.2795,0.6678,0.5333,0
11,55.28,-0.545,7,1.69,0,15.0,0.0,0,,,31.0,76.0,3,119.59,4,10.015,0.0,0.2112,1
3,19.12,-0.451,9,1.43,0,1.0,0.0,1,0.904,8.0,63.0,49.0,3,73.46,12,4.1613,0.0,0.143,0
8,17.74,-0.18,8,3.26,0,0.0,0.0,0,,,7.0,53.0,5,80.72,12,6.4393,0.0,0.3622,1
12,230.24,-0.157,12,2.11,1,39.0,24.77,1,0.596,23.9,42.0,46.0,2,333.59,8,13.9622,0.1071,0.1623,0
16,13.9,-0.633,8,1.58,0,1.0,0.0,0,,,43.0,33.0,5,117.87,12,7.6535,0.0,0.1756,1
17,38.55,-1.089,6,1.53,0,13.0,0.0,1,0.503,2.2,21.0,45.0,2,237.5,8,10.6295,0.0,0.2186,0
16,113.3,0.113,14,6.75,0,8.0,0.0,1,0.649,9.4,31.0,26.0,8,115.95,8,13.4261,0.0,0.45,0
22,35.13,0.013,22,3.26,0,0.0,0.0,0,,,67.0,43.0,6,408.88,8,11.2474,0.0,0.1417,1
19,47.35,-0.293,19,2.11,0,9.0,0.0,1,0.793,29.2,50.0,24.0,2,427.97,4,11.6188,0.0,0.1055,0
12,25.11,0.583,12,2.42,0,5.0,0.0,1,0.855,6.3,51.0,61.0,10,133.11,4,8.3677,0.0,0.1862,0
5,287.0,-1.051,7,1.92,0,2.0,0.0,0,,,29.0,54.0,3,401.05,12,10.1467,0.0,0.24,1
12,8.57,-0.456,11,1.83,1,25.0,6.65,0,,,38.0,33.0,1,88.62,8,5.7933,0.6949,0.1525,1
5,8.27,-0.672,9,3.21,0,2.0,0.0,1,0.617,11.7,5.0,56.0,1,245.18,8,3.9899,0.0,0.321,0
12,34.11,-0.082,8,2.14,0,8.0,0.0,1,0.822,3.0,80.0,77.0,1,197.25,4,9.1273,0.0,0.2378,0
24,170.33,0.645,11,1.07,1,48.0,24.91,0,,,72.0,66.0,7,235.94,12,16.5566,0.1454,0.0892,1
23,31.04,-0.367,17,5.67,0,5.0,0.0,0,,,76.0,75.0,8,151.76,4,11.0183,0.0,0.315,1
35,21.61,0.361,15,2.62,1,74.0,32.19,0,,,41.0,83.0,8,254.96,8,11.1748,1.4237,0.1638,1
32,37.3,0.039,28,5.35,0,16.0,0.0,0,,,79.0,45.0,16,392.82,52,12.7463,0.0,0.1845,1
21,173.71,0.069,12,5.98,0,4.0,0.0,0,,,44.0,60.0,7,262.54,24,15.9594,0.0,0.46,1
19,19.58,0.014,12,2.03,0,1.0,0.0,1,0.831,2.6,65.0,69.0,4,877.95,4,9.0601,0.0,0.1562,0
5,10.22,-0.133,9,1.73,1,59.0,20.74,1,0.858,3.6,30.0,62.0,1,339.99,4,4.3319,1.8485,0.173,0
10,54.41,-0.151,11,2.84,0,1.0,0.0,0,,,44.0,46.0,4,199.22,8,9.627,0.0,0.2367,1
11,16.22,-0.999,12,3.46,0,2.0,0.0,1,0.639,12.5,36.0,21.0,1,553.87,12,7.0722,0.0,0.2662,0
18,42.89,1.19,18,2.45,1,68.0,22.61,1,0.847,1.8,68.0,70.0,5,339.52,4,11.1349,0.5152,0.1289,0
14,113.62,-0.366,7,3.15,1,23.0,5.52,0,,,80.0,47.0,3,388.51,8,12.8406,0.0482,0.3938,1
28,52.88,0.246,16,3.43,0,4.0,0.0,1,0.921,11.0,53.0,67.0,5,324.5,4,13.4246,0.0,0.2018,0
11,20.21,-1.356,11,1.64,0,1.0,0.0,1,0.344,26.2,72.0,79.0,1,198.39,4,7.5901,0.0,0.1367,0
19,56.74,-0.207,9,5.34,0,5.0,0.0,0,,,28.0,70.0,4,752.67,52,12.1505,0.0,0.534,1
6,56.35,0.258,12,3.26,1,74.0,9.76,1,0.668,5.5,18.0,58.0,2,276.48,52,7.8793,0.1702,0.2508,0
25,78.56,0.391,27,8.3,1,62.0,35.56,0,,,43.0,93.0,4,676.63,8,14.2591,0.447,0.2964,1
5,10.19,-0.641,10,2.14,0,4.0,0.0,0,,,39.0,67.0,3,91.0,4,4.3271,0.0,0.1945,1
21,30.2,0.47,18,4.01,1,51.0,22.06,0,,,70.0,90.0,8,332.11,4,10.6345,0.7071,0.2111,1
29,30.34,0.654,19,2.42,0,0.0,0.0,1,0.95,1.4,50.0,77.0,3,703.29,12,11.7168,0.0,0.121,0
44,332.33,1.25,28,5.0,1,69.0,166.52,0,,,53.0,70.0,17,176.84,12,22.1134,0.4996,0.1724,1
14,42.15,1.093,10,2.46,0,9.0,0.0,0,,,50.0,70.0,9,271.74,24,10.1949,0.0,0.2236,1
22,33.62,0.448,19,3.48,0,4.0,0.0,1,0.742,53.9,42.0,76.0,9,568.98,4,11.1135,0.0,0.174,0
32,38.08,0.675,17,8.5,1,59.0,51.01,1,0.763,20.4,52.0,47.0,11,244.07,8,12.8168,1.3053,0.4722,0
15,102.73,0.499,14,2.18,0,20.0,0.0,1,0.987,20.8,57.0,76.0,5,480.0,24,12.8698,0.0,0.1453,0
33,45.78,1.192,13,2.94,0,4.0,0.0,0,,,16.0,72.0,3,191.97,4,13.5605,0.0,0.21,1
19,22.73,-0.52,12,3.64,0,12.0,0.0,1,0.486,10.5,37.0,51.0,3,159.2,12,9.4867,0.0,0.28,0
15,45.64,-0.302,11,5.05,0,2.0,0.0,1,0.562,16.9,53.0,48.0,3,233.62,8,10.6536,0.0,0.4208,0
21,18.29,0.276,15,3.71,0,13.0,0.0,0,,,12.0,77.0,1,246.25,8,9.1482,0.0,0.2319,1
13,42.2,0.017,14,1.33,1,21.0,11.65,0,,,67.0,64.0,3,472.89,8,9.9383,0.2697,0.0887,1
20,55.28,-0.907,19,3.5,0,4.0,0.0,1,0.443,8.6,45.0,13.0,2,264.58,8,12.2705,0.0,0.175,0
22,95.42,-0.666,17,4.62,1,50.0,24.97,1,0.623,0.7,78.0,77.0,10,680.88,52,14.3252,0.259,0.2567,0
13,135.07,0.09,18,4.99,1,72.0,10.51,1,0.965,25.3,24.0,65.0,11,290.32,12,12.9661,0.0772,0.2626,0
4,30.33,0.279,9,2.47,0,10.0,0.0,1,0.646,0.9,62.0,66.0,0,787.99,24,5.5438,0.0,0.247,0
20,62.73,0.407,17,2.21,1,54.0,23.7,1,0.962,15.0,57.0,70.0,5,35.55,12,12.6489,0.3719,0.1228,0
19,187.02,-0.623,19,3.97,1,72.0,27.22,0,,,45.0,53.0,3,199.44,8,15.6873,0.1448,0.1985,1
9,24.79,-0.887,8,4.13,0,14.0,0.0,0,,,57.0,49.0,3,348.4,4,7.4834,0.0,0.4589,1
7,29.6,-1.38,17,1.06,0,4.0,0.0,0,,,67.0,55.0,3,372.32,4,7.1138,0.0,0.0589,1
19,52.54,0.035,8,8.87,1,52.0,29.7,0,,,45.0,77.0,9,356.06,8,11.9243,0.5547,0.9856,1
15,17.86,1.012,8,2.44,0,17.0,0.0,0,,,70.0,44.0,5,1156.48,8,8.1432,0.0,0.2711,1
18,78.24,0.307,14,2.51,1,44.0,15.94,0,,,9.0,30.0,5,219.81,12,12.8745,0.2012,0.1673,1
16,54.16,-0.407,10,2.83,0,8.0,0.0,0,,,88.0,22.0,10,146.36,8,11.3619,0.0,0.2573,1
11,8.81,-0.084,8,2.88,1,47.0,14.52,1,0.891,16.0,16.0,6.0,3,116.66,4,5.674,1.4801,0.32,0
11,22.56,0.096,7,1.94,1,52.0,20.46,0,,,54.0,32.0,7,64.57,24,7.8512,0.8684,0.2425,1
24,40.45,-0.65,9,1.78,1,45.0,33.7,1,0.778,8.6,60.0,43.0,7,267.75,4,11.9887,0.813,0.178,0
17,23.49,0.324,13,3.5,1,76.0,37.1,0,,,26.0,48.0,4,606.06,8,9.2442,1.5149,0.25,1
9,12.02,-0.85,12,1.47,0,1.0,0.0,0,,,44.0,92.0,8,242.01,24,5.9096,0.0,0.1131,1
21,91.72,0.553,23,1.15,1,71.0,26.82,0,,,55.0,29.0,10,482.57,8,14.0011,0.2893,0.0479,1
14,19.64,0.581,10,3.07,0,4.0,0.0,0,,,59.0,65.0,0,1300.5,12,8.1979,0.0,0.2791,1
9,29.56,0.269,9,4.92,1,60.0,11.41,0,,,45.0,27.0,2,200.13,52,7.8741,0.3734,0.492,1
21,91.72,-0.432,24,2.61,1,88.0,30.93,1,0.541,5.5,31.0,82.0,9,83.41,24,14.0011,0.3336,0.1044,0
22,22.01,-0.195,17,2.36,1,61.0,16.95,0,,,20.0,47.0,8,135.03,24,9.8327,0.7366,0.1311,1
27,36.05,0.022,14,1.9,0,7.0,0.0,0,,,36.0,61.0,4,216.99,12,12.0368,0.0,0.1267,1
15,39.88,0.801,16,3.78,1,74.0,16.81,0,,,39.0,98.0,7,863.37,24,10.2881,0.4112,0.2224,1
10,20.76,-0.42,16,2.98,1,70.0,33.04,0,,,40.0,26.0,7,254.14,4,7.3857,1.5184,0.1753,1
19,46.51,-0.562,16,1.51,0,18.0,0.0,1,0.907,5.0,17.0,81.0,7,698.3,8,11.5663,0.0,0.0888,0
19,168.06,0.043,15,7.4,0,4.0,0.0,0,,,53.0,47.0,7,213.28,12,15.3689,0.0,0.4625,1
25,110.42,0.464,21,6.44,1,86.0,26.85,1,0.775,3.6,79.0,95.0,7,678.15,24,15.3564,0.241,0.2927,0
25,166.99,0.312,15,5.47,0,7.0,0.0,0,,,86.0,53.0,5,301.81,8,16.6942,0.0,0.3419,1
21,46.29,1.447,20,4.02,1,92.0,66.96,1,0.504,11.7,15.0,53.0,6,633.92,8,11.92,1.4159,0.1914,0
22,105.08,1.502,13,4.29,0,10.0,0.0,0,,,58.0,66.0,7,287.23,8,14.6246,0.0,0.3064,1
12,25.92,0.992,10,3.38,1,50.0,12.08,1,0.673,10.3,41.0,64.0,0,1261.82,8,8.446,0.4487,0.3073,0
20,49.99,0.876,6,2.18,0,3.0,0.0,1,0.7,15.3,39.0,53.0,3,461.23,4,11.9699,0.0,0.3114,0
8,37.42,0.131,8,0.91,0,7.0,0.0,1,0.853,0.1,33.0,53.0,1,101.87,12,8.0167,0.0,0.1011,0
28,22.83,-0.038,17,3.82,1,98.0,54.15,0,,,45.0,63.0,14,255.02,24,10.6775,2.2723,0.2122,1
11,36.28,0.224,13,3.13,0,1.0,0.0,0,,,42.0,49.0,6,122.36,4,8.9915,0.0,0.2236,1
26,52.07,0.582,16,8.31,1,69.0,34.15,0,,,83.0,85.0,12,270.06,4,13.0898,0.6435,0.4888,1
10,15.86,0.28,8,1.63,1,59.0,22.83,0,,,84.0,65.0,1,502.31,4,6.7739,1.3541,0.1811,1
14,200.92,1.53,12,2.71,0,2.0,0.0,0,,,57.0,48.0,8,238.95,12,14.374,0.0,0.2085,1
17,97.37,0.385,16,6.1,0,3.0,0.0,1,0.715,5.9,63.0,37.0,5,325.69,8,13.2632,0.0,0.3588,0
16,34.02,-0.694,13,2.18,1,64.0,20.39,0,,,49.0,75.0,7,1004.57,12,10.0747,0.5822,0.1557,1
18,29.87,-0.464,13,1.74,0,14.0,0.0,1,0.424,34.6,58.0,78.0,7,384.62,8,10.0988,0.0,0.1243,0
22,88.42,-0.043,13,2.46,0,1.0,0.0,0,,,97.0,69.0,6,2147.67,8,14.0889,0.0,0.1757,1
23,74.61,0.798,16,1.69,1,30.0,68.75,0,,,60.0,56.0,2,871.53,8,13.747,0.9093,0.0994,1
16,47.3,0.143,15,8.84,0,1.0,0.0,0,,,37.0,75.0,5,187.66,12,10.9856,0.0,0.5525,1
8,13.08,0.192,11,3.95,0,3.0,0.0,0,,,31.0,46.0,4,422.45,12,5.8111,0.0,0.3292,1
17,24.92,-0.188,10,4.51,1,62.0,29.53,0,,,66.0,58.0,10,212.72,4,9.4082,1.1393,0.41,1
7,29.14,-1.335,9,3.86,0,6.0,0.0,1,0.937,4.7,31.0,68.0,1,141.59,4,7.0823,0.0,0.386,0
9,70.78,-0.876,11,2.99,0,2.0,0.0,0,,,55.0,42.0,3,229.9,4,9.8403,0.0,0.2492,1
6,21.79,0.863,13,2.9,0,17.0,0.0,0,,,75.0,73.0,1,147.75,8,6.0835,0.0,0.2071,1
6,27.85,-1.156,11,6.91,0,9.0,0.0,1,0.838,10.1,55.0,48.0,3,147.88,8,6.5424,0.0,0.5758,0
15,7.19,0.615,6,4.94,1,88.0,15.77,1,0.739,4.2,47.0,45.0,3,308.69,12,5.8305,1.9255,0.7057,0
7,24.96,-1.616,8,2.87,0,0.0,0.0,0,,,15.0,26.0,4,338.11,4,6.7718,0.0,0.3189,1
16,33.77,0.009,14,3.81,1,48.0,29.87,1,0.812,9.7,44.0,30.0,8,147.32,8,10.0544,0.8591,0.254,0
18,29.13,1.707,8,5.51,0,0.0,0.0,0,,,60.0,96.0,3,229.26,8,10.0273,0.0,0.6122,1
6,25.7,0.439,10,2.06,0,1.0,0.0,0,,,51.0,18.0,7,135.99,4,6.3917,0.0,0.1873,1
27,47.82,0.922,13,4.04,0,7.0,0.0,1,0.64,7.1,71.0,91.0,4,101.78,12,12.9561,0.0,0.2886,0
16,50.51,0.71,19,4.04,1,50.0,42.86,1,0.643,2.8,52.0,38.0,7,154.69,12,11.1679,0.8321,0.202,0
5,5.05,-0.958,9,1.64,0,12.0,0.0,1,0.875,12.8,19.0,91.0,0,522.21,4,3.2253,0.0,0.164,0
10,35.11,-1.358,10,1.27,0,5.0,0.0,0,,,71.0,33.0,2,180.8,8,8.6002,0.0,0.1155,1
19,67.86,-0.204,17,3.64,0,1.0,0.0,0,,,35.0,90.0,4,296.89,8,12.6782,0.0,0.2022,1
29,43.4,0.464,18,6.27,0,3.0,0.0,1,0.579,0.7,40.0,46.0,10,209.88,4,12.9016,0.0,0.33,0
28,62.46,-0.648,21,5.24,1,78.0,43.46,0,,,16.0,87.0,8,209.01,4,13.9757,0.6848,0.2382,1
11,66.11,-0.433,9,3.19,0,7.0,0.0,0,,,38.0,82.0,6,130.28,8,10.4523,0.0,0.319,1
9,17.76,-1.26,10,0.94,0,6.0,0.0,1,0.497,55.4,39.0,77.0,4,609.42,12,6.7506,0.0,0.0855,0
23,97.08,-0.117,13,3.91,0,4.0,0.0,0,,,34.0,60.0,2,305.26,4,14.5739,0.0,0.2793,1
31,49.09,-0.321,10,6.05,0,11.0,0.0,0,,,58.0,40.0,6,296.58,52,13.5643,0.0,0.55,1
6,39.31,-0.634,14,1.19,1,16.0,6.4,0,,,24.0,4.0,0,162.79,24,7.1933,0.1588,0.0793,1
10,64.33,0.374,8,1.94,0,4.0,0.0,0,,,21.0,46.0,1,51.1,4,10.0219,0.0,0.2156,1
7,33.4,-0.634,14,2.74,0,1.0,0.0,1,0.833,7.8,55.0,73.0,4,728.21,24,7.3572,0.0,0.1827,0
19,71.1,0.652,14,3.84,1,80.0,39.62,0,,,72.0,61.0,6,161.31,4,12.8159,0.5495,0.256,1
27,94.38,-0.18,12,4.49,1,53.0,38.63,1,0.459,7.2,46.0,73.0,11,342.72,24,15.1878,0.405,0.3454,0
11,49.12,-0.555,17,2.39,0,4.0,0.0,0,,,47.0,46.0,3,145.95,12,9.727,0.0,0.1328,1
20,87.53,0.143,12,3.33,0,7.0,0.0,1,0.854,0.7,84.0,88.0,6,99.5,12,13.6496,0.0,0.2562,0
13,9.96,-0.218,8,3.72,0,1.0,0.0,1,0.49,16.0,6.0,40.0,3,114.37,4,6.3186,0.0,0.4133,0
13,23.62,0.461,12,2.17,0,4.0,0.0,1,0.911,9.7,30.0,8.0,5,138.73,12,8.4544,0.0,0.1669,0
14,22.27,1.118,8,2.49,1,43.0,7.56,1,0.75,24.1,54.0,85.0,4,168.12,4,8.5227,0.3249,0.2767,0
20,51.91,0.027,13,2.28,1,94.0,49.0,0,,,37.0,64.0,5,372.07,8,12.0825,0.9261,0.1629,1
16,50.58,0.159,12,2.55,1,94.0,12.17,1,0.794,2.2,74.0,23.0,3,58.79,8,11.1717,0.2359,0.1962,0
22,51.78,1.344,14,3.59,1,90.0,27.76,1,0.699,5.6,35.0,85.0,4,884.43,8,12.4358,0.526,0.2393,0
14,153.16,0.704,14,2.1,1,51.0,18.6,0,,,49.0,40.0,6,188.32,8,13.6431,0.1207,0.14,1
17,41.0,-0.04,12,1.61,0,21.0,0.0,1,0.807,1.5,47.0,56.0,2,283.91,4,10.8033,0.0,0.1238,0
12,209.86,0.134,13,3.39,1,84.0,12.84,1,0.815,8.8,34.0,87.0,11,587.93,4,13.7255,0.0609,0.2421,0
9,104.21,-0.284,8,0.88,0,2.0,0.0,0,,,15.0,55.0,4,326.11,24,10.7207,0.0,0.0978,1
22,131.48,1.477,26,7.61,1,36.0,32.08,0,,,58.0,56.0,11,879.16,24,15.3214,0.2421,0.2819,1
11,73.95,-0.407,7,1.21,0,5.0,0.0,1,0.719,19.0,34.0,66.0,4,495.62,12,10.7269,0.0,0.1512,0
18,67.76,-0.009,14,4.98,0,1.0,0.0,0,,,75.0,35.0,6,468.09,24,12.4568,0.0,0.332,1
12,8.69,-0.489,8,1.58,0,1.0,0.0,0,,,56.0,89.0,4,140.25,8,5.8252,0.0,0.1756,1
12,56.89,-0.193,16,2.79,0,5.0,0.0,0,,,45.0,38.0,3,773.46,8,10.41,0.0,0.1641,1
20,16.14,0.64,14,3.47,1,95.0,20.24,0,,,61.0,70.0,9,371.71,12,8.6508,1.1809,0.2313,1
13,34.72,-1.338,12,2.44,1,55.0,14.32,1,0.696,8.9,31.0,85.0,0,302.26,8,9.4365,0.4009,0.1877,0
19,30.97,0.088,12,2.77,0,13.0,0.0,1,0.893,2.7,61.0,78.0,5,464.06,4,10.3796,0.0,0.2131,0
17,102.5,0.502,23,3.56,0,4.0,0.0,1,0.825,23.6,30.0,88.0,8,941.28,4,13.4101,0.0,0.1483,0
31,67.27,-0.549,18,7.15,0,6.0,0.0,0,,,44.0,86.0,9,579.45,4,14.6374,0.0,0.3763,1
5,41.11,-0.512,7,1.8,0,4.0,0.0,1,0.213,0.1,45.0,27.0,2,258.92,52,6.7017,0.0,0.225,0
20,76.22,0.103,24,4.11,1,78.0,37.51,0,,,87.0,95.0,5,403.93,12,13.2335,0.4858,0.1644,1
14,41.86,1.644,7,2.82,0,2.0,0.0,1,0.875,9.9,49.0,88.0,3,686.49,24,10.1767,0.0,0.3525,0
19,97.54,0.491,9,3.58,0,2.0,0.0,0,,,55.0,60.0,6,448.74,24,13.7518,0.0,0.358,1
9,48.73,0.33,11,0.56,0,4.0,0.0,0,,,45.0,71.0,0,63.98,52,8.9953,0.0,0.0467,1
16,55.59,-0.262,8,2.46,0,8.0,0.0,1,0.884,9.0,77.0,45.0,6,362.57,24,11.4344,0.0,0.2733,0
28,53.42,0.919,21,2.96,0,11.0,0.0,0,,,43.0,70.0,13,1341.75,12,13.4582,0.0,0.1345,1
12,16.58,-0.898,10,2.02,1,73.0,9.77,1,0.807,6.1,23.0,43.0,1,731.14,52,7.3531,0.5557,0.1836,0
10,97.09,-0.064,10,2.49,0,0.0,0.0,1,0.747,9.3,78.0,29.0,9,358.35,8,10.9965,0.0,0.2264,0
17,90.87,-0.192,14,7.22,0,0.0,0.0,1,0.636,0.9,83.0,74.0,4,82.92,24,13.0656,0.0,0.4813,0
13,40.28,-0.237,11,4.11,0,1.0,0.0,0,,,76.0,77.0,5,296.05,4,9.8183,0.0,0.3425,1
11,18.49,1.196,18,3.09,1,67.0,20.76,0,,,49.0,59.0,5,187.45,24,7.3799,1.0652,0.1626,1
12,25.35,-0.906,7,0.86,0,1.0,0.0,1,0.7,4.3,63.0,65.0,4,200.86,12,8.3912,0.0,0.1075,0
9,10.8,-1.19,12,1.54,1,77.0,6.28,1,0.703,2.1,48.0,73.0,2,398.18,8,5.683,0.5322,0.1185,0
15,28.15,0.801,14,1.67,1,45.0,20.81,0,,,59.0,53.0,5,572.28,12,9.3504,0.7139,0.1113,1
13,28.01,0.661,8,1.67,0,0.0,0.0,1,0.606,9.7,66.0,93.0,2,215.94,12,8.8874,0.0,0.1856,0
6,61.11,0.829,9,1.22,0,1.0,0.0,1,0.854,40.7,64.0,11.0,4,466.44,8,8.0345,0.0,0.122,0
18,29.38,0.425,16,1.89,1,59.0,19.62,0,,,84.0,20.0,4,117.35,4,10.0517,0.6458,0.1112,1
22,203.24,1.846,13,2.74,1,73.0,45.47,0,,,82.0,76.0,5,347.41,8,16.6786,0.2226,0.1957,1
26,71.85,0.967,23,11.4,1,50.0,39.23,1,0.957,4.1,83.0,43.0,14,835.08,24,14.1339,0.5385,0.475,0
11,26.95,0.693,9,0.86,1,67.0,24.98,0,,,42.0,96.0,7,204.66,8,8.2758,0.8937,0.086,1
19,26.46,-0.673,14,3.54,1,56.0,11.75,0,,,42.0,39.0,3,824.93,4,9.9241,0.4279,0.236,1
28,50.85,1.428,24,2.01,0,0.0,0.0,1,0.842,7.1,40.0,76.0,10,281.11,12,13.2953,0.0,0.0804,0
22,95.18,1.304,29,11.28,1,65.0,25.55,0,,,48.0,54.0,15,463.69,12,14.3174,0.2656,0.376,1
12,44.81,-0.058,11,8.59,0,8.0,0.0,1,0.621,1.1,63.0,57.0,6,162.82,12,9.8097,0.0,0.7158,0
7,39.8,0.199,10,0.95,0,3.0,0.0,0,,,17.0,68.0,3,307.26,8,7.712,0.0,0.0864,1
9,82.74,0.692,10,0.97,0,1.0,0.0,0,,,18.0,16.0,4,21.94,8,10.1952,0.0,0.0882,1
11,148.02,1.027,13,4.35,0,9.0,0.0,0,,,65.0,58.0,2,156.37,12,12.4347,0.0,0.3107,1
12,58.57,0.422,9,2.7,1,64.0,31.34,0,,,57.0,85.0,3,415.54,24,10.4833,0.5261,0.27,1
12,55.46,0.302,11,2.08,1,68.0,25.74,1,0.648,8.0,70.0,56.0,6,204.02,8,10.3458,0.4559,0.1733,0
31,134.6,0.854,16,2.99,1,87.0,39.19,1,0.447,6.8,38.0,75.0,7,187.32,4,17.0158,0.289,0.1759,0
9,64.83,-0.16,10,1.9,0,3.0,0.0,1,0.8,2.6,48.0,65.0,0,124.09,24,9.6411,0.0,0.1727,0
20,27.52,0.102,13,4.01,0,1.0,0.0,1,0.553,11.1,40.0,59.0,6,400.27,12,10.201,0.0,0.2864,0
36,80.33,1.059,22,8.17,1,92.0,45.15,0,,,78.0,77.0,9,860.26,12,15.8827,0.5551,0.3552,1
19,54.89,-0.168,12,1.76,1,55.0,11.85,1,0.77,7.0,56.0,55.0,3,327.22,24,12.053,0.212,0.1354,0
10,21.31,0.615,2,2.7,1,83.0,11.45,1,0.828,28.0,38.0,74.0,1,208.0,8,7.4455,0.5132,0.9,0
14,25.86,-1.032,18,4.1,0,4.0,0.0,1,0.869,0.0,50.0,33.0,2,400.47,12,8.9112,0.0,0.2158,0
23,131.28,1.017,13,1.79,1,77.0,11.09,1,0.683,14.4,60.0,61.0,11,127.29,4,15.5245,0.0838,0.1279,0
16,31.12,0.065,7,2.66,1,86.0,53.12,0,,,63.0,57.0,7,432.21,4,9.8298,1.6538,0.3325,1
18,40.54,0.02,13,2.99,0,10.0,0.0,1,0.852,9.6,69.0,13.0,13,188.54,4,10.9729,0.0,0.2136,0
22,74.98,0.32,18,4.84,1,77.0,22.14,0,,,41.0,36.0,6,369.68,4,13.5782,0.2914,0.2547,1
6,66.35,-0.599,8,3.72,1,63.0,23.08,1,0.537,2.4,17.0,67.0,3,141.99,8,8.1921,0.3427,0.4133,0
18,26.62,0.68,18,4.72,0,2.0,0.0,1,0.754,31.7,86.0,57.0,9,910.94,8,9.7712,0.0,0.2484,0
15,161.22,0.508,11,5.64,1,44.0,10.3,0,,,61.0,81.0,4,267.82,8,14.1096,0.0635,0.47,1
29,81.73,0.089,20,5.24,1,56.0,42.25,1,0.499,0.1,58.0,98.0,9,443.53,8,15.0183,0.5107,0.2495,0
5,13.62,-0.49,8,2.23,0,13.0,0.0,0,,,76.0,43.0,4,523.12,8,4.8062,0.0,0.2478,1
27,61.43,0.89,19,10.55,0,3.0,0.0,1,0.726,9.2,59.0,38.0,8,496.9,12,13.7755,0.0,0.5275,0
8,91.61,-1.248,17,1.13,0,1.0,0.0,1,0.79,69.3,54.0,92.0,2,156.64,12,9.9499,0.0,0.0628,0
13,62.13,-0.076,11,3.29,1,87.0,20.77,1,0.856,5.1,50.0,95.0,3,456.05,12,10.9394,0.329,0.2742,0
19,21.31,0.12,21,1.82,0,3.0,0.0,1,0.49,2.1,25.0,75.0,7,263.5,4,9.3019,0.0,0.0827,0
19,34.33,-0.658,10,3.34,1,98.0,9.17,1,0.834,18.2,80.0,29.0,3,329.63,52,10.679,0.2596,0.3036,0
18,56.66,0.564,16,2.38,0,6.0,0.0,1,0.862,1.4,57.0,63.0,3,185.68,4,11.9384,0.0,0.14,0
19,65.38,0.573,12,2.59,1,52.0,84.86,0,,,61.0,80.0,9,443.5,8,12.5683,1.2784,0.1992,1
6,24.9,-0.2,9,1.09,1,85.0,51.52,0,,,29.0,72.0,1,229.71,8,6.3325,1.9892,0.109,1
13,40.57,0.611,11,1.59,0,0.0,0.0,0,,,74.0,71.0,6,203.3,24,9.8368,0.0,0.1325,1
18,53.38,-0.334,20,2.56,1,68.0,24.47,0,,,56.0,91.0,8,209.62,8,11.766,0.45,0.1219,1
7,31.52,0.402,14,2.46,1,54.0,13.27,1,0.716,3.4,65.0,64.0,3,123.19,24,7.2403,0.4081,0.164,0
13,32.75,-0.441,12,7.76,0,2.0,0.0,0,,,66.0,83.0,5,229.3,8,9.2868,0.0,0.5969,1
19,61.16,0.571,12,8.85,0,7.0,0.0,1,0.905,1.0,58.0,91.0,8,1193.88,8,12.3715,0.0,0.6808,0
17,38.1,-0.025,15,0.95,1,45.0,21.77,0,,,76.0,50.0,3,453.67,12,10.5965,0.5568,0.0594,1
4,11.31,0.046,12,2.05,1,44.0,12.58,0,,,25.0,35.0,0,294.75,8,4.0404,1.0219,0.1577,1
11,10.04,0.003,13,1.68,1,59.0,18.01,1,0.747,8.1,14.0,35.0,1,159.04,4,5.9676,1.6313,0.12,0
26,52.87,0.352,9,2.72,1,61.0,36.79,1,0.881,1.5,39.0,88.0,8,788.93,24,13.1391,0.6829,0.272,0
26,80.65,-0.842,14,2.48,0,11.0,0.0,0,,,61.0,50.0,6,659.91,12,14.5097,0.0,0.1653,1
19,31.2,0.753,10,3.41,1,40.0,44.75,0,,,47.0,64.0,6,1648.83,8,10.4011,1.3898,0.31,1
3,24.92,-1.057,6,2.85,0,5.0,0.0,0,,,37.0,47.0,1,218.59,4,4.5124,0.0,0.4071,1
18,155.2,0.098,10,4.06,0,4.0,0.0,1,0.811,13.7,26.0,57.0,5,191.0,24,14.8728,0.0,0.3691,0
13,40.28,-0.775,7,1.74,0,6.0,0.0,1,0.944,25.3,22.0,48.0,7,174.41,4,9.8183,0.0,0.2175,0
44,175.5,0.725,32,4.12,0,8.0,0.0,0,,,71.0,79.0,10,168.11,4,19.6931,0.0,0.1248,1
14,71.47,-1.041,11,1.28,1,69.0,13.1,1,0.565,16.8,78.0,94.0,9,222.23,52,11.599,0.1808,0.1067,0
18,34.52,0.483,18,4.58,0,15.0,0.0,1,0.906,9.2,47.0,71.0,10,366.43,12,10.5119,0.0,0.2411,0
11,61.12,1.266,9,4.39,0,6.0,0.0,0,,,30.0,62.0,4,470.24,24,10.2603,0.0,0.439,1
8,44.71,-0.914,10,0.78,1,44.0,12.91,1,0.328,8.2,47.0,49.0,3,415.32,8,8.3985,0.2824,0.0709,0
19,27.94,0.655,15,3.47,0,8.0,0.0,1,0.723,15.8,81.0,64.0,8,895.03,12,10.0813,0.0,0.2169,0
13,46.83,-0.868,9,3.1,0,2.0,0.0,1,0.496,7.4,81.0,96.0,4,242.97,24,10.207,0.0,0.31,0
21,46.35,0.041,8,1.51,1,45.0,26.98,0,,,52.0,82.0,1,825.45,8,11.9239,0.5698,0.1678,1
6,62.81,-1.081,4,2.84,1,62.0,19.65,0,,,23.0,96.0,0,99.46,8,8.087,0.3079,0.568,1
31,61.89,-0.088,17,11.36,0,2.0,0.0,0,,,70.0,65.0,17,976.13,4,14.353,0.0,0.6311,1
24,108.93,-0.817,9,2.53,0,5.0,0.0,0,,,66.0,95.0,4,720.86,24,15.1282,0.0,0.253,1
27,58.98,0.833,17,2.42,1,74.0,63.86,1,0.707,23.4,63.0,20.0,13,114.89,8,13.6421,1.0647,0.1344,0
24,78.18,0.539,20,4.05,0,6.0,0.0,0,,,83.0,79.0,9,384.51,12,14.072,0.0,0.1929,1
14,44.32,-1.153,15,2.37,0,16.0,0.0,0,,,23.0,41.0,5,185.37,52,10.3278,0.0,0.1481,1
12,74.11,0.154,12,2.24,0,5.0,0.0,1,0.805,15.5,44.0,31.0,4,397.78,12,11.0779,0.0,0.1723,0
16,20.07,0.698,12,1.23,0,24.0,0.0,0,,,22.0,75.0,7,831.7,4,8.6352,0.0,0.0946,1
13,109.64,0.234,18,3.74,1,27.0,50.6,0,,,75.0,73.0,7,164.87,8,12.4201,0.4573,0.1968,1
32,116.12,0.237,15,2.23,1,30.0,34.68,1,0.649,2.9,96.0,56.0,18,181.94,24,16.6546,0.2961,0.1394,0
8,37.12,-0.33,8,1.61,0,14.0,0.0,1,0.891,13.3,10.0,78.0,2,324.38,12,7.9995,0.0,0.1789,0
22,70.71,1.477,28,3.33,0,5.0,0.0,1,0.722,0.5,44.0,72.0,7,229.59,8,13.3968,0.0,0.1148,0
14,50.97,0.897,18,4.32,1,54.0,14.83,1,0.702,3.2,45.0,80.0,7,179.65,4,10.6986,0.2854,0.2274,0
11,42.16,-0.562,8,1.12,1,79.0,11.99,0,,,24.0,58.0,3,141.82,4,9.3555,0.2778,0.1244,1
36,70.34,1.103,31,11.66,0,2.0,0.0,1,0.849,0.4,65.0,84.0,14,333.17,24,15.4094,0.0,0.3644,0
11,55.44,-0.521,14,0.95,1,56.0,39.36,0,,,51.0,24.0,5,34.19,4,10.0221,0.6974,0.0633,1
17,48.22,-0.426,11,2.77,0,2.0,0.0,1,0.404,3.9,37.0,82.0,2,105.69,4,11.2618,0.0,0.2308,0
34,55.8,-0.321,16,3.52,1,36.0,36.2,1,0.583,1.9,83.0,70.0,8,707.93,4,14.362,0.6373,0.2071,0
24,36.54,-0.014,14,3.29,1,48.0,27.31,0,,,53.0,82.0,2,126.73,12,11.6697,0.7275,0.2193,1
21,18.21,1.067,10,4.67,0,3.0,0.0,1,0.615,0.3,41.0,65.0,8,247.84,12,9.1354,0.0,0.4245,0
11,39.33,0.082,19,3.11,0,10.0,0.0,1,0.738,4.5,58.0,40.0,4,516.97,4,9.1869,0.0,0.1555,0
30,87.56,0.4,17,6.58,1,70.0,54.68,0,,,28.0,63.0,6,107.16,12,15.3969,0.6174,0.3656,1
20,24.38,0.237,9,3.3,1,23.0,41.76,0,,,18.0,65.0,0,1089.28,52,9.8459,1.6454,0.33,1
10,32.58,0.568,14,6.91,0,7.0,0.0,1,0.906,16.0,40.0,80.0,6,653.97,12,8.426,0.0,0.4607,0
9,25.82,-0.1,9,1.42,0,5.0,0.0,0,,,36.0,48.0,5,58.78,4,7.5735,0.0,0.142,1
19,38.57,-1.056,14,2.6,1,44.0,34.05,0,,,53.0,90.0,5,473.15,4,11.0185,0.8605,0.1733,1
12,36.84,0.05,14,3.63,1,62.0,50.07,1,0.665,6.3,64.0,66.0,9,269.42,12,9.3194,1.3232,0.242,0
23,57.7,-0.121,15,2.89,1,62.0,24.99,1,0.86,11.2,77.0,68.0,3,140.88,8,12.9424,0.4257,0.1806,0
21,40.75,1.312,23,6.3,0,1.0,0.0,1,0.776,13.6,62.0,38.0,5,151.69,4,11.5348,0.0,0.2625,0
18,21.46,-0.133,18,4.46,0,5.0,0.0,0,,,62.0,57.0,3,210.95,12,9.1623,0.0,0.2347,1
6,35.15,0.134,7,1.63,0,8.0,0.0,0,,,50.0,27.0,2,189.23,8,6.9813,0.0,0.2037,1
22,50.63,0.045,17,3.33,1,73.0,40.35,1,0.888,2.1,65.0,73.0,7,422.73,4,12.3667,0.7815,0.185,0
23,39.56,1.068,12,3.72,0,13.0,0.0,0,,,50.0,88.0,6,325.94,4,11.7676,0.0,0.2862,1
16,48.34,0.497,11,1.87,0,0.0,0.0,0,,,41.0,32.0,3,157.24,12,11.0459,0.0,0.1558,1
10,81.39,-0.63,11,1.98,1,60.0,24.73,0,,,22.0,53.0,4,135.21,8,10.5782,0.3002,0.165,1
13,61.67,-0.91,13,5.37,0,18.0,0.0,1,0.793,6.3,29.0,74.0,2,246.75,4,10.9201,0.0,0.3836,0
32,65.83,0.571,16,5.98,1,28.0,17.44,1,0.688,0.6,33.0,28.0,7,293.45,4,14.6929,0.261,0.3518,0
15,42.08,-0.711,7,4.68,0,6.0,0.0,0,,,89.0,72.0,3,1233.31,12,10.4334,0.0,0.585,1
13,38.75,-0.669,9,4.49,0,8.0,0.0,0,,,50.0,72.0,3,123.57,12,9.7186,0.0,0.449,1
7,16.81,0.488,6,3.21,0,4.0,0.0,1,0.873,7.4,77.0,93.0,1,233.76,24,5.9883,0.0,0.4586,0
11,83.86,-1.343,8,4.8,1,68.0,16.68,1,0.793,1.9,78.0,85.0,4,201.18,4,11.0355,0.1966,0.5333,0
33,44.5,0.357,13,3.18,0,7.0,0.0,1,0.877,0.3,48.0,76.0,8,781.33,8,13.4626,0.0,0.2271,0
26,72.79,0.18,14,2.41,0,4.0,0.0,0,,,45.0,67.0,9,147.67,8,14.1761,0.0,0.1607,1
26,45.14,0.748,19,4.2,0,14.0,0.0,0,,,55.0,62.0,7,404.76,12,12.6286,0.0,0.21,1
15,42.74,0.132,17,0.77,0,2.0,0.0,1,0.807,50.0,34.0,65.0,2,51.96,4,10.4756,0.0,0.0428,0
15,44.89,-0.442,14,1.4,0,6.0,0.0,0,,,53.0,69.0,6,157.9,4,10.6086,0.0,0.0933,1
13,28.96,-1.101,19,3.56,0,3.0,0.0,1,0.786,21.2,15.0,79.0,3,156.6,4,8.9724,0.0,0.178,0
15,50.71,-0.208,18,1.97,0,4.0,0.0,1,0.498,2.7,45.0,51.0,3,562.85,24,10.9397,0.0,0.1037,0
17,112.79,0.358,15,6.97,1,29.0,48.94,0,,,34.0,60.0,9,202.8,24,13.684,0.4301,0.4356,1
19,86.65,-1.015,15,6.65,0,6.0,0.0,1,0.982,18.1,78.0,56.0,7,243.03,12,13.401,0.0,0.4156,0
12,37.42,-0.188,12,5.47,0,7.0,0.0,0,,,46.0,84.0,5,244.27,12,9.3584,0.0,0.4208,1
23,94.45,-0.081,24,5.77,1,81.0,58.56,0,,,78.0,94.0,4,297.88,52,14.4875,0.6135,0.2308,1
11,55.48,-0.788,8,1.3,0,0.0,0.0,1,0.703,4.9,40.0,79.0,1,481.85,12,10.0238,0.0,0.1444,0
14,86.67,-1.139,15,2.15,1,89.0,23.33,0,,,47.0,81.0,5,606.81,4,12.1147,0.2661,0.1344,1
7,50.7,-0.22,7,1.9,0,1.0,0.0,0,,,66.0,38.0,5,607.22,12,8.2043,0.0,0.2375,1
13,21.38,0.067,18,2.75,1,35.0,38.56,0,,,45.0,90.0,1,364.83,8,8.2026,1.723,0.1447,1
18,62.49,0.099,10,2.69,0,11.0,0.0,0,,,33.0,50.0,5,201.71,8,12.222,0.0,0.2445,1
11,45.61,-1.011,14,6.75,0,4.0,0.0,0,,,31.0,62.0,7,49.28,24,9.5466,0.0,0.45,1
24,45.05,0.453,17,2.3,0,16.0,0.0,0,,,76.0,75.0,6,913.77,4,12.3274,0.0,0.1278,1
3,141.58,-1.012,9,1.74,1,92.0,23.42,1,0.811,12.3,15.0,75.0,0,72.02,4,6.8759,0.1643,0.174,0
15,21.39,-2.054,17,4.61,1,50.0,17.53,1,0.642,9.8,54.0,60.0,7,332.89,4,8.6189,0.7829,0.2561,0
14,41.1,-0.281,12,5.75,1,59.0,15.18,0,,,43.0,54.0,4,457.36,4,10.1282,0.3606,0.4423,1
12,21.74,-0.632,13,5.35,0,7.0,0.0,1,0.931,5.8,60.0,34.0,6,231.8,12,8.0132,0.0,0.3821,0
18,38.23,-0.9,8,3.55,1,26.0,24.3,0,,,63.0,62.0,9,548.75,8,10.8044,0.6194,0.3944,1
9,28.51,-1.099,9,1.41,0,12.0,0.0,0,,,49.0,43.0,1,120.51,8,7.7936,0.0,0.141,1
6,32.17,-0.714,12,3.11,1,31.0,45.69,1,0.791,29.7,16.0,33.0,3,101.56,8,6.8139,1.3774,0.2392,0
14,22.14,0.129,14,7.94,0,6.0,0.0,0,,,30.0,87.0,3,347.69,4,8.5075,0.0,0.5293,1
15,18.09,0.064,14,3.33,0,5.0,0.0,0,,,84.0,58.0,3,284.47,4,8.1768,0.0,0.222,1
38,107.39,0.976,20,5.67,1,53.0,20.4,1,0.868,5.6,42.0,71.0,13,298.34,52,17.1665,0.1882,0.27,0
9,47.29,0.741,16,1.54,1,81.0,18.97,1,0.366,4.0,73.0,20.0,4,282.76,12,8.9276,0.3928,0.0906,0
16,50.38,0.731,13,1.1,1,19.0,9.1,1,0.548,4.7,81.0,53.0,4,87.42,8,11.1607,0.1771,0.0786,0
22,138.24,1.54,20,3.64,1,62.0,37.21,1,0.744,3.5,42.0,77.0,6,462.05,8,15.4774,0.2672,0.1733,0
20,27.38,-0.489,16,5.16,0,11.0,0.0,0,,,71.0,64.0,5,1005.11,8,10.186,0.0,0.3035,1
20,49.08,-0.816,16,3.12,1,73.0,25.1,0,,,45.0,16.0,6,263.12,4,11.9151,0.5012,0.1835,1
27,92.61,1.284,13,2.2,0,4.0,0.0,0,,,58.0,89.0,12,1825.52,12,15.1253,0.0,0.1571,1
25,121.72,0.812,23,2.51,1,62.0,43.61,0,,,82.0,49.0,10,337.79,4,15.6711,0.3554,0.1046,1
4,34.63,-0.341,8,2.82,0,3.0,0.0,1,0.539,28.5,51.0,13.0,2,75.96,8,5.7508,0.0,0.3133,0
29,175.31,0.998,20,2.55,0,7.0,0.0,0,,,54.0,74.0,9,1211.69,4,17.5918,0.0,0.1214,1
23,161.48,-0.221,15,8.14,1,16.0,11.73,0,,,71.0,55.0,11,159.02,12,16.1781,0.0722,0.5088,1
20,74.98,0.212,15,4.08,0,7.0,0.0,1,0.923,2.8,60.0,55.0,7,82.23,12,13.1842,0.0,0.255,0
14,19.47,-0.287,12,1.77,0,3.0,0.0,0,,,62.0,58.0,2,220.52,12,8.1755,0.0,0.1362,1
12,65.56,0.698,13,1.2,1,2.0,16.08,0,,,84.0,12.0,10,451.92,12,10.7679,0.2416,0.0857,1
12,12.16,0.023,11,2.08,0,6.0,0.0,1,0.819,49.9,54.0,88.0,3,79.99,24,6.6103,0.0,0.1733,0
20,70.1,1.243,16,3.55,0,4.0,0.0,1,0.786,9.7,33.0,56.0,5,409.64,8,12.9821,0.0,0.2088,0
15,35.7,0.805,10,2.1,0,7.0,0.0,0,,,69.0,49.0,4,114.43,12,9.989,0.0,0.1909,1
30,117.85,0.876,21,1.51,1,85.0,17.64,1,0.915,3.1,64.0,87.0,11,425.99,8,16.4071,0.1484,0.0686,0
30,42.88,-0.12,21,2.5,1,86.0,48.72,0,,,57.0,17.0,8,371.27,12,12.9855,1.1103,0.1136,1
10,75.17,1.127,15,3.56,0,1.0,0.0,0,,,71.0,63.0,4,394.11,4,10.39,0.0,0.2225,1
31,65.93,0.298,20,4.03,1,81.0,63.05,1,0.866,14.2,37.0,82.0,8,147.27,8,14.5687,0.942,0.1919,0
17,53.09,1.746,15,9.9,0,23.0,0.0,0,,,73.0,57.0,10,234.61,24,11.5345,0.0,0.6188,1
22,43.07,0.517,21,2.31,1,74.0,37.63,0,,,43.0,40.0,8,1016.0,4,11.8703,0.8539,0.105,1
14,80.61,-1.137,13,3.87,0,4.0,0.0,0,,,58.0,84.0,4,379.51,8,11.9207,0.0,0.2764,1
19,19.34,0.394,9,1.63,0,11.0,0.0,0,,,39.0,56.0,2,897.15,4,9.0249,0.0,0.163,1
12,50.07,-0.029,12,1.06,0,18.0,0.0,1,0.78,12.0,29.0,44.0,2,202.44,4,10.0885,0.0,0.0815,0
20,35.93,0.302,14,2.58,0,0.0,0.0,0,,,38.0,93.0,9,452.82,12,10.9878,0.0,0.172,1
15,30.41,-0.166,14,3.37,1,61.0,17.24,0,,,56.0,20.0,3,240.13,12,9.5575,0.5489,0.2247,1
12,31.27,0.253,14,4.88,0,7.0,0.0,0,,,10.0,31.0,0,75.54,24,8.911,0.0,0.3253,1
13,49.14,0.361,15,2.69,0,10.0,0.0,0,,,23.0,82.0,0,579.6,24,10.3314,0.0,0.1681,1
10,35.51,-0.011,21,3.75,1,76.0,14.7,0,,,27.0,38.0,6,416.78,24,8.6266,0.4026,0.1705,1
26,58.82,-0.224,17,1.25,1,95.0,44.38,0,,,43.0,16.0,11,627.29,8,13.4844,0.7419,0.0694,1
20,147.55,0.811,28,7.16,1,74.0,42.97,1,0.167,0.6,96.0,89.0,6,397.36,12,15.2254,0.2893,0.2469,0
15,44.72,0.484,11,2.26,1,92.0,24.58,0,,,17.0,66.0,7,815.61,24,10.5983,0.5376,0.1883,1
14,25.62,-0.032,12,2.39,0,12.0,0.0,1,0.869,34.3,38.0,52.0,4,141.51,4,8.8869,0.0,0.1838,0
11,68.23,0.614,16,3.62,1,78.0,9.61,0,,,45.0,61.0,3,736.78,24,10.5296,0.1388,0.2129,1
36,85.07,0.192,24,5.8,1,54.0,47.1,1,0.732,11.1,50.0,59.0,10,108.11,24,16.0872,0.5472,0.232,0
12,107.81,0.335,13,5.23,0,1.0,0.0,1,0.934,5.2,70.0,93.0,5,253.99,8,12.0286,0.0,0.3736,0
4,8.22,-0.759,6,1.17,0,6.0,0.0,0,,,29.0,80.0,2,140.8,24,3.5752,0.0,0.1671,1
19,49.87,1.193,15,3.11,1,73.0,29.93,0,,,80.0,52.0,4,385.06,4,11.7711,0.5884,0.1944,1
17,61.18,-0.364,19,4.74,0,1.0,0.0,0,,,38.0,59.0,15,185.85,24,11.9373,0.0,0.237,1
19,82.29,0.977,14,4.57,0,4.0,0.0,0,,,78.0,86.0,8,688.27,4,13.2481,0.0,0.3047,1
19,93.72,-0.024,10,4.07,0,10.0,0.0,0,,,13.0,74.0,9,323.87,24,13.6334,0.0,0.37,1
20,63.53,-0.013,12,0.99,0,7.0,0.0,1,0.747,4.7,36.0,70.0,3,444.6,12,12.6869,0.0,0.0762,0
23,72.47,-0.085,24,4.27,0,9.0,0.0,0,,,72.0,61.0,11,376.29,8,13.6557,0.0,0.1708,1
8,11.08,-0.85,3,2.33,0,18.0,0.0,1,0.912,0.8,64.0,53.0,2,367.78,4,5.4745,0.0,0.5825,0
14,30.57,-1.634,11,1.71,0,14.0,0.0,1,0.902,17.6,62.0,25.0,2,187.8,4,9.3488,0.0,0.1425,0
9,16.43,0.236,9,5.37,1,38.0,41.27,1,0.541,10.3,45.0,80.0,3,434.25,24,6.5812,2.3678,0.537,0
16,18.98,-0.185,5,3.6,0,1.0,0.0,0,,,30.0,21.0,4,359.65,24,8.4847,0.0,0.6,1
10,45.87,-0.809,13,3.45,1,62.0,8.12,1,0.473,13.9,89.0,66.0,5,210.15,12,9.2256,0.1732,0.2464,0
21,65.27,-0.493,18,7.03,1,52.0,16.88,0,,,40.0,95.0,7,226.13,52,12.963,0.2547,0.37,1
12,77.92,0.271,11,3.11,0,2.0,0.0,1,0.599,1.7,71.0,67.0,5,270.17,4,11.2048,0.0,0.2592,0
14,32.85,0.134,10,3.0,0,14.0,0.0,1,0.847,8.3,47.0,31.0,3,684.58,8,9.5376,0.0,0.2727,0
30,51.12,1.236,19,7.49,1,31.0,53.66,1,0.786,10.1,38.0,64.0,12,617.09,8,13.5764,1.0295,0.3745,0
19,23.57,-0.646,18,1.62,1,67.0,40.88,0,,,29.0,58.0,4,618.54,12,9.5909,1.6638,0.0853,1
24,130.6,0.667,11,6.62,0,3.0,0.0,1,0.742,1.7,72.0,27.0,5,273.51,24,15.7074,0.0,0.5517,0
10,52.8,-0.317,8,3.28,0,3.0,0.0,0,,,48.0,93.0,2,193.45,8,9.5563,0.0,0.3644,1
18,84.01,-0.433,19,2.46,0,5.0,0.0,1,0.817,15.0,91.0,40.0,7,572.01,4,13.0815,0.0,0.123,0
20,50.03,0.676,15,3.49,0,8.0,0.0,1,0.908,33.2,44.0,49.0,7,1006.18,12,11.9723,0.0,0.2181,0
18,41.76,1.025,10,6.18,0,2.0,0.0,0,,,74.0,83.0,8,273.14,4,11.0581,0.0,0.5618,1
7,107.65,1.2,15,2.45,0,12.0,0.0,1,0.939,4.5,61.0,36.0,0,233.93,8,9.7487,0.0,0.1531,0
14,25.81,-0.371,17,1.4,0,8.0,0.0,0,,,62.0,48.0,2,312.27,4,8.9062,0.0,0.0778,1
17,151.43,1.549,20,1.45,0,1.0,0.0,0,,,47.0,57.0,8,1262.81,12,14.529,0.0,0.069,1
9,13.04,-0.262,21,1.91,0,5.0,0.0,0,,,56.0,79.0,3,367.98,4,6.0832,0.0,0.0868,1
29,38.94,0.07,24,2.55,0,1.0,0.0,1,0.933,2.5,42.0,63.0,6,418.34,12,12.5415,0.0,0.102,0
16,24.19,-0.006,19,3.04,0,1.0,0.0,0,,,65.0,62.0,7,106.42,12,9.1412,0.0,0.152,1
10,12.45,0.253,12,1.82,0,7.0,0.0,1,0.863,13.7,13.0,11.0,2,157.0,12,6.2321,0.0,0.14,0
17,65.02,-0.181,21,5.41,1,10.0,23.83,0,,,11.0,61.0,1,1136.01,12,12.1105,0.361,0.2459,1
18,35.65,-0.599,9,1.19,0,5.0,0.0,1,0.622,4.1,91.0,42.0,1,182.04,12,10.6041,0.0,0.119,0
9,7.99,-0.586,16,3.05,1,32.0,8.71,0,,,62.0,81.0,5,279.44,52,5.0567,0.9689,0.1794,1
7,13.02,-0.847,12,0.79,0,0.0,0.0,0,,,51.0,27.0,4,158.67,24,5.4907,0.0,0.0608,1
18,36.02,1.051,12,2.6,0,15.0,0.0,0,,,16.0,69.0,9,764.23,52,10.6337,0.0,0.2,1
14,16.35,0.264,12,2.63,1,76.0,14.34,0,,,42.0,57.0,5,635.52,4,7.7277,0.8265,0.2023,1
34,241.05,1.011,12,4.28,1,45.0,75.83,1,0.905,2.6,27.0,58.0,10,1144.92,12,19.5158,0.3133,0.3292,0
32,55.03,-0.1,14,2.39,0,1.0,0.0,0,,,59.0,59.0,6,429.35,24,14.0765,0.0,0.1593,1
8,46.44,0.088,16,2.31,1,67.0,16.2,1,0.772,13.2,18.0,30.0,1,147.33,4,8.4801,0.3415,0.1359,0
9,27.82,-0.272,11,2.08,1,72.0,12.78,1,0.532,0.4,26.0,62.0,2,64.8,4,7.7391,0.4434,0.1733,0
24,102.47,-0.478,17,7.35,0,0.0,0.0,0,,,73.0,80.0,2,319.54,8,14.9333,0.0,0.4083,1
13,36.25,-0.334,13,4.74,0,12.0,0.0,0,,,26.0,80.0,4,117.07,52,9.5472,0.0,0.3386,1
6,27.0,-0.636,8,3.85,1,26.0,12.68,0,,,71.0,79.0,4,195.44,4,6.4842,0.4529,0.4278,1
16,34.54,0.266,11,2.58,0,13.0,0.0,1,0.768,17.1,70.0,71.0,6,631.3,4,10.1164,0.0,0.215,0
24,51.9,0.887,20,2.66,0,11.0,0.0,1,0.686,1.4,52.0,33.0,11,850.24,4,12.7738,0.0,0.1267,0
3,23.05,-0.263,8,1.79,0,4.0,0.0,0,,,51.0,90.0,2,87.01,24,4.4086,0.0,0.1989,1
14,39.87,-0.905,16,2.69,0,1.0,0.0,0,,,38.0,57.0,1,452.01,52,10.0479,0.0,0.1582,1
24,63.31,1.072,13,1.6,0,5.0,0.0,1,0.728,24.1,25.0,56.0,4,124.79,24,13.4025,0.0,0.1143,0
28,513.87,0.66,14,2.66,0,4.0,0.0,1,0.635,32.0,64.0,52.0,7,708.02,24,21.0251,0.0,0.1773,0
18,82.52,0.146,16,2.37,1,67.0,14.86,0,,,71.0,71.0,7,225.08,12,13.0294,0.1779,0.1394,1
14,44.45,-1.007,9,2.2,1,77.0,31.77,0,,,16.0,70.0,1,209.94,8,10.3356,0.699,0.22,1
22,89.45,0.686,13,5.66,0,2.0,0.0,0,,,44.0,68.0,9,132.37,4,14.1248,0.0,0.4043,1
4,20.88,-0.325,11,1.22,1,65.0,15.6,1,0.73,8.2,52.0,53.0,1,80.37,4,4.966,0.713,0.1017,0
13,29.5,0.442,7,0.93,0,6.0,0.0,1,0.696,9.8,70.0,85.0,3,161.52,8,9.0196,0.0,0.1162,0
21,22.44,0.292,12,2.4,1,52.0,16.08,1,0.408,1.8,36.0,29.0,3,203.54,12,9.7505,0.686,0.1846,0
9,21.45,-1.462,10,2.61,0,17.0,0.0,1,0.525,0.6,49.0,66.0,7,181.04,4,7.164,0.0,0.2373,0
15,25.57,-1.098,13,3.16,0,19.0,0.0,1,0.656,14.9,42.0,75.0,4,59.54,12,9.0935,0.0,0.2257,0
9,45.86,0.268,7,2.3,0,5.0,0.0,1,0.818,16.9,23.0,43.0,3,85.76,8,8.8584,0.0,0.2875,0
17,88.77,-0.112,26,2.29,1,41.0,68.03,1,0.753,14.3,86.0,44.0,3,251.3,8,12.9987,0.7578,0.0848,0
15,76.35,-0.449,16,3.95,0,2.0,0.0,0,,,55.0,85.0,8,568.98,24,12.0562,0.0,0.2324,1
18,126.01,1.032,24,6.31,1,51.0,31.47,0,,,40.0,27.0,2,591.91,24,14.2636,0.2478,0.2524,1
16,39.47,0.186,10,2.43,0,14.0,0.0,0,,,65.0,46.0,3,280.19,8,10.4845,0.0,0.2209,1
14,82.77,-0.552,15,1.98,0,4.0,0.0,0,,,78.0,62.0,5,330.95,12,11.9914,0.0,0.1238,1
13,19.9,-0.322,9,2.34,0,13.0,0.0,1,0.884,12.3,68.0,90.0,5,150.94,12,8.0221,0.0,0.234,0
17,132.2,1.42,21,2.49,1,48.0,51.15,1,0.873,0.9,44.0,58.0,8,865.72,4,14.1393,0.384,0.1132,0
15,52.33,0.416,17,4.43,1,92.0,23.37,1,0.386,7.7,44.0,62.0,7,261.71,8,11.0252,0.4382,0.2461,0
10,56.44,-0.55,13,1.68,0,1.0,0.0,0,,,66.0,50.0,2,183.18,24,9.7133,0.0,0.12,1
19,48.73,0.133,17,4.22,0,7.0,0.0,0,,,52.0,53.0,4,180.56,12,11.7032,0.0,0.2344,1
16,53.02,-0.097,11,1.62,1,30.0,20.44,0,,,30.0,58.0,5,91.23,12,11.3027,0.3784,0.135,1
18,71.29,0.549,11,7.05,0,7.0,0.0,1,0.411,17.8,28.0,55.0,4,215.47,4,12.6042,0.0,0.5875,0
15,60.54,0.084,18,4.07,0,3.0,0.0,1,0.955,5.5,40.0,80.0,4,127.36,12,11.4222,0.0,0.2142,0
17,86.06,0.178,13,5.25,1,82.0,26.75,0,,,72.0,68.0,5,93.58,8,12.9101,0.3073,0.375,1
5,15.25,-1.259,10,0.55,0,6.0,0.0,0,,,52.0,33.0,5,131.11,8,4.9956,0.0,0.05,1
7,21.71,0.62,4,2.34,0,3.0,0.0,0,,,56.0,54.0,1,116.96,4,6.4937,0.0,0.468,1
21,97.62,-0.018,17,1.3,0,11.0,0.0,0,,,81.0,81.0,8,214.68,12,14.1918,0.0,0.0722,1
14,13.0,0.601,18,1.21,0,9.0,0.0,0,,,45.0,84.0,3,119.3,4,7.1467,0.0,0.0637,1
31,121.4,1.561,12,2.85,0,15.0,0.0,1,0.82,0.7,37.0,51.0,8,202.42,12,16.6608,0.0,0.2192,0
13,39.4,-0.321,13,2.17,1,42.0,19.67,1,0.99,10.0,59.0,24.0,6,144.39,8,9.7614,0.4869,0.155,0
12,27.15,-0.825,13,4.03,1,31.0,11.33,0,,,79.0,76.0,1,270.47,12,8.5606,0.4025,0.2879,1
25,78.57,0.18,18,4.08,0,14.0,0.0,0,,,48.0,89.0,8,356.94,4,14.2595,0.0,0.2147,1
23,312.99,-0.261,16,5.03,0,4.0,0.0,1,0.782,5.9,16.0,55.0,8,226.78,12,18.2718,0.0,0.2959,0
9,62.48,-0.087,3,2.49,1,66.0,24.62,1,0.943,0.5,15.0,80.0,3,341.85,52,9.5574,0.3878,0.6225,0
10,17.1,-0.689,20,1.63,0,2.0,0.0,0,,,90.0,65.0,5,322.8,24,6.9441,0.0,0.0776,1
3,23.94,-0.263,9,2.42,1,86.0,15.68,1,0.848,18.8,85.0,67.0,1,85.82,4,4.459,0.6287,0.242,0
20,34.9,-0.206,16,4.01,0,4.0,0.0,1,0.969,14.8,65.0,78.0,8,72.9,4,10.9016,0.0,0.2359,0
16,65.01,0.779,13,2.47,0,10.0,0.0,0,,,38.0,70.0,5,208.66,12,11.8706,0.0,0.1764,1
21,64.88,-0.451,15,1.93,1,82.0,46.17,1,0.632,7.6,60.0,59.0,6,2036.39,4,12.9448,0.7008,0.1206,0
21,191.52,0.095,19,2.11,1,73.0,34.57,0,,,68.0,77.0,3,171.6,52,16.2595,0.1796,0.1055,1
21,62.73,0.013,14,2.42,0,9.0,0.0,0,,,44.0,35.0,5,101.07,4,12.8422,0.0,0.1613,1
20,33.93,0.63,20,5.42,0,5.0,0.0,1,0.76,0.8,31.0,62.0,4,410.92,4,10.8182,0.0,0.2581,0
7,49.66,-0.792,6,1.38,0,5.0,0.0,1,0.713,11.0,60.0,39.0,5,323.13,52,8.1621,0.0,0.1971,0
15,33.67,-0.091,22,2.81,1,51.0,44.52,1,0.706,10.6,76.0,86.0,2,579.13,8,9.8313,1.2841,0.1222,0
13,78.06,0.097,12,1.22,0,3.0,0.0,0,,,76.0,89.0,2,243.48,4,11.5332,0.0,0.0938,1
2,29.51,-0.995,15,1.63,1,86.0,6.94,0,,,46.0,57.0,2,359.22,8,3.7551,0.2275,0.1019,1
10,147.95,0.628,18,2.9,0,5.0,0.0,0,,,68.0,84.0,6,140.14,8,11.9981,0.0,0.1526,1
9,7.5,-1.157,5,1.38,0,3.0,0.0,0,,,56.0,54.0,2,476.73,4,4.9277,0.0,0.23,1
13,51.47,-0.727,15,4.42,0,8.0,0.0,0,,,66.0,69.0,6,182.94,4,10.4513,0.0,0.2762,1
18,313.58,0.53,15,4.77,0,8.0,0.0,0,,,67.0,63.0,8,262.61,8,16.9342,0.0,0.2981,1
19,40.51,0.261,7,5.93,1,64.0,20.45,1,0.674,20.7,60.0,61.0,4,392.95,8,11.1619,0.4927,0.7412,0
11,46.47,0.215,6,0.57,0,10.0,0.0,1,0.725,3.2,51.0,41.0,2,383.53,24,9.592,0.0,0.0814,0
23,332.1,0.433,16,7.24,1,92.0,35.01,0,,,40.0,95.0,3,489.59,4,18.4595,0.1051,0.4259,1
8,11.65,0.367,12,3.08,0,7.0,0.0,0,,,28.0,74.0,1,335.14,4,5.5758,0.0,0.2369,1
22,47.67,0.211,22,5.49,0,7.0,0.0,0,,,52.0,53.0,7,193.0,4,12.1816,0.0,0.2387,1
22,67.91,0.034,12,2.57,0,13.0,0.0,0,,,85.0,47.0,14,850.86,24,13.2719,0.0,0.1977,1
19,48.38,-0.179,12,2.16,1,32.0,17.43,0,,,46.0,90.0,8,108.29,52,11.682,0.353,0.1662,1
25,111.97,0.944,16,2.38,1,84.0,39.65,0,,,54.0,58.0,11,1116.95,24,15.4014,0.351,0.14,1
8,16.86,0.192,14,1.92,1,55.0,13.08,1,0.868,5.7,41.0,30.0,0,218.32,4,6.3336,0.7324,0.128,0
26,54.64,-0.552,20,3.27,1,62.0,30.07,0,,,44.0,75.0,4,493.84,4,13.2456,0.5404,0.1557,1
22,63.95,1.313,16,4.08,0,1.0,0.0,1,0.954,4.5,68.0,77.0,6,173.95,12,13.0864,0.0,0.24,0
16,27.39,-0.128,15,3.16,0,3.0,0.0,1,0.717,4.4,44.0,35.0,7,253.99,4,9.48,0.0,0.1975,0
17,82.2,0.113,12,1.45,0,9.0,0.0,1,0.828,18.4,63.0,50.0,13,278.01,12,12.779,0.0,0.1115,0
14,65.7,0.241,13,1.21,1,82.0,36.33,0,,,32.0,59.0,15,478.67,8,11.3744,0.5447,0.0864,1
22,50.14,0.093,21,2.61,0,3.0,0.0,0,,,73.0,85.0,8,794.44,4,12.3368,0.0,0.1186,1
25,58.91,0.108,18,5.0,1,32.0,52.63,0,,,71.0,70.0,7,663.72,24,13.3349,0.8785,0.2632,1
14,22.56,1.282,7,4.51,0,14.0,0.0,0,,,43.0,56.0,4,197.17,4,8.5562,0.0,0.5638,1
29,46.81,1.061,24,4.32,0,13.0,0.0,0,,,54.0,87.0,11,388.27,12,13.1532,0.0,0.1728,1
9,16.62,0.562,9,5.56,0,13.0,0.0,0,,,69.0,78.0,3,93.71,8,6.6062,0.0,0.556,1
16,61.25,-0.485,8,7.36,0,8.0,0.0,1,0.324,5.4,59.0,55.0,4,665.83,4,11.7045,0.0,0.8178,0
13,11.03,0.293,9,6.34,1,76.0,23.81,0,,,75.0,33.0,4,125.92,4,6.5644,1.9792,0.634,1
9,23.84,0.665,9,1.27,0,3.0,0.0,0,,,87.0,57.0,1,585.49,4,7.397,0.0,0.127,1
6,40.22,-0.117,11,1.72,0,5.0,0.0,1,0.622,28.4,49.0,60.0,4,82.35,4,7.2367,0.0,0.1433,0
7,31.72,-2.126,18,1.72,0,3.0,0.0,0,,,72.0,29.0,4,440.48,12,7.2531,0.0,0.0905,1
19,44.24,-0.496,16,4.17,1,70.0,18.32,0,,,73.0,54.0,7,472.43,24,11.4197,0.405,0.2453,1
21,111.32,-0.742,19,5.02,1,69.0,39.35,0,,,59.0,74.0,8,729.08,12,14.5939,0.3503,0.251,1
27,350.35,-1.038,22,3.65,1,53.0,71.16,1,0.852,5.8,64.0,71.0,12,290.14,24,19.5327,0.2025,0.1587,0
11,80.08,-0.085,17,4.93,0,11.0,0.0,1,0.602,12.9,59.0,40.0,5,257.41,24,10.9222,0.0,0.2739,0
14,74.75,-0.11,10,2.99,0,17.0,0.0,0,,,73.0,21.0,3,313.11,4,11.7189,0.0,0.2718,1
14,23.5,0.181,18,1.37,0,7.0,0.0,0,,,53.0,84.0,2,294.15,12,8.6622,0.0,0.0721,1
11,26.52,-0.329,7,2.5,0,5.0,0.0,1,0.67,12.8,20.0,37.0,5,212.25,8,8.2372,0.0,0.3125,0
19,104.35,-0.713,12,1.76,1,66.0,55.82,1,0.764,1.8,59.0,68.0,2,170.03,8,13.952,0.5299,0.1354,0
17,108.96,0.645,14,3.18,1,51.0,57.83,0,,,40.0,47.0,3,1177.92,12,13.5851,0.5259,0.212,1
9,20.59,-1.26,15,2.73,1,31.0,10.31,0,,,57.0,54.0,2,181.61,4,7.0741,0.4775,0.1706,1
7,27.97,-0.444,7,3.16,0,8.0,0.0,1,0.855,14.3,38.0,38.0,0,181.89,24,6.9999,0.0,0.395,0
19,34.39,-0.995,9,2.58,0,2.0,0.0,1,0.891,22.4,24.0,40.0,4,474.89,52,10.6841,0.0,0.258,0
8,13.09,0.23,10,1.55,1,56.0,21.04,1,0.77,9.4,63.0,48.0,5,39.0,4,5.8127,1.4933,0.1409,0
14,87.62,-0.922,10,1.66,0,10.0,0.0,1,0.83,0.7,79.0,45.0,8,415.46,24,12.1439,0.0,0.1509,0
21,43.95,-0.515,18,4.31,0,3.0,0.0,1,0.463,9.7,79.0,62.0,13,168.38,12,11.7631,0.0,0.2268,0
23,29.69,-0.419,9,6.2,1,39.0,20.06,0,,,73.0,73.0,6,410.33,4,10.8815,0.6536,0.62,1
24,77.4,0.227,11,1.88,1,68.0,18.02,1,0.569,49.0,36.0,75.0,6,270.83,8,14.0402,0.2298,0.1567,0
12,57.66,-0.169,8,2.01,1,80.0,9.46,0,,,30.0,52.0,2,114.61,12,10.4439,0.1613,0.2233,1
9,71.91,-0.934,13,1.9,0,2.0,0.0,0,,,42.0,72.0,4,287.43,12,9.8763,0.0,0.1357,1
7,76.25,0.64,6,1.56,1,76.0,30.32,0,,,47.0,64.0,3,321.82,12,9.0394,0.3925,0.2229,1
14,13.97,0.191,11,1.13,0,21.0,0.0,1,0.736,51.3,44.0,61.0,4,224.05,8,7.3281,0.0,0.0942,0
17,67.74,0.058,13,1.31,0,1.0,0.0,0,,,30.0,61.0,3,123.8,24,12.2272,0.0,0.0936,1
31,53.18,0.847,25,7.79,0,10.0,0.0,0,,,58.0,95.0,15,1026.29,8,13.8363,0.0,0.2996,1
18,58.85,0.104,11,3.12,0,5.0,0.0,1,0.714,0.9,49.0,88.0,4,346.62,8,12.0482,0.0,0.26,0
20,37.94,0.856,9,2.88,0,7.0,0.0,1,0.544,1.9,74.0,28.0,3,137.12,24,11.1491,0.0,0.288,0
5,35.95,-0.531,8,1.37,0,5.0,0.0,1,0.717,8.0,40.0,91.0,2,51.53,24,6.4675,0.0,0.1522,0
18,42.37,1.405,12,7.97,0,1.0,0.0,0,,,14.0,52.0,8,193.62,8,11.0999,0.0,0.6131,1
26,71.65,0.012,10,1.42,1,25.0,31.86,0,,,49.0,94.0,6,201.17,12,14.1248,0.4385,0.1291,1
25,76.85,-0.156,15,4.07,1,44.0,18.41,0,,,90.0,40.0,5,190.62,8,14.1883,0.2365,0.2544,1
15,51.29,0.858,15,2.49,1,69.0,15.52,1,0.797,1.3,29.0,65.0,10,219.88,52,10.9706,0.2968,0.1556,0
9,98.83,-0.8,11,1.34,0,15.0,0.0,1,0.765,17.1,45.0,33.0,3,38.36,12,10.5999,0.0,0.1117,0
27,98.25,0.362,28,9.14,0,7.0,0.0,0,,,69.0,42.0,11,828.67,4,15.3203,0.0,0.3152,1
20,37.17,0.622,24,3.11,0,18.0,0.0,0,,,36.0,73.0,11,221.41,12,11.0883,0.0,0.1244,1
28,132.43,0.181,19,2.16,0,1.0,0.0,0,,,84.0,36.0,13,679.29,4,16.4781,0.0,0.108,1
14,21.37,0.638,10,2.14,0,2.0,0.0,1,0.758,8.2,21.0,79.0,3,294.19,4,8.4159,0.0,0.1945,0
21,44.84,1.317,19,1.72,1,69.0,42.52,0,,,65.0,63.0,6,283.5,4,11.8237,0.9276,0.086,1
11,15.23,0.745,8,1.79,0,1.0,0.0,1,0.769,64.5,33.0,83.0,4,140.97,8,6.9251,0.0,0.1989,0
31,42.93,0.429,11,6.47,1,85.0,20.17,1,0.736,1.0,57.0,60.0,4,229.49,8,13.1095,0.4591,0.5392,0
32,216.18,1.231,25,3.14,0,5.0,0.0,0,,,46.0,77.0,12,342.01,8,18.8138,0.0,0.1208,1
13,28.0,0.429,17,3.26,1,48.0,73.33,1,0.739,19.5,54.0,56.0,4,131.48,8,8.8865,2.5286,0.1811,0
23,79.78,-0.134,11,2.0,1,72.0,15.21,0,,,76.0,68.0,1,75.91,12,13.9572,0.1883,0.1667,1
7,26.8,0.193,6,1.59,0,4.0,0.0,1,0.695,10.9,32.0,74.0,1,507.06,12,6.9142,0.0,0.2271,0
29,129.43,1.074,20,6.89,0,6.0,0.0,0,,,59.0,59.0,9,351.94,4,16.5667,0.0,0.3281,1
16,43.94,0.021,8,2.6,0,9.0,0.0,1,0.421,21.1,44.0,62.0,9,196.28,8,10.7813,0.0,0.2889,0
12,42.37,0.558,6,2.21,1,49.0,29.32,0,,,61.0,82.0,3,408.35,4,9.6693,0.676,0.3157,1
21,16.45,0.405,9,3.98,1,74.0,23.56,1,0.956,13.1,28.0,37.0,1,125.16,8,8.8383,1.3501,0.398,0
7,106.82,1.066,11,3.22,0,3.0,0.0,1,0.777,4.9,45.0,46.0,2,262.51,4,9.7327,0.0,0.2683,0
23,125.35,0.567,14,8.67,1,77.0,56.73,1,0.827,0.4,64.0,83.0,8,105.21,8,15.3788,0.449,0.578,0
13,91.8,-0.465,13,4.72,0,24.0,0.0,1,0.884,0.2,90.0,81.0,3,94.68,8,11.9561,0.0,0.3371,0
12,58.35,-0.725,9,1.61,1,47.0,29.53,0,,,27.0,47.0,1,78.64,12,10.4738,0.4976,0.161,1
22,50.95,1.193,16,5.51,0,15.0,0.0,0,,,55.0,39.0,7,551.36,8,12.3861,0.0,0.3241,1
10,161.52,0.787,18,4.76,0,10.0,0.0,0,,,35.0,72.0,2,475.83,12,12.2072,0.0,0.2505,1
43,20.84,0.504,10,6.51,1,36.0,44.29,0,,,53.0,42.0,11,800.74,12,11.6695,2.0279,0.5918,1
23,15.26,-0.116,11,4.22,1,74.0,36.71,0,,,65.0,51.0,11,298.26,12,8.8627,2.2577,0.3517,1
21,48.3,0.007,15,4.17,1,87.0,15.15,1,0.87,29.3,24.0,66.0,6,595.19,12,12.0486,0.3073,0.2606,0
5,27.85,-0.665,6,1.23,1,82.0,12.71,1,0.784,1.4,23.0,17.0,4,70.36,4,6.0241,0.4406,0.1757,0
17,47.87,-0.142,18,3.61,0,5.0,0.0,1,0.81,0.3,83.0,93.0,8,598.58,24,11.2411,0.0,0.19,0
12,28.92,0.358,13,7.2,0,3.0,0.0,1,0.735,9.4,43.0,36.0,3,986.66,8,8.7171,0.0,0.5143,0
10,41.68,-0.081,11,1.86,1,79.0,29.39,1,0.954,8.3,84.0,86.0,4,265.76,4,9.0011,0.6886,0.155,0
29,128.97,1.107,15,8.34,0,8.0,0.0,0,,,43.0,57.0,9,896.22,12,16.5547,0.0,0.5212,1
7,26.59,0.824,8,1.7,1,65.0,8.13,1,0.875,2.2,29.0,16.0,3,541.55,4,6.8985,0.2947,0.1889,0
34,104.82,0.415,17,3.53,1,66.0,26.26,1,0.641,7.2,42.0,74.0,3,362.92,12,16.5741,0.2482,0.1961,0
15,111.7,-0.304,11,5.19,0,6.0,0.0,0,,,89.0,82.0,11,564.26,52,13.0997,0.0,0.4325,1
6,30.15,-0.76,16,1.34,0,16.0,0.0,1,0.769,13.4,62.0,44.0,7,104.91,52,6.6916,0.0,0.0788,0
12,24.58,0.137,10,1.22,0,3.0,0.0,1,0.755,0.7,20.0,80.0,5,1588.66,8,8.3151,0.0,0.1109,0
13,82.04,0.391,11,1.72,0,5.0,0.0,0,,,55.0,53.0,5,315.64,4,11.6628,0.0,0.1433,1
29,61.47,0.759,21,6.3,0,0.0,0.0,1,0.766,5.9,44.0,72.0,6,1295.09,12,14.0629,0.0,0.2864,0
19,34.53,-0.214,6,1.54,0,12.0,0.0,1,0.557,7.5,80.0,58.0,3,270.32,8,10.6959,0.0,0.22,0
12,27.33,-0.101,5,1.47,1,27.0,20.2,1,0.478,10.0,8.0,58.0,1,158.75,12,8.577,0.713,0.245,0
14,68.97,-0.692,18,5.66,0,4.0,0.0,0,,,28.0,72.0,4,222.14,8,11.504,0.0,0.2979,1
7,13.75,-0.793,10,1.6,0,9.0,0.0,0,,,18.0,33.0,1,285.35,12,5.5963,0.0,0.1455,1
9,27.51,-0.264,3,2.44,1,96.0,15.9,1,0.783,10.4,38.0,64.0,2,420.45,4,7.7142,0.5577,0.61,0
6,32.45,0.509,13,1.76,1,62.0,6.59,0,,,53.0,72.0,6,120.11,12,6.8302,0.197,0.1257,1
11,23.88,-0.418,12,2.89,0,3.0,0.0,1,0.585,0.4,34.0,53.0,2,232.05,12,7.9866,0.0,0.2223,0
27,90.43,-0.623,24,5.77,1,51.0,30.2,1,0.793,14.8,41.0,69.0,12,1252.83,4,15.0468,0.3303,0.2308,0
25,109.97,0.378,21,3.45,0,13.0,0.0,0,,,38.0,46.0,12,67.55,4,15.3432,0.0,0.1568,1
20,54.2,-0.91,13,1.97,0,1.0,0.0,1,0.906,9.4,35.0,67.0,6,333.96,4,12.2115,0.0,0.1407,0
15,32.52,-0.451,11,2.19,0,9.0,0.0,0,,,41.0,47.0,4,292.14,12,9.7377,0.0,0.1825,1
25,203.13,0.218,15,5.06,0,2.0,0.0,1,0.944,8.9,22.0,36.0,8,344.23,4,17.329,0.0,0.3162,0
17,115.52,-0.518,14,3.92,1,56.0,50.97,0,,,33.0,49.0,5,342.68,12,13.7526,0.4374,0.2613,1
23,55.25,-0.196,16,5.65,0,4.0,0.0,1,0.866,9.2,85.0,22.0,8,523.26,4,12.8069,0.0,0.3324,0
35,72.79,0.48,23,9.6,1,69.0,51.54,1,0.766,1.9,54.0,83.0,16,364.68,8,15.4135,0.6985,0.4,0
12,10.49,-0.16,5,2.14,1,33.0,19.98,1,0.851,38.5,67.0,63.0,4,463.32,8,6.2623,1.7389,0.3567,0
12,52.37,0.02,7,1.89,0,6.0,0.0,0,,,74.0,81.0,1,72.32,24,10.2014,0.0,0.2362,1
14,20.03,-0.592,7,1.47,0,18.0,0.0,0,,,35.0,58.0,1,99.57,12,8.2486,0.0,0.1838,1
7,16.37,-0.885,11,2.13,0,5.0,0.0,0,,,11.0,59.0,1,1248.52,24,5.9363,0.0,0.1775,1
15,112.89,0.23,14,2.47,1,64.0,13.0,0,,,80.0,32.0,9,238.42,12,13.1289,0.1141,0.1647,1
11,152.17,0.161,7,3.11,1,51.0,20.2,1,0.596,9.8,52.0,32.0,5,113.79,24,12.5029,0.1319,0.3888,0
26,43.21,0.238,22,6.22,1,29.0,53.98,0,,,48.0,94.0,8,414.93,4,12.4878,1.221,0.2704,1
30,131.99,0.112,18,1.78,0,16.0,0.0,0,,,65.0,41.0,11,410.54,8,16.7931,0.0,0.0937,1
21,81.63,-0.028,18,3.19,0,7.0,0.0,0,,,46.0,91.0,4,307.52,8,13.645,0.0,0.1679,1
11,70.46,0.251,17,1.46,1,69.0,49.4,1,0.512,7.3,50.0,55.0,12,380.11,8,10.6084,0.6913,0.0811,0
11,8.82,0.767,15,1.33,0,2.0,0.0,0,,,75.0,18.0,4,233.26,4,5.6766,0.0,0.0831,1
14,20.87,-0.143,12,1.8,1,54.0,20.79,0,,,74.0,80.0,2,336.82,8,8.3546,0.9506,0.1385,1
20,147.1,0.338,21,4.76,0,2.0,0.0,0,,,38.0,84.0,2,462.82,12,15.2162,0.0,0.2164,1
7,36.39,0.17,17,4.37,1,62.0,7.12,0,,,38.0,41.0,6,164.43,4,7.5305,0.1904,0.2428,1
19,80.28,0.468,10,3.36,1,65.0,42.29,1,0.716,2.9,60.0,75.0,12,1292.57,12,13.1749,0.5203,0.3055,0
6,77.27,-0.55,11,1.63,1,73.0,15.83,1,0.699,0.4,58.0,32.0,5,277.08,12,8.4845,0.2022,0.1358,0
13,28.82,0.527,14,2.99,0,2.0,0.0,0,,,40.0,50.0,6,51.33,12,8.9601,0.0,0.1993,1
9,79.57,-0.122,8,2.85,0,8.0,0.0,0,,,63.0,66.0,5,145.59,12,10.1063,0.0,0.3167,1
13,68.9,0.402,14,4.26,0,2.0,0.0,0,,,46.0,57.0,4,116.21,4,11.2082,0.0,0.284,1
22,47.6,0.007,13,7.35,1,43.0,38.47,1,0.52,4.3,78.0,55.0,7,340.34,24,12.1771,0.7916,0.525,0
26,149.32,-0.494,17,5.03,1,58.0,27.78,0,,,22.0,45.0,4,829.62,12,16.5213,0.1848,0.2794,1
20,33.46,-0.266,13,1.14,1,55.0,21.38,1,0.851,7.3,49.0,43.0,5,186.23,12,10.777,0.6204,0.0814,0
6,56.14,0.409,7,2.06,0,3.0,0.0,1,0.448,1.3,68.0,18.0,3,474.95,8,7.8722,0.0,0.2575,0
8,28.69,0.207,15,5.63,1,61.0,16.03,0,,,37.0,65.0,4,277.88,4,7.4504,0.5399,0.3519,1
4,18.24,-0.217,7,1.32,0,12.0,0.0,0,,,83.0,67.0,0,70.2,4,4.7591,0.0,0.165,1
35,56.74,1.28,20,10.08,1,76.0,17.06,1,0.649,1.5,70.0,55.0,7,205.15,12,14.5346,0.2955,0.48,0
17,65.76,0.995,14,2.44,0,1.0,0.0,1,0.618,19.4,49.0,96.0,4,164.52,24,12.1428,0.0,0.1627,0
6,30.29,-1.303,9,0.78,1,88.0,6.48,1,0.783,10.7,49.0,29.0,1,224.85,52,6.7003,0.2071,0.078,0
23,49.89,0.443,13,5.47,0,6.0,0.0,0,,,28.0,40.0,6,139.77,4,12.4887,0.0,0.3907,1
6,7.1,0.117,6,2.2,1,76.0,11.54,0,,,41.0,70.0,6,73.68,12,4.0706,1.4247,0.3143,1
14,78.83,0.607,16,4.06,0,3.0,0.0,1,0.975,2.3,26.0,93.0,2,124.55,8,11.861,0.0,0.2388,0
6,18.77,0.915,19,2.02,0,0.0,0.0,0,,,10.0,50.0,6,922.25,4,5.8069,0.0,0.101,1
20,29.78,-0.175,17,2.72,1,58.0,22.97,0,,,34.0,17.0,9,158.14,8,10.4332,0.7463,0.1511,1
20,43.17,0.673,14,7.06,1,46.0,36.46,0,,,30.0,40.0,9,375.2,24,11.5328,0.8254,0.4707,1
23,61.67,-0.706,13,3.07,0,9.0,0.0,0,,,44.0,75.0,2,778.85,8,13.1504,0.0,0.2193,1
24,59.06,2.084,12,3.55,1,45.0,18.39,0,,,48.0,86.0,11,1266.14,8,13.1824,0.3062,0.2731,1
23,107.92,-0.464,23,1.65,0,2.0,0.0,0,,,48.0,70.0,5,58.35,4,14.907,0.0,0.0687,1
22,199.32,-0.019,18,2.91,0,15.0,0.0,1,0.807,14.0,63.0,28.0,7,313.54,12,16.6179,0.0,0.1532,0
19,34.96,0.493,11,4.35,0,5.0,0.0,0,,,21.0,94.0,10,521.96,8,10.7319,0.0,0.3625,1
10,44.22,0.155,7,1.53,0,2.0,0.0,0,,,86.0,77.0,4,148.93,8,9.1397,0.0,0.1912,1
22,81.21,1.372,19,8.88,1,17.0,103.71,1,0.893,7.9,30.0,56.0,4,368.15,4,13.8253,1.2615,0.444,0
24,57.81,1.334,18,5.37,0,10.0,0.0,0,,,68.0,37.0,19,511.94,4,13.1147,0.0,0.2826,1
15,29.46,-1.063,10,2.67,0,21.0,0.0,1,0.811,16.3,22.0,45.0,2,379.54,4,9.4723,0.0,0.2427,0
11,40.42,0.59,9,3.63,0,4.0,0.0,1,0.533,13.5,39.0,4.0,3,179.27,12,9.2532,0.0,0.363,0
18,40.57,-0.021,9,1.04,0,3.0,0.0,0,,,67.0,65.0,6,114.58,8,10.975,0.0,0.104,1
17,71.73,-0.32,13,3.82,1,20.0,26.21,0,,,35.0,53.0,15,282.03,4,12.3903,0.3604,0.2729,1
22,138.71,0.838,15,5.21,1,30.0,39.83,1,0.992,6.7,47.0,56.0,2,667.5,8,15.488,0.2851,0.3256,0
10,34.58,-0.926,10,2.24,0,9.0,0.0,1,0.678,22.0,33.0,22.0,1,182.45,4,8.5648,0.0,0.2036,0
23,51.49,1.67,25,2.56,1,47.0,55.52,1,0.913,1.8,61.0,88.0,7,563.56,24,12.5871,1.0577,0.0985,0
9,14.65,0.051,7,2.66,0,0.0,0.0,0,,,70.0,51.0,2,86.03,8,6.3332,0.0,0.3325,1
41,46.29,1.473,17,8.51,1,54.0,112.04,1,0.941,6.2,66.0,72.0,13,610.57,24,14.4136,2.3692,0.4728,0
47,63.9,0.718,20,5.92,0,15.0,0.0,0,,,43.0,80.0,13,1068.72,8,16.1539,0.0,0.2819,1
13,37.22,-0.526,15,3.39,0,2.0,0.0,0,,,50.0,61.0,6,357.88,12,9.615,0.0,0.2119,1
10,33.54,0.344,25,2.57,0,7.0,0.0,1,0.692,44.6,41.0,91.0,2,214.17,12,8.4936,0.0,0.0988,0
11,27.59,-0.872,8,1.85,0,3.0,0.0,0,,,6.0,69.0,2,291.96,8,8.332,0.0,0.2056,1
9,88.55,-1.046,12,2.01,1,78.0,5.88,1,0.728,1.5,63.0,44.0,4,415.06,4,10.3497,0.0657,0.1546,0
27,53.41,-0.291,17,1.33,0,12.0,0.0,0,,,47.0,62.0,7,256.12,24,13.3173,0.0,0.0739,1
23,30.51,-0.155,17,5.99,1,29.0,84.83,0,,,41.0,83.0,5,185.11,8,10.9653,2.6922,0.3328,1
23,316.7,-0.377,17,3.07,0,1.0,0.0,1,0.517,11.7,62.0,81.0,10,477.78,8,18.3091,0.0,0.1706,0
26,49.14,0.217,12,4.84,1,70.0,58.11,0,,,71.0,63.0,8,144.47,8,12.9026,1.159,0.3723,1
9,85.07,0.019,11,1.38,0,4.0,0.0,0,,,20.0,48.0,2,329.54,4,10.2584,0.0,0.115,1
10,36.37,0.49,11,1.51,0,2.0,0.0,0,,,54.0,62.0,6,143.33,8,8.6825,0.0,0.1258,1
13,88.22,0.656,14,3.27,0,10.0,0.0,0,,,53.0,55.0,4,345.77,8,11.8523,0.0,0.218,1
29,33.84,1.696,20,1.75,1,62.0,34.03,0,,,30.0,73.0,12,436.31,12,12.0769,0.9768,0.0833,1
13,22.87,0.336,8,6.07,1,85.0,24.61,1,0.879,45.6,35.0,47.0,4,202.46,24,8.3727,1.031,0.6744,0
6,13.74,0.163,5,0.89,0,5.0,0.0,0,,,33.0,32.0,4,117.21,8,5.2356,0.0,0.1483,1
39,86.18,0.553,27,7.95,1,70.0,65.56,1,0.847,7.1,40.0,51.0,8,779.56,12,16.4818,0.752,0.2839,0
10,32.28,-0.572,9,1.23,0,4.0,0.0,0,,,48.0,78.0,6,1092.03,4,8.4045,0.0,0.123,1
9,34.86,0.468,12,4.16,0,18.0,0.0,1,0.652,10.8,32.0,70.0,8,465.17,8,8.2424,0.0,0.32,0
18,72.71,0.865,9,0.81,0,4.0,0.0,1,0.905,4.3,42.0,77.0,9,321.29,8,12.6615,0.0,0.081,0
10,38.54,-2.584,8,0.83,0,6.0,0.0,0,,,13.0,82.0,1,38.27,4,8.8178,0.0,0.0922,1
14,25.39,-0.564,12,0.62,0,2.0,0.0,1,0.574,19.1,23.0,36.0,8,129.56,12,8.8634,0.0,0.0477,0
28,89.8,0.009,15,3.2,0,6.0,0.0,1,0.904,3.0,84.0,81.0,6,423.28,24,15.182,0.0,0.2,0
10,15.53,-0.385,5,1.63,0,2.0,0.0,0,,,35.0,58.0,2,338.89,52,6.7265,0.0,0.2717,1
12,68.41,0.905,12,3.99,1,94.0,18.89,0,,,54.0,63.0,1,254.3,12,10.8755,0.2722,0.3069,1
24,52.86,-0.168,15,5.19,1,61.0,32.82,1,0.782,10.0,33.0,76.0,5,192.45,4,12.8317,0.6094,0.3244,0
10,19.48,-0.45,5,1.1,1,47.0,32.22,1,0.731,18.3,62.0,66.0,2,591.18,24,7.2403,1.5732,0.1833,0
35,52.82,0.693,22,1.36,1,65.0,33.3,1,0.71,1.6,49.0,53.0,5,335.9,8,14.2826,0.6187,0.0591,0
28,60.41,0.06,21,4.06,0,7.0,0.0,0,,,73.0,87.0,4,434.24,8,13.8651,0.0,0.1845,1
22,95.17,0.031,19,13.84,1,73.0,44.52,0,,,18.0,56.0,6,1451.2,4,14.317,0.4629,0.692,1
14,27.72,-1.495,10,8.26,0,5.0,0.0,1,0.408,2.5,28.0,61.0,3,619.2,4,9.0925,0.0,0.7509,0
13,80.41,-0.229,15,6.59,0,6.0,0.0,0,,,63.0,46.0,3,174.14,4,11.6105,0.0,0.4119,1
10,18.52,-0.711,15,1.83,0,10.0,0.0,0,,,35.0,23.0,3,539.63,12,7.1252,0.0,0.1144,1
14,41.9,0.247,7,3.87,0,5.0,0.0,0,,,39.0,77.0,4,140.19,12,10.1792,0.0,0.4838,1
16,113.19,0.302,18,3.15,0,2.0,0.0,1,0.966,25.6,25.0,85.0,6,236.42,12,13.4234,0.0,0.1658,0
27,105.26,0.811,22,6.97,0,6.0,0.0,1,0.933,9.9,65.0,64.0,4,321.18,4,15.5477,0.0,0.303,0
14,91.35,-0.527,7,2.55,0,11.0,0.0,0,,,34.0,50.0,1,107.89,4,12.2555,0.0,0.3188,1
8,8.32,-1.02,7,2.05,0,9.0,0.0,1,0.817,12.4,51.0,14.0,2,349.52,8,4.9046,0.0,0.2562,0
23,69.99,-0.585,12,1.39,1,66.0,16.86,1,0.85,23.9,45.0,33.0,5,567.21,4,13.5466,0.2375,0.1069,0
18,52.61,0.465,22,3.88,0,5.0,0.0,1,0.892,2.3,45.0,17.0,7,494.63,8,11.724,0.0,0.1687,0
25,100.91,0.717,22,5.04,0,0.0,0.0,1,0.615,3.7,23.0,86.0,13,266.13,8,15.0657,0.0,0.2191,0
4,35.57,0.831,13,1.47,0,7.0,0.0,1,0.848,36.9,15.0,60.0,0,57.75,8,5.7927,0.0,0.105,0
9,120.07,-0.385,7,1.59,0,13.0,0.0,0,,,85.0,36.0,0,259.45,12,11.044,0.0,0.1988,1
13,84.49,1.285,13,1.51,1,88.0,29.4,1,0.747,6.2,59.0,38.0,3,642.32,12,11.7396,0.3439,0.1079,0
3,28.72,0.298,6,2.16,1,52.0,17.51,0,,,41.0,88.0,1,142.19,8,4.7021,0.5892,0.3086,1
19,68.69,0.594,14,2.99,0,4.0,0.0,1,0.533,18.8,72.0,95.0,3,128.86,12,12.7141,0.0,0.1993,0
25,43.41,-0.143,8,2.1,1,83.0,37.09,1,0.479,2.5,52.0,26.0,7,360.69,52,12.3595,0.8352,0.2333,0
7,13.18,-0.744,12,2.81,0,9.0,0.0,0,,,37.0,70.0,4,400.13,8,5.5143,0.0,0.2162,1
10,15.04,-0.724,6,1.4,1,76.0,21.16,1,0.779,2.0,28.0,73.0,4,904.35,24,6.6544,1.3192,0.2,0
23,70.45,1.678,20,11.74,1,79.0,21.65,0,,,60.0,63.0,8,303.95,24,13.5671,0.303,0.559,1
19,91.89,0.236,20,2.72,0,6.0,0.0,1,0.774,11.2,54.0,65.0,7,367.45,4,13.5749,0.0,0.1295,0
33,105.71,1.022,19,3.52,1,57.0,96.65,1,0.793,1.0,36.0,81.0,8,671.78,12,16.4685,0.9057,0.176,0
20,33.97,-0.498,19,6.32,0,2.0,0.0,0,,,29.0,92.0,4,199.63,12,10.8217,0.0,0.316,1
18,17.13,-0.342,11,2.75,1,71.0,14.72,1,0.581,2.0,52.0,46.0,4,239.59,12,8.5317,0.8119,0.2292,0
8,10.32,-0.224,12,1.04,0,5.0,0.0,0,,,66.0,54.0,3,236.34,12,5.3317,0.0,0.08,1
12,85.44,-0.782,17,5.82,0,3.0,0.0,0,,,42.0,30.0,4,289.89,8,11.4383,0.0,0.3233,1
18,185.57,0.611,21,1.94,1,56.0,20.27,1,0.746,4.7,59.0,42.0,7,236.64,4,15.3959,0.1086,0.0882,0
8,48.67,0.3,8,0.54,0,0.0,0.0,0,,,51.0,32.0,6,222.2,12,8.581,0.0,0.06,1
31,184.71,-0.079,19,4.98,0,5.0,0.0,1,0.931,4.7,88.0,92.0,2,505.9,12,18.1057,0.0,0.249,0
12,66.79,0.221,13,2.23,0,2.0,0.0,1,0.705,1.3,59.0,73.0,3,151.73,24,10.8149,0.0,0.1593,0
15,18.98,-0.82,5,3.66,0,3.0,0.0,0,,,27.0,78.0,3,91.0,8,8.3032,0.0,0.61,1
30,133.45,-0.42,15,2.4,0,2.0,0.0,0,,,58.0,50.0,5,103.84,4,16.8306,0.0,0.15,1
16,38.36,0.38,5,1.02,0,4.0,0.0,0,,,47.0,80.0,5,150.01,8,10.4057,0.0,0.17,1
6,30.24,-0.52,9,1.65,0,2.0,0.0,0,,,67.0,83.0,1,221.87,24,6.6972,0.0,0.165,1
10,72.0,-0.667,12,1.97,1,97.0,24.19,0,,,33.0,71.0,5,184.34,24,10.2881,0.3314,0.1515,1
8,40.96,0.017,12,1.92,1,69.0,14.13,0,,,16.0,74.0,4,345.04,12,8.2104,0.3367,0.1477,1
21,109.24,0.299,15,3.29,1,75.0,22.06,0,,,66.0,94.0,4,336.34,24,14.5361,0.2001,0.2056,1
8,31.75,-0.892,10,1.94,1,32.0,18.77,0,,,43.0,64.0,2,257.72,24,7.6659,0.5731,0.1764,1
19,83.49,0.061,12,1.39,1,66.0,35.18,1,0.984,4.6,41.0,54.0,2,56.05,4,13.291,0.4164,0.1069,0
6,41.27,0.346,15,2.28,0,5.0,0.0,0,,,39.0,18.0,2,208.12,8,7.2856,0.0,0.1425,1
13,22.28,0.578,11,1.94,0,9.0,0.0,0,,,55.0,31.0,5,178.47,8,8.3067,0.0,0.1617,1
21,147.3,0.306,13,3.61,0,9.0,0.0,0,,,22.0,46.0,1,320.78,4,15.4529,0.0,0.2579,1
13,106.96,0.541,14,3.49,0,16.0,0.0,1,0.52,22.8,23.0,67.0,6,248.34,4,12.3554,0.0,0.2327,0
19,45.24,-0.042,27,2.68,1,81.0,8.27,0,,,63.0,59.0,13,418.18,8,11.4852,0.1788,0.0957,1
17,47.49,0.515,10,4.23,0,1.0,0.0,1,0.787,1.4,61.0,83.0,6,675.33,4,11.2186,0.0,0.3845,0
13,14.04,-0.664,13,2.87,0,7.0,0.0,1,0.87,7.9,37.0,48.0,5,111.56,4,7.1537,0.0,0.205,0
7,23.26,0.372,9,4.68,0,5.0,0.0,1,0.519,12.2,72.0,59.0,2,131.03,4,6.631,0.0,0.468,0
19,39.81,-0.886,12,6.13,0,9.0,0.0,1,0.971,21.0,68.0,34.0,5,591.79,4,11.111,0.0,0.4715,0
19,33.09,0.832,8,1.59,1,55.0,9.98,0,,,65.0,74.0,6,164.11,24,10.572,0.2928,0.1767,1
15,40.23,0.365,11,3.89,1,59.0,24.15,1,0.832,0.0,44.0,82.0,5,120.23,24,10.3117,0.5857,0.3242,0
5,56.62,0.448,8,1.46,1,71.0,12.49,1,0.933,11.5,71.0,43.0,3,54.07,12,7.2636,0.2168,0.1622,0
36,73.17,-0.029,20,3.48,1,78.0,60.14,0,,,45.0,53.0,11,534.24,12,15.5499,0.8108,0.1657,1
20,56.0,0.722,12,4.68,0,20.0,0.0,1,0.863,14.0,33.0,58.0,6,300.98,52,12.3092,0.0,0.36,0
16,78.35,0.611,10,4.42,0,14.0,0.0,0,,,28.0,88.0,11,346.09,52,12.3921,0.0,0.4018,1
17,55.43,-0.399,11,1.84,1,33.0,16.51,1,0.622,3.7,55.0,45.0,8,865.79,4,11.6569,0.2926,0.1533,0
23,90.6,0.162,14,13.47,1,57.0,66.63,1,0.859,38.6,64.0,80.0,7,738.91,24,14.3566,0.7274,0.898,0
10,26.83,-0.135,8,1.91,0,2.0,0.0,0,,,87.0,45.0,2,65.6,8,7.9757,0.0,0.2122,1
14,87.46,-0.365,8,4.67,0,5.0,0.0,0,,,27.0,86.0,3,928.24,4,12.139,0.0,0.5189,1
20,33.49,0.198,13,2.87,1,85.0,42.07,0,,,74.0,69.0,5,190.95,8,10.7796,1.2198,0.205,1
10,134.83,0.05,20,5.46,1,63.0,16.78,0,,,46.0,81.0,6,162.54,24,11.777,0.1235,0.26,1
15,114.8,-0.341,15,4.5,0,1.0,0.0,0,,,49.0,76.0,6,218.0,8,13.175,0.0,0.2812,1
30,84.02,1.094,12,6.1,1,48.0,40.23,0,,,49.0,79.0,10,181.86,24,15.2568,0.4732,0.4692,1
20,62.87,-0.512,9,1.22,0,8.0,0.0,1,0.825,18.8,22.0,34.0,0,244.24,8,12.6556,0.0,0.122,0
18,30.65,0.36,17,2.51,0,2.0,0.0,0,,,54.0,37.0,4,140.06,8,10.1723,0.0,0.1394,1
8,16.41,0.382,9,2.01,0,5.0,0.0,1,0.841,2.5,37.0,38.0,3,646.66,12,6.2776,0.0,0.201,0
3,25.36,-0.809,8,1.51,1,67.0,16.19,0,,,28.0,63.0,3,124.03,24,4.5357,0.6142,0.1678,1
15,45.72,-1.019,17,1.4,0,2.0,0.0,1,0.656,2.1,64.0,96.0,4,398.97,12,10.6583,0.0,0.0778,0
17,12.88,0.671,17,2.19,0,3.0,0.0,1,0.706,27.4,31.0,63.0,3,672.36,24,7.603,0.0,0.1217,0
24,62.92,0.636,20,3.47,0,2.0,0.0,1,0.929,1.4,22.0,93.0,11,549.19,12,13.3829,0.0,0.1652,0
37,41.97,0.119,20,3.41,0,5.0,0.0,0,,,58.0,48.0,8,799.7,4,13.6792,0.0,0.1624,1
16,209.97,0.805,22,2.0,0,1.0,0.0,1,0.914,15.7,34.0,86.0,7,123.31,24,15.1626,0.0,0.087,0
26,64.1,1.134,17,6.43,0,1.0,0.0,1,0.379,45.0,66.0,46.0,9,252.51,24,13.7632,0.0,0.3572,0
11,31.36,-0.463,13,3.28,1,64.0,7.35,0,,,58.0,72.0,3,178.3,24,8.6398,0.2271,0.2343,1
15,23.5,0.01,21,11.57,0,5.0,0.0,1,0.583,12.0,14.0,70.0,8,354.95,12,8.8686,0.0,0.5259,0
22,40.12,0.388,11,6.58,0,4.0,0.0,1,0.905,0.4,50.0,71.0,3,271.23,24,11.653,0.0,0.5483,0
13,39.48,0.422,10,2.41,1,51.0,11.66,1,0.888,5.3,15.0,55.0,6,533.43,24,9.7666,0.288,0.2191,0
34,115.83,-0.739,20,5.24,1,55.0,31.88,0,,,82.0,82.0,7,363.93,24,16.926,0.2729,0.2495,1
17,38.85,1.005,15,2.25,1,75.0,37.99,0,,,71.0,25.0,12,619.37,4,10.6514,0.9533,0.1406,1
10,15.33,-0.192,11,2.32,0,4.0,0.0,0,,,38.0,42.0,4,33.45,24,6.6973,0.0,0.1933,1
9,31.02,-0.097,8,1.05,1,93.0,8.94,0,,,66.0,55.0,0,185.57,8,7.9816,0.2792,0.1167,1
23,153.43,-0.19,16,3.17,0,1.0,0.0,1,0.816,8.6,59.0,58.0,7,607.45,4,16.0166,0.0,0.1865,0
23,24.52,-0.675,12,1.86,0,1.0,0.0,0,,,48.0,43.0,5,648.52,24,10.2952,0.0,0.1431,1
13,40.74,0.546,14,1.68,0,0.0,0.0,0,,,70.0,75.0,5,75.02,4,9.8475,0.0,0.112,1
14,79.59,0.62,12,2.85,0,5.0,0.0,0,,,43.0,64.0,6,276.48,12,11.8866,0.0,0.2192,1
17,16.24,-0.755,9,3.84,1,44.0,15.37,0,,,72.0,54.0,1,401.15,8,8.2296,0.8915,0.384,1
25,57.75,1.348,23,2.46,0,9.0,0.0,0,,,69.0,75.0,5,812.03,24,13.2712,0.0,0.1025,1
13,42.09,0.174,12,3.88,1,73.0,29.72,1,0.874,25.3,71.0,78.0,3,163.74,12,9.9315,0.6897,0.2985,0
14,113.49,0.315,13,2.13,1,70.0,15.41,1,0.646,0.8,89.0,61.0,3,247.64,4,12.8375,0.1346,0.1521,0
16,57.49,-0.402,6,1.41,1,44.0,19.11,0,,,80.0,24.0,7,142.85,24,11.5279,0.3267,0.2014,1
9,46.09,-0.184,11,2.56,0,6.0,0.0,0,,,49.0,44.0,2,134.62,4,8.8697,0.0,0.2133,1
13,66.05,-0.452,8,0.62,0,5.0,0.0,0,,,34.0,28.0,2,215.21,12,11.0984,0.0,0.0689,1
18,61.65,-0.008,22,1.91,0,0.0,0.0,0,,,64.0,77.0,2,269.87,12,12.1828,0.0,0.083,1
15,8.95,-0.729,9,2.89,0,15.0,0.0,0,,,60.0,21.0,2,242.77,12,6.3702,0.0,0.289,1
21,33.67,-0.096,8,1.45,1,92.0,14.96,0,,,81.0,49.0,2,108.28,12,10.9604,0.4315,0.1611,1
20,51.51,1.124,6,1.1,0,11.0,0.0,1,0.56,8.2,30.0,87.0,5,700.8,4,12.0594,0.0,0.1571,0
9,66.73,0.982,11,2.01,1,98.0,16.91,0,,,34.0,68.0,7,843.2,4,9.7066,0.2497,0.1675,1
8,126.93,0.346,15,2.08,0,1.0,0.0,1,0.675,4.7,20.0,22.0,4,72.59,8,10.6598,0.0,0.13,0
13,84.58,0.616,15,5.09,0,6.0,0.0,0,,,67.0,49.0,3,278.61,52,11.7424,0.0,0.3181,1
9,19.57,-0.008,16,2.96,0,6.0,0.0,0,,,74.0,82.0,9,325.75,4,6.9626,0.0,0.1741,1
6,171.0,-1.346,8,2.11,0,10.0,0.0,0,,,48.0,13.0,0,56.56,4,10.0166,0.0,0.2344,1
19,178.66,0.278,19,2.58,1,65.0,23.7,0,,,23.0,62.0,8,1025.84,8,15.551,0.1319,0.129,1
9,106.12,-0.753,9,1.54,1,54.0,11.75,0,,,23.0,50.0,4,207.49,8,10.7622,0.1097,0.154,1
8,66.75,-0.005,12,2.04,0,5.0,0.0,1,0.945,14.1,61.0,50.0,6,397.21,8,9.2631,0.0,0.1569,0
6,8.1,-0.602,14,1.76,1,57.0,52.46,0,,,46.0,57.0,1,157.22,24,4.2971,5.7648,0.1173,1
8,20.12,0.151,12,2.46,0,1.0,0.0,1,0.755,0.2,74.0,60.0,3,225.78,52,6.702,0.0,0.1892,0
24,114.71,0.108,14,2.36,0,4.0,0.0,1,0.917,37.3,74.0,68.0,6,994.62,8,15.2932,0.0,0.1573,0
9,18.28,0.465,7,0.99,1,51.0,15.99,0,,,50.0,63.0,1,164.01,8,6.8135,0.8294,0.1238,1
15,30.1,0.16,12,1.56,0,9.0,0.0,0,,,58.0,86.0,8,347.65,52,9.53,0.0,0.12,1
10,24.38,-1.271,13,1.47,0,1.0,0.0,0,,,51.0,88.0,1,173.21,4,7.7547,0.0,0.105,1
26,93.81,0.745,17,7.82,1,59.0,79.06,1,0.815,0.8,45.0,72.0,7,497.31,8,15.0022,0.8339,0.4344,0
28,79.45,0.571,17,3.35,0,2.0,0.0,0,,,37.0,67.0,11,772.61,12,14.7745,0.0,0.1861,1
17,27.62,-0.798,17,2.04,0,5.0,0.0,0,,,56.0,50.0,3,130.0,4,9.6946,0.0,0.1133,1
5,25.82,-0.164,6,2.07,1,97.0,9.18,1,0.576,0.2,27.0,57.0,2,217.67,4,5.8934,0.3423,0.2957,0
30,83.83,0.488,18,2.6,1,56.0,35.54,0,,,24.0,88.0,7,373.53,12,15.2491,0.419,0.1368,1
9,12.27,0.728,20,8.17,1,93.0,47.74,0,,,59.0,56.0,5,497.71,4,5.9533,3.5976,0.389,1
7,64.97,-0.234,12,0.8,0,7.0,0.0,0,,,56.0,43.0,2,336.43,24,8.7112,0.0,0.0615,1
16,64.36,0.399,9,5.74,1,59.0,40.93,1,0.645,39.8,57.0,84.0,2,233.04,12,11.8426,0.6262,0.574,0
26,89.2,-0.012,11,2.02,0,15.0,0.0,1,0.764,9.9,69.0,91.0,4,574.13,24,14.838,0.0,0.1683,0
16,104.53,0.514,13,7.08,1,78.0,40.8,0,,,44.0,11.0,8,139.28,8,13.1999,0.3866,0.5057,1
32,91.79,1.793,17,2.98,0,1.0,0.0,0,,,41.0,83.0,11,1235.18,4,15.8404,0.0,0.1656,1
24,157.91,1.213,15,2.68,1,80.0,26.51,1,0.826,1.7,54.0,82.0,5,685.16,12,16.3144,0.1668,0.1675,0
27,100.86,0.943,22,4.27,1,89.0,8.98,1,0.743,26.8,49.0,41.0,3,119.72,12,15.4068,0.0882,0.1857,0
10,11.7,-0.167,9,1.68,0,16.0,0.0,1,0.764,31.9,45.0,57.0,3,117.24,52,6.0945,0.0,0.168,0
16,36.57,0.051,17,3.68,0,1.0,0.0,0,,,58.0,42.0,7,909.8,8,10.2738,0.0,0.2044,1
14,33.92,0.329,14,2.81,0,1.0,0.0,1,0.396,11.1,49.0,43.0,5,111.01,8,9.6219,0.0,0.1873,0
4,42.41,-0.616,13,2.44,1,75.0,17.65,1,0.796,5.2,65.0,65.0,4,117.58,12,6.0687,0.4066,0.1743,0
4,62.2,0.155,7,1.84,1,16.0,21.41,1,0.427,23.9,43.0,77.0,5,756.47,4,6.6732,0.3388,0.23,0
17,104.44,0.657,11,5.16,0,0.0,0.0,0,,,56.0,92.0,7,1319.0,12,13.4638,0.0,0.43,1
16,51.04,0.689,18,0.81,1,11.0,12.27,1,0.71,2.3,44.0,85.0,6,88.91,8,11.1969,0.2358,0.0426,0
32,95.64,0.791,25,3.16,1,19.0,31.49,0,,,69.0,49.0,12,411.02,8,15.9825,0.3258,0.1215,1
19,16.16,0.61,11,2.29,0,5.0,0.0,0,,,38.0,60.0,7,488.69,24,8.5156,0.0,0.1908,1
23,32.85,-0.015,13,3.59,1,66.0,38.52,1,0.569,4.5,70.0,66.0,10,288.81,8,11.1929,1.138,0.2564,0
16,91.95,0.781,9,2.73,0,5.0,0.0,1,0.874,10.9,29.0,42.0,6,497.74,8,12.8403,0.0,0.273,0
14,58.89,0.704,16,1.06,0,1.0,0.0,0,,,65.0,67.0,6,242.22,12,11.0827,0.0,0.0624,1
15,61.02,0.416,19,2.89,1,73.0,7.52,1,0.567,2.9,27.0,42.0,2,196.08,52,11.4437,0.1213,0.1445,0
13,13.14,0.093,9,1.25,0,11.0,0.0,1,0.876,11.5,36.0,61.0,2,275.19,8,6.9909,0.0,0.125,0
23,56.43,-0.191,21,6.73,1,62.0,45.41,1,0.779,7.5,65.0,74.0,5,299.33,24,12.8729,0.7907,0.3059,0
13,24.09,0.498,12,0.69,1,96.0,10.45,0,,,55.0,73.0,7,93.88,12,8.5043,0.4165,0.0531,1
19,71.07,0.206,14,2.77,1,56.0,10.25,1,0.926,2.5,6.0,95.0,7,394.59,12,12.8147,0.1422,0.1847,0
10,66.28,-0.133,6,4.47,1,88.0,9.9,1,0.695,12.6,70.0,25.0,1,98.27,8,10.0924,0.1471,0.6386,0
11,35.98,0.117,10,2.0,0,3.0,0.0,1,0.888,27.6,43.0,88.0,3,204.39,8,8.9715,0.0,0.1818,0
8,47.71,0.072,10,3.26,0,19.0,0.0,0,,,25.0,72.0,2,196.41,4,8.5382,0.0,0.2964,1
9,33.52,-0.547,8,7.25,1,64.0,34.36,1,0.849,23.9,36.0,40.0,5,278.54,8,8.1547,0.9954,0.8056,0
15,44.13,1.227,12,6.83,1,65.0,61.55,1,0.905,7.6,23.0,27.0,8,275.14,4,10.5623,1.3638,0.5254,0
20,54.39,0.115,9,3.78,0,1.0,0.0,1,0.601,33.3,77.0,58.0,11,611.71,12,12.2219,0.0,0.378,0
13,65.69,0.512,17,4.28,0,6.0,0.0,1,0.899,1.2,38.0,62.0,5,350.57,24,11.0842,0.0,0.2378,0
9,68.7,-0.447,10,2.17,0,0.0,0.0,0,,,26.0,86.0,3,98.18,24,9.7726,0.0,0.1973,1
4,52.87,0.446,10,4.39,0,8.0,0.0,1,0.609,4.8,38.0,39.0,5,215.01,24,6.4161,0.0,0.3991,0
8,66.04,-0.38,15,2.8,0,1.0,0.0,0,,,82.0,56.0,3,734.41,8,9.24,0.0,0.175,1
24,27.32,0.925,17,2.26,0,1.0,0.0,0,,,55.0,54.0,10,911.41,4,10.7625,0.0,0.1256,1
6,25.45,0.031,9,1.37,0,0.0,0.0,0,,,76.0,36.0,3,115.01,24,6.3734,0.0,0.137,1
15,49.16,0.141,8,2.3,0,11.0,0.0,1,0.741,22.7,34.0,48.0,5,423.86,8,10.8553,0.0,0.2556,0
14,16.98,-0.53,9,7.12,1,30.0,16.96,0,,,56.0,66.0,4,95.28,12,7.8243,0.9433,0.712,1
16,17.62,0.28,7,2.68,0,6.0,0.0,0,,,30.0,61.0,4,303.7,12,8.285,0.0,0.335,1
18,32.95,-0.603,12,1.98,1,45.0,47.37,1,0.861,0.2,39.0,80.0,8,1239.46,12,10.3788,1.3953,0.1523,0
20,112.15,0.37,17,4.52,1,89.0,40.21,0,,,63.0,51.0,8,334.75,8,14.3967,0.3554,0.2511,1
37,124.92,0.947,17,5.42,0,9.0,0.0,0,,,79.0,54.0,10,336.77,8,17.5901,0.0,0.3011,1
18,25.04,-0.019,16,2.29,0,11.0,0.0,0,,,46.0,44.0,6,258.02,52,9.5978,0.0,0.1347,1
25,144.76,0.645,25,3.27,0,5.0,0.0,0,,,50.0,57.0,9,68.88,8,16.2317,0.0,0.1258,1
4,26.38,-1.15,8,2.44,0,0.0,0.0,0,,,60.0,61.0,2,139.51,52,5.3269,0.0,0.2711,1
8,47.69,-0.599,11,1.85,0,7.0,0.0,1,0.84,20.8,42.0,71.0,2,205.56,12,8.5373,0.0,0.1542,0
29,65.44,-0.25,21,6.45,0,4.0,0.0,0,,,46.0,84.0,9,277.11,8,14.2724,0.0,0.2932,1
15,41.41,0.435,13,2.19,1,81.0,13.36,0,,,57.0,45.0,1,121.43,52,10.39,0.315,0.1564,1
9,50.43,-0.071,8,3.95,0,3.0,0.0,1,0.891,8.9,30.0,64.0,7,365.76,4,9.0727,0.0,0.4389,0
15,21.14,0.438,17,2.77,1,57.0,18.64,1,0.751,5.3,22.0,67.0,5,441.26,8,8.5878,0.8419,0.1539,0
13,45.82,0.066,12,2.13,1,70.0,52.83,0,,,46.0,72.0,8,1082.15,4,10.1506,1.1284,0.1638,1
14,41.1,-0.279,11,6.07,0,3.0,0.0,1,0.887,2.5,57.0,63.0,5,453.3,8,10.1282,0.0,0.5058,0
22,38.72,0.078,12,1.79,0,1.0,0.0,1,0.714,10.4,49.0,74.0,3,263.28,12,11.5444,0.0,0.1377,0
18,132.94,-0.879,18,3.11,1,20.0,25.41,1,0.5,15.5,79.0,86.0,4,288.24,24,14.4201,0.1897,0.1637,0
29,36.07,0.004,11,3.41,0,4.0,0.0,0,,,58.0,88.0,2,146.03,12,12.2879,0.0,0.2842,1
14,31.28,-1.511,15,3.43,1,64.0,29.16,1,0.815,1.5,75.0,49.0,10,229.26,24,9.409,0.9033,0.2144,0
23,44.95,0.002,16,5.2,0,12.0,0.0,1,0.923,5.7,24.0,96.0,5,677.51,12,12.1642,0.0,0.3059,0
27,83.14,0.633,22,9.04,1,67.0,65.32,1,0.894,0.9,69.0,71.0,6,350.37,52,14.7699,0.7763,0.393,0
23,32.27,0.121,16,3.78,1,51.0,21.83,1,0.632,1.1,34.0,47.0,3,150.37,8,11.138,0.6561,0.2224,0
20,48.42,-0.493,15,7.75,1,80.0,33.65,1,0.883,20.4,43.0,93.0,9,1140.91,4,11.8747,0.6809,0.4844,0
11,29.39,-0.913,8,1.57,1,50.0,12.72,1,0.626,2.0,37.0,85.0,2,123.41,8,8.4838,0.4186,0.1744,0
4,72.01,-0.603,11,4.32,1,76.0,9.36,0,,,44.0,88.0,5,388.76,8,6.9054,0.1282,0.36,1
16,114.75,0.639,11,5.4,0,0.0,0.0,1,0.88,9.2,64.0,24.0,1,156.44,52,13.4618,0.0,0.45,0
25,31.45,0.164,17,2.28,1,80.0,39.12,1,0.641,8.4,81.0,43.0,3,1018.61,24,11.3372,1.2055,0.1267,0
19,62.68,-0.626,16,8.93,0,1.0,0.0,0,,,55.0,19.0,7,150.04,4,12.4439,0.0,0.5253,1
2,22.48,-1.017,11,0.9,0,15.0,0.0,0,,,33.0,66.0,2,209.23,12,3.4674,0.0,0.075,1
9,24.23,-1.072,7,1.94,1,41.0,20.23,0,,,65.0,69.0,3,741.33,4,7.4328,0.8018,0.2425,1
25,247.1,0.463,18,2.25,1,65.0,52.74,1,0.852,4.2,32.0,72.0,9,146.67,8,17.9646,0.2126,0.1184,0
5,47.53,-1.132,13,2.17,1,54.0,8.69,1,0.695,1.0,15.0,53.0,1,295.51,4,6.9559,0.1791,0.155,0
29,85.69,0.502,18,3.23,1,69.0,26.62,1,0.736,16.7,84.0,90.0,12,1503.13,8,15.1773,0.3071,0.17,0
9,101.84,-0.143,8,2.28,0,11.0,0.0,1,0.693,1.2,38.0,30.0,6,117.98,8,10.6683,0.0,0.2533,0
17,37.57,-0.224,14,4.6,0,1.0,0.0,0,,,35.0,56.0,10,874.14,24,10.557,0.0,0.3067,1
13,20.53,1.061,13,1.78,0,18.0,0.0,0,,,38.0,91.0,4,48.32,4,8.1004,0.0,0.1271,1
9,19.85,0.694,8,2.47,0,1.0,0.0,1,0.884,29.4,47.0,11.0,4,51.22,4,6.9938,0.0,0.2744,0
16,26.87,0.223,17,2.29,0,7.0,0.0,0,,,45.0,50.0,0,379.54,24,9.4277,0.0,0.1272,1
8,32.07,-1.524,11,3.48,1,75.0,7.65,1,0.884,19.7,40.0,78.0,1,197.41,52,7.6873,0.2313,0.29,0
17,59.87,-0.1,13,9.11,1,50.0,17.01,1,0.417,0.0,52.0,55.0,8,181.48,4,11.8758,0.2794,0.6507,0
18,119.74,0.525,13,1.19,0,4.0,0.0,1,0.643,8.6,62.0,74.0,5,411.44,12,14.1146,0.0,0.085,0
20,104.13,0.843,21,4.38,1,76.0,13.41,1,0.626,5.2,61.0,90.0,8,684.98,8,14.1729,0.1276,0.1991,0
9,9.32,0.424,14,5.2,0,13.0,0.0,1,0.749,18.8,33.0,65.0,1,84.26,8,5.3744,0.0,0.3467,0
21,104.23,0.158,18,6.03,0,3.0,0.0,1,0.6,19.2,29.0,65.0,5,42.3,8,14.3924,0.0,0.3174,0
10,28.94,0.556,11,1.65,0,3.0,0.0,0,,,56.0,62.0,3,192.51,12,8.1509,0.0,0.1375,1
19,176.99,-0.023,5,4.63,1,63.0,22.18,0,,,17.0,55.0,8,395.98,8,15.5231,0.1246,0.7717,1
8,19.25,0.14,5,2.22,0,2.0,0.0,0,,,65.0,57.0,0,521.79,24,6.6096,0.0,0.37,1
2,22.34,-0.345,8,1.57,1,51.0,10.28,0,,,22.0,61.0,3,17.93,12,3.4608,0.4404,0.1744,1
9,12.92,-0.899,3,1.04,1,55.0,13.3,1,0.501,7.0,36.0,40.0,1,161.76,24,6.0635,0.9555,0.26,0
7,22.17,-0.293,10,1.59,0,1.0,0.0,0,,,36.0,55.0,3,195.49,12,6.5354,0.0,0.1445,1
7,32.55,0.63,17,2.21,0,8.0,0.0,1,0.721,0.2,48.0,31.0,4,74.19,4,7.3052,0.0,0.1228,0
14,49.24,-0.054,13,3.52,0,6.0,0.0,0,,,46.0,35.0,3,341.87,4,10.6069,0.0,0.2514,1
23,112.32,0.796,17,2.77,0,20.0,0.0,0,,,48.0,17.0,11,449.85,8,15.0329,0.0,0.1539,1
37,34.97,0.274,19,6.39,0,9.0,0.0,0,,,74.0,54.0,13,141.28,12,13.0323,0.0,0.3195,1
21,28.84,-1.092,11,1.82,0,10.0,0.0,0,,,16.0,40.0,7,79.88,8,10.4967,0.0,0.1517,1
27,99.61,0.319,18,4.54,1,48.0,22.06,1,0.791,11.6,27.0,58.0,14,328.99,12,15.3656,0.2193,0.2389,0
12,27.63,-1.262,11,2.76,0,6.0,0.0,0,,,49.0,43.0,5,162.49,8,8.604,0.0,0.23,1
12,77.8,0.029,13,3.51,1,57.0,35.6,0,,,18.0,13.0,9,178.27,4,11.2009,0.4518,0.2507,1
16,40.45,0.347,14,2.36,1,28.0,18.61,1,0.343,1.6,23.0,72.0,2,405.75,24,10.5523,0.449,0.1573,0
33,68.55,0.047,19,3.11,1,44.0,34.07,1,0.65,27.8,78.0,56.0,7,184.81,4,14.959,0.4899,0.1555,0
16,19.3,0.589,16,7.44,1,71.0,38.17,0,,,42.0,38.0,3,284.98,8,8.5297,1.8803,0.4376,1
12,25.08,-1.518,16,4.01,0,2.0,0.0,0,,,18.0,71.0,2,79.33,52,8.3647,0.0,0.2359,1
33,42.26,1.548,18,3.76,0,5.0,0.0,1,0.929,13.6,54.0,39.0,10,857.86,24,13.2846,0.0,0.1979,0
8,12.9,0.021,13,2.78,1,39.0,19.43,0,,,38.0,39.0,1,148.59,24,5.7829,1.3978,0.1986,1
21,75.3,-0.387,13,3.82,1,37.0,16.05,1,0.851,2.1,24.0,85.0,1,555.02,8,13.3987,0.2104,0.2729,0
19,10.76,-0.456,10,1.74,0,17.0,0.0,0,,,73.0,78.0,5,229.24,24,7.3836,0.0,0.1582,1
9,57.58,-0.109,14,4.07,1,40.0,11.71,0,,,34.0,94.0,5,465.89,12,9.3724,0.1999,0.2713,1
23,34.01,-0.216,14,8.27,1,52.0,27.57,0,,,59.0,53.0,10,373.75,4,11.3,0.7875,0.5513,1
10,71.63,-1.609,9,1.42,0,0.0,0.0,1,0.79,8.7,68.0,96.0,4,171.76,4,10.2759,0.0,0.142,0
47,250.06,1.092,22,6.57,0,13.0,0.0,1,0.945,0.4,69.0,88.0,20,340.55,8,21.3911,0.0,0.2857,0
5,16.68,-1.257,13,1.63,1,75.0,14.05,0,,,32.0,59.0,0,132.76,8,5.1467,0.7947,0.1164,1
12,42.24,-0.736,11,0.62,0,2.0,0.0,1,0.853,38.9,14.0,85.0,1,92.61,12,9.6616,0.0,0.0517,0
21,53.18,-0.504,13,2.14,0,2.0,0.0,1,0.638,2.0,31.0,87.0,4,219.04,24,12.3404,0.0,0.1529,0
17,48.02,0.701,13,4.94,0,3.0,0.0,0,,,41.0,60.0,2,317.81,12,11.25,0.0,0.3529,1
16,50.22,0.413,13,3.1,0,3.0,0.0,0,,,64.0,65.0,6,1358.16,4,11.1519,0.0,0.2214,1
24,72.46,1.146,14,9.15,0,12.0,0.0,0,,,75.0,64.0,10,308.94,4,13.8307,0.0,0.61,1
6,23.69,-1.203,8,0.51,0,19.0,0.0,0,,,65.0,57.0,1,131.36,24,6.2394,0.0,0.0567,1
22,101.96,0.417,12,3.4,0,16.0,0.0,0,,,52.0,78.0,1,215.03,12,14.5309,0.0,0.2615,1
28,37.49,0.612,19,6.65,1,84.0,30.27,1,0.936,7.6,72.0,89.0,5,458.08,12,12.292,0.7864,0.3325,0
12,107.34,0.012,17,0.99,1,19.0,14.62,0,,,46.0,61.0,4,444.01,12,12.0175,0.1349,0.055,1
9,24.93,0.07,8,2.64,1,68.0,17.65,0,,,21.0,45.0,4,100.03,8,7.4958,0.6807,0.2933,1
17,32.13,0.136,11,2.21,0,8.0,0.0,1,0.473,6.5,45.0,46.0,7,1122.34,52,10.1176,0.0,0.1842,0
4,43.45,-0.098,11,1.91,0,5.0,0.0,0,,,35.0,77.0,2,85.37,4,6.1068,0.0,0.1592,1
34,89.92,0.447,20,1.5,0,8.0,0.0,0,,,73.0,61.0,8,1231.95,24,16.0345,0.0,0.0714,1
15,50.44,-0.092,20,1.1,1,70.0,31.79,0,,,17.0,65.0,7,634.78,12,10.9252,0.618,0.0524,1
6,30.03,-0.454,3,1.21,0,8.0,0.0,0,,,8.0,38.0,1,122.1,4,6.6841,0.0,0.3025,1
8,11.29,-0.039,6,2.24,0,13.0,0.0,0,,,60.0,27.0,3,412.75,8,5.5124,0.0,0.32,1
13,56.55,-0.152,12,3.52,1,53.0,73.48,0,,,41.0,51.0,7,160.44,52,10.6952,1.2768,0.2708,1
40,15.33,1.49,23,2.34,1,65.0,101.82,1,0.851,0.0,26.0,18.0,20,268.36,4,10.372,6.2352,0.0975,0
20,97.63,-0.17,18,4.66,0,11.0,0.0,1,0.524,17.5,78.0,57.0,7,585.58,24,13.9785,0.0,0.2453,0
19,18.42,-0.155,12,1.97,0,2.0,0.0,0,,,73.0,43.0,3,277.73,8,8.8863,0.0,0.1515,1
17,22.21,0.465,12,5.91,1,65.0,18.85,1,0.756,2.4,43.0,84.0,0,314.22,4,9.089,0.8121,0.4546,0
27,52.9,0.585,17,3.13,0,12.0,0.0,0,,,75.0,50.0,7,107.08,4,13.2859,0.0,0.1739,1
20,19.92,0.804,16,4.02,0,4.0,0.0,0,,,50.0,93.0,8,273.7,4,9.2575,0.0,0.2365,1
27,46.61,0.771,23,3.25,1,77.0,33.89,0,,,66.0,82.0,7,310.43,24,12.8724,0.7118,0.1354,1
8,27.1,-0.705,11,1.54,0,6.0,0.0,0,,,32.0,64.0,2,233.03,8,7.3294,0.0,0.1283,1
20,72.07,0.157,16,7.13,0,7.0,0.0,1,0.728,5.5,30.0,93.0,13,334.11,8,13.0653,0.0,0.4194,0
8,37.25,-0.941,8,2.41,1,52.0,11.87,1,0.589,6.2,68.0,38.0,1,202.17,52,8.007,0.3103,0.2678,0
27,151.56,-0.01,16,4.59,1,66.0,45.61,0,,,71.0,58.0,10,681.31,4,16.7529,0.299,0.27,1
13,28.0,-0.284,12,3.05,1,61.0,26.92,1,0.448,11.0,74.0,61.0,4,228.95,8,8.8865,0.9283,0.2346,0
12,37.38,-0.106,7,1.69,0,5.0,0.0,1,0.941,8.5,61.0,65.0,5,734.98,12,9.3557,0.0,0.2112,0
24,28.65,0.699,10,4.1,0,2.0,0.0,1,0.728,0.9,60.0,33.0,6,168.32,4,10.9103,0.0,0.3727,0
17,31.59,0.331,13,1.12,1,38.0,12.45,1,0.941,41.9,22.0,92.0,2,374.9,12,10.0701,0.382,0.08,0
22,96.47,0.583,21,3.54,1,84.0,24.86,0,,,13.0,63.0,6,531.72,4,14.3591,0.2551,0.1609,1
19,89.08,0.277,6,3.12,1,65.0,11.08,1,0.923,10.0,65.0,68.0,8,369.24,52,13.4829,0.123,0.4457,0
31,128.62,1.332,28,13.09,1,69.0,98.43,1,0.828,0.1,69.0,88.0,9,440.3,8,16.8594,0.7594,0.4514,0
24,238.48,0.544,13,4.1,0,3.0,0.0,0,,,39.0,65.0,10,392.43,8,17.6345,0.0,0.2929,1
10,10.02,0.589,12,5.46,1,90.0,25.04,1,0.631,33.3,33.0,74.0,5,563.99,52,5.7543,2.2722,0.42,0
27,54.49,-0.24,16,3.26,1,63.0,40.56,1,0.805,17.9,40.0,84.0,6,958.39,8,13.3828,0.7309,0.1918,0
18,84.93,-0.37,9,2.43,0,8.0,0.0,0,,,28.0,92.0,2,330.53,8,13.1132,0.0,0.243,1
23,28.8,0.374,10,3.65,0,5.0,0.0,0,,,51.0,89.0,6,265.86,8,10.7879,0.0,0.3318,1
24,130.16,-0.568,13,3.87,0,2.0,0.0,1,0.712,0.6,69.0,90.0,4,409.22,8,15.6966,0.0,0.2764,0
12,72.7,0.596,7,4.37,1,71.0,15.39,1,0.753,26.1,21.0,40.0,3,192.39,24,11.0293,0.2088,0.5462,0
29,91.18,0.651,24,9.49,1,37.0,30.97,0,,,60.0,53.0,6,805.88,12,15.3861,0.336,0.3796,1
8,63.78,-0.578,13,2.51,1,78.0,19.66,0,,,39.0,54.0,2,102.43,4,9.1646,0.3035,0.1793,1
19,58.54,0.405,22,5.73,1,82.0,23.49,0,,,44.0,51.0,5,589.02,4,12.2425,0.3945,0.2491,1
3,32.38,0.695,14,4.3,0,4.0,0.0,0,,,43.0,66.0,4,136.06,8,4.8631,0.0,0.2867,1
29,50.9,0.035,18,2.43,0,0.0,0.0,0,,,47.0,88.0,13,126.57,4,13.4324,0.0,0.1279,1
8,30.52,-0.819,10,1.33,0,7.0,0.0,0,,,26.0,82.0,2,180.65,24,7.5818,0.0,0.1209,1
19,56.23,0.16,8,2.71,1,70.0,21.6,1,0.692,24.8,63.0,76.0,1,473.91,4,12.124,0.3774,0.3011,0
25,48.28,0.823,15,2.81,1,72.0,18.34,0,,,52.0,41.0,9,348.94,12,12.6985,0.3722,0.1756,1
9,13.81,-0.524,9,1.7,0,3.0,0.0,0,,,22.0,16.0,3,506.23,8,6.2062,0.0,0.17,1
8,73.12,-0.135,6,1.35,0,13.0,0.0,0,,,43.0,47.0,2,35.2,4,9.4606,0.0,0.1929,1
12,205.91,-0.364,9,8.78,1,40.0,41.62,0,,,56.0,80.0,5,139.92,12,13.677,0.2012,0.878,1
10,40.36,-0.146,9,2.99,0,3.0,0.0,0,,,35.0,46.0,4,90.97,24,8.9257,0.0,0.299,1
12,25.73,-0.099,12,7.59,0,5.0,0.0,0,,,45.0,88.0,4,98.65,4,8.4279,0.0,0.5838,1
22,30.9,0.831,8,3.24,1,67.0,30.65,1,0.728,6.7,38.0,48.0,5,465.66,12,10.857,0.9608,0.36,0
21,38.52,-0.359,12,3.65,1,64.0,25.93,0,,,56.0,51.0,4,178.24,12,11.3652,0.6561,0.2808,1
11,29.04,-0.51,8,2.32,1,60.0,10.37,1,0.625,5.6,44.0,64.0,1,189.81,12,8.455,0.3452,0.2578,0
23,43.34,0.062,13,3.09,0,8.0,0.0,0,,,70.0,86.0,6,1026.27,8,12.0508,0.0,0.2207,1
13,12.23,-1.069,13,5.68,1,67.0,15.2,0,,,65.0,32.0,4,190.24,8,6.8153,1.1489,0.4057,1
27,38.69,0.704,21,5.37,1,44.0,36.21,1,0.796,2.6,48.0,61.0,10,231.28,24,12.2662,0.9123,0.2441,0
11,35.41,0.421,7,3.3,0,9.0,0.0,0,,,67.0,49.0,6,196.58,12,8.9329,0.0,0.4125,1
8,14.29,-0.388,6,0.64,0,13.0,0.0,1,0.709,16.2,64.0,29.0,1,174.1,8,5.9923,0.0,0.0914,0
15,39.6,0.485,16,2.77,0,9.0,0.0,1,0.674,3.1,44.0,76.0,8,281.97,4,10.269,0.0,0.1629,0
9,39.74,0.66,18,3.61,1,84.0,15.44,1,0.458,8.0,83.0,42.0,1,517.89,24,8.5362,0.379,0.19,0
18,100.42,1.288,14,2.11,0,7.0,0.0,0,,,31.0,95.0,8,132.34,4,13.6012,0.0,0.1407,1
32,29.52,0.995,23,2.51,0,4.0,0.0,0,,,28.0,34.0,6,227.66,8,11.9524,0.0,0.1046,1
6,23.48,-0.798,6,1.42,0,6.0,0.0,1,0.863,15.8,43.0,23.0,3,113.24,12,6.2227,0.0,0.2029,0
16,91.8,1.012,17,3.2,1,76.0,43.44,1,0.872,6.1,59.0,89.0,7,222.29,8,12.8357,0.4681,0.1778,0
39,196.08,0.184,22,6.29,1,90.0,44.37,1,0.898,3.1,75.0,35.0,9,313.05,8,19.4906,0.2251,0.2735,0
10,31.7,1.855,7,3.1,1,65.0,24.53,0,,,26.0,60.0,4,238.14,12,8.3624,0.7502,0.3875,1
12,22.73,-0.826,9,3.3,0,2.0,0.0,1,0.783,0.2,60.0,75.0,6,392.32,4,8.1225,0.0,0.33,0
10,39.93,0.248,6,2.97,1,66.0,43.47,1,0.958,19.4,76.0,68.0,5,123.98,12,8.9007,1.0621,0.4243,0
9,68.13,0.196,8,2.99,0,1.0,0.0,0,,,56.0,30.0,4,581.52,24,9.7537,0.0,0.3322,1
17,123.11,0.635,15,1.28,1,48.0,32.25,0,,,62.0,86.0,4,623.1,4,13.935,0.2599,0.08,1
33,48.82,0.441,15,4.1,1,77.0,27.89,0,,,55.0,90.0,9,1373.15,12,13.7825,0.5598,0.2562,1
20,52.75,0.2,14,4.02,0,1.0,0.0,0,,,50.0,65.0,3,209.43,8,12.1304,0.0,0.268,1
17,42.09,-0.052,10,4.7,1,49.0,10.43,1,0.527,24.5,39.0,48.0,5,386.21,24,10.8773,0.2421,0.4273,0
17,43.92,-0.846,10,1.04,1,34.0,39.8,0,,,46.0,63.0,3,177.01,24,10.9975,0.886,0.0945,1
12,40.39,1.036,17,7.75,0,4.0,0.0,1,0.718,5.0,51.0,68.0,6,121.34,8,9.5494,0.0,0.4306,0
15,143.96,0.419,9,3.33,0,3.0,0.0,0,,,19.0,49.0,4,64.8,24,13.7977,0.0,0.333,1
8,38.71,-0.578,11,3.94,0,1.0,0.0,0,,,37.0,77.0,5,116.57,8,8.0893,0.0,0.3283,1
29,31.97,0.298,19,8.15,0,2.0,0.0,0,,,40.0,51.0,7,135.36,52,11.8892,0.0,0.4075,1
21,41.44,-1.272,18,2.29,0,3.0,0.0,1,0.755,1.0,71.0,84.0,4,513.89,24,11.5855,0.0,0.1205,0
17,46.07,-0.593,9,1.21,0,1.0,0.0,1,0.649,1.3,62.0,57.0,5,372.49,8,11.1327,0.0,0.121,0
7,77.3,0.414,12,1.6,1,37.0,18.02,1,0.836,5.5,51.0,77.0,5,666.11,8,9.0675,0.2301,0.1231,0
10,31.92,0.214,8,1.64,0,12.0,0.0,1,0.955,10.9,21.0,39.0,7,112.2,4,8.3784,0.0,0.1822,0
10,62.4,-0.143,11,1.9,0,5.0,0.0,1,0.527,10.1,29.0,75.0,2,60.78,8,9.95,0.0,0.1583,0
20,27.74,0.066,21,2.44,0,11.0,0.0,1,0.65,11.5,71.0,84.0,3,650.53,8,10.2244,0.0,0.1109,0
23,31.26,0.884,15,2.53,0,1.0,0.0,0,,,67.0,42.0,3,278.96,24,11.04,0.0,0.1581,1
20,229.49,1.742,18,1.63,1,97.0,28.83,1,0.795,16.5,63.0,64.0,7,285.98,8,16.5628,0.1251,0.0858,0
13,29.05,0.829,11,2.95,0,6.0,0.0,1,0.875,33.2,57.0,65.0,6,373.2,4,8.9803,0.0,0.2458,0
8,42.58,0.934,11,3.05,1,63.0,22.53,0,,,14.0,59.0,9,431.99,12,8.2936,0.517,0.2542,1
9,15.62,-1.063,5,1.87,0,2.0,0.0,0,,,72.0,78.0,4,291.39,52,6.4717,0.0,0.3117,1
13,33.9,-0.329,12,1.83,1,66.0,9.99,0,,,54.0,47.0,6,285.93,8,9.3752,0.2862,0.1408,1
9,16.92,-0.611,6,3.66,1,56.0,22.0,1,0.675,23.1,80.0,53.0,2,100.78,4,6.6451,1.2277,0.5229,0
15,49.5,0.787,19,2.98,0,3.0,0.0,1,0.752,15.2,82.0,80.0,8,277.38,4,10.874,0.0,0.149,0
10,102.11,1.045,10,1.79,0,3.0,0.0,0,,,34.0,70.0,2,139.24,8,11.1162,0.0,0.1627,1
14,54.64,0.144,15,4.79,0,22.0,0.0,0,,,45.0,69.0,6,118.97,8,10.8834,0.0,0.2994,1
14,41.79,0.955,11,2.86,0,6.0,0.0,1,0.875,4.7,53.0,49.0,2,75.63,12,10.1723,0.0,0.2383,0
23,81.06,0.184,11,6.86,0,5.0,0.0,1,0.739,10.1,84.0,83.0,5,296.55,8,14.0071,0.0,0.5717,0
15,41.46,1.137,9,2.19,1,46.0,29.31,1,0.627,0.2,60.0,95.0,3,323.12,8,10.3932,0.6903,0.219,0
20,48.97,0.84,9,2.52,1,69.0,12.23,0,,,67.0,49.0,7,880.28,8,11.9084,0.2447,0.252,1
16,16.43,0.751,8,2.62,0,0.0,0.0,0,,,57.0,93.0,1,135.86,4,8.0979,0.0,0.2911,1
20,32.06,0.766,17,4.34,0,4.0,0.0,1,0.948,1.1,27.0,65.0,5,110.4,52,10.6507,0.0,0.2411,0
12,49.31,-0.275,8,5.09,0,15.0,0.0,1,0.412,30.3,33.0,88.0,3,252.89,8,10.05,0.0,0.5656,0
15,111.95,0.048,13,1.87,0,8.0,0.0,1,0.898,33.3,42.0,42.0,7,199.36,8,13.1059,0.0,0.1336,0
17,34.13,-0.078,16,4.0,0,2.0,0.0,1,0.971,4.3,48.0,31.0,2,67.16,8,10.287,0.0,0.2353,0
22,116.97,-0.934,21,2.98,0,4.0,0.0,0,,,47.0,30.0,5,526.1,8,14.9577,0.0,0.1355,1
20,33.7,0.776,15,3.88,1,24.0,42.68,0,,,47.0,52.0,10,83.42,52,10.7981,1.23,0.2425,1
11,44.79,-0.436,7,2.35,0,4.0,0.0,1,0.428,0.3,59.0,40.0,4,70.79,4,9.5024,0.0,0.2938,0
9,27.48,-0.87,7,3.24,0,1.0,0.0,0,,,31.0,56.0,5,646.71,8,7.7118,0.0,0.405,1
13,24.68,1.134,19,1.64,1,24.0,23.54,0,,,42.0,84.0,4,166.29,24,8.5656,0.9167,0.082,1
9,106.34,1.297,13,1.69,0,1.0,0.0,0,,,50.0,67.0,4,112.6,24,10.7669,0.0,0.1207,1
7,13.84,-0.375,7,2.28,1,94.0,31.14,1,0.521,33.1,43.0,47.0,5,163.05,12,5.6089,2.0984,0.285,0
15,30.24,-1.167,9,1.35,0,2.0,0.0,0,,,45.0,55.0,6,195.03,24,9.5424,0.0,0.135,1
17,40.51,-0.111,15,3.84,1,94.0,28.88,0,,,67.0,47.0,2,286.56,8,10.7693,0.6957,0.24,1
3,41.73,-0.692,6,1.18,1,83.0,9.34,1,0.945,68.8,25.0,98.0,1,191.08,24,5.2054,0.2186,0.1686,0
8,37.71,0.382,5,1.71,0,1.0,0.0,0,,,20.0,50.0,2,60.41,12,8.0333,0.0,0.285,1
14,36.96,-0.452,13,3.74,0,15.0,0.0,0,,,24.0,61.0,4,118.65,52,9.8479,0.0,0.2671,1
10,31.44,0.314,16,2.06,1,80.0,22.29,1,0.689,22.5,43.0,71.0,2,366.16,24,8.3432,0.6871,0.1212,0
10,22.91,0.478,5,1.53,0,2.0,0.0,0,,,11.0,22.0,1,263.32,8,7.6116,0.0,0.255,1
7,9.93,-0.39,12,1.05,0,9.0,0.0,1,0.667,1.7,61.0,47.0,1,244.56,12,4.973,0.0,0.0808,0
35,70.77,1.506,14,6.1,1,53.0,32.09,1,0.706,1.4,34.0,92.0,14,630.5,8,15.314,0.4471,0.4067,0
15,84.26,-0.935,18,2.08,1,30.0,30.08,0,,,66.0,85.0,7,664.57,12,12.3261,0.3528,0.1095,1
9,9.18,-0.526,12,1.78,0,1.0,0.0,1,0.788,7.6,51.0,69.0,1,203.74,24,5.343,0.0,0.1369,0
22,28.02,-0.075,14,3.28,1,32.0,34.65,1,0.88,30.9,21.0,56.0,6,520.17,8,10.5603,1.194,0.2187,0
8,56.5,-0.356,13,1.44,1,44.0,28.76,1,0.589,0.7,65.0,39.0,5,300.57,24,8.9027,0.5002,0.1029,0
9,20.89,0.358,15,2.04,1,44.0,11.28,1,0.821,13.0,79.0,40.0,4,384.41,8,7.1058,0.5153,0.1275,0
29,78.57,1.198,10,4.35,1,40.0,20.04,0,,,69.0,59.0,9,216.85,8,14.8858,0.2519,0.3955,1
25,81.94,0.471,12,2.56,1,13.0,25.21,1,0.813,9.4,62.0,56.0,7,293.04,52,14.3947,0.304,0.1969,0
15,26.98,0.827,20,12.5,1,53.0,58.01,0,,,81.0,39.0,7,416.27,24,9.2369,2.0733,0.5952,1
35,83.33,0.589,24,6.88,1,73.0,25.85,0,,,49.0,71.0,12,743.87,24,15.892,0.3065,0.2752,1
12,46.04,-1.412,13,2.88,0,14.0,0.0,0,,,22.0,53.0,2,749.56,24,9.8776,0.0,0.2057,1
17,40.96,-1.276,14,2.74,0,11.0,0.0,0,,,12.0,27.0,6,106.48,24,10.8005,0.0,0.1827,1
8,31.98,-0.357,8,2.77,1,57.0,24.57,0,,,16.0,66.0,3,160.98,12,7.6813,0.745,0.3078,1
27,123.35,0.694,16,2.38,0,8.0,0.0,0,,,81.0,82.0,6,506.84,12,16.0716,0.0,0.14,1
13,46.12,-0.762,11,2.94,1,43.0,33.45,1,0.494,26.9,51.0,31.0,1,64.0,24,10.1675,0.7099,0.245,0
8,11.66,0.578,9,0.86,0,2.0,0.0,0,,,43.0,83.0,2,45.38,8,5.5775,0.0,0.086,1
22,29.42,0.448,22,2.15,0,13.0,0.0,1,0.951,21.8,30.0,41.0,6,1864.59,4,10.708,0.0,0.0935,0
12,26.52,0.044,14,2.5,0,1.0,0.0,1,0.693,1.5,42.0,17.0,5,309.43,24,8.5026,0.0,0.1667,0
13,60.67,-0.495,10,5.43,1,78.0,33.21,0,,,33.0,98.0,3,182.87,8,10.8777,0.5385,0.4936,1
12,18.31,0.494,10,1.47,0,11.0,0.0,0,,,50.0,44.0,3,191.48,8,7.5938,0.0,0.1336,1
12,45.92,-1.265,11,1.2,0,7.0,0.0,0,,,59.0,21.0,5,136.71,4,9.8711,0.0,0.1,1
16,42.67,-0.749,14,2.24,0,16.0,0.0,1,0.551,8.1,58.0,72.0,7,569.66,4,10.7001,0.0,0.1493,0
29,146.04,0.047,23,3.29,1,71.0,86.4,0,,,83.0,71.0,5,634.94,12,16.9744,0.5876,0.1371,1
2,46.23,-1.127,15,2.5,0,14.0,0.0,0,,,40.0,36.0,1,253.25,4,4.2352,0.0,0.1562,1
14,53.46,0.521,11,4.4,1,29.0,20.54,1,0.83,29.0,26.0,60.0,3,1476.47,24,10.8253,0.3772,0.3667,0
14,44.05,-0.384,21,1.31,0,3.0,0.0,1,0.836,3.2,75.0,41.0,3,379.74,4,10.3116,0.0,0.0595,0
12,29.64,0.439,14,1.19,1,78.0,19.05,1,0.731,10.5,89.0,71.0,2,256.12,12,8.778,0.6217,0.0793,0
15,120.19,0.933,7,5.81,0,3.0,0.0,0,,,59.0,72.0,2,140.87,24,13.3011,0.0,0.7262,1
21,102.5,0.643,19,5.71,1,65.0,26.08,0,,,51.0,41.0,12,267.07,8,14.3411,0.252,0.2855,1
3,28.89,0.398,9,3.28,0,8.0,0.0,0,,,59.0,71.0,5,589.97,8,4.71,0.0,0.328,1
9,69.74,-1.031,15,1.6,1,45.0,9.8,0,,,21.0,19.0,3,174.15,4,9.8067,0.1385,0.1,1
12,67.48,-0.276,16,2.48,0,3.0,0.0,1,0.589,11.2,27.0,74.0,7,522.18,8,10.8409,0.0,0.1459,0
14,30.86,-0.612,13,2.69,0,5.0,0.0,0,,,45.0,52.0,1,85.37,8,9.3735,0.0,0.1921,1
28,25.35,0.498,19,3.37,0,16.0,0.0,1,0.821,7.6,51.0,56.0,7,223.9,12,11.016,0.0,0.1685,0
19,134.06,0.399,19,2.92,0,10.0,0.0,0,,,40.0,59.0,6,370.96,24,14.6962,0.0,0.146,1
21,29.6,-0.318,12,4.1,0,15.0,0.0,1,0.721,3.7,55.0,23.0,2,190.77,24,10.5745,0.0,0.3154,0
20,45.65,1.128,8,9.93,1,39.0,14.21,1,0.867,4.4,36.0,59.0,10,106.2,12,11.6991,0.3046,1.1033,0
19,106.23,0.863,17,7.22,0,4.0,0.0,0,,,28.0,83.0,7,642.42,12,14.005,0.0,0.4011,1
10,6.78,0.545,9,1.5,0,1.0,0.0,1,0.704,14.3,67.0,32.0,2,122.05,4,4.9194,0.0,0.15,0
18,118.58,0.163,14,0.84,0,1.0,0.0,1,0.559,23.9,15.0,54.0,6,56.4,12,14.0862,0.0,0.056,0
3,8.57,-0.194,19,2.42,0,5.0,0.0,1,0.716,3.7,26.0,75.0,2,305.01,8,3.1311,0.0,0.121,0
11,9.08,0.302,17,3.65,0,1.0,0.0,1,0.345,5.6,59.0,42.0,3,541.19,8,5.7415,0.0,0.2028,0
29,47.9,-0.363,24,1.88,0,10.0,0.0,0,,,58.0,84.0,5,405.2,4,13.2299,0.0,0.0752,1
21,30.25,1.045,10,4.92,0,14.0,0.0,0,,,59.0,46.0,5,434.22,8,10.6394,0.0,0.4473,1
12,20.05,-1.086,10,2.19,0,4.0,0.0,0,,,24.0,72.0,1,48.71,8,7.8151,0.0,0.1991,1
12,8.39,-0.062,10,2.08,1,80.0,20.77,0,,,38.0,42.0,3,86.47,12,5.7446,2.2119,0.1891,1
13,32.32,0.193,16,4.08,1,71.0,38.33,0,,,54.0,64.0,2,254.64,8,9.253,1.1504,0.24,1
22,30.58,-0.381,10,2.66,0,11.0,0.0,1,0.837,2.9,22.0,70.0,3,352.36,8,10.8254,0.0,0.2418,0
29,96.0,0.374,23,6.09,1,63.0,57.92,0,,,25.0,30.0,10,101.93,8,15.5595,0.5971,0.2537,1
9,30.32,0.648,13,3.57,0,1.0,0.0,0,,,67.0,71.0,2,197.33,4,7.9307,0.0,0.255,1
8,39.91,0.388,13,2.22,0,14.0,0.0,1,0.675,1.0,13.0,72.0,5,31.96,12,8.1547,0.0,0.1586,0
7,21.9,-0.596,14,3.47,0,5.0,0.0,0,,,71.0,83.0,6,143.76,12,6.511,0.0,0.2313,1
24,58.27,0.079,18,2.45,1,47.0,27.17,0,,,51.0,83.0,6,640.11,52,13.1398,0.4584,0.1289,1
10,17.49,-0.01,12,1.34,1,67.0,10.04,0,,,64.0,28.0,2,402.53,8,6.9952,0.543,0.1031,1
31,84.7,-0.68,11,6.42,0,6.0,0.0,0,,,84.0,19.0,9,266.45,4,15.4255,0.0,0.535,1
25,106.53,1.061,24,6.85,1,30.0,42.93,0,,,56.0,72.0,5,924.16,8,15.2406,0.3992,0.274,1
15,94.31,1.084,12,2.89,0,14.0,0.0,0,,,31.0,66.0,4,163.22,4,12.6351,0.0,0.2223,1
20,120.7,1.591,16,6.74,1,81.0,24.38,0,,,55.0,76.0,7,451.62,4,14.6185,0.2003,0.3965,1
15,58.15,-0.033,12,4.22,0,11.0,0.0,0,,,41.0,75.0,7,329.12,24,11.3124,0.0,0.3246,1
40,26.8,1.192,22,7.54,1,82.0,40.98,1,0.804,8.0,43.0,85.0,14,294.57,8,12.3478,1.4741,0.3278,0
29,26.52,0.418,22,5.29,0,3.0,0.0,0,,,49.0,85.0,7,126.4,24,11.2747,0.0,0.23,1
20,152.16,0.143,5,2.89,1,31.0,17.78,1,0.742,1.8,79.0,67.0,1,418.05,52,15.3185,0.1161,0.4817,0
23,41.16,-0.328,24,4.04,0,2.0,0.0,1,0.656,6.7,39.0,42.0,7,224.07,4,11.8906,0.0,0.1616,0
11,76.57,0.402,8,2.45,0,4.0,0.0,0,,,28.0,78.0,4,135.99,4,10.8123,0.0,0.2722,1
27,23.33,1.971,12,1.54,0,13.0,0.0,1,0.897,21.9,24.0,73.0,5,271.44,8,10.6354,0.0,0.1185,0
30,409.77,1.071,14,4.51,1,45.0,58.43,0,,,64.0,54.0,12,661.26,8,20.6658,0.1422,0.3007,1
27,43.58,0.601,15,4.69,0,1.0,0.0,1,0.768,7.7,45.0,91.0,9,461.57,12,12.6533,0.0,0.2931,0
4,36.87,-0.471,12,1.47,1,85.0,7.89,1,0.675,20.1,33.0,93.0,1,422.34,12,5.849,0.2083,0.1131,0
12,27.31,-0.167,12,1.23,0,1.0,0.0,0,,,25.0,54.0,2,540.49,12,8.5752,0.0,0.0946,1
35,104.47,-0.548,23,11.04,0,2.0,0.0,1,0.669,54.0,57.0,63.0,9,281.83,8,16.6936,0.0,0.46,0
16,32.91,-0.324,16,1.86,1,38.0,21.85,1,0.818,41.9,57.0,36.0,4,143.27,24,9.9834,0.6444,0.1094,0
18,19.23,0.167,11,5.63,0,7.0,0.0,0,,,43.0,95.0,12,731.05,8,8.8544,0.0,0.4692,1
16,293.27,1.33,20,4.56,0,11.0,0.0,0,,,43.0,68.0,11,621.47,8,16.1054,0.0,0.2171,1
17,116.23,-0.485,13,2.85,1,54.0,25.17,0,,,61.0,31.0,1,165.22,12,13.7701,0.2147,0.2036,1
10,20.34,-0.39,5,2.82,1,69.0,11.71,1,0.71,13.5,54.0,41.0,1,304.29,12,7.339,0.5487,0.47,0
28,74.61,-0.356,18,2.87,1,66.0,54.25,1,0.836,4.9,39.0,90.0,13,125.23,12,14.5655,0.7175,0.1511,0
8,25.34,0.684,17,3.79,0,3.0,0.0,0,,,25.0,94.0,3,83.66,24,7.1873,0.0,0.2106,1
7,14.4,-0.716,8,1.46,1,43.0,28.43,1,0.816,4.8,57.0,66.0,5,117.68,4,5.686,1.8461,0.1622,0
18,94.18,0.311,17,2.28,0,12.0,0.0,0,,,56.0,56.0,3,224.5,8,13.4142,0.0,0.1267,1
18,37.54,0.264,11,5.51,1,54.0,36.25,1,0.889,14.8,59.0,49.0,6,315.38,4,10.7522,0.9406,0.4592,0
18,36.13,-0.893,11,4.97,0,2.0,0.0,1,0.646,47.8,28.0,47.0,8,627.85,8,10.6425,0.0,0.4142,0
11,11.67,-0.416,14,1.27,0,7.0,0.0,0,,,47.0,50.0,2,217.23,24,6.3098,0.0,0.0847,1
16,60.63,0.917,9,1.59,1,61.0,22.85,0,,,18.0,41.0,5,163.71,12,11.6761,0.3708,0.159,1
29,305.08,0.873,9,8.6,0,0.0,0.0,0,,,47.0,69.0,8,119.78,4,19.4679,0.0,0.86,1
30,74.49,0.56,15,3.13,0,15.0,0.0,0,,,67.0,65.0,5,382.99,8,14.8486,0.0,0.1956,1
9,58.96,-0.644,10,7.29,1,21.0,45.42,1,0.459,11.2,4.0,49.0,2,571.36,24,9.426,0.7575,0.6627,0
12,48.37,-0.287,15,2.69,1,43.0,11.9,0,,,34.0,26.0,7,457.86,4,10.0016,0.241,0.1681,1
15,168.72,0.218,11,2.61,0,6.0,0.0,1,0.731,49.0,40.0,43.0,4,512.21,12,14.2349,0.0,0.2175,0
18,87.53,-0.631,6,5.05,1,71.0,39.85,1,0.895,3.2,41.0,67.0,3,739.01,12,13.2009,0.4501,0.7214,0
26,109.41,0.91,26,3.93,1,68.0,61.53,1,0.859,4.6,35.0,79.0,12,194.54,12,15.5043,0.5573,0.1456,0
15,75.92,0.302,13,0.69,1,75.0,22.04,1,0.395,8.3,43.0,91.0,4,148.68,12,12.0407,0.2865,0.0493,0
12,62.82,-1.476,9,2.66,0,3.0,0.0,0,,,38.0,57.0,3,1022.34,4,10.6601,0.0,0.266,1
16,40.1,-0.015,12,2.99,0,7.0,0.0,0,,,47.0,62.0,6,1639.27,8,10.5282,0.0,0.23,1
17,17.26,1.092,15,4.49,0,13.0,0.0,0,,,37.0,62.0,6,633.74,24,8.3957,0.0,0.2806,1
23,64.62,0.324,15,11.57,1,77.0,5.34,0,,,36.0,62.0,4,121.09,12,13.2966,0.0814,0.7231,1
38,121.84,0.421,19,8.62,0,0.0,0.0,0,,,41.0,58.0,12,683.53,24,17.625,0.0,0.431,1
18,47.89,-0.475,14,1.85,1,55.0,9.52,1,0.943,21.3,62.0,45.0,1,447.18,8,11.4526,0.1947,0.1233,0
30,83.37,1.295,20,5.25,1,44.0,58.29,0,,,53.0,54.0,9,2383.74,12,15.2305,0.6909,0.25,1
14,69.07,-0.677,14,5.25,0,10.0,0.0,1,0.728,20.0,49.0,51.0,3,709.98,4,11.5078,0.0,0.35,0
40,205.6,0.515,25,3.52,0,14.0,0.0,1,0.923,8.3,50.0,61.0,2,365.85,24,19.7963,0.0,0.1354,0
25,96.38,0.446,30,7.93,0,3.0,0.0,1,0.916,3.3,69.0,55.0,14,276.9,4,14.9176,0.0,0.2558,0
17,26.04,-1.498,8,1.5,0,2.0,0.0,1,0.736,3.1,50.0,58.0,1,320.91,8,9.5305,0.0,0.1667,0
15,56.46,-0.506,12,3.04,0,2.0,0.0,1,0.649,37.2,85.0,82.0,8,653.28,8,11.232,0.0,0.2338,0
17,28.01,-0.626,16,6.48,0,6.0,0.0,0,,,36.0,53.0,6,374.36,4,9.7337,0.0,0.3812,1
19,42.49,0.048,21,4.51,0,5.0,0.0,1,0.839,0.7,43.0,83.0,10,729.92,8,11.3015,0.0,0.205,0
16,47.07,1.323,9,3.55,0,6.0,0.0,0,,,54.0,88.0,4,332.92,8,10.9721,0.0,0.355,1
19,28.97,-0.531,15,4.75,0,5.0,0.0,0,,,56.0,57.0,1,171.57,12,10.1861,0.0,0.2969,1
8,41.96,-0.843,7,3.17,1,95.0,17.5,1,0.547,13.4,28.0,59.0,0,149.31,4,8.2622,0.4074,0.3962,0
12,97.32,-0.001,10,3.94,0,4.0,0.0,0,,,71.0,54.0,3,474.93,8,11.7686,0.0,0.3582,1
20,47.81,0.355,12,6.2,1,54.0,63.59,1,0.732,21.7,24.0,55.0,3,121.74,4,11.8369,1.3028,0.4769,0
25,64.86,-0.065,19,2.79,1,56.0,24.32,1,0.895,14.9,68.0,34.0,7,175.48,12,13.6434,0.3693,0.1395,0
16,139.85,0.706,11,4.73,1,60.0,13.06,0,,,45.0,63.0,8,301.02,4,14.0179,0.0927,0.3942,1
17,53.44,-0.121,11,2.01,0,16.0,0.0,0,,,29.0,94.0,8,413.48,12,11.5531,0.0,0.1675,1
12,36.0,0.386,5,1.84,1,92.0,19.99,0,,,22.0,49.0,5,55.84,24,9.2618,0.5403,0.3067,1
22,28.52,0.653,20,2.08,0,4.0,0.0,0,,,34.0,55.0,8,316.48,4,10.6139,0.0,0.099,1
6,29.25,0.262,12,1.37,0,1.0,0.0,1,0.812,13.9,46.0,64.0,0,297.89,8,6.6346,0.0,0.1054,0
25,173.91,0.721,24,2.51,0,0.0,0.0,0,,,13.0,94.0,8,345.99,12,16.8257,0.0,0.1004,1
7,55.63,0.304,13,2.66,0,1.0,0.0,1,0.777,3.6,54.0,44.0,4,73.86,8,8.3937,0.0,0.19,0
13,73.77,-0.486,12,2.17,0,2.0,0.0,1,0.832,6.8,51.0,66.0,5,116.26,12,11.386,0.0,0.1669,0
8,57.5,0.065,14,4.3,0,1.0,0.0,0,,,58.0,77.0,3,157.45,8,8.9406,0.0,0.2867,1
10,177.83,0.266,10,1.88,0,2.0,0.0,0,,,44.0,48.0,4,437.94,4,12.4365,0.0,0.1709,1
20,194.62,0.693,14,3.65,1,32.0,42.02,1,0.813,7.2,68.0,67.0,11,392.44,4,16.0634,0.2148,0.2433,0
26,62.15,0.331,16,6.04,1,57.0,49.16,1,0.732,18.7,53.0,67.0,2,248.51,4,13.6629,0.7785,0.3553,0
15,21.8,-0.246,22,5.22,0,0.0,0.0,1,0.596,0.2,68.0,66.0,5,997.69,12,8.6692,0.0,0.227,0
30,46.04,-0.013,24,3.59,0,4.0,0.0,0,,,51.0,67.0,3,549.68,12,13.2243,0.0,0.1436,1
19,67.17,-0.01,14,2.47,0,3.0,0.0,1,0.683,3.6,29.0,84.0,7,320.6,8,12.648,0.0,0.1647,0
15,128.5,0.341,10,1.99,1,48.0,35.34,1,0.684,5.9,37.0,82.0,7,298.16,8,13.485,0.2729,0.1809,0
19,27.66,-0.147,11,3.73,0,5.0,0.0,0,,,68.0,84.0,7,171.12,4,10.0522,0.0,0.3108,1
13,34.11,-0.209,9,3.58,1,86.0,23.53,1,0.681,13.4,38.0,50.0,3,131.62,24,9.391,0.6702,0.358,0
19,56.52,-1.544,19,6.24,0,15.0,0.0,0,,,31.0,41.0,13,243.99,8,12.1391,0.0,0.312,1
25,87.65,0.606,19,2.52,1,74.0,38.0,1,0.897,0.1,88.0,69.0,12,438.32,4,14.6116,0.4287,0.126,0
14,19.0,0.226,12,3.17,0,5.0,0.0,0,,,66.0,81.0,0,414.85,8,8.1126,0.0,0.2438,1
20,40.7,1.603,25,3.7,0,0.0,0.0,0,,,60.0,72.0,9,699.62,12,11.3576,0.0,0.1423,1
21,76.12,0.474,15,14.23,0,7.0,0.0,1,0.705,6.1,73.0,52.0,7,448.28,8,13.4317,0.0,0.8894,0
13,36.07,-0.912,16,3.31,0,4.0,0.0,0,,,22.0,46.0,5,306.64,8,9.5344,0.0,0.1947,1
15,175.98,-0.611,10,1.72,0,5.0,0.0,1,0.553,12.8,48.0,50.0,5,138.38,4,14.351,0.0,0.1564,0
17,40.89,-0.932,14,2.41,0,9.0,0.0,0,,,71.0,70.0,2,497.1,8,10.7957,0.0,0.1607,1
31,44.42,0.843,11,4.44,0,4.0,0.0,1,0.746,3.6,59.0,82.0,9,552.88,24,13.2251,0.0,0.37,0
13,34.26,-0.868,13,3.35,0,2.0,0.0,1,0.86,1.1,57.0,84.0,3,242.28,8,9.4023,0.0,0.2393,0
3,94.83,-0.787,7,5.51,0,9.0,0.0,0,,,12.0,40.0,3,93.53,12,6.3251,0.0,0.6888,1
26,60.64,0.541,8,1.25,0,8.0,0.0,0,,,59.0,84.0,6,408.05,8,13.5832,0.0,0.1389,1
25,142.23,-0.233,22,8.63,1,18.0,29.29,1,0.85,13.3,72.0,28.0,14,766.82,12,16.1747,0.2045,0.3752,0
10,152.56,-0.246,10,3.16,0,6.0,0.0,0,,,69.0,41.0,1,475.56,8,12.0712,0.0,0.2873,1
26,118.96,-0.143,13,2.82,1,40.0,79.67,0,,,93.0,49.0,5,314.98,12,15.7777,0.6641,0.2014,1
26,29.18,-0.175,16,2.1,1,41.0,45.76,0,,,44.0,88.0,11,296.09,12,11.2295,1.5162,0.1235,1
21,172.93,0.4,11,4.42,1,79.0,33.09,0,,,88.0,39.0,4,39.53,12,15.9456,0.1902,0.3683,1
20,54.64,1.346,12,2.25,0,12.0,0.0,0,,,66.0,73.0,8,243.81,4,12.2356,0.0,0.1731,1
24,28.67,0.242,17,3.64,0,1.0,0.0,1,0.472,5.9,41.0,57.0,10,317.14,4,10.9124,0.0,0.2022,0
13,9.33,-0.978,8,1.15,0,10.0,0.0,1,0.808,6.7,19.0,42.0,0,133.7,12,6.1623,0.0,0.1278,0
23,82.62,0.181,14,4.97,0,18.0,0.0,0,,,31.0,35.0,10,191.84,8,14.067,0.0,0.3313,1
11,42.48,-0.312,12,3.65,1,24.0,8.44,0,,,62.0,48.0,3,632.12,8,9.3738,0.1941,0.2808,1
15,42.21,0.05,9,1.74,1,74.0,31.08,0,,,27.0,56.0,5,138.86,8,10.4418,0.7193,0.174,1
20,33.45,0.923,18,4.48,0,14.0,0.0,0,,,27.0,66.0,4,207.4,4,10.7761,0.0,0.2358,1
24,78.76,0.86,24,2.6,1,32.0,113.16,1,0.857,7.5,46.0,76.0,14,2823.48,4,14.0955,1.4188,0.104,0
14,58.16,0.236,11,2.66,0,7.0,0.0,1,0.66,31.7,49.0,56.0,5,257.79,12,11.0495,0.0,0.2217,0
18,86.08,0.218,16,4.67,0,2.0,0.0,0,,,54.0,57.0,3,232.97,4,13.1523,0.0,0.2747,1
25,135.57,0.559,16,4.2,0,3.0,0.0,0,,,30.0,89.0,10,196.82,8,16.0195,0.0,0.2471,1
20,47.02,0.846,7,4.95,1,30.0,65.39,0,,,91.0,63.0,5,375.08,8,11.7872,1.3617,0.6188,1
20,135.82,0.375,13,2.85,0,6.0,0.0,0,,,48.0,67.0,5,697.52,52,14.975,0.0,0.2036,1
20,49.58,1.722,12,2.25,1,48.0,36.56,0,,,14.0,89.0,7,411.19,12,11.9454,0.7228,0.1731,1
17,31.88,0.554,13,1.99,1,41.0,43.25,0,,,26.0,47.0,6,757.68,24,10.0957,1.3154,0.1421,1
18,70.58,0.242,15,2.37,0,0.0,0.0,1,0.788,5.9,20.0,93.0,9,315.05,12,12.5752,0.0,0.1481,0
19,73.15,-0.21,18,7.54,0,10.0,0.0,0,,,35.0,68.0,8,131.91,4,12.8999,0.0,0.3968,1
12,40.19,0.106,16,2.19,1,57.0,29.1,1,0.456,9.1,16.0,30.0,6,165.05,4,9.537,0.7065,0.1288,0
20,37.97,-0.917,13,2.17,0,7.0,0.0,1,0.916,4.8,50.0,67.0,5,150.75,24,11.1515,0.0,0.155,0
10,27.02,-0.252,21,2.45,0,14.0,0.0,1,0.734,32.2,46.0,85.0,2,206.4,8,7.992,0.0,0.1114,0
17,60.84,0.623,8,2.16,1,55.0,18.17,0,,,66.0,79.0,3,105.33,4,11.9215,0.2938,0.24,1
25,52.63,-0.193,20,6.43,1,58.0,29.78,1,0.98,4.3,61.0,29.0,8,104.97,4,12.9741,0.5553,0.3062,0
10,23.0,-0.338,9,1.45,0,6.0,0.0,0,,,69.0,64.0,2,92.82,12,7.6206,0.0,0.145,1
28,126.17,-0.614,14,6.6,1,29.0,42.42,1,0.641,16.5,72.0,68.0,4,1019.35,52,16.3163,0.3336,0.44,0
2,35.42,-0.824,6,0.87,1,29.0,6.38,0,,,31.0,46.0,1,189.92,52,3.9496,0.1752,0.1243,1
19,36.51,0.164,8,2.58,0,5.0,0.0,0,,,58.0,41.0,5,608.18,4,10.8584,0.0,0.2867,1
10,56.31,-0.024,9,1.84,1,81.0,11.09,0,,,46.0,7.0,4,1028.05,8,9.7078,0.1935,0.184,1
28,57.03,0.135,15,5.47,1,75.0,33.65,1,0.793,18.0,30.0,44.0,13,891.77,8,13.6745,0.5799,0.3419,0
21,101.19,1.047,7,4.37,0,7.0,0.0,0,,,49.0,82.0,10,990.17,8,14.3017,0.0,0.5462,1
8,29.51,-1.073,10,3.38,0,1.0,0.0,0,,,19.0,72.0,2,302.62,4,7.5102,0.0,0.3073,1
11,143.15,-1.007,10,2.96,0,3.0,0.0,1,0.85,7.5,49.0,91.0,6,499.66,8,12.3521,0.0,0.2691,0
8,36.75,0.855,9,1.2,0,2.0,0.0,1,0.714,13.1,45.0,88.0,0,519.1,8,7.9781,0.0,0.12,0
12,30.0,-0.624,12,1.16,1,72.0,10.31,0,,,41.0,23.0,1,216.5,12,8.808,0.3326,0.0892,1
22,197.06,1.491,17,20.53,0,0.0,0.0,0,,,47.0,60.0,9,204.44,24,16.5823,0.0,1.1406,1
1,24.91,-1.045,7,2.25,0,7.0,0.0,0,,,35.0,25.0,1,99.1,24,2.2559,0.0,0.2812,1
23,62.33,-0.041,12,4.06,1,81.0,12.46,0,,,49.0,56.0,4,233.2,24,13.1837,0.1967,0.3123,1
27,17.23,0.417,19,3.68,0,6.0,0.0,1,0.862,2.5,57.0,45.0,5,184.16,24,9.6736,0.0,0.184,0
36,447.39,1.603,13,14.34,0,2.0,0.0,1,0.735,0.8,72.0,74.0,8,166.08,4,22.047,0.0,1.0243,0
30,85.69,0.315,14,7.37,1,73.0,36.06,1,0.989,13.1,37.0,80.0,7,371.7,12,15.3236,0.416,0.4913,0
27,55.66,0.866,19,5.15,1,80.0,62.19,0,,,40.0,79.0,5,1456.32,12,13.4523,1.0976,0.2575,1
37,71.25,1.138,17,7.85,1,86.0,35.45,0,,,67.0,55.0,5,189.28,24,15.5694,0.4907,0.4361,1
17,87.5,0.376,14,4.76,1,24.0,37.74,1,0.83,4.0,78.0,48.0,7,286.61,12,12.9575,0.4264,0.3173,0
16,53.77,-0.564,14,3.17,0,0.0,0.0,1,0.877,26.0,57.0,72.0,5,154.48,8,11.3418,0.0,0.2113,0
22,22.21,0.954,21,5.52,1,64.0,41.98,0,,,55.0,78.0,7,243.4,24,9.8598,1.8087,0.2509,1
12,15.88,0.473,11,8.08,0,3.0,0.0,1,0.586,24.9,92.0,31.0,1,129.69,24,7.2489,0.0,0.6733,0
13,16.53,-0.466,14,2.21,0,3.0,0.0,0,,,50.0,50.0,1,343.14,8,7.558,0.0,0.1473,1
13,41.52,0.019,9,2.87,0,0.0,0.0,1,0.868,34.8,25.0,82.0,5,205.99,12,9.8964,0.0,0.287,0
11,36.06,0.55,17,3.19,1,75.0,18.79,1,0.739,25.6,60.0,98.0,2,217.72,8,8.9768,0.507,0.1772,0
22,27.36,0.179,15,3.61,1,68.0,19.92,0,,,50.0,71.0,4,324.04,4,10.4882,0.7024,0.2256,1
10,22.46,-0.154,7,2.05,0,12.0,0.0,1,0.728,8.3,33.0,39.0,6,85.04,8,7.5661,0.0,0.2562,0
23,111.5,0.491,21,2.25,0,1.0,0.0,1,0.855,7.1,53.0,89.0,6,648.81,4,15.0098,0.0,0.1023,0
15,47.49,-0.235,11,2.64,1,87.0,31.43,1,0.479,1.4,56.0,59.0,6,366.93,24,10.7614,0.6482,0.22,0
12,24.34,-0.148,8,2.03,0,5.0,0.0,1,0.795,51.6,79.0,63.0,6,165.06,24,8.2909,0.0,0.2256,0
26,55.66,0.36,18,3.73,0,12.0,0.0,1,0.777,16.1,38.0,68.0,12,296.66,8,13.3055,0.0,0.1963,0
21,34.2,-1.196,10,4.62,0,1.0,0.0,0,,,40.0,55.0,6,77.8,12,11.0073,0.0,0.42,1
27,83.87,1.158,18,1.98,0,4.0,0.0,0,,,67.0,48.0,12,392.42,12,14.7987,0.0,0.1042,1
9,22.13,0.23,11,1.41,0,5.0,0.0,0,,,22.0,67.0,3,117.23,8,7.2327,0.0,0.1175,1
11,33.59,-0.515,13,1.24,1,71.0,17.96,1,0.908,1.9,68.0,82.0,3,320.79,12,8.8054,0.5192,0.0886,0
34,106.3,0.679,12,6.91,1,54.0,48.54,1,0.952,13.6,41.0,61.0,11,242.06,12,16.6235,0.4524,0.5315,0
23,61.11,0.075,15,5.82,1,87.0,32.43,0,,,43.0,60.0,10,264.61,12,13.1219,0.5221,0.3638,1
11,65.71,0.879,12,2.12,0,3.0,0.0,0,,,79.0,75.0,4,294.74,12,10.4375,0.0,0.1631,1
16,15.57,-0.365,13,3.33,0,5.0,0.0,0,,,29.0,32.0,7,221.94,24,7.9545,0.0,0.2379,1
22,45.1,-0.072,23,1.4,1,58.0,33.89,1,0.639,0.8,49.0,79.0,8,130.61,8,12.0115,0.7351,0.0583,0
11,31.16,-0.713,8,4.72,1,67.0,17.5,0,,,55.0,60.0,2,282.48,12,8.6244,0.5442,0.5244,1
9,50.86,-1.796,10,1.43,0,6.0,0.0,0,,,56.0,54.0,3,148.75,52,9.0919,0.0,0.13,1
11,44.7,-0.793,11,2.43,1,68.0,15.25,0,,,47.0,29.0,2,218.59,12,9.4976,0.3337,0.2025,1
19,82.89,1.069,22,6.04,0,1.0,0.0,0,,,83.0,71.0,5,985.33,4,13.2696,0.0,0.2626,1
14,60.36,-0.179,6,1.98,0,5.0,0.0,0,,,11.0,94.0,7,367.04,4,11.1484,0.0,0.2829,1
20,40.11,0.971,8,2.55,0,1.0,0.0,0,,,44.0,57.0,3,326.86,24,11.3142,0.0,0.2833,1
14,105.84,0.013,8,3.66,1,45.0,18.62,1,0.876,26.2,56.0,29.0,3,453.62,8,12.6502,0.1743,0.4067,0
11,21.83,-0.585,11,1.45,0,1.0,0.0,0,,,35.0,46.0,4,80.04,4,7.773,0.0,0.1208,1
23,25.23,-0.732,19,4.33,1,83.0,38.61,1,0.711,1.6,69.0,76.0,5,87.32,8,10.3824,1.472,0.2165,0
22,101.56,0.899,20,7.01,0,4.0,0.0,0,,,75.0,80.0,5,290.34,24,14.5187,0.0,0.3338,1
17,31.43,0.532,20,4.52,0,0.0,0.0,0,,,32.0,71.0,7,848.19,8,10.0558,0.0,0.2152,1
7,23.04,0.328,10,1.05,0,5.0,0.0,1,0.769,20.4,97.0,41.0,4,203.99,4,6.612,0.0,0.0955,0
15,25.91,-1.466,9,3.77,0,1.0,0.0,0,,,20.0,90.0,2,78.33,8,9.1287,0.0,0.377,1
12,51.84,0.375,17,3.81,0,4.0,0.0,1,0.776,7.6,22.0,63.0,6,352.07,4,10.1758,0.0,0.2117,0
11,36.85,-0.149,12,4.73,0,7.0,0.0,1,0.881,15.6,60.0,67.0,2,506.21,12,9.0292,0.0,0.3638,0
16,34.29,0.364,20,3.56,1,20.0,25.26,0,,,43.0,83.0,8,140.38,8,10.0964,0.7158,0.1695,1
12,25.55,-0.359,16,1.85,0,5.0,0.0,0,,,9.0,75.0,4,307.86,4,8.4105,0.0,0.1088,1
17,22.36,0.986,11,2.14,1,98.0,24.9,1,0.793,11.0,51.0,80.0,5,121.78,24,9.1076,1.0659,0.1783,0
13,46.79,0.55,9,1.05,1,78.0,11.55,0,,,78.0,54.0,4,431.71,12,10.2048,0.2417,0.105,1
10,26.13,-1.215,11,1.71,0,9.0,0.0,0,,,31.0,52.0,6,106.56,24,7.9146,0.0,0.1425,1
22,52.06,1.238,12,3.01,1,47.0,20.49,0,,,56.0,74.0,5,306.75,8,12.4524,0.3862,0.2315,1
28,155.29,0.574,22,4.55,1,41.0,26.21,0,,,32.0,70.0,12,128.86,8,17.0106,0.1677,0.1978,1
9,47.81,-0.455,8,2.19,0,8.0,0.0,1,0.666,6.9,73.0,7.0,1,319.72,8,8.9523,0.0,0.2433,0
14,50.18,-0.402,10,2.97,1,46.0,28.48,1,0.908,9.5,43.0,28.0,6,357.05,24,10.6571,0.5565,0.27,0
16,35.38,0.729,25,18.44,0,1.0,0.0,1,0.717,9.1,37.0,66.0,8,349.55,12,10.1826,0.0,0.7092,0
16,24.14,0.362,15,4.29,0,11.0,0.0,1,0.841,1.6,41.0,53.0,2,168.37,12,9.1356,0.0,0.2681,0
21,43.06,0.018,12,4.68,0,8.0,0.0,1,0.616,6.6,64.0,96.0,4,316.4,4,11.7013,0.0,0.36,0
19,15.34,-0.27,9,1.86,0,2.0,0.0,1,0.435,22.7,49.0,20.0,0,386.5,24,8.3689,0.0,0.186,0
9,27.87,0.257,10,2.04,0,3.0,0.0,0,,,70.0,96.0,4,304.69,4,7.7431,0.0,0.1855,1
15,19.72,0.758,15,2.43,0,7.0,0.0,0,,,65.0,53.0,7,435.22,8,8.404,0.0,0.1519,1
20,68.71,1.129,8,4.39,1,21.0,34.47,1,0.706,3.8,41.0,81.0,7,577.14,4,12.922,0.4945,0.4878,0
13,30.38,1.242,11,3.36,0,3.0,0.0,1,0.56,41.9,72.0,82.0,7,290.65,8,9.0946,0.0,0.28,0
8,28.76,-0.157,10,1.57,0,1.0,0.0,0,,,51.0,86.0,4,134.21,8,7.4555,0.0,0.1427,1
25,169.64,0.456,15,3.23,1,50.0,27.8,0,,,34.0,71.0,9,941.86,8,16.7452,0.1629,0.2019,1
22,28.72,-1.033,19,3.91,0,9.0,0.0,1,0.855,17.8,82.0,42.0,5,224.57,12,10.635,0.0,0.1955,0
14,61.81,-0.359,12,5.69,1,88.0,25.21,1,0.501,12.3,40.0,72.0,2,1358.07,24,11.2116,0.4014,0.4377,0
28,27.58,0.21,13,5.11,1,74.0,48.94,0,,,46.0,35.0,6,496.59,4,11.2896,1.7124,0.365,1
19,113.67,0.905,16,5.95,1,85.0,65.55,0,,,79.0,66.0,14,312.22,8,14.2059,0.5716,0.35,1
24,107.11,0.317,14,3.28,0,1.0,0.0,0,,,88.0,75.0,2,83.28,8,15.0745,0.0,0.2187,1
30,113.07,1.863,21,6.34,1,78.0,99.03,1,0.939,9.2,41.0,16.0,11,550.06,24,16.2662,0.8682,0.2882,0
8,60.09,-0.477,11,4.65,0,14.0,0.0,1,0.828,8.2,60.0,39.0,1,73.88,12,9.0358,0.0,0.3875,0
12,29.55,0.392,8,2.07,0,3.0,0.0,1,0.844,2.8,39.0,55.0,6,224.46,24,8.7705,0.0,0.23,0
18,45.39,0.028,13,5.93,1,61.0,10.95,0,,,85.0,89.0,7,186.03,12,11.2981,0.236,0.4236,1
10,17.6,-0.077,10,3.04,1,26.0,7.87,0,,,18.0,62.0,2,163.32,24,7.0094,0.4231,0.2764,1
13,54.05,-1.177,17,2.06,0,13.0,0.0,0,,,45.0,46.0,5,175.35,12,10.578,0.0,0.1144,1
18,35.27,0.852,18,3.26,0,10.0,0.0,0,,,67.0,94.0,11,145.54,12,10.5735,0.0,0.1716,1
14,48.45,0.617,10,2.99,0,5.0,0.0,1,0.778,15.7,52.0,30.0,6,204.69,12,10.564,0.0,0.2718,0
10,48.85,0.189,13,2.83,1,28.0,25.78,0,,,52.0,48.0,9,872.62,8,9.3734,0.5172,0.2021,1
21,42.09,0.231,16,4.01,0,2.0,0.0,1,0.713,19.9,75.0,64.0,4,205.95,12,11.6325,0.0,0.2359,0
26,57.44,-0.032,14,3.15,1,64.0,25.49,0,,,37.0,90.0,5,934.65,4,13.4075,0.4362,0.21,1
24,65.65,0.478,9,3.5,1,83.0,15.21,0,,,45.0,62.0,5,213.81,24,13.5175,0.2282,0.35,1
17,38.7,0.273,9,1.19,0,6.0,0.0,0,,,58.0,76.0,3,122.0,8,10.6405,0.0,0.119,1
21,77.82,-0.681,12,1.31,0,5.0,0.0,1,0.885,6.6,62.0,60.0,7,518.58,4,13.4991,0.0,0.1008,0
21,52.87,0.264,21,5.68,0,0.0,0.0,0,,,75.0,93.0,7,886.03,4,12.3227,0.0,0.2582,1
9,140.66,-0.097,18,1.68,0,7.0,0.0,0,,,55.0,47.0,5,129.34,12,11.4057,0.0,0.0884,1
17,56.88,-0.69,10,5.22,1,86.0,22.06,1,0.569,1.6,52.0,86.0,9,227.67,12,11.7302,0.3811,0.4745,0
18,28.2,0.265,12,2.04,1,72.0,15.6,0,,,50.0,75.0,5,227.49,12,9.935,0.5342,0.1569,1
11,21.9,0.315,16,3.96,1,92.0,13.52,1,0.688,20.8,24.0,84.0,4,1072.68,12,7.7806,0.5904,0.2329,0
14,35.97,0.29,8,2.34,1,49.0,26.85,0,,,56.0,15.0,4,109.46,8,9.7764,0.7263,0.26,1
25,68.12,0.679,14,3.42,0,9.0,0.0,1,0.826,6.6,48.0,74.0,7,1212.13,24,13.8008,0.0,0.228,0
23,135.92,-0.096,13,4.65,1,56.0,38.71,1,0.778,2.1,35.0,82.0,2,367.59,4,15.6341,0.2827,0.3321,0
5,21.46,0.139,8,2.9,0,5.0,0.0,1,0.759,5.9,64.0,92.0,2,88.24,8,5.5755,0.0,0.3222,0
10,20.54,-1.716,7,1.9,0,8.0,0.0,0,,,39.0,59.0,2,56.56,4,7.3613,0.0,0.2375,1
21,88.5,0.361,16,1.61,0,9.0,0.0,1,0.512,7.2,40.0,87.0,8,154.32,24,13.8919,0.0,0.0947,0
19,101.74,-1.367,12,1.91,1,71.0,39.19,1,0.564,23.3,74.0,88.0,9,108.2,8,13.8768,0.3814,0.1469,0
21,81.76,0.804,26,3.65,1,76.0,14.45,1,0.87,37.8,33.0,74.0,6,652.1,8,13.6499,0.1746,0.1352,0
14,78.79,0.896,14,2.08,1,82.0,22.78,1,0.951,25.1,39.0,64.0,2,751.98,12,11.8596,0.2855,0.1387,0
17,24.6,0.159,8,2.57,1,93.0,28.31,0,,,24.0,71.0,5,497.04,8,9.3723,1.1059,0.2856,1
20,190.3,0.623,13,8.65,0,7.0,0.0,1,0.719,0.7,45.0,67.0,1,265.25,52,15.9954,0.0,0.6179,0
31,81.7,1.166,35,13.68,1,80.0,29.97,0,,,23.0,79.0,15,149.49,8,15.302,0.3624,0.38,1
5,15.33,-0.259,16,5.44,0,1.0,0.0,1,0.895,3.3,32.0,54.0,5,162.97,4,5.0044,0.0,0.32,0
14,45.19,-0.383,23,2.42,0,4.0,0.0,0,,,41.0,76.0,10,1392.89,12,10.3793,0.0,0.1008,1
18,37.28,-0.388,14,2.39,0,1.0,0.0,0,,,13.0,72.0,6,839.8,8,10.7323,0.0,0.1593,1
11,64.29,-0.77,13,2.44,0,4.0,0.0,1,0.398,1.1,55.0,91.0,4,175.65,8,10.384,0.0,0.1743,0
7,19.63,0.088,11,1.15,0,6.0,0.0,1,0.81,0.7,62.0,63.0,4,79.0,8,6.2939,0.0,0.0958,0
8,15.31,-0.482,14,3.48,0,8.0,0.0,0,,,39.0,38.0,1,84.11,24,6.1342,0.0,0.232,1
19,24.39,-0.059,12,4.63,0,10.0,0.0,0,,,61.0,71.0,4,173.32,12,9.6893,0.0,0.3562,1
15,33.77,0.36,16,3.52,0,3.0,0.0,1,0.791,5.7,7.0,74.0,8,255.09,4,9.8392,0.0,0.2071,0
17,83.51,-0.564,12,2.42,1,79.0,20.21,1,0.453,1.6,35.0,67.0,4,157.29,24,12.8242,0.2391,0.1862,0
28,220.39,-0.183,17,1.86,0,1.0,0.0,1,0.933,2.2,90.0,59.0,7,334.9,12,18.1831,0.0,0.1033,0
6,47.27,-0.874,7,4.02,0,2.0,0.0,0,,,27.0,39.0,4,344.6,24,7.5439,0.0,0.5025,1
13,27.98,0.59,13,7.16,0,11.0,0.0,0,,,44.0,94.0,3,166.76,12,8.8847,0.0,0.5114,1
8,18.62,-0.908,14,3.06,1,82.0,19.4,1,0.947,0.4,73.0,61.0,5,216.51,4,6.5401,0.9888,0.204,0
23,54.37,0.864,10,2.35,1,77.0,21.63,0,,,42.0,84.0,10,1734.3,24,12.7568,0.3906,0.2136,1
15,43.12,-0.282,16,2.71,0,11.0,0.0,1,0.879,19.5,62.0,23.0,0,225.51,8,10.4996,0.0,0.1594,0
10,64.1,-1.314,8,2.51,1,68.0,13.24,0,,,71.0,22.0,5,217.59,12,10.0134,0.2034,0.2789,1
31,49.76,1.778,19,7.49,0,2.0,0.0,1,0.701,3.6,69.0,78.0,15,523.32,24,13.6103,0.0,0.3745,0
21,76.94,0.597,13,2.16,1,53.0,28.82,0,,,34.0,40.0,4,164.27,24,13.4644,0.3698,0.1543,1
15,18.98,0.938,20,4.42,0,1.0,0.0,0,,,34.0,80.0,5,138.21,8,8.3032,0.0,0.2105,1
22,36.08,0.323,18,10.14,0,2.0,0.0,1,0.645,10.9,33.0,43.0,5,250.6,8,11.3288,0.0,0.5337,0
9,20.81,0.641,7,1.28,0,13.0,0.0,1,0.763,53.8,37.0,29.0,3,124.86,4,7.0974,0.0,0.16,0
12,16.42,-0.606,12,1.71,0,4.0,0.0,1,0.697,11.7,80.0,37.0,3,150.05,12,7.3296,0.0,0.1315,0
39,182.75,1.505,22,8.4,1,41.0,39.23,0,,,47.0,93.0,7,281.2,8,19.2323,0.2135,0.3652,1
8,29.63,-0.584,10,1.52,0,3.0,0.0,0,,,19.0,57.0,3,342.88,8,7.5189,0.0,0.1382,1
23,115.04,0.162,15,2.08,0,9.0,0.0,0,,,48.0,73.0,7,577.97,24,15.1083,0.0,0.13,1
8,24.57,0.07,8,1.59,1,69.0,10.75,0,,,37.0,38.0,4,766.7,4,7.1221,0.4204,0.1767,1
27,31.88,0.127,13,1.72,0,1.0,0.0,1,0.897,5.5,31.0,65.0,8,443.37,8,11.6389,0.0,0.1229,0
13,57.28,-0.681,19,5.14,1,67.0,22.52,1,0.515,5.1,12.0,93.0,4,120.01,12,10.7285,0.3864,0.257,0
41,42.07,0.916,16,2.57,0,0.0,0.0,1,0.955,9.9,69.0,61.0,9,231.27,12,14.0642,0.0,0.1512,0
13,74.58,0.211,8,1.21,1,46.0,14.4,1,0.64,23.5,46.0,42.0,2,149.11,8,11.4144,0.1905,0.1344,0
14,85.13,0.561,16,2.45,1,65.0,30.45,1,0.61,4.6,32.0,84.0,4,464.74,12,12.0667,0.3535,0.1441,0
18,70.64,0.723,16,3.52,1,31.0,21.97,1,0.892,8.9,32.0,80.0,3,451.91,24,12.5776,0.3067,0.2071,0
23,54.01,0.037,20,3.21,1,49.0,31.33,0,,,56.0,55.0,4,370.93,4,12.7361,0.5695,0.1529,1
20,50.54,1.012,17,1.63,1,63.0,22.64,1,0.797,5.8,37.0,91.0,13,667.65,24,12.0026,0.4393,0.0906,0
9,16.46,1.047,16,4.21,0,16.0,0.0,0,,,74.0,69.0,4,1147.92,4,6.5852,0.0,0.2476,1
14,37.87,-0.608,13,2.7,0,4.0,0.0,1,0.365,0.0,79.0,67.0,9,645.23,4,9.9121,0.0,0.1929,0
20,31.53,0.041,15,2.47,1,51.0,19.63,1,0.799,10.7,64.0,86.0,6,851.38,24,10.6015,0.6034,0.1544,0
13,35.33,-1.139,8,2.49,0,4.0,0.0,0,,,23.0,86.0,6,80.06,4,9.4812,0.0,0.2767,1
12,37.69,0.147,22,1.72,1,54.0,19.62,1,0.716,5.3,29.0,91.0,5,179.95,12,9.3764,0.5071,0.0748,0
23,36.48,0.183,2,3.55,0,10.0,0.0,1,0.818,11.1,30.0,37.0,6,213.5,4,11.5167,0.0,1.1833,0
11,73.09,0.256,11,0.81,1,61.0,4.94,0,,,35.0,34.0,6,238.75,12,10.6982,0.0667,0.0675,1
11,30.01,-0.608,13,8.21,1,45.0,44.79,1,0.587,6.3,29.0,30.0,3,89.46,24,8.5339,1.4444,0.5864,0
12,55.77,-0.651,14,2.68,1,64.0,18.39,0,,,28.0,19.0,1,550.99,8,10.3599,0.3239,0.1787,1
15,66.25,0.201,12,12.56,0,3.0,0.0,1,0.796,5.9,71.0,68.0,5,118.12,12,11.6682,0.0,0.9662,0
35,79.28,0.597,19,6.49,0,0.0,0.0,1,0.906,5.2,62.0,82.0,10,485.45,12,15.7156,0.0,0.3245,0
5,37.9,-0.801,16,2.91,1,74.0,20.07,0,,,65.0,61.0,2,65.3,8,6.5596,0.5159,0.1712,1
13,49.41,-0.021,17,3.17,0,11.0,0.0,0,,,44.0,88.0,2,540.68,12,10.3456,0.0,0.1761,1
12,39.05,-0.546,11,2.89,0,2.0,0.0,0,,,62.0,95.0,3,227.84,12,9.465,0.0,0.2408,1
12,59.45,-0.115,17,1.49,1,93.0,8.68,1,0.661,1.2,69.0,22.0,4,216.74,4,10.521,0.1436,0.0828,0
18,51.21,-1.261,10,5.64,1,70.0,38.71,0,,,34.0,59.0,3,169.29,12,11.6461,0.7414,0.5127,1
17,53.09,0.282,13,2.33,1,75.0,20.74,1,0.967,49.5,64.0,84.0,2,693.98,24,11.5345,0.3834,0.1664,0
14,26.53,-0.085,18,1.46,0,3.0,0.0,0,,,60.0,45.0,6,81.06,12,8.9779,0.0,0.0768,1
21,21.2,0.183,17,1.86,1,69.0,53.64,1,0.68,6.9,27.0,26.0,7,221.05,12,9.5825,2.4162,0.1033,0
10,20.8,-0.006,14,1.34,1,75.0,29.75,1,0.942,18.9,3.0,24.0,3,171.93,12,7.3901,1.3647,0.0893,0
14,45.56,-0.375,10,1.96,1,69.0,16.6,0,,,47.0,20.0,4,387.41,12,10.4009,0.3565,0.1782,1
14,16.57,0.885,11,2.6,1,74.0,27.18,1,0.579,26.4,38.0,79.0,0,448.01,12,7.7618,1.547,0.2167,0
31,127.32,-0.256,14,4.19,0,3.0,0.0,1,0.807,8.9,25.0,64.0,9,140.95,8,16.8245,0.0,0.2793,0
5,20.56,0.317,2,1.38,0,1.0,0.0,0,,,40.0,64.0,3,59.29,8,5.5022,0.0,0.46,1
21,98.19,0.925,12,4.59,1,92.0,45.72,1,0.854,12.7,41.0,56.0,9,1515.24,12,14.2096,0.4609,0.3531,0
16,76.34,0.173,9,5.53,0,7.0,0.0,0,,,25.0,39.0,7,796.98,4,12.3194,0.0,0.553,1
21,48.09,0.52,14,1.56,1,70.0,42.61,0,,,31.0,43.0,3,219.5,24,12.0355,0.868,0.104,1
9,13.2,0.056,11,1.17,0,2.0,0.0,0,,,21.0,28.0,1,140.76,24,6.1093,0.0,0.0975,1
18,63.12,-0.435,10,1.66,0,5.0,0.0,0,,,70.0,83.0,3,225.85,8,12.2511,0.0,0.1509,1
22,28.64,0.525,17,4.61,0,1.0,0.0,0,,,25.0,83.0,8,592.32,12,10.6266,0.0,0.2561,1
19,72.19,-0.849,15,2.11,1,40.0,12.6,0,,,27.0,79.0,7,383.89,8,12.8609,0.1722,0.1319,1
27,117.66,0.301,18,11.53,1,54.0,52.64,1,0.898,20.2,86.0,66.0,12,278.53,8,15.9155,0.4436,0.6068,0
13,29.28,-1.153,12,5.68,0,11.0,0.0,1,0.965,5.6,46.0,49.0,5,796.8,8,9.0005,0.0,0.4369,0
15,28.14,-0.591,20,3.55,1,33.0,8.72,1,0.894,15.2,49.0,69.0,5,249.28,8,9.3495,0.2992,0.169,0
24,13.97,0.48,16,4.86,0,2.0,0.0,0,,,61.0,65.0,11,586.11,12,8.7104,0.0,0.2859,1
18,41.49,-0.2,13,7.81,1,96.0,14.48,1,0.804,17.3,54.0,61.0,6,188.63,24,11.0395,0.3408,0.5579,0
17,173.79,-0.722,11,2.65,0,2.0,0.0,1,0.866,7.1,45.0,62.0,10,637.44,12,14.9247,0.0,0.2208,0
22,16.0,-0.138,18,3.88,1,93.0,17.89,0,,,69.0,82.0,7,128.32,4,8.8835,1.0524,0.2042,1
17,82.7,1.16,15,3.01,1,61.0,23.07,0,,,90.0,63.0,4,306.7,4,12.7964,0.2756,0.1881,1
21,14.17,1.125,17,3.41,0,6.0,0.0,0,,,24.0,75.0,4,445.55,12,8.4055,0.0,0.1894,1
12,39.72,-0.413,10,1.9,0,7.0,0.0,1,0.752,7.0,64.0,99.0,8,200.66,24,9.5075,0.0,0.1727,0
20,75.39,-0.304,13,2.17,0,0.0,0.0,1,0.96,3.3,53.0,38.0,4,318.63,8,13.2006,0.0,0.155,0
12,25.61,0.65,11,2.9,0,7.0,0.0,0,,,69.0,60.0,4,257.17,8,8.4163,0.0,0.2417,1
12,20.03,-0.991,21,2.99,1,81.0,13.28,0,,,29.0,40.0,5,257.57,52,7.8127,0.6315,0.1359,1
13,104.43,0.103,22,6.67,0,12.0,0.0,1,0.95,8.0,10.0,51.0,4,583.42,4,12.2929,0.0,0.29,0
12,16.47,-0.517,15,3.71,0,9.0,0.0,0,,,17.0,75.0,8,256.7,24,7.337,0.0,0.2319,1
13,22.57,1.033,11,0.62,1,57.0,4.64,0,,,49.0,57.0,0,167.94,8,8.3394,0.1969,0.0517,1
8,34.63,-0.01,6,4.55,1,76.0,14.66,1,0.544,11.1,63.0,84.0,1,201.01,4,7.8511,0.4115,0.65,0
20,28.84,0.54,18,2.15,0,6.0,0.0,1,0.853,3.8,75.0,43.0,4,185.2,24,10.3387,0.0,0.1132,0
15,34.08,-0.134,12,1.48,0,6.0,0.0,0,,,53.0,71.0,2,282.19,4,9.8638,0.0,0.1138,1
23,140.17,-0.413,10,5.11,0,11.0,0.0,0,,,46.0,82.0,7,85.66,8,15.7313,0.0,0.4645,1
9,18.73,-0.959,9,1.15,1,75.0,18.32,0,,,44.0,62.0,1,176.58,8,6.8666,0.9285,0.115,1
16,67.7,0.219,14,2.09,0,3.0,0.0,0,,,34.0,52.0,5,565.13,4,11.9838,0.0,0.1393,1
14,36.46,0.542,15,3.86,1,54.0,48.64,1,0.795,0.4,82.0,33.0,6,331.8,8,9.812,1.2985,0.2412,0
23,61.1,-0.147,11,2.17,0,0.0,0.0,0,,,39.0,78.0,5,552.87,4,13.1214,0.0,0.1808,1
12,35.26,0.406,20,5.23,0,9.0,0.0,0,,,34.0,44.0,5,635.03,52,9.21,0.0,0.249,1
6,35.19,0.211,10,3.02,0,9.0,0.0,0,,,75.0,77.0,1,172.29,4,6.9834,0.0,0.2745,1
9,32.75,-1.651,10,2.89,1,49.0,12.9,1,0.382,14.9,16.0,39.0,3,103.14,52,8.1028,0.3822,0.2627,0
9,32.51,-0.507,10,2.87,0,2.0,0.0,1,0.769,11.8,21.0,94.0,9,93.06,24,8.0863,0.0,0.2609,0
6,38.99,-0.788,14,1.59,0,1.0,0.0,1,0.889,0.2,45.0,68.0,4,46.25,12,7.1777,0.0,0.106,0
27,29.64,0.399,16,2.93,0,0.0,0.0,1,0.833,1.1,79.0,43.0,9,260.23,4,11.4038,0.0,0.1724,0
9,74.07,0.219,10,11.81,0,0.0,0.0,0,,,68.0,54.0,4,387.34,4,9.9435,0.0,1.0736,1
27,282.43,-0.567,28,2.87,1,42.0,29.0,0,,,50.0,73.0,13,556.03,8,18.8168,0.1023,0.099,1
21,42.64,-0.262,18,4.21,1,75.0,12.38,0,,,68.0,89.0,5,147.32,12,11.6717,0.2837,0.2216,1
20,70.96,-0.379,17,4.28,0,16.0,0.0,0,,,66.0,75.0,7,862.08,12,13.0187,0.0,0.2378,1
20,77.0,0.078,15,3.92,1,57.0,23.87,0,,,80.0,32.0,7,509.96,8,13.2641,0.306,0.245,1
36,147.64,1.184,16,5.12,1,31.0,41.58,0,,,85.0,67.0,15,933.38,12,18.0601,0.2797,0.3012,1
26,74.15,-0.102,15,9.08,1,67.0,20.24,1,0.862,7.1,53.0,57.0,5,303.42,24,14.2363,0.2693,0.5675,0
10,21.82,-0.506,13,1.55,0,1.0,0.0,1,0.872,2.9,36.0,24.0,2,163.58,4,7.4997,0.0,0.1107,0
10,50.93,-0.234,12,1.29,0,5.0,0.0,0,,,46.0,55.0,4,116.49,52,9.4714,0.0,0.0992,1
25,62.74,0.502,22,7.62,0,2.0,0.0,0,,,32.0,76.0,14,568.09,8,13.5368,0.0,0.3313,1
13,120.83,0.575,13,3.53,0,1.0,0.0,0,,,44.0,63.0,7,340.43,8,12.6744,0.0,0.2521,1
8,15.2,0.992,9,2.07,0,16.0,0.0,1,0.603,0.7,53.0,37.0,6,407.03,12,6.1193,0.0,0.207,0
15,49.55,-1.358,14,2.88,0,1.0,0.0,0,,,72.0,57.0,3,264.51,4,10.8768,0.0,0.192,1
28,210.81,0.968,15,1.39,1,85.0,33.96,0,,,80.0,60.0,7,381.79,24,18.0342,0.1603,0.0869,1
13,57.88,0.338,11,3.95,1,64.0,23.01,1,0.608,0.1,49.0,97.0,5,1171.03,12,10.7555,0.3908,0.3292,0
18,49.42,-0.854,15,2.04,0,13.0,0.0,0,,,12.0,81.0,6,292.54,12,11.5433,0.0,0.1275,1
8,26.87,0.756,8,3.87,0,5.0,0.0,0,,,69.0,37.0,4,560.37,12,7.3114,0.0,0.43,1
14,40.17,-0.206,13,2.5,1,41.0,41.1,1,0.917,26.4,21.0,59.0,7,141.24,52,10.0677,0.9983,0.1786,0
13,50.74,0.598,8,2.64,0,9.0,0.0,0,,,68.0,49.0,1,172.67,12,10.4143,0.0,0.2933,1
14,39.14,0.728,14,2.72,1,91.0,16.48,1,0.986,0.5,48.0,51.0,8,240.0,8,9.9991,0.4106,0.1813,0
12,63.02,0.578,14,1.47,1,68.0,20.77,0,,,62.0,42.0,7,224.87,4,10.6681,0.3244,0.098,1
22,36.21,-0.425,20,2.52,1,81.0,20.46,1,0.597,8.7,53.0,74.0,11,116.34,4,11.3398,0.5499,0.12,0
20,102.28,0.775,12,3.35,0,2.0,0.0,1,0.538,8.9,86.0,48.0,7,71.9,8,14.1188,0.0,0.2577,0
7,31.74,-0.717,5,1.43,0,7.0,0.0,0,,,40.0,86.0,2,149.47,4,7.2543,0.0,0.2383,1
21,241.81,0.516,13,3.79,1,67.0,39.69,1,0.962,16.5,80.0,89.0,7,165.84,8,16.9769,0.1635,0.2707,0
19,101.76,-0.014,23,1.96,0,9.0,0.0,0,,,14.0,80.0,6,215.01,52,13.8774,0.0,0.0817,1
8,30.31,-0.357,11,2.27,0,5.0,0.0,0,,,39.0,71.0,1,135.81,4,7.5671,0.0,0.1892,1
19,44.85,0.612,12,3.74,0,1.0,0.0,0,,,56.0,53.0,8,145.91,8,11.4598,0.0,0.2877,1
28,21.68,0.294,22,6.54,0,3.0,0.0,1,0.979,1.1,64.0,70.0,11,1135.29,8,10.511,0.0,0.2843,0
26,194.19,1.122,17,6.76,0,2.0,0.0,1,0.781,10.9,49.0,49.0,12,428.23,12,17.3822,0.0,0.3756,0
18,17.88,-0.093,12,1.93,1,56.0,18.31,0,,,47.0,85.0,3,314.23,4,8.6511,0.9698,0.1485,1
9,30.68,-0.074,14,2.15,0,11.0,0.0,1,0.558,2.3,78.0,79.0,5,1229.51,12,7.957,0.0,0.1433,0
22,126.08,0.321,10,2.96,0,2.0,0.0,1,0.536,6.2,71.0,84.0,10,691.19,12,15.1909,0.0,0.2691,0
15,40.91,-0.439,9,1.38,0,4.0,0.0,0,,,19.0,86.0,2,141.7,12,10.3571,0.0,0.138,1
17,98.18,-0.491,11,1.38,0,10.0,0.0,0,,,63.0,92.0,4,502.53,4,13.2869,0.0,0.115,1
17,27.75,0.645,14,3.36,0,5.0,0.0,0,,,41.0,91.0,10,706.33,8,9.7077,0.0,0.224,1
16,38.48,1.021,11,3.12,0,16.0,0.0,0,,,55.0,50.0,5,717.62,24,10.4143,0.0,0.26,1
14,56.18,0.63,13,1.57,0,5.0,0.0,0,,,54.0,62.0,7,244.4,4,10.9573,0.0,0.1121,1
23,93.42,1.291,26,3.14,1,59.0,53.64,1,0.837,2.1,47.0,41.0,7,133.32,8,14.453,0.5681,0.1163,0
11,8.05,0.79,7,1.33,1,16.0,20.95,0,,,5.0,36.0,3,184.32,12,5.4737,2.3149,0.1662,1
17,39.61,0.144,16,2.85,1,73.0,29.25,0,,,12.0,49.0,4,296.39,12,10.706,0.7203,0.1676,1
33,63.13,0.265,29,2.95,0,7.0,0.0,0,,,63.0,53.0,14,742.55,4,14.6729,0.0,0.0983,1
21,44.78,0.648,12,2.14,1,52.0,21.83,0,,,70.0,90.0,6,553.83,24,11.8197,0.4768,0.1646,1
27,39.21,1.029,12,2.8,0,4.0,0.0,0,,,66.0,93.0,8,493.14,4,12.3095,0.0,0.2154,1
9,26.58,0.057,11,0.89,0,1.0,0.0,1,0.597,42.1,36.0,32.0,1,178.9,8,7.6379,0.0,0.0742,0
32,80.49,0.503,17,4.23,1,64.0,30.07,0,,,54.0,72.0,10,292.69,8,15.3863,0.369,0.235,1
12,60.44,-0.175,15,3.05,0,1.0,0.0,1,0.815,12.7,52.0,63.0,2,334.78,4,10.5626,0.0,0.1906,0
19,112.22,0.145,19,4.87,0,2.0,0.0,1,0.934,4.9,42.0,47.0,5,142.25,12,14.1678,0.0,0.2435,0
17,31.6,1.51,8,1.91,0,6.0,0.0,0,,,31.0,77.0,6,342.82,8,10.071,0.0,0.2122,1
20,25.51,-0.951,14,4.47,0,6.0,0.0,1,0.605,4.1,62.0,96.0,3,281.15,24,9.9785,0.0,0.298,0
13,36.67,-0.764,11,0.93,1,75.0,18.73,0,,,50.0,92.0,4,162.28,8,9.5768,0.4972,0.0775,1
10,44.4,-0.834,13,3.53,1,80.0,27.79,1,0.699,2.2,75.0,92.0,0,82.7,8,9.1492,0.6121,0.2521,0
15,20.25,-0.15,7,2.43,0,8.0,0.0,0,,,31.0,86.0,7,322.5,24,8.474,0.0,0.3038,1
12,26.56,0.318,14,6.66,1,46.0,16.55,0,,,39.0,74.0,2,226.34,24,8.5063,0.6005,0.444,1
19,79.35,0.073,20,1.92,0,2.0,0.0,1,0.807,17.5,20.0,50.0,3,141.17,8,13.1405,0.0,0.0914,0
16,79.43,0.173,13,4.24,0,16.0,0.0,1,0.5,14.1,30.0,56.0,6,364.94,8,12.4304,0.0,0.3029,0
11,21.49,0.296,13,1.87,0,7.0,0.0,1,0.873,1.5,7.0,2.0,2,156.6,24,7.7357,0.0,0.1336,0
33,127.65,0.314,21,7.05,0,20.0,0.0,0,,,52.0,48.0,1,291.02,4,17.1279,0.0,0.3205,1
28,51.94,0.887,19,4.58,1,66.0,29.36,0,,,41.0,65.0,6,308.8,24,13.3653,0.5546,0.229,1
22,44.74,0.444,23,1.59,1,50.0,30.06,0,,,75.0,51.0,15,249.48,4,11.9869,0.6572,0.0662,1
36,34.14,0.143,25,1.5,1,91.0,45.03,0,,,57.0,61.0,6,372.38,4,12.8525,1.2814,0.0577,1
12,11.52,-0.028,8,2.15,0,0.0,0.0,0,,,17.0,36.0,2,47.13,8,6.4825,0.0,0.2389,1
3,14.97,0.188,4,0.83,0,5.0,0.0,1,0.656,8.1,39.0,45.0,0,276.68,4,3.841,0.0,0.166,0
12,14.63,0.654,10,3.61,0,1.0,0.0,0,,,65.0,56.0,8,462.42,8,7.0515,0.0,0.3282,1
18,62.12,0.017,10,4.51,0,3.0,0.0,1,0.93,5.7,42.0,38.0,3,152.37,4,12.2048,0.0,0.41,0
24,105.05,0.81,10,2.84,0,10.0,0.0,0,,,70.0,79.0,4,278.19,8,15.0125,0.0,0.2582,1
13,15.49,0.613,11,3.44,0,6.0,0.0,1,0.536,22.4,11.0,54.0,5,238.35,4,7.3966,0.0,0.2867,0
13,32.02,0.736,16,3.8,1,59.0,27.87,0,,,65.0,64.0,4,280.91,24,9.2291,0.844,0.2235,1
15,13.74,-0.109,20,1.91,0,1.0,0.0,0,,,20.0,72.0,5,65.97,8,7.4598,0.0,0.091,1
18,49.66,0.913,14,2.98,0,5.0,0.0,1,0.938,5.9,16.0,36.0,5,320.31,8,11.5573,0.0,0.1987,0
16,40.44,-0.677,14,4.28,1,90.0,25.91,1,0.765,25.7,14.0,56.0,5,339.93,12,10.5516,0.6252,0.2853,0
13,51.17,-0.357,16,4.04,0,9.0,0.0,0,,,81.0,71.0,5,932.29,8,10.4362,0.0,0.2376,1
18,31.84,1.142,16,2.65,0,4.0,0.0,1,0.913,22.3,58.0,43.0,9,101.33,8,10.2809,0.0,0.1559,0
13,31.58,-1.571,14,3.07,0,3.0,0.0,0,,,40.0,87.0,6,477.14,24,9.1937,0.0,0.2047,1
13,47.85,1.013,17,4.62,0,10.0,0.0,1,0.561,16.8,49.0,56.0,6,686.33,8,10.2626,0.0,0.2567,0
24,98.15,1.373,13,4.74,1,13.0,27.11,0,,,34.0,46.0,6,68.5,4,14.796,0.2734,0.3386,1
11,15.81,-0.614,10,4.16,0,7.0,0.0,0,,,63.0,59.0,2,235.42,8,7.0123,0.0,0.3782,1
27,52.91,0.09,18,4.7,1,22.0,36.6,1,0.824,28.9,57.0,51.0,8,1157.98,52,13.2866,0.6789,0.2474,0
14,33.96,0.571,15,1.66,0,4.0,0.0,0,,,19.0,85.0,5,110.04,12,9.625,0.0,0.1038,1
18,15.38,0.133,16,1.31,1,89.0,25.87,1,0.761,16.6,58.0,75.0,5,334.14,8,8.2328,1.5794,0.0771,0
7,26.65,-0.495,15,1.52,1,72.0,27.38,0,,,42.0,41.0,1,121.4,8,6.903,0.9902,0.095,1
14,8.22,0.744,11,2.72,1,62.0,6.5,1,0.692,1.6,54.0,71.0,6,255.68,12,6.0156,0.705,0.2267,0
9,37.56,-0.606,16,3.4,0,10.0,0.0,1,0.975,7.7,18.0,46.0,2,227.49,4,8.4095,0.0,0.2,0
14,39.02,0.738,16,2.21,0,12.0,0.0,1,0.827,2.9,9.0,95.0,4,329.19,8,9.991,0.0,0.13,0
13,23.0,0.128,8,2.6,0,2.0,0.0,0,,,52.0,81.0,2,104.42,8,8.3871,0.0,0.2889,1
17,32.88,0.719,9,7.13,1,55.0,44.92,0,,,36.0,55.0,7,446.67,12,10.1823,1.3259,0.713,1
11,42.4,-0.376,12,3.2,0,4.0,0.0,0,,,70.0,55.0,9,584.49,4,9.3692,0.0,0.2462,1
8,55.46,-0.635,12,1.4,1,85.0,6.76,0,,,54.0,60.0,5,327.5,8,8.8626,0.1197,0.1077,1
13,42.68,0.289,8,0.76,0,0.0,0.0,0,,,16.0,67.0,8,465.7,8,9.9674,0.0,0.0844,1
17,43.33,-0.095,17,8.08,0,1.0,0.0,0,,,35.0,36.0,3,306.44,12,10.9593,0.0,0.4489,1
19,59.93,0.364,17,3.01,0,1.0,0.0,1,0.659,1.3,55.0,12.0,4,533.5,4,12.3116,0.0,0.1672,0
16,20.39,-0.587,15,4.33,1,61.0,22.94,0,,,57.0,40.0,7,411.87,8,8.6779,1.0725,0.2706,1
28,52.54,0.383,11,2.41,1,63.0,27.66,0,,,38.0,76.0,5,203.16,4,13.4033,0.5166,0.2008,1
12,22.28,-1.299,9,2.55,0,3.0,0.0,1,0.664,3.4,82.0,79.0,1,166.62,4,8.0734,0.0,0.255,0
14,27.34,-0.727,12,2.55,1,59.0,16.92,1,0.693,4.8,35.0,68.0,3,213.8,12,9.0565,0.597,0.1962,0
15,219.98,1.114,15,4.91,0,19.0,0.0,0,,,23.0,53.0,7,500.11,4,14.9666,0.0,0.3069,1
9,30.54,0.181,7,2.8,1,33.0,29.2,0,,,38.0,43.0,1,158.74,8,7.9468,0.9258,0.35,1
17,72.76,0.691,22,2.39,0,7.0,0.0,0,,,65.0,62.0,4,332.18,4,12.431,0.0,0.1039,1
23,104.66,1.887,20,4.01,1,93.0,82.58,0,,,64.0,96.0,5,227.88,8,14.8105,0.7816,0.191,1
8,78.26,-0.2,12,2.25,0,2.0,0.0,0,,,67.0,87.0,4,174.82,12,9.6079,0.0,0.1731,1
18,39.18,-0.544,10,4.43,1,76.0,14.99,1,0.877,2.4,90.0,49.0,2,625.02,8,10.8749,0.3731,0.4027,0
14,28.26,0.718,5,2.95,1,78.0,12.99,1,0.64,16.9,44.0,80.0,3,265.68,12,9.143,0.444,0.4917,0
23,146.58,1.948,14,2.3,1,75.0,24.69,1,0.714,9.2,49.0,63.0,10,667.53,52,15.8724,0.1673,0.1533,0
15,67.14,0.432,13,1.62,0,17.0,0.0,1,0.712,13.4,67.0,81.0,4,135.53,8,11.7047,0.0,0.1157,0
12,62.27,0.917,15,2.36,0,2.0,0.0,1,0.727,6.5,51.0,26.0,3,379.3,12,10.6379,0.0,0.1475,0
14,155.91,-0.13,6,7.2,1,71.0,14.36,0,,,79.0,56.0,4,205.96,4,13.691,0.0915,1.0286,1
28,264.56,0.658,17,3.9,1,53.0,15.37,0,,,20.0,65.0,10,377.3,12,18.7957,0.0579,0.2167,1
6,13.0,-0.925,3,2.17,1,45.0,64.52,0,,,21.0,61.0,2,258.51,52,5.1354,4.6086,0.5425,1
16,48.84,-0.206,7,2.01,0,1.0,0.0,0,,,49.0,67.0,4,90.34,4,11.0745,0.0,0.2512,1
10,91.06,0.007,16,3.12,0,1.0,0.0,0,,,62.0,74.0,7,343.35,4,10.8443,0.0,0.1835,1
7,54.45,0.153,13,3.35,0,0.0,0.0,1,0.778,5.7,50.0,41.0,0,136.21,4,8.35,0.0,0.2393,0
17,17.23,-0.562,21,2.15,0,3.0,0.0,0,,,77.0,29.0,8,135.69,24,8.3909,0.0,0.0977,1
20,40.95,-0.051,22,13.66,1,76.0,17.0,1,0.842,2.2,47.0,36.0,8,778.15,12,11.3758,0.4052,0.5939,0
9,34.16,-0.731,13,2.98,1,96.0,31.96,1,0.849,1.2,54.0,19.0,5,98.7,12,8.197,0.909,0.2129,0
12,16.06,0.603,11,2.14,0,6.0,0.0,1,0.547,9.0,78.0,78.0,1,71.28,12,7.2761,0.0,0.1783,0
17,105.21,-1.058,14,2.97,0,9.0,0.0,1,0.732,0.1,29.0,82.0,2,484.32,8,13.4848,0.0,0.198,0
16,76.38,-0.288,11,1.38,0,7.0,0.0,0,,,57.0,67.0,3,610.12,12,12.3209,0.0,0.115,1
14,54.14,-1.807,12,2.81,0,2.0,0.0,1,0.716,26.9,58.0,47.0,5,614.8,24,10.8589,0.0,0.2162,0
23,52.08,-0.332,18,5.43,0,0.0,0.0,1,0.865,4.9,51.0,61.0,9,258.14,8,12.6226,0.0,0.2858,0
10,42.55,-0.149,6,1.78,1,43.0,8.41,1,0.561,6.4,32.0,19.0,1,180.68,24,9.0494,0.1931,0.2543,0
20,26.0,1.252,19,3.29,0,1.0,0.0,0,,,81.0,13.0,0,60.52,4,10.0342,0.0,0.1645,1
11,36.83,-0.708,12,1.25,0,12.0,0.0,1,0.909,17.3,75.0,87.0,4,388.61,8,9.0279,0.0,0.0962,0
15,26.68,0.195,10,2.46,0,4.0,0.0,1,0.746,7.4,71.0,59.0,3,346.61,12,9.207,0.0,0.2236,0
6,21.74,-0.509,12,0.57,1,46.0,7.9,0,,,48.0,20.0,0,36.41,8,6.0793,0.3474,0.0438,1
16,34.69,-0.225,13,3.04,0,1.0,0.0,1,0.73,9.2,60.0,59.0,5,242.52,4,10.1284,0.0,0.2171,0
15,13.43,0.772,24,4.55,0,3.0,0.0,1,0.695,26.5,37.0,51.0,1,139.78,12,7.4009,0.0,0.182,0
10,95.29,0.517,11,1.39,0,3.0,0.0,0,,,16.0,70.0,2,123.37,8,10.9521,0.0,0.1158,1
15,60.06,-0.222,10,2.17,0,0.0,0.0,0,,,70.0,65.0,4,373.14,12,11.4005,0.0,0.1973,1
30,71.97,0.085,7,2.16,0,0.0,0.0,1,0.802,21.0,64.0,36.0,8,240.2,12,14.732,0.0,0.27,0
27,102.02,1.278,15,5.95,0,6.0,0.0,0,,,53.0,79.0,8,312.34,24,15.4445,0.0,0.3719,1
28,73.12,1.568,14,4.01,0,3.0,0.0,0,,,10.0,49.0,11,189.07,12,14.4985,0.0,0.2673,1
23,27.81,-0.118,15,5.57,1,90.0,28.99,0,,,58.0,10.0,3,367.58,24,10.6806,1.0062,0.3481,1
15,29.45,-1.379,18,1.46,1,45.0,52.78,0,,,66.0,58.0,5,74.37,12,9.4714,1.7333,0.0768,1
13,26.42,0.651,10,1.65,0,11.0,0.0,1,0.537,6.8,16.0,69.0,0,137.07,12,8.7386,0.0,0.15,0
7,20.11,-0.306,8,2.19,0,9.0,0.0,0,,,11.0,63.0,3,229.61,8,6.3418,0.0,0.2433,1
18,16.09,0.034,7,6.4,1,94.0,13.35,1,0.913,10.5,27.0,68.0,4,386.28,24,8.3578,0.7812,0.8,0
17,12.33,0.217,10,2.18,1,52.0,16.3,0,,,89.0,61.0,7,321.44,8,7.4861,1.2228,0.1982,1
12,37.11,-0.734,13,1.94,0,18.0,0.0,0,,,9.0,27.0,0,650.27,12,9.3376,0.0,0.1386,1
25,25.02,-0.026,14,3.03,1,59.0,33.23,1,0.702,6.2,50.0,68.0,7,454.37,12,10.6177,1.2771,0.202,0
14,14.96,0.172,7,3.11,0,3.0,0.0,1,0.912,12.0,84.0,42.0,2,616.41,24,7.5015,0.0,0.3888,0
19,76.05,-1.308,15,4.34,0,15.0,0.0,1,0.572,3.0,54.0,66.0,4,385.76,8,13.0148,0.0,0.2712,0
13,22.54,0.111,20,4.14,0,12.0,0.0,0,,,51.0,77.0,5,332.01,52,8.336,0.0,0.1971,1
11,30.72,-0.876,17,2.36,0,9.0,0.0,0,,,46.0,78.0,4,333.02,52,8.5902,0.0,0.1311,1
10,42.33,-0.238,11,1.06,0,5.0,0.0,0,,,49.0,17.0,4,198.32,24,9.0373,0.0,0.0883,1
9,18.26,-0.273,16,2.62,0,3.0,0.0,1,0.84,28.0,33.0,78.0,6,202.73,8,6.8111,0.0,0.1541,0
28,136.5,0.193,12,4.66,1,33.0,13.53,0,,,77.0,75.0,6,165.9,12,16.5793,0.0984,0.3585,1
7,27.1,-0.41,10,1.59,0,11.0,0.0,1,0.673,5.6,27.0,47.0,1,162.36,12,6.9365,0.0,0.1445,0
38,94.37,1.174,28,4.24,1,50.0,29.23,1,0.79,5.4,31.0,79.0,8,237.36,8,16.6976,0.3065,0.1462,0
22,65.29,0.423,15,3.4,0,2.0,0.0,0,,,27.0,51.0,7,255.97,4,13.1504,0.0,0.2125,1
7,15.42,0.609,10,1.68,1,27.0,11.0,0,,,41.0,84.0,2,124.3,4,5.8193,0.6699,0.1527,1
29,40.37,1.615,5,1.27,1,61.0,44.55,0,,,85.0,78.0,7,215.42,4,12.6611,1.0769,0.2117,1
6,28.13,0.647,10,3.03,0,12.0,0.0,1,0.807,8.4,57.0,76.0,4,492.19,4,6.5612,0.0,0.2755,0
32,113.43,-0.206,15,3.1,1,45.0,22.04,1,0.894,24.6,36.0,65.0,3,86.26,52,16.5733,0.1926,0.1938,0
9,45.87,-0.745,8,2.64,1,43.0,13.54,0,,,44.0,59.0,6,822.15,8,8.8589,0.2889,0.2933,1
6,25.4,-0.562,10,3.79,0,3.0,0.0,0,,,26.0,19.0,3,525.92,52,6.3697,0.0,0.3445,1
13,33.46,-1.091,11,1.15,1,81.0,24.31,1,0.814,2.6,26.0,41.0,2,333.34,8,9.3417,0.7055,0.0958,0
33,114.41,-0.061,13,2.92,0,0.0,0.0,1,0.696,61.2,38.0,88.0,11,63.09,4,16.7449,0.0,0.2086,0
9,30.4,1.513,13,1.72,1,75.0,33.7,0,,,8.0,15.0,4,783.39,4,7.9366,1.0732,0.1229,1
18,82.89,0.712,19,1.81,1,46.0,39.75,0,,,50.0,70.0,9,238.64,52,13.0424,0.4738,0.0905,1
23,38.97,-0.112,13,2.77,0,6.0,0.0,1,0.651,31.8,36.0,56.0,4,253.13,52,11.7211,0.0,0.1979,0
6,12.05,0.609,5,1.96,1,77.0,27.3,0,,,94.0,60.0,2,470.8,4,4.9986,2.092,0.3267,1
13,29.68,0.596,12,3.53,0,7.0,0.0,1,0.856,11.3,80.0,23.0,3,421.44,24,9.0351,0.0,0.2715,0
12,44.39,0.142,15,1.37,0,2.0,0.0,1,0.962,18.6,78.0,91.0,3,505.02,12,9.786,0.0,0.0856,0
12,68.04,-0.027,15,3.09,0,9.0,0.0,1,0.675,24.4,16.0,69.0,2,75.46,8,10.8618,0.0,0.1931,0
16,126.46,0.793,16,4.75,0,12.0,0.0,0,,,33.0,71.0,7,234.0,4,13.7349,0.0,0.2794,1
9,7.79,0.082,15,1.14,0,15.0,0.0,0,,,26.0,54.0,2,621.38,24,5.0049,0.0,0.0712,1
26,82.19,0.529,11,4.81,1,82.0,15.49,1,0.704,3.1,40.0,92.0,7,159.86,12,14.5713,0.1862,0.4008,0
18,15.29,0.11,16,2.38,1,63.0,46.67,0,,,21.0,86.0,6,375.44,12,8.2166,2.8649,0.14,1
7,18.66,-0.621,8,1.53,0,9.0,0.0,0,,,29.0,24.0,1,174.42,12,6.1938,0.0,0.17,1
21,26.29,-0.102,14,4.32,0,18.0,0.0,0,,,29.0,66.0,10,226.5,4,10.2206,0.0,0.288,1
9,61.4,-0.003,13,2.64,0,8.0,0.0,0,,,24.0,39.0,2,451.69,52,9.5179,0.0,0.1886,1
16,111.7,0.211,13,2.12,1,38.0,18.11,1,0.584,5.7,45.0,75.0,9,237.94,12,13.3862,0.1607,0.1514,0
10,61.85,1.447,11,2.53,0,10.0,0.0,0,,,27.0,70.0,9,492.14,4,9.9291,0.0,0.2108,1
40,97.35,1.166,31,3.67,1,81.0,15.37,1,0.72,1.7,73.0,80.0,12,687.56,4,17.0398,0.1563,0.1147,0
12,34.3,0.23,11,2.07,0,0.0,0.0,0,,,65.0,43.0,4,240.09,52,9.1412,0.0,0.1725,1
27,99.39,0.97,20,5.25,0,20.0,0.0,0,,,30.0,43.0,8,674.76,12,15.3583,0.0,0.25,1
14,24.61,-0.488,21,3.49,0,8.0,0.0,0,,,26.0,77.0,14,673.14,4,8.7822,0.0,0.1586,1
20,62.41,-0.108,15,1.68,1,78.0,13.67,0,,,30.0,27.0,3,380.53,12,12.6336,0.2156,0.105,1
31,84.09,0.17,18,1.11,0,13.0,0.0,1,0.723,18.2,59.0,82.0,9,127.64,52,15.4007,0.0,0.0584,0
32,144.03,0.967,32,5.65,0,3.0,0.0,1,0.958,0.0,57.0,77.0,14,1362.23,24,17.4019,0.0,0.1712,0
14,71.08,-0.42,14,3.57,0,2.0,0.0,0,,,76.0,13.0,10,1017.62,12,11.5844,0.0,0.238,1
16,99.48,0.08,11,4.11,0,8.0,0.0,1,0.687,9.2,23.0,40.0,4,162.69,4,13.061,0.0,0.3425,0
21,104.19,0.26,17,5.34,0,4.0,0.0,1,0.927,3.1,19.0,61.0,14,182.74,8,14.3912,0.0,0.2967,0
26,53.26,0.14,15,1.92,1,80.0,38.86,0,,,78.0,51.0,6,626.91,8,13.1629,0.7162,0.12,1
16,48.16,0.788,13,2.72,0,5.0,0.0,0,,,42.0,77.0,6,415.72,8,11.0356,0.0,0.1943,1
13,62.26,-0.517,10,2.68,0,3.0,0.0,1,0.803,12.4,6.0,80.0,11,195.51,4,10.9448,0.0,0.2436,0
22,227.53,1.217,16,6.47,0,16.0,0.0,0,,,61.0,66.0,15,665.45,12,17.031,0.0,0.3806,1
24,38.13,0.481,16,2.21,0,8.0,0.0,0,,,12.0,80.0,7,220.77,24,11.8033,0.0,0.13,1
21,17.3,0.63,12,2.85,0,11.0,0.0,1,0.812,7.0,73.0,81.0,6,387.82,8,8.9854,0.0,0.2192,0
20,87.97,0.476,19,3.06,1,43.0,22.18,1,0.778,1.4,48.0,82.0,7,113.28,12,13.6647,0.2493,0.153,0
20,42.26,0.137,13,2.68,1,30.0,21.56,0,,,54.0,40.0,4,1230.33,8,11.4694,0.4984,0.1914,1
11,16.84,-1.176,16,3.66,1,23.0,9.41,1,0.575,4.5,66.0,58.0,2,523.19,4,7.1601,0.5275,0.2153,0
7,34.09,-0.228,9,3.17,1,70.0,18.92,0,,,85.0,84.0,1,352.74,4,7.3985,0.5392,0.317,1
12,49.64,-0.498,16,2.62,0,0.0,0.0,0,,,51.0,54.0,8,276.84,8,10.0668,0.0,0.1541,1
19,31.06,0.545,9,5.11,0,10.0,0.0,0,,,29.0,68.0,2,809.23,24,10.388,0.0,0.511,1
9,19.42,-0.294,12,2.06,0,2.0,0.0,0,,,66.0,55.0,4,359.36,4,6.9458,0.0,0.1585,1
15,111.38,0.461,12,1.01,0,4.0,0.0,0,,,23.0,45.0,1,675.54,8,13.0918,0.0,0.0777,1
28,76.53,-0.268,19,6.89,1,79.0,84.89,1,0.831,4.2,51.0,93.0,9,688.55,8,14.65,1.0949,0.3445,0
10,25.6,-0.432,7,1.36,0,5.0,0.0,0,,,15.0,67.0,2,217.26,8,7.8673,0.0,0.17,1
12,50.86,0.203,16,3.92,0,22.0,0.0,1,0.917,8.7,12.0,78.0,2,251.83,12,10.1278,0.0,0.2306,0
15,36.17,0.726,16,1.8,0,2.0,0.0,1,0.897,6.6,12.0,52.0,5,238.85,4,10.0243,0.0,0.1059,0
3,21.22,0.547,6,0.81,0,0.0,0.0,0,,,68.0,50.0,1,26.87,4,4.2989,0.0,0.1157,1
13,36.08,0.634,8,1.32,0,14.0,0.0,0,,,51.0,74.0,4,313.85,12,9.5351,0.0,0.1467,1
13,32.26,-0.881,14,3.63,0,1.0,0.0,1,0.364,10.4,16.0,47.0,3,261.26,4,9.2482,0.0,0.242,0
9,42.22,1.002,15,3.21,0,1.0,0.0,0,,,35.0,40.0,5,429.8,52,8.6722,0.0,0.2006,1
8,12.53,-0.649,15,2.26,1,75.0,12.24,1,0.877,41.1,56.0,36.0,2,228.66,12,5.7236,0.9047,0.1412,0
14,25.06,-0.829,11,5.06,0,4.0,0.0,0,,,36.0,52.0,2,437.38,4,8.8293,0.0,0.4217,1
21,23.65,1.033,10,6.54,1,85.0,96.13,0,,,57.0,79.0,6,177.92,12,9.9061,3.8998,0.5945,1
18,41.37,0.3,13,1.8,1,72.0,37.07,1,0.728,14.3,67.0,41.0,8,91.28,12,11.0312,0.8749,0.1286,0
10,30.7,-0.653,13,3.08,1,43.0,7.46,0,,,59.0,34.0,3,210.9,8,8.2879,0.2353,0.22,1
15,91.51,0.672,14,3.24,1,44.0,42.76,1,0.704,12.4,71.0,58.0,8,487.33,8,12.5524,0.4622,0.216,0
12,40.97,-0.021,18,3.63,0,5.0,0.0,0,,,18.0,23.0,2,567.67,4,9.5851,0.0,0.1911,1
27,189.7,-0.48,10,2.19,1,59.0,29.7,0,,,51.0,64.0,6,225.97,4,17.4964,0.1557,0.1991,1
6,19.08,0.125,12,1.31,0,8.0,0.0,0,,,56.0,54.0,1,256.42,4,5.8372,0.0,0.1008,1
7,8.42,-0.518,8,3.56,0,15.0,0.0,0,,,29.0,61.0,1,120.37,8,4.6638,0.0,0.3956,1
19,78.62,-0.372,20,2.23,1,35.0,58.8,0,,,22.0,93.0,6,435.31,8,13.1131,0.7385,0.1062,1
9,71.87,0.508,6,1.42,0,4.0,0.0,0,,,38.0,61.0,5,480.4,24,9.875,0.0,0.2029,1
27,32.29,0.009,21,4.35,0,5.0,0.0,1,0.542,11.1,56.0,55.0,8,170.22,8,11.6802,0.0,0.1977,0
7,66.26,0.069,8,2.85,0,10.0,0.0,0,,,46.0,45.0,5,65.53,12,8.7515,0.0,0.3167,1
10,85.52,-0.656,11,2.49,1,49.0,28.77,0,,,64.0,69.0,4,462.9,4,10.6955,0.3325,0.2075,1
11,87.12,-0.744,15,2.4,0,1.0,0.0,1,0.871,4.7,40.0,91.0,8,547.36,4,11.1292,0.0,0.15,0
17,42.6,-0.699,18,7.92,0,1.0,0.0,0,,,61.0,81.0,8,100.99,4,10.9113,0.0,0.4168,1
25,87.82,0.518,19,5.38,1,72.0,47.16,0,,,61.0,73.0,12,226.88,12,14.6178,0.531,0.269,1
10,24.71,0.169,14,4.02,1,65.0,16.69,0,,,43.0,57.0,1,156.79,8,7.7857,0.6492,0.268,1
18,11.24,-0.698,15,1.69,1,90.0,6.88,1,0.548,30.2,65.0,33.0,9,264.4,4,7.375,0.5621,0.1056,0
30,250.65,0.468,22,2.56,1,35.0,49.0,1,0.816,14.9,26.0,62.0,13,661.12,24,18.9832,0.1947,0.1113,0
6,72.52,-0.098,8,1.32,0,21.0,0.0,1,0.691,0.6,26.0,69.0,3,115.63,4,8.3627,0.0,0.1467,0
2,73.67,-0.929,12,1.73,1,92.0,3.82,0,,,43.0,39.0,4,113.57,8,4.7384,0.0512,0.1331,1
30,57.17,0.96,29,2.58,0,12.0,0.0,0,,,57.0,70.0,13,282.48,24,13.9536,0.0,0.086,1
17,34.54,0.532,18,2.67,1,33.0,20.32,1,0.624,2.7,68.0,65.0,11,156.21,24,10.3205,0.5718,0.1405,0
21,80.65,0.477,8,1.65,0,14.0,0.0,0,,,26.0,71.0,5,75.56,24,13.6081,0.0,0.1833,1
33,112.76,1.045,13,6.42,0,3.0,0.0,1,0.826,3.2,37.0,59.0,9,168.49,8,16.6941,0.0,0.4586,0
17,41.5,0.712,9,3.54,0,6.0,0.0,0,,,46.0,48.0,8,127.68,4,10.8375,0.0,0.354,1
24,40.36,0.458,11,1.63,0,10.0,0.0,0,,,67.0,74.0,8,169.66,4,11.9817,0.0,0.1358,1
16,30.97,-0.067,18,4.32,1,57.0,30.3,0,,,35.0,13.0,6,66.83,8,9.8165,0.9478,0.2274,1
23,42.53,-0.319,8,6.29,0,9.0,0.0,0,,,63.0,46.0,4,445.34,8,11.9922,0.0,0.6989,1
7,31.93,0.46,13,3.51,1,41.0,16.08,0,,,3.0,24.0,4,154.78,52,7.2664,0.4883,0.2507,1
25,30.67,-0.591,23,4.18,1,80.0,40.4,0,,,30.0,76.0,7,1966.33,8,11.2579,1.2757,0.1742,1
4,18.11,-0.15,12,1.03,0,9.0,0.0,0,,,14.0,67.0,2,311.02,8,4.7482,0.0,0.0792,1
21,57.73,0.587,20,2.28,0,8.0,0.0,0,,,28.0,79.0,8,492.25,4,12.5897,0.0,0.1086,1
11,26.68,-0.496,9,1.76,0,6.0,0.0,0,,,50.0,79.0,2,440.96,12,8.2517,0.0,0.176,1
32,212.18,1.837,11,1.67,1,86.0,19.88,0,,,56.0,55.0,10,301.38,12,18.7488,0.0933,0.1392,1
7,16.61,0.583,12,2.01,0,1.0,0.0,0,,,50.0,84.0,2,70.23,8,5.9648,0.0,0.1546,1
14,113.34,0.808,6,1.07,0,8.0,0.0,1,0.734,8.0,46.0,91.0,2,161.42,4,12.8339,0.0,0.1529,0
6,45.9,0.244,9,1.63,0,5.0,0.0,1,0.881,5.2,11.0,61.0,0,415.54,12,7.4879,0.0,0.163,0
20,57.37,0.177,12,2.81,1,19.0,39.71,0,,,69.0,77.0,6,950.47,4,12.3815,0.6803,0.2162,1
12,18.69,1.174,16,2.78,1,77.0,33.1,1,0.675,4.9,58.0,87.0,8,87.09,12,7.6438,1.6811,0.1635,0
16,62.52,-0.475,11,6.01,0,1.0,0.0,0,,,59.0,68.0,2,229.14,8,11.7617,0.0,0.5008,1
25,119.9,0.445,12,5.8,1,71.0,25.75,1,0.927,2.9,28.0,74.0,9,220.29,12,15.6225,0.213,0.4462,0
4,55.24,-0.461,12,0.78,1,51.0,26.55,0,,,13.0,23.0,3,192.17,8,6.4854,0.4721,0.06,1
10,23.14,0.432,18,2.08,0,10.0,0.0,0,,,40.0,74.0,5,299.19,4,7.6346,0.0,0.1095,1
16,66.23,0.138,14,5.18,0,5.0,0.0,1,0.706,14.2,74.0,57.0,4,174.32,8,11.9225,0.0,0.3453,0
8,13.53,-0.675,11,0.93,0,1.0,0.0,1,0.684,21.7,22.0,82.0,4,85.08,8,5.8802,0.0,0.0775,0
32,39.98,0.648,20,5.42,1,16.0,50.92,0,,,58.0,46.0,7,287.18,12,12.9828,1.2426,0.2581,1
8,56.27,-1.039,12,1.36,1,50.0,44.58,0,,,59.0,21.0,5,237.13,24,8.8939,0.7784,0.1046,1
14,39.56,0.91,16,3.67,0,12.0,0.0,1,0.804,1.6,35.0,56.0,6,153.6,8,10.0273,0.0,0.2159,0
11,65.62,0.01,9,2.46,0,2.0,0.0,1,0.775,56.0,65.0,63.0,4,276.43,8,10.4341,0.0,0.246,0
9,13.39,-0.134,16,1.91,1,74.0,50.4,0,,,16.0,45.0,2,198.9,8,6.1399,3.5024,0.1124,1
19,16.56,-0.604,12,1.58,0,2.0,0.0,1,0.889,8.3,36.0,71.0,2,106.04,12,8.5846,0.0,0.1215,0
17,38.48,-0.134,12,3.29,0,7.0,0.0,0,,,41.0,75.0,6,243.88,12,10.6244,0.0,0.2531,1
24,335.99,1.034,20,4.7,1,55.0,50.05,0,,,41.0,65.0,10,328.96,12,18.734,0.1485,0.2238,1
15,96.24,0.768,14,2.41,1,42.0,14.36,1,0.829,43.9,28.0,79.0,6,77.15,8,12.6906,0.1477,0.1607,0
15,35.1,-0.182,20,2.31,1,45.0,24.73,1,0.851,4.3,35.0,86.0,8,599.81,8,9.9433,0.685,0.11,0
17,29.07,-0.122,14,2.99,0,2.0,0.0,0,,,53.0,39.0,7,240.66,12,9.8375,0.0,0.1993,1
10,62.86,0.7,10,2.86,0,1.0,0.0,0,,,44.0,57.0,2,465.6,52,9.9673,0.0,0.26,1
19,28.51,0.073,15,1.39,1,86.0,22.7,0,,,63.0,97.0,7,332.59,12,10.1397,0.7692,0.0869,1
14,69.0,-0.655,9,4.76,0,1.0,0.0,1,0.933,0.1,57.0,52.0,5,247.32,12,11.5051,0.0,0.476,0
13,15.26,-0.253,9,1.96,0,5.0,0.0,1,0.658,37.7,38.0,78.0,2,222.68,12,7.3596,0.0,0.196,0
9,57.66,-0.152,15,4.46,1,47.0,21.28,1,0.849,26.0,40.0,62.0,0,300.86,8,9.3756,0.3628,0.2788,0
7,38.36,0.047,15,1.28,0,4.0,0.0,0,,,39.0,35.0,6,106.54,8,7.6373,0.0,0.08,1
15,34.94,-0.779,11,3.04,1,41.0,19.74,0,,,46.0,29.0,1,357.34,12,9.931,0.5492,0.2533,1
12,29.45,-0.301,17,9.53,0,3.0,0.0,0,,,38.0,62.0,3,210.13,8,8.7621,0.0,0.5294,1
19,83.4,0.723,14,3.83,0,2.0,0.0,0,,,14.0,78.0,8,833.59,8,13.2878,0.0,0.2553,1
17,85.78,0.399,15,2.17,1,82.0,10.77,1,0.671,9.1,68.0,40.0,7,362.24,4,12.9008,0.1241,0.1356,0
16,57.81,-0.13,19,2.32,1,51.0,17.71,1,0.848,18.9,35.0,75.0,8,631.11,8,11.5434,0.3011,0.116,0
6,47.6,-0.615,15,2.49,0,1.0,0.0,1,0.721,21.3,23.0,34.0,2,303.47,12,7.5572,0.0,0.1556,0
3,12.42,0.436,6,0.79,0,5.0,0.0,0,,,47.0,46.0,3,182.95,12,3.5999,0.0,0.1129,1
10,43.15,0.179,9,1.5,0,1.0,0.0,1,0.79,1.9,71.0,3.0,4,152.34,52,9.0823,0.0,0.15,0
32,115.33,0.887,22,10.14,1,61.0,31.85,0,,,54.0,71.0,13,331.56,8,16.6309,0.2738,0.4409,1
17,48.75,-0.324,8,3.35,0,3.0,0.0,1,0.696,13.5,25.0,29.0,4,26.08,8,11.2927,0.0,0.3722,0
18,80.83,0.118,10,2.55,0,7.0,0.0,1,0.804,13.5,34.0,68.0,4,308.12,12,12.9692,0.0,0.2318,0
8,41.41,-0.477,11,3.95,1,74.0,21.4,0,,,31.0,77.0,5,129.69,8,8.2338,0.5046,0.3292,1
9,29.32,-1.423,14,0.94,0,0.0,0.0,0,,,12.0,74.0,1,273.96,8,7.856,0.0,0.0627,1
19,60.05,-0.464,16,6.51,1,73.0,30.78,1,0.821,2.9,51.0,46.0,3,207.19,8,12.3175,0.5042,0.3829,0
12,25.63,-1.188,10,2.98,0,0.0,0.0,1,0.898,20.5,61.0,65.0,2,210.97,8,8.4183,0.0,0.2709,0
22,48.82,-0.089,14,4.74,0,2.0,0.0,0,,,41.0,92.0,5,260.6,8,12.2548,0.0,0.316,1
18,30.71,-0.055,26,10.88,1,51.0,62.33,0,,,83.0,60.0,10,424.11,12,10.1778,1.9656,0.403,1
6,46.31,-0.353,17,2.47,0,2.0,0.0,0,,,17.0,65.0,4,682.96,8,7.5048,0.0,0.1372,1
12,18.16,-0.218,12,3.12,0,4.0,0.0,0,,,48.0,76.0,8,306.06,4,7.5738,0.0,0.24,1
20,207.91,0.586,21,1.56,1,91.0,45.99,1,0.671,1.3,82.0,77.0,4,256.62,52,16.2635,0.2201,0.0709,0
13,9.3,0.475,12,1.37,1,78.0,32.71,0,,,56.0,59.0,1,119.48,8,6.1547,3.1757,0.1054,1
23,17.74,-0.196,17,1.99,1,17.0,17.09,0,,,31.0,64.0,5,283.02,4,9.3138,0.912,0.1106,1
11,49.08,-0.907,7,3.33,0,2.0,0.0,1,0.841,1.8,59.0,46.0,4,140.36,12,9.725,0.0,0.4162,0
12,48.4,-0.061,16,2.82,1,43.0,52.97,1,0.936,6.1,59.0,65.0,8,177.36,8,10.0032,1.0723,0.1659,0
14,59.85,0.17,18,2.11,1,15.0,30.88,0,,,55.0,79.0,6,140.29,24,11.1258,0.5075,0.1111,1
7,141.31,-0.829,11,4.92,0,12.0,0.0,0,,,59.0,46.0,4,456.85,4,10.3099,0.0,0.41,1
20,22.91,0.429,21,7.15,0,6.0,0.0,1,0.856,6.4,23.0,51.0,6,165.01,24,9.6642,0.0,0.325,0
13,97.89,0.124,9,3.21,1,65.0,17.01,0,,,74.0,33.0,1,287.47,8,12.1239,0.172,0.321,1
9,94.8,-1.106,16,1.83,0,0.0,0.0,0,,,66.0,74.0,5,319.2,12,10.505,0.0,0.1076,1
8,11.51,0.785,9,5.44,0,8.0,0.0,0,,,28.0,68.0,1,78.12,12,5.5514,0.0,0.544,1
25,53.38,0.242,19,2.89,1,64.0,24.27,1,0.614,2.3,65.0,63.0,4,636.92,8,13.0193,0.4463,0.1445,0
19,90.72,0.745,12,3.63,1,85.0,19.6,1,0.9,1.2,68.0,77.0,7,166.1,12,13.5369,0.2137,0.2792,0
10,11.64,-0.736,11,2.02,0,14.0,0.0,1,0.868,28.5,46.0,79.0,5,334.46,8,6.0831,0.0,0.1683,0
17,37.62,0.821,18,1.91,0,0.0,0.0,1,0.91,8.4,53.0,74.0,3,430.82,8,10.5608,0.0,0.1005,0
9,50.89,0.155,9,1.46,0,10.0,0.0,0,,,19.0,88.0,2,304.48,12,9.0932,0.0,0.146,1
17,91.87,0.033,14,1.27,1,20.0,16.05,1,0.762,9.9,38.0,55.0,2,644.78,8,13.0969,0.1728,0.0847,0
9,18.15,-0.83,11,1.83,0,9.0,0.0,1,0.937,2.9,51.0,49.0,1,272.84,12,6.7979,0.0,0.1525,0
27,69.59,0.944,19,2.01,0,5.0,0.0,0,,,35.0,61.0,5,181.18,8,14.1848,0.0,0.1005,1
7,59.83,-0.635,4,1.61,1,59.0,18.39,0,,,22.0,40.0,3,544.46,8,8.5425,0.3023,0.322,1
14,120.34,-0.763,12,2.59,0,2.0,0.0,1,0.575,2.5,53.0,15.0,3,245.55,8,12.9948,0.0,0.1992,0
23,20.72,-0.877,11,2.84,0,2.0,0.0,1,0.795,29.6,40.0,87.0,5,817.12,4,9.7828,0.0,0.2367,0
9,74.06,-0.481,17,1.33,0,5.0,0.0,0,,,39.0,65.0,3,93.9,12,9.9432,0.0,0.0739,1
25,64.93,-0.606,14,3.22,1,64.0,37.8,1,0.965,1.6,46.0,36.0,4,291.87,4,13.6468,0.5733,0.2147,0
20,24.51,0.693,15,8.4,0,14.0,0.0,0,,,54.0,35.0,5,118.87,12,9.8614,0.0,0.525,1
21,20.25,0.87,12,7.11,1,90.0,39.44,1,0.824,3.5,70.0,59.0,6,458.15,8,9.4473,1.856,0.5469,0
5,20.43,-0.3,13,2.97,1,81.0,23.98,1,0.573,27.0,87.0,22.0,1,332.04,8,5.4914,1.119,0.2121,0
11,14.57,-1.819,8,1.19,0,1.0,0.0,0,,,46.0,81.0,2,58.21,52,6.8219,0.0,0.1322,1
21,85.14,-0.013,19,2.86,1,77.0,65.94,1,0.44,26.6,50.0,60.0,3,169.74,12,13.7736,0.7655,0.143,0
37,38.59,1.396,18,4.91,0,7.0,0.0,1,0.649,1.1,55.0,90.0,5,326.33,8,13.3811,0.0,0.2584,0
5,16.23,-0.444,16,1.88,0,5.0,0.0,1,0.442,3.6,45.0,49.0,1,302.08,52,5.1005,0.0,0.1106,0
2,13.79,0.717,10,2.46,1,56.0,12.66,1,0.967,1.6,38.0,40.0,2,68.56,8,2.9596,0.856,0.2236,0
14,43.78,-0.202,20,2.38,1,23.0,37.56,1,0.794,5.1,48.0,70.0,5,207.71,52,10.2954,0.8388,0.1133,0
10,39.38,0.325,8,2.15,1,82.0,19.34,1,0.893,22.9,83.0,89.0,4,265.72,4,8.8682,0.4789,0.2389,0
12,16.83,0.384,14,4.51,0,8.0,0.0,0,,,51.0,29.0,6,318.66,8,7.3893,0.0,0.3007,1
22,40.21,-0.365,15,5.02,0,12.0,0.0,0,,,20.0,22.0,3,228.5,8,11.6599,0.0,0.3137,1
29,216.85,0.716,12,3.48,0,1.0,0.0,1,0.863,0.7,33.0,57.0,7,305.54,52,18.3114,0.0,0.2677,0
33,65.77,0.596,14,4.71,1,48.0,25.54,1,0.699,0.1,51.0,90.0,17,596.93,8,14.8151,0.3825,0.314,0
21,80.18,-0.886,18,3.19,1,91.0,25.98,1,0.737,0.6,79.0,79.0,7,182.43,4,13.5903,0.32,0.1679,0
9,20.18,0.341,11,2.8,0,2.0,0.0,1,0.37,0.3,31.0,57.0,2,482.02,8,7.0299,0.0,0.2333,0
8,26.5,0.548,10,1.09,0,5.0,0.0,0,,,67.0,74.0,1,208.51,12,7.282,0.0,0.0991,1
27,21.26,0.307,12,3.26,0,7.0,0.0,0,,,71.0,66.0,9,835.03,12,10.3391,0.0,0.2508,1
16,102.21,1.093,15,3.07,1,58.0,24.35,0,,,36.0,53.0,9,184.46,4,13.1369,0.2359,0.1919,1
28,69.28,0.394,14,4.92,0,3.0,0.0,1,0.839,2.3,64.0,56.0,2,194.03,8,14.3194,0.0,0.328,0
25,157.36,0.664,16,7.59,1,54.0,45.96,0,,,37.0,86.0,8,218.28,8,16.5018,0.2902,0.4465,1
17,24.55,0.067,14,1.55,0,8.0,0.0,0,,,46.0,74.0,2,192.74,8,9.3666,0.0,0.1033,1
25,53.4,0.093,14,5.55,0,11.0,0.0,0,,,76.0,80.0,9,599.72,4,13.0205,0.0,0.37,1
12,49.67,-0.637,16,6.66,1,41.0,44.48,1,0.772,16.4,71.0,63.0,4,187.15,24,10.0683,0.8778,0.3918,0
24,29.31,-0.095,15,6.25,1,63.0,29.99,0,,,50.0,52.0,2,218.68,24,10.9811,0.9894,0.3906,1
5,17.17,0.313,10,3.04,0,12.0,0.0,1,0.936,6.0,71.0,70.0,0,78.98,8,5.1957,0.0,0.2764,0
6,21.16,-0.689,8,1.68,0,3.0,0.0,1,0.713,24.5,37.0,68.0,5,67.22,12,6.029,0.0,0.1867,0
6,23.35,0.174,7,1.26,1,40.0,13.0,0,,,45.0,88.0,0,353.4,8,6.2124,0.5339,0.1575,1
15,119.39,0.602,21,2.94,0,22.0,0.0,0,,,29.0,96.0,9,138.94,8,13.2827,0.0,0.1336,1
13,22.5,-0.361,7,3.3,1,50.0,20.31,1,0.829,0.2,58.0,22.0,8,211.43,12,8.3315,0.8643,0.4125,0
6,34.16,-0.359,7,2.27,0,0.0,0.0,0,,,27.0,39.0,3,117.64,8,6.9273,0.0,0.2838,1
9,63.16,0.314,8,1.19,1,55.0,26.31,1,0.698,12.2,40.0,72.0,4,224.99,4,9.5819,0.4101,0.1322,0
27,34.13,-0.187,12,4.39,1,81.0,44.98,1,0.667,5.2,54.0,46.0,8,51.35,24,11.8595,1.2804,0.3377,0
13,21.95,0.127,8,3.09,0,2.0,0.0,0,,,48.0,60.0,3,314.37,24,8.269,0.0,0.3433,1
16,68.56,-1.475,14,9.41,1,76.0,14.84,0,,,60.0,80.0,6,621.51,8,12.019,0.2133,0.6273,1
11,63.24,-0.182,11,2.42,0,9.0,0.0,1,0.942,0.5,71.0,83.0,7,241.83,4,10.3437,0.0,0.2017,0
10,26.77,-0.081,6,2.65,0,8.0,0.0,1,0.914,15.3,84.0,33.0,1,121.57,8,7.9705,0.0,0.3786,0
5,18.12,-0.036,7,1.1,0,7.0,0.0,0,,,30.0,22.0,2,473.45,12,5.287,0.0,0.1375,1
31,78.64,0.264,20,5.23,1,63.0,49.51,1,0.733,5.7,55.0,64.0,13,152.02,8,15.1713,0.6217,0.249,0
9,22.87,0.574,13,2.9,0,4.0,0.0,1,0.784,1.9,61.0,81.0,4,247.14,8,7.3052,0.0,0.2071,0
27,20.66,0.848,16,9.65,0,8.0,0.0,1,0.806,9.0,48.0,59.0,2,809.37,4,10.2481,0.0,0.5676,0
15,40.87,0.446,4,3.14,0,4.0,0.0,0,,,22.0,58.0,3,654.92,12,10.3544,0.0,0.628,1
17,65.55,0.262,15,7.03,0,4.0,0.0,1,0.834,33.9,47.0,36.0,5,497.4,12,12.1336,0.0,0.4394,0
18,25.8,-0.983,15,6.56,0,3.0,0.0,0,,,29.0,69.0,3,191.69,4,9.6825,0.0,0.41,1
19,95.13,0.959,11,3.81,1,53.0,24.23,1,0.805,3.5,31.0,78.0,5,339.54,8,13.6776,0.2521,0.3175,0
14,43.82,0.401,18,1.7,1,78.0,13.52,1,0.759,10.5,37.0,65.0,5,286.41,8,10.2978,0.3017,0.0895,0
5,117.73,-0.832,10,1.8,0,2.0,0.0,1,0.768,11.1,45.0,33.0,3,293.73,12,8.559,0.0,0.1636,0
5,12.27,-0.951,9,1.94,1,98.0,9.95,0,,,43.0,17.0,2,125.28,24,4.6326,0.7498,0.194,1
11,23.6,-0.372,13,3.96,0,8.0,0.0,0,,,58.0,74.0,5,348.32,8,7.9585,0.0,0.2829,1
11,11.72,0.306,10,1.79,0,8.0,0.0,1,0.872,29.0,30.0,68.0,3,131.48,4,6.3196,0.0,0.1627,0
11,38.56,0.635,15,2.8,1,50.0,19.37,0,,,17.0,42.0,7,547.96,24,9.139,0.4896,0.175,1
5,14.21,-0.141,9,1.46,0,7.0,0.0,1,0.831,29.2,42.0,84.0,1,443.25,4,4.8771,0.0,0.146,0
14,47.39,0.355,9,2.99,0,11.0,0.0,0,,,89.0,58.0,7,1041.81,8,10.5053,0.0,0.299,1
9,20.92,0.304,10,0.98,0,18.0,0.0,1,0.892,30.5,25.0,78.0,4,49.45,8,7.109,0.0,0.0891,0
13,85.93,-0.262,12,1.83,0,14.0,0.0,0,,,38.0,65.0,3,291.39,12,11.7837,0.0,0.1408,1
10,83.39,0.315,13,1.99,0,2.0,0.0,1,0.771,5.6,31.0,89.0,3,206.12,8,10.6357,0.0,0.1421,0
26,29.26,0.346,13,7.32,0,1.0,0.0,0,,,67.0,52.0,11,344.92,12,11.2382,0.0,0.5229,1
22,20.1,1.133,13,4.13,0,6.0,0.0,0,,,25.0,52.0,10,97.51,24,9.561,0.0,0.295,1
19,270.31,0.894,16,2.71,0,1.0,0.0,1,0.683,14.7,28.0,72.0,7,239.48,8,16.7859,0.0,0.1594,0
16,56.91,-0.817,8,5.22,1,22.0,21.19,0,,,27.0,88.0,8,172.89,8,11.4997,0.3659,0.58,1
22,165.63,0.203,18,10.56,0,7.0,0.0,0,,,70.0,60.0,9,415.05,4,16.0405,0.0,0.5558,1
32,73.31,0.355,21,11.4,0,2.0,0.0,1,0.834,3.8,74.0,65.0,10,830.6,24,15.0638,0.0,0.5182,0
7,12.12,-0.461,5,2.02,1,78.0,26.43,0,,,64.0,24.0,4,59.75,24,5.3528,2.0145,0.3367,1
26,31.15,-0.05,20,4.4,1,83.0,15.31,1,0.835,0.4,66.0,57.0,6,362.53,8,11.4379,0.4762,0.2095,0
17,26.18,0.027,9,4.86,0,9.0,0.0,0,,,19.0,95.0,5,226.72,24,9.5454,0.0,0.486,1
17,36.73,-0.017,16,6.39,0,3.0,0.0,0,,,52.0,55.0,4,213.09,8,10.4934,0.0,0.3759,1
20,95.67,0.369,17,3.23,1,82.0,15.48,0,,,28.0,66.0,10,491.47,24,13.9174,0.1601,0.1794,1
15,60.42,-0.684,10,3.1,0,0.0,0.0,1,0.714,70.5,36.0,79.0,5,284.55,4,11.4168,0.0,0.2818,0
11,31.72,-0.784,13,2.81,1,68.0,19.8,0,,,12.0,29.0,7,67.15,12,8.6673,0.6051,0.2007,1
8,40.29,-0.092,5,1.09,0,4.0,0.0,0,,,21.0,72.0,2,79.22,4,8.175,0.0,0.1817,1
33,129.13,0.093,18,6.74,1,24.0,41.34,1,0.692,2.4,34.0,91.0,12,267.6,8,17.1682,0.3177,0.3547,0
11,52.91,0.105,14,1.38,0,14.0,0.0,1,0.405,36.5,87.0,35.0,5,183.8,12,9.9081,0.0,0.092,0
18,54.42,0.852,20,5.21,1,37.0,28.55,1,0.545,15.8,41.0,76.0,8,584.56,24,11.8217,0.5152,0.2481,0
37,91.31,1.678,14,5.14,0,1.0,0.0,1,0.875,6.2,61.0,95.0,10,742.85,8,16.4606,0.0,0.3427,0
11,10.68,-1.289,13,4.76,0,1.0,0.0,0,,,58.0,75.0,5,353.21,4,6.1076,0.0,0.34,1
18,32.82,0.599,19,6.68,0,5.0,0.0,1,0.656,5.9,77.0,74.0,4,204.93,52,10.3675,0.0,0.334,0
15,45.39,-0.578,16,2.52,1,54.0,23.28,0,,,43.0,61.0,3,255.33,8,10.6387,0.5018,0.1482,1
15,46.24,0.319,10,8.55,0,1.0,0.0,0,,,50.0,94.0,5,223.78,12,10.689,0.0,0.7773,1
24,80.51,-0.397,19,3.51,0,0.0,0.0,1,0.716,1.9,42.0,72.0,4,391.67,8,14.1654,0.0,0.1755,0
19,170.23,0.411,19,3.11,0,8.0,0.0,0,,,62.0,85.0,3,149.5,4,15.4071,0.0,0.1555,1
13,12.15,0.846,8,2.07,1,72.0,23.14,1,0.543,3.6,30.0,77.0,5,237.51,8,6.7993,1.7597,0.23,0
11,43.11,-2.086,18,6.17,1,25.0,36.26,1,0.722,10.1,72.0,44.0,8,177.47,4,9.4096,0.822,0.3247,0
11,77.88,-0.592,24,1.03,1,48.0,42.93,0,,,73.0,65.0,7,1202.09,4,10.8539,0.5442,0.0412,1
7,28.52,-0.83,16,2.3,0,21.0,0.0,1,0.825,0.7,39.0,61.0,5,479.78,4,7.0391,0.0,0.1353,0
9,26.88,-1.241,13,7.44,1,56.0,10.31,0,,,35.0,88.0,1,135.18,24,7.6628,0.3698,0.5314,1
13,27.33,-0.029,18,2.98,1,73.0,16.56,0,,,67.0,53.0,3,134.46,12,8.8248,0.5845,0.1568,1
30,105.42,0.457,23,7.46,1,51.0,32.02,0,,,36.0,73.0,8,142.15,8,16.0278,0.3009,0.3108,1
36,80.6,0.611,16,10.96,1,73.0,55.73,0,,,65.0,36.0,7,223.96,8,15.8946,0.683,0.6447,1
9,18.49,0.211,12,2.69,0,8.0,0.0,0,,,24.0,49.0,3,93.65,12,6.8385,0.0,0.2069,1
7,51.96,-0.36,5,1.19,0,1.0,0.0,1,0.793,40.8,50.0,55.0,1,262.1,12,8.2544,0.0,0.1983,0
19,55.99,-0.303,18,4.89,1,50.0,45.26,0,,,61.0,64.0,8,317.76,8,12.1114,0.7942,0.2574,1
13,31.93,0.401,19,6.71,1,83.0,14.55,0,,,41.0,30.0,6,149.19,4,9.2219,0.4418,0.3355,1
25,112.86,0.896,9,4.91,1,87.0,35.44,0,,,45.0,93.0,11,250.18,8,15.427,0.3113,0.491,1
33,174.27,-0.092,14,3.63,0,11.0,0.0,0,,,54.0,29.0,10,449.91,4,18.2183,0.0,0.242,1
19,65.75,-0.209,14,4.16,1,34.0,14.46,1,0.68,11.9,25.0,47.0,7,941.82,4,12.5849,0.2166,0.2773,0
14,38.64,-0.55,14,2.25,0,5.0,0.0,1,0.847,2.2,39.0,52.0,4,423.99,4,9.9652,0.0,0.15,0
18,36.26,0.332,15,2.31,0,18.0,0.0,0,,,52.0,85.0,9,136.45,4,10.6527,0.0,0.1444,1
23,81.3,2.321,13,13.29,0,4.0,0.0,1,0.899,26.3,84.0,63.0,10,290.63,4,14.0164,0.0,0.9493,0
23,78.65,0.81,16,3.14,0,5.0,0.0,0,,,50.0,42.0,10,658.08,4,13.9124,0.0,0.1847,1
23,17.82,0.37,23,3.65,1,91.0,39.76,0,,,77.0,64.0,7,101.94,8,9.3273,2.1126,0.1521,1
15,37.25,0.825,7,1.93,0,7.0,0.0,0,,,31.0,24.0,5,1192.84,8,10.1037,0.0,0.2412,1
25,46.74,-0.399,22,3.56,0,3.0,0.0,1,0.788,11.1,43.0,33.0,8,412.12,8,12.5951,0.0,0.1548,0
22,119.39,0.019,19,2.75,0,2.0,0.0,0,,,38.0,72.0,10,845.11,8,15.0213,0.0,0.1375,1
14,30.76,0.051,10,1.12,0,3.0,0.0,0,,,15.0,46.0,8,403.25,12,9.365,0.0,0.1018,1
6,29.48,0.111,9,2.84,1,86.0,9.57,1,0.78,45.6,60.0,85.0,2,141.95,4,6.6493,0.314,0.284,0
27,51.83,0.597,9,3.04,1,72.0,11.42,1,0.929,29.3,76.0,77.0,10,100.09,4,13.2191,0.2162,0.304,0
16,81.22,-0.246,17,2.66,0,0.0,0.0,0,,,37.0,43.0,5,213.7,4,12.4928,0.0,0.1478,1
21,116.45,0.469,8,3.33,0,1.0,0.0,1,0.908,24.6,49.0,69.0,10,303.64,8,14.7319,0.0,0.37,0
16,126.65,0.645,17,3.18,0,10.0,0.0,0,,,40.0,64.0,5,600.66,8,13.7391,0.0,0.1767,1
8,12.53,0.512,17,4.23,0,5.0,0.0,0,,,29.0,63.0,7,249.03,12,5.7236,0.0,0.235,1
13,15.64,1.224,9,1.73,0,4.0,0.0,1,0.662,31.2,41.0,53.0,1,160.62,12,7.4205,0.0,0.173,0
25,62.98,1.016,28,15.69,1,93.0,26.48,1,0.948,3.0,61.0,50.0,17,467.17,8,13.549,0.4139,0.541,0
12,68.84,-0.629,9,5.96,0,13.0,0.0,1,0.538,3.2,53.0,71.0,3,318.81,4,10.8913,0.0,0.596,0
21,109.17,0.759,9,2.24,0,1.0,0.0,1,0.896,14.3,34.0,77.0,2,187.17,52,14.5342,0.0,0.224,0
7,82.46,0.015,9,6.04,0,18.0,0.0,0,,,45.0,69.0,5,115.23,52,9.2002,0.0,0.604,1
11,24.59,-0.867,2,2.31,0,12.0,0.0,1,0.849,37.9,88.0,22.0,0,246.62,4,8.0566,0.0,0.77,0
15,26.87,0.501,14,1.79,1,88.0,30.21,0,,,39.0,89.0,2,209.64,12,9.2259,1.084,0.1193,1
8,46.26,-0.976,11,0.91,0,15.0,0.0,0,,,50.0,74.0,2,80.07,12,8.4718,0.0,0.0758,1
19,60.34,-0.23,12,5.65,0,0.0,0.0,0,,,51.0,54.0,4,214.68,12,12.3317,0.0,0.4346,1
11,16.53,-1.144,14,1.23,0,20.0,0.0,0,,,25.0,60.0,2,99.08,8,7.1166,0.0,0.082,1
23,120.54,0.282,21,3.4,0,18.0,0.0,0,,,56.0,88.0,5,1236.78,12,15.2554,0.0,0.1545,1
21,161.45,0.178,20,3.08,0,4.0,0.0,0,,,70.0,96.0,7,284.54,4,15.7346,0.0,0.1467,1
15,19.81,0.071,11,3.38,1,82.0,10.85,0,,,22.0,78.0,4,553.27,8,8.416,0.5214,0.2817,1
8,49.82,-0.293,17,2.12,0,6.0,0.0,0,,,26.0,46.0,6,320.57,8,8.6313,0.0,0.1178,1
27,22.69,-0.603,5,2.31,1,34.0,19.19,0,,,45.0,65.0,8,110.61,4,10.5466,0.81,0.385,1
29,36.49,1.94,24,4.56,1,55.0,24.63,0,,,35.0,83.0,10,140.68,4,12.3262,0.657,0.1824,1
10,38.87,-0.383,10,2.3,0,8.0,0.0,0,,,53.0,87.0,5,589.98,8,8.8377,0.0,0.2091,1
9,31.13,1.043,12,1.38,0,2.0,0.0,0,,,49.0,70.0,3,110.61,24,7.9895,0.0,0.1062,1
17,29.73,-0.055,12,2.68,1,58.0,15.36,1,0.923,2.9,60.0,76.0,2,518.47,52,9.9002,0.4998,0.2062,0
16,34.88,-0.336,15,2.22,0,4.0,0.0,0,,,27.0,87.0,4,212.0,4,10.1434,0.0,0.1388,1
21,50.2,-0.353,16,2.67,0,7.0,0.0,1,0.811,7.8,64.0,64.0,8,447.62,12,12.1655,0.0,0.1571,0
3,17.99,0.042,14,2.24,0,7.0,0.0,1,0.729,2.3,62.0,85.0,2,96.25,4,4.0811,0.0,0.1493,0
24,122.95,0.146,22,4.58,0,12.0,0.0,0,,,58.0,57.0,5,777.89,24,15.5146,0.0,0.1991,1
14,46.5,1.272,13,1.52,1,87.0,24.22,0,,,58.0,89.0,9,103.58,24,10.455,0.5099,0.1086,1
15,64.32,1.367,18,4.28,1,70.0,32.28,0,,,45.0,91.0,6,308.29,24,11.5875,0.4942,0.2253,1
22,86.91,0.093,16,2.7,0,5.0,0.0,0,,,46.0,86.0,8,213.74,12,14.0355,0.0,0.1588,1
24,117.76,-0.348,12,1.88,0,6.0,0.0,1,0.383,0.3,51.0,78.0,6,286.7,12,15.3769,0.0,0.1446,0
15,47.21,-0.631,11,5.57,1,58.0,29.08,0,,,25.0,81.0,8,202.52,8,10.7454,0.6032,0.4642,1
14,39.45,-0.4,11,2.13,0,1.0,0.0,0,,,36.0,86.0,8,147.39,8,10.02,0.0,0.1775,1
14,167.96,-0.81,13,1.7,0,2.0,0.0,1,0.788,29.5,22.0,63.0,3,411.1,4,13.8914,0.0,0.1214,0
16,27.55,0.929,9,3.21,1,68.0,16.67,0,,,57.0,95.0,3,83.4,8,9.496,0.5839,0.321,1
11,18.81,0.528,10,3.38,0,1.0,0.0,0,,,79.0,59.0,4,376.23,8,7.4204,0.0,0.3073,1
9,131.08,0.4,18,2.42,0,4.0,0.0,1,0.537,3.1,46.0,55.0,7,454.24,4,11.2445,0.0,0.1274,0
15,45.6,0.056,15,1.54,1,71.0,55.89,1,0.776,3.1,47.0,62.0,5,205.85,8,10.6512,1.1994,0.0962,0
14,17.45,0.476,6,1.29,1,31.0,27.67,0,,,40.0,59.0,5,208.94,4,7.8941,1.4997,0.1843,1
11,73.08,-1.025,10,1.63,0,0.0,0.0,0,,,12.0,53.0,6,118.21,8,10.6979,0.0,0.1482,1
7,76.93,-0.571,10,3.45,0,1.0,0.0,0,,,64.0,33.0,1,131.1,8,9.0577,0.0,0.3136,1
4,25.54,-1.219,7,1.2,0,1.0,0.0,0,,,32.0,86.0,5,128.01,24,5.2768,0.0,0.15,1
7,136.92,-0.222,15,4.16,1,62.0,12.04,1,0.933,33.6,71.0,50.0,3,539.46,8,10.2447,0.0873,0.26,0
13,144.25,0.512,16,2.87,0,1.0,0.0,1,0.898,3.6,34.0,37.0,6,516.1,24,13.1384,0.0,0.1688,0
12,63.06,-0.05,12,3.98,0,12.0,0.0,1,0.826,18.6,33.0,66.0,5,332.82,8,10.6697,0.0,0.3062,0
29,67.32,0.335,13,2.94,1,59.0,17.2,1,0.864,1.6,67.0,79.0,9,363.19,4,14.3673,0.2518,0.21,0
24,85.26,0.369,20,6.47,0,1.0,0.0,0,,,31.0,79.0,2,400.59,8,14.3477,0.0,0.3081,1
5,39.21,-0.923,15,1.57,0,0.0,0.0,1,0.389,2.9,43.0,27.0,4,187.53,8,6.619,0.0,0.0981,0
20,33.76,-0.521,10,3.21,0,21.0,0.0,0,,,75.0,42.0,7,317.44,8,10.8034,0.0,0.2918,1
17,60.67,1.006,18,4.35,0,1.0,0.0,0,,,25.0,85.0,9,347.9,4,11.9135,0.0,0.2289,1
18,45.61,-0.081,13,4.41,0,2.0,0.0,0,,,44.0,36.0,9,172.42,4,11.312,0.0,0.315,1
9,48.42,0.354,14,1.75,0,12.0,0.0,0,,,52.0,75.0,4,751.04,12,8.9809,0.0,0.1167,1
5,21.25,-0.432,6,4.69,1,29.0,24.04,0,,,25.0,51.0,5,560.13,12,5.5587,1.0804,0.67,1
24,94.07,1.265,15,5.3,1,33.0,37.06,1,0.574,4.0,34.0,69.0,7,518.78,4,14.6607,0.3898,0.3312,0
12,39.2,0.425,13,1.38,0,8.0,0.0,1,0.668,46.9,12.0,94.0,4,214.97,24,9.4746,0.0,0.0986,0
18,21.0,-0.079,12,2.27,0,3.0,0.0,0,,,56.0,40.0,7,285.67,24,9.1014,0.0,0.1746,1
27,35.66,0.558,14,1.85,0,10.0,0.0,0,,,73.0,83.0,1,488.17,52,12.0016,0.0,0.1233,1
11,53.24,0.336,12,3.8,0,11.0,0.0,1,0.944,33.8,41.0,53.0,6,506.59,24,9.9233,0.0,0.2923,0
15,57.15,-0.263,8,5.71,1,43.0,17.79,0,,,66.0,49.0,3,245.86,12,11.2651,0.3059,0.6344,1
16,47.76,0.1,10,8.49,0,6.0,0.0,0,,,32.0,51.0,2,309.84,52,11.0124,0.0,0.7718,1
12,164.25,0.502,7,1.24,1,49.0,6.89,0,,,70.0,63.0,0,374.07,12,13.1004,0.0417,0.155,1
23,144.06,0.5,15,4.53,0,6.0,0.0,0,,,49.0,39.0,11,198.26,12,15.8176,0.0,0.2831,1
34,51.69,1.474,23,2.33,1,83.0,28.97,1,0.968,1.6,70.0,59.0,8,219.47,4,14.0949,0.5498,0.0971,0
11,33.96,0.148,12,6.16,0,14.0,0.0,1,0.715,4.9,55.0,78.0,4,291.71,12,8.8319,0.0,0.4738,0
36,46.41,1.308,20,4.0,1,61.0,58.51,0,,,60.0,87.0,9,509.43,8,13.9339,1.2341,0.1905,1
34,40.13,1.0,16,4.26,1,62.0,15.2,0,,,76.0,78.0,12,252.31,24,13.2143,0.3696,0.2506,1
15,19.34,-1.066,11,2.13,0,11.0,0.0,0,,,11.0,92.0,2,161.84,8,8.3527,0.0,0.1775,1
13,44.21,-0.59,15,3.19,1,75.0,31.73,1,0.626,37.9,90.0,37.0,7,723.55,24,10.0583,0.7018,0.1994,0
7,46.38,-0.246,7,1.83,0,6.0,0.0,0,,,48.0,47.0,2,190.42,12,8.0229,0.0,0.2288,1
9,82.54,0.756,11,0.72,1,26.0,21.52,0,,,61.0,64.0,3,125.61,12,10.1897,0.2576,0.06,1
19,206.14,0.02,17,5.48,1,24.0,81.32,0,,,74.0,87.0,1,392.45,4,15.9774,0.3926,0.3044,1
14,56.84,-1.002,10,1.6,0,4.0,0.0,1,0.922,0.1,49.0,25.0,5,109.11,8,10.9884,0.0,0.1455,0
26,86.69,0.576,18,3.77,0,7.0,0.0,0,,,61.0,40.0,6,64.05,12,14.7449,0.0,0.1984,1
23,128.76,-0.176,12,5.31,0,0.0,0.0,0,,,54.0,70.0,6,151.81,12,15.4634,0.0,0.4085,1
11,34.69,-1.559,11,1.5,0,2.0,0.0,1,0.786,17.2,14.0,88.0,6,96.33,24,8.8832,0.0,0.125,0
27,62.93,0.171,15,4.92,1,45.0,14.76,0,,,42.0,83.0,7,249.35,8,13.8546,0.2309,0.3075,1
23,24.66,1.675,9,1.43,1,45.0,18.98,0,,,69.0,38.0,8,179.59,8,10.3126,0.7397,0.143,1
13,41.85,1.111,18,2.39,1,42.0,31.99,1,0.853,33.2,92.0,28.0,5,898.07,12,9.9168,0.7466,0.1258,0
16,26.43,-0.333,13,7.39,0,0.0,0.0,0,,,44.0,47.0,7,440.57,4,9.3826,0.0,0.5279,1
5,36.6,-0.353,9,1.92,1,54.0,9.52,0,,,53.0,60.0,5,151.34,12,6.4987,0.2532,0.192,1
20,91.51,0.805,17,3.17,1,68.0,10.56,1,0.353,2.2,51.0,63.0,2,401.79,8,13.7835,0.1141,0.1761,0
5,24.82,0.051,10,1.94,1,65.0,13.82,0,,,81.0,78.0,2,361.23,8,5.8253,0.5352,0.1764,1
13,40.01,0.213,16,3.93,0,0.0,0.0,1,0.835,6.9,31.0,66.0,4,244.76,8,9.801,0.0,0.2312,0
12,54.94,0.062,15,1.73,0,12.0,0.0,1,0.634,16.0,34.0,82.0,6,114.94,24,10.3221,0.0,0.1081,0
8,78.14,-0.053,14,8.65,1,15.0,21.11,0,,,70.0,71.0,8,519.42,4,9.6045,0.2667,0.5767,1
20,49.08,0.306,21,1.83,0,1.0,0.0,0,,,32.0,8.0,6,552.35,52,11.9151,0.0,0.0832,1
22,87.23,-0.175,13,5.12,0,3.0,0.0,1,0.749,12.2,67.0,87.0,5,926.29,8,14.0468,0.0,0.3657,0
11,26.46,-0.12,13,1.65,0,6.0,0.0,0,,,60.0,22.0,1,290.91,8,8.2318,0.0,0.1179,1
9,62.73,-0.594,8,1.26,1,77.0,8.72,1,0.541,13.5,3.0,43.0,5,42.81,52,9.5664,0.1368,0.14,0
41,33.96,0.961,22,2.73,1,65.0,43.08,0,,,84.0,62.0,15,143.85,12,13.2844,1.2323,0.1187,1
24,83.54,0.162,20,4.1,0,1.0,0.0,0,,,44.0,76.0,11,671.83,12,14.2829,0.0,0.1952,1
19,47.26,-0.449,16,2.14,0,1.0,0.0,1,0.575,6.1,42.0,97.0,3,464.38,4,11.6133,0.0,0.1259,0
14,34.01,-0.488,18,3.67,0,8.0,0.0,1,0.977,31.7,58.0,93.0,2,88.89,8,9.6288,0.0,0.1932,0
14,25.47,-0.243,7,3.09,0,7.0,0.0,0,,,42.0,69.0,6,221.76,8,8.8716,0.0,0.3862,1
39,128.12,0.25,27,3.56,0,9.0,0.0,0,,,56.0,90.0,6,374.66,8,17.9307,0.0,0.1271,1
18,105.8,0.203,13,1.76,1,37.0,17.96,1,0.954,5.7,57.0,79.0,4,492.37,24,13.7534,0.1682,0.1257,0
37,88.62,-0.13,18,1.47,0,1.0,0.0,1,0.795,2.4,52.0,38.0,7,820.35,12,16.3531,0.0,0.0774,0
23,106.38,0.881,19,8.93,1,41.0,33.72,0,,,42.0,86.0,10,191.06,12,14.8618,0.314,0.4465,1
22,49.3,0.158,9,2.75,1,72.0,20.03,0,,,45.0,91.0,8,156.45,8,12.2849,0.3982,0.275,1
23,118.9,-0.369,14,2.5,0,6.0,0.0,1,0.774,7.7,39.0,37.0,5,258.71,4,15.2123,0.0,0.1667,0
24,26.55,0.062,19,6.02,1,48.0,20.23,1,0.805,29.7,77.0,70.0,11,138.74,8,10.6738,0.7343,0.301,0
8,39.97,0.208,14,1.45,0,23.0,0.0,1,0.856,5.1,38.0,16.0,3,192.99,8,8.1579,0.0,0.0967,0
22,48.58,-0.004,14,7.29,1,23.0,42.92,0,,,79.0,33.0,6,141.09,4,12.2397,0.8657,0.486,1
15,31.3,0.599,11,2.18,0,0.0,0.0,1,0.835,3.5,77.0,56.0,3,222.75,24,9.6349,0.0,0.1817,0
17,38.52,-0.722,9,3.31,1,70.0,11.23,0,,,23.0,79.0,5,294.72,24,10.6273,0.2842,0.331,1
9,69.71,0.021,15,1.43,0,3.0,0.0,1,0.721,26.6,69.0,63.0,5,363.45,8,9.8058,0.0,0.0894,0
28,24.21,0.755,16,3.91,1,87.0,45.27,0,,,58.0,41.0,6,538.2,4,10.8671,1.7957,0.23,1
33,215.87,1.287,20,8.15,0,5.0,0.0,0,,,59.0,86.0,11,214.82,12,18.9693,0.0,0.3881,1
15,36.4,0.074,14,1.67,1,72.0,41.66,1,0.864,1.0,64.0,78.0,4,157.44,8,10.0414,1.1139,0.1113,0
9,16.44,-0.743,6,4.66,0,11.0,0.0,0,,,38.0,48.0,5,419.43,52,6.5826,0.0,0.6657,1
9,63.67,0.529,17,6.26,1,46.0,31.78,1,0.664,3.1,70.0,71.0,2,130.81,4,9.6002,0.4914,0.3478,0
24,35.26,0.032,16,3.46,0,3.0,0.0,1,0.654,13.6,64.0,64.0,6,401.08,4,11.5581,0.0,0.2035,0
9,69.82,-0.205,7,2.37,0,3.0,0.0,1,0.796,6.3,27.0,48.0,3,351.78,12,9.8093,0.0,0.2962,0
11,97.39,-0.549,11,4.4,1,89.0,19.76,0,,,51.0,49.0,3,117.36,12,11.4031,0.2008,0.3667,1
25,32.69,1.715,17,1.91,1,73.0,41.84,1,0.785,0.3,51.0,71.0,8,668.46,8,11.4594,1.2419,0.1061,0
26,147.39,-0.769,17,1.69,0,10.0,0.0,1,0.723,1.3,28.0,22.0,8,251.18,8,16.4787,0.0,0.0939,0
9,44.12,-0.449,11,2.79,1,27.0,58.26,0,,,60.0,44.0,5,212.45,4,8.7713,1.2912,0.2325,1
13,15.7,-0.7,11,2.46,0,1.0,0.0,0,,,18.0,83.0,2,148.02,24,7.43,0.0,0.205,1
11,32.08,-0.294,14,1.66,0,18.0,0.0,1,0.497,36.7,42.0,85.0,1,132.95,4,8.6945,0.0,0.1107,0
10,73.78,0.041,9,1.94,0,2.0,0.0,0,,,76.0,71.0,3,252.79,12,10.3458,0.0,0.194,1
9,46.19,-1.078,4,1.88,1,25.0,25.6,0,,,55.0,95.0,3,181.16,24,8.8746,0.5425,0.376,1
23,20.25,-0.074,16,4.95,0,13.0,0.0,1,0.861,10.4,69.0,59.0,7,530.9,52,9.7133,0.0,0.2912,0
23,44.8,-0.269,15,3.78,1,63.0,13.43,1,0.944,2.9,43.0,66.0,4,115.68,12,12.1538,0.2932,0.2362,0
9,14.35,-1.223,11,1.16,0,6.0,0.0,1,0.706,11.2,15.0,70.0,2,146.42,12,6.2886,0.0,0.0967,0
11,66.69,0.058,8,1.36,0,11.0,0.0,1,0.701,7.7,33.0,53.0,5,133.45,24,10.4737,0.0,0.1511,0
28,84.44,0.601,26,7.28,0,1.0,0.0,1,0.731,3.3,73.0,90.0,13,276.23,8,14.9771,0.0,0.2696,0
11,60.47,0.058,9,1.86,0,5.0,0.0,1,0.738,11.5,19.0,61.0,3,116.4,24,10.2342,0.0,0.186,0
11,24.15,0.65,11,1.56,0,3.0,0.0,1,0.721,18.8,36.0,98.0,6,177.52,8,8.0135,0.0,0.13,0
10,37.33,0.278,7,1.07,0,8.0,0.0,0,,,72.0,19.0,4,343.57,12,8.7433,0.0,0.1338,1
16,101.99,0.382,18,3.26,1,60.0,13.12,1,0.814,4.6,33.0,84.0,5,295.84,8,13.1309,0.1274,0.1716,0
22,81.7,0.516,15,2.24,0,2.0,0.0,1,0.746,53.8,20.0,85.0,10,289.57,4,13.8439,0.0,0.14,0
34,31.01,0.435,18,5.8,0,2.0,0.0,0,,,43.0,78.0,7,1626.75,52,12.323,0.0,0.3053,1
14,56.0,-0.03,12,1.83,0,11.0,0.0,0,,,12.0,53.0,0,531.68,4,10.9488,0.0,0.1408,1
10,69.94,0.557,15,3.31,0,6.0,0.0,0,,,53.0,66.0,1,177.99,12,10.2194,0.0,0.2069,1
24,42.03,0.692,15,2.72,1,52.0,20.79,1,0.733,2.2,39.0,44.0,7,624.18,12,12.1091,0.4832,0.17,0
21,100.02,0.352,17,2.56,0,1.0,0.0,0,,,49.0,56.0,4,491.81,8,14.2661,0.0,0.1422,1
4,14.01,-0.37,10,1.65,0,18.0,0.0,1,0.387,2.8,38.0,83.0,6,147.65,52,4.3595,0.0,0.15,0
30,68.35,-0.703,21,7.32,1,59.0,24.98,1,0.772,2.3,73.0,92.0,14,723.2,8,14.5572,0.3602,0.3327,0
28,28.46,0.591,16,2.5,1,79.0,66.94,0,,,50.0,60.0,9,445.98,12,11.3917,2.2722,0.1471,1
10,20.87,-0.03,13,1.37,0,13.0,0.0,1,0.736,30.8,41.0,69.0,3,177.38,8,7.3978,0.0,0.0979,0
20,31.84,0.659,20,1.62,0,0.0,0.0,1,0.658,3.8,62.0,79.0,8,448.26,8,10.6304,0.0,0.0771,0
10,40.6,0.194,7,2.45,0,5.0,0.0,1,0.804,22.5,20.0,88.0,1,198.43,12,8.9396,0.0,0.3062,0
26,17.04,0.728,24,2.58,0,13.0,0.0,1,0.803,14.9,45.0,79.0,12,463.04,12,9.5335,0.0,0.1032,0
24,151.12,-0.096,25,6.95,1,28.0,26.66,1,0.852,5.8,58.0,98.0,6,895.32,8,16.1738,0.1753,0.2673,0
4,40.12,-1.459,11,1.99,0,13.0,0.0,0,,,27.0,38.0,4,143.86,8,5.9815,0.0,0.1658,1
11,28.4,0.121,11,0.92,1,42.0,17.22,1,0.879,7.1,34.0,69.0,4,56.18,4,8.4015,0.5857,0.0767,0
23,274.39,0.2,19,3.13,1,52.0,46.91,1,0.809,8.5,34.0,97.0,4,75.96,12,17.8549,0.1703,0.1565,0
9,16.34,-0.84,14,3.79,0,9.0,0.0,0,,,81.0,84.0,4,284.14,4,6.5693,0.0,0.2527,1
24,45.46,-0.245,22,4.55,1,73.0,22.69,0,,,79.0,69.0,6,1149.57,24,12.356,0.4884,0.1978,1
14,24.97,-1.402,12,2.35,0,5.0,0.0,1,0.813,11.3,56.0,38.0,6,262.19,52,8.82,0.0,0.1808,0
11,22.46,-0.769,12,0.69,0,2.0,0.0,1,0.576,18.1,64.0,62.0,5,130.31,12,7.8406,0.0,0.0531,0
12,41.64,-0.837,14,4.69,0,5.0,0.0,0,,,50.0,50.0,4,81.52,24,9.6257,0.0,0.3127,1
13,26.8,-0.638,14,2.9,1,37.0,17.73,1,0.73,49.2,68.0,63.0,2,687.85,4,8.775,0.6378,0.1933,0
25,19.69,0.752,16,1.56,0,4.0,0.0,1,0.784,5.1,37.0,61.0,5,510.38,12,9.8709,0.0,0.0918,0
6,18.27,-0.609,10,2.49,0,20.0,0.0,0,,,76.0,14.0,3,73.89,12,5.7571,0.0,0.2264,1
13,37.25,-1.39,11,1.82,0,0.0,0.0,1,0.629,17.3,20.0,22.0,4,133.46,8,9.6171,0.0,0.1517,0
20,163.86,0.184,18,5.74,1,83.0,19.08,1,0.696,18.4,24.0,91.0,8,133.75,24,15.5426,0.1157,0.3021,0
30,61.64,0.173,26,6.52,1,62.0,37.62,0,,,48.0,69.0,14,313.69,4,14.2078,0.6006,0.2415,1
18,20.62,0.106,12,7.19,1,69.0,27.66,0,,,26.0,77.0,7,109.96,12,9.0501,1.2794,0.5531,1
15,53.22,0.348,16,2.6,1,71.0,15.29,1,0.875,21.3,68.0,58.0,3,489.51,8,11.0711,0.282,0.1529,0
15,25.04,-0.232,9,3.21,0,4.0,0.0,0,,,59.0,86.0,3,440.52,8,9.0376,0.0,0.321,1
21,14.92,-0.029,9,1.21,1,61.0,13.45,1,0.796,5.7,33.0,60.0,2,175.46,12,8.5547,0.8448,0.121,0
22,89.95,0.793,23,9.67,0,5.0,0.0,1,0.85,25.4,61.0,44.0,11,600.43,8,14.1421,0.0,0.4029,0
19,44.89,0.191,17,4.44,0,5.0,0.0,0,,,21.0,86.0,8,331.33,8,11.4624,0.0,0.2467,1
22,98.97,0.426,15,3.97,0,2.0,0.0,0,,,55.0,63.0,6,192.45,12,14.4385,0.0,0.2481,1
17,32.16,-0.838,12,1.36,0,5.0,0.0,1,0.143,0.1,10.0,13.0,4,127.51,4,10.1202,0.0,0.1046,0
27,57.71,-0.086,20,5.35,0,3.0,0.0,1,0.761,20.5,61.0,69.0,5,143.62,8,13.5708,0.0,0.2548,0
12,58.77,0.528,9,4.75,0,10.0,0.0,0,,,17.0,73.0,13,469.15,4,10.4919,0.0,0.475,1
19,127.07,0.458,17,3.93,0,4.0,0.0,1,0.697,11.1,91.0,68.0,7,205.06,12,14.537,0.0,0.2183,0
8,32.46,-0.666,10,2.09,0,9.0,0.0,1,0.705,5.4,60.0,29.0,2,104.24,4,7.713,0.0,0.19,0
21,44.07,0.004,24,3.35,0,1.0,0.0,0,,,46.0,80.0,8,207.34,24,11.7714,0.0,0.134,1
17,39.1,0.262,23,7.6,1,90.0,25.1,0,,,39.0,11.0,7,296.16,8,10.6694,0.6259,0.3167,1
15,65.96,0.378,13,2.19,1,99.0,48.04,0,,,49.0,82.0,6,285.12,24,11.6562,0.7174,0.1564,1
3,19.77,0.57,9,1.38,0,2.0,0.0,1,0.648,10.8,26.0,52.0,2,129.97,24,4.2053,0.0,0.138,0
31,41.4,0.828,20,5.67,0,5.0,0.0,0,,,65.0,70.0,10,309.67,8,12.9866,0.0,0.27,1
25,41.09,-0.29,17,5.49,0,0.0,0.0,1,0.642,17.4,18.0,29.0,6,528.83,24,12.1847,0.0,0.305,0
14,26.49,-0.607,19,1.28,0,1.0,0.0,0,,,83.0,92.0,2,522.12,8,8.974,0.0,0.064,1
21,58.34,0.386,19,1.96,0,1.0,0.0,1,0.89,1.6,43.0,61.0,8,195.34,4,12.6216,0.0,0.098,0
32,118.1,-0.266,25,2.56,0,11.0,0.0,0,,,84.0,62.0,7,285.89,8,16.7132,0.0,0.0985,1
9,31.52,0.953,13,2.11,1,70.0,22.03,0,,,43.0,64.0,4,349.58,12,8.0173,0.6774,0.1507,1
14,30.4,0.242,11,1.9,0,11.0,0.0,1,0.76,4.7,73.0,41.0,7,244.47,4,9.3341,0.0,0.1583,0
24,32.29,0.654,14,3.81,0,19.0,0.0,0,,,50.0,56.0,4,240.19,4,11.283,0.0,0.254,1
38,119.28,0.277,22,7.26,0,4.0,0.0,0,,,47.0,57.0,7,166.86,24,17.5478,0.0,0.3157,1
10,45.59,-0.011,13,1.54,0,5.0,0.0,0,,,31.0,70.0,5,92.4,8,9.2112,0.0,0.11,1
13,27.21,0.028,11,1.41,1,65.0,17.86,0,,,46.0,73.0,1,323.33,4,8.8136,0.6331,0.1175,1
8,45.93,-0.131,12,3.35,0,5.0,0.0,1,0.557,3.1,18.0,47.0,3,84.31,12,8.4564,0.0,0.2577,0
36,65.31,0.739,12,10.63,0,9.0,0.0,1,0.778,3.6,43.0,85.0,16,260.21,4,15.1454,0.0,0.8177,0
20,24.68,-0.747,17,3.76,0,11.0,0.0,1,0.661,5.5,73.0,40.0,9,827.65,12,9.8816,0.0,0.2089,0
14,91.74,-0.376,14,2.01,1,82.0,24.61,0,,,36.0,60.0,3,125.69,8,12.2669,0.2654,0.134,1
13,48.28,0.492,17,4.78,0,9.0,0.0,1,0.8,2.1,73.0,74.0,5,585.57,24,10.2858,0.0,0.2656,0
31,120.12,0.385,22,2.26,0,1.0,0.0,1,0.809,1.0,54.0,63.0,13,352.6,12,16.6244,0.0,0.0983,0
30,159.59,2.123,32,6.02,0,0.0,0.0,0,,,53.0,92.0,16,384.43,12,17.4407,0.0,0.1824,1
11,30.29,0.957,18,2.95,0,4.0,0.0,1,0.838,9.5,61.0,22.0,3,136.34,8,8.5563,0.0,0.1553,0
21,28.72,-0.68,15,1.14,0,1.0,0.0,1,0.791,0.9,43.0,72.0,5,684.85,4,10.4843,0.0,0.0712,0
11,103.5,-0.111,5,4.03,1,42.0,20.79,0,,,29.0,58.0,6,186.4,12,11.5528,0.1989,0.6717,1
14,41.67,0.461,14,4.56,0,6.0,0.0,0,,,50.0,91.0,5,98.28,12,10.1647,0.0,0.304,1
13,22.23,0.841,17,3.05,0,9.0,0.0,0,,,19.0,64.0,5,344.21,4,8.301,0.0,0.1694,1
11,47.72,1.579,7,3.78,0,2.0,0.0,1,0.938,17.8,53.0,29.0,1,28.42,12,9.6566,0.0,0.4725,0
17,161.96,1.0,21,1.34,1,74.0,42.1,1,0.884,10.1,51.0,35.0,3,477.34,24,14.7221,0.2583,0.0609,0
11,18.97,-0.158,9,1.87,0,6.0,0.0,0,,,31.0,17.0,0,228.51,8,7.4404,0.0,0.187,1
20,45.07,0.421,26,5.98,1,41.0,28.32,0,,,67.0,78.0,8,112.52,8,11.661,0.6147,0.2215,1
16,34.56,0.574,12,2.56,1,66.0,40.03,0,,,42.0,29.0,4,397.82,52,10.118,1.1257,0.1969,1
22,82.51,0.508,17,6.41,0,12.0,0.0,1,0.857,5.8,34.0,50.0,6,188.5,8,13.8745,0.0,0.3561,0
16,74.27,0.172,17,1.82,1,80.0,33.81,1,0.744,13.0,74.0,72.0,5,199.78,8,12.2425,0.4492,0.1011,0
5,23.86,0.779,10,1.67,0,1.0,0.0,1,0.848,5.2,34.0,43.0,1,173.46,8,5.7574,0.0,0.1518,0
18,15.57,-0.066,22,5.03,1,61.0,27.56,1,0.837,1.3,91.0,80.0,6,186.34,8,8.2668,1.6632,0.2187,0
17,61.15,-0.406,13,1.9,0,14.0,0.0,0,,,41.0,72.0,6,444.59,8,11.9359,0.0,0.1357,1
17,35.28,-0.169,12,3.3,0,6.0,0.0,0,,,53.0,29.0,7,112.97,12,10.3801,0.0,0.2538,1
20,20.47,0.523,11,4.13,1,79.0,46.75,1,0.508,25.6,31.0,86.0,13,284.2,4,9.3365,2.1775,0.3442,0
14,48.86,0.496,16,1.32,0,16.0,0.0,1,0.674,0.9,76.0,93.0,8,485.57,4,10.5864,0.0,0.0776,0
13,39.28,-1.204,13,2.77,0,12.0,0.0,1,0.973,17.0,64.0,62.0,7,598.28,4,9.7536,0.0,0.1979,0
13,33.19,-0.655,9,1.92,1,71.0,22.05,1,0.624,8.2,42.0,52.0,4,355.05,4,9.321,0.6449,0.192,0
13,55.58,-0.36,20,7.38,0,4.0,0.0,0,,,93.0,62.0,3,410.82,4,10.6503,0.0,0.3514,1
9,75.92,1.315,12,2.06,0,6.0,0.0,0,,,35.0,51.0,5,79.99,4,9.9996,0.0,0.1585,1
11,74.46,0.305,15,3.29,0,3.0,0.0,1,0.681,10.1,31.0,75.0,5,149.53,8,10.7437,0.0,0.2056,0
16,141.4,-0.513,18,3.55,1,81.0,54.66,1,0.843,11.9,58.0,40.0,7,222.19,8,14.0489,0.3838,0.1868,0
9,17.9,-0.762,9,2.01,1,42.0,15.04,1,0.666,9.1,27.0,72.0,4,97.38,24,6.7677,0.7958,0.201,0
10,58.06,0.022,14,3.12,0,3.0,0.0,1,0.837,17.8,61.0,77.0,6,436.54,8,9.7799,0.0,0.208,0
24,69.55,0.806,17,2.94,0,2.0,0.0,1,0.888,8.3,48.0,43.0,7,789.01,4,13.7006,0.0,0.1633,0
8,56.41,-0.789,19,1.39,0,13.0,0.0,1,0.627,29.7,82.0,15.0,4,185.61,12,8.8992,0.0,0.0695,0
25,48.19,0.472,23,8.36,1,67.0,80.01,1,0.924,8.1,68.0,77.0,7,148.96,8,12.6925,1.6266,0.3483,0
9,7.05,-0.287,8,1.4,1,29.0,8.92,1,0.874,4.9,65.0,29.0,1,80.61,4,4.8024,1.1081,0.1556,0
6,35.74,0.049,5,2.46,1,37.0,5.97,0,,,84.0,56.0,2,167.02,4,7.0128,0.1625,0.41,1
12,27.25,-0.084,2,3.33,1,50.0,23.29,0,,,41.0,71.0,3,711.53,52,8.5697,0.8244,1.11,1
19,56.52,0.616,13,3.15,0,6.0,0.0,0,,,58.0,77.0,13,1058.14,4,12.1391,0.0,0.225,1
7,34.32,-1.134,13,2.82,1,65.0,26.93,1,0.665,30.5,60.0,68.0,5,264.35,12,7.4121,0.7625,0.2014,0
7,15.28,-0.665,4,2.86,0,4.0,0.0,0,,,57.0,75.0,0,270.81,8,5.8015,0.0,0.572,1
11,81.6,0.404,10,2.65,0,1.0,0.0,0,,,56.0,64.0,3,546.98,4,10.9684,0.0,0.2409,1
9,22.2,0.19,7,4.02,0,3.0,0.0,0,,,16.0,13.0,3,47.7,12,7.2397,0.0,0.5025,1
30,34.66,1.308,25,3.7,1,75.0,30.7,0,,,55.0,87.0,17,950.83,8,12.2732,0.8609,0.1423,1
9,44.21,-0.527,13,3.17,0,4.0,0.0,0,,,73.0,61.0,2,175.66,8,8.7759,0.0,0.2264,1
20,22.28,0.951,8,7.5,0,9.0,0.0,0,,,65.0,71.0,6,273.39,4,9.5829,0.0,0.8333,1
28,51.29,-1.094,18,2.93,0,4.0,0.0,1,0.811,2.1,62.0,81.0,5,256.57,8,13.3237,0.0,0.1542,0
10,11.89,-0.235,16,2.0,0,8.0,0.0,0,,,30.0,60.0,3,328.71,24,6.1301,0.0,0.1176,1
10,84.84,-0.868,12,2.98,1,72.0,14.24,0,,,53.0,76.0,7,599.6,24,10.6766,0.1659,0.2292,1
11,72.1,0.307,10,2.19,0,6.0,0.0,0,,,45.0,62.0,5,289.72,8,10.6648,0.0,0.1991,1
16,29.0,0.036,13,3.33,1,41.0,22.89,0,,,36.0,82.0,6,500.46,12,9.6363,0.763,0.2379,1
41,67.61,0.733,20,5.43,0,12.0,0.0,1,0.882,18.3,85.0,80.0,14,835.14,4,15.8045,0.0,0.2586,0
15,23.77,-1.019,16,2.38,0,10.0,0.0,0,,,52.0,57.0,0,157.49,8,8.899,0.0,0.14,1
10,17.84,-0.079,12,0.65,1,18.0,61.1,0,,,55.0,92.0,3,461.52,8,7.0402,3.2431,0.05,1
25,36.79,0.278,17,2.49,0,4.0,0.0,1,0.489,5.3,84.0,89.0,4,590.05,24,11.8336,0.0,0.1383,0
14,25.27,-0.417,7,1.12,0,5.0,0.0,0,,,60.0,82.0,1,736.24,8,8.8511,0.0,0.14,1
16,51.49,-1.013,14,2.03,0,8.0,0.0,0,,,65.0,91.0,5,601.79,8,11.2213,0.0,0.1353,1
18,31.35,0.398,15,6.19,0,1.0,0.0,0,,,24.0,58.0,3,219.15,52,10.2367,0.0,0.3869,1
16,30.55,0.347,15,2.36,0,0.0,0.0,0,,,78.0,62.0,3,166.27,4,9.779,0.0,0.1475,1
15,65.0,0.33,16,2.7,1,76.0,27.07,0,,,24.0,73.0,4,440.74,8,11.6162,0.4102,0.1588,1
17,42.99,-0.48,13,0.95,1,53.0,16.16,0,,,19.0,55.0,10,221.53,12,10.9371,0.3674,0.0679,1
16,180.87,0.829,19,2.17,0,5.0,0.0,0,,,70.0,67.0,5,99.93,4,14.742,0.0,0.1085,1
13,16.81,-0.008,7,1.72,1,36.0,11.24,0,,,47.0,85.0,1,402.66,8,7.5999,0.6311,0.215,1
4,49.1,-0.637,6,2.61,0,7.0,0.0,0,,,40.0,41.0,3,382.2,24,6.2994,0.0,0.3729,1
31,42.62,0.567,13,3.8,1,65.0,27.88,0,,,46.0,68.0,6,522.67,52,13.0849,0.6392,0.2714,1
35,287.72,-0.139,23,8.75,1,43.0,25.75,1,0.827,2.4,62.0,76.0,12,563.45,24,20.3023,0.0892,0.3646,0
18,32.61,-0.434,12,2.67,0,3.0,0.0,0,,,51.0,67.0,8,193.84,8,10.3492,0.0,0.2054,1
11,39.11,0.029,10,4.59,0,4.0,0.0,1,0.858,27.8,69.0,51.0,8,634.7,24,9.1733,0.0,0.4173,0
13,14.33,-1.032,11,3.09,0,7.0,0.0,1,0.617,11.7,71.0,60.0,3,252.0,4,7.2041,0.0,0.2575,0
6,40.17,0.163,12,1.48,0,2.0,0.0,1,0.929,1.2,47.0,64.0,5,176.78,12,7.2343,0.0,0.1138,0
32,32.48,0.931,12,2.2,0,9.0,0.0,0,,,69.0,97.0,9,153.76,4,12.2761,0.0,0.1692,1
17,70.16,-1.339,9,4.81,1,79.0,41.21,0,,,61.0,66.0,3,211.86,24,12.3272,0.5791,0.481,1
6,23.69,-0.14,10,2.28,0,5.0,0.0,0,,,22.0,72.0,1,163.28,8,6.2394,0.0,0.2073,1
12,71.93,-0.784,15,6.68,0,14.0,0.0,0,,,30.0,87.0,3,60.67,12,11.0024,0.0,0.4175,1
39,200.6,0.623,20,11.48,1,71.0,26.75,0,,,54.0,84.0,11,258.3,12,19.5742,0.1327,0.5467,1
13,58.74,-0.385,12,5.04,1,58.0,31.69,1,0.682,10.1,69.0,65.0,4,132.1,4,10.7937,0.5305,0.3877,0
9,31.72,-0.059,8,1.44,0,1.0,0.0,1,0.75,4.4,34.0,67.0,2,75.53,8,8.0314,0.0,0.16,0
39,127.56,1.49,19,2.38,0,8.0,0.0,0,,,39.0,66.0,10,540.78,12,17.9147,0.0,0.119,1
30,104.44,1.27,21,3.88,0,4.0,0.0,0,,,89.0,85.0,7,328.27,12,15.996,0.0,0.1764,1
10,28.68,-0.346,15,1.92,0,2.0,0.0,1,0.898,13.7,48.0,73.0,4,211.73,12,8.13,0.0,0.12,0
12,44.44,0.533,20,2.48,0,2.0,0.0,0,,,27.0,69.0,3,533.85,4,9.7889,0.0,0.1181,1
22,53.07,0.904,17,13.31,1,95.0,18.45,0,,,47.0,63.0,9,479.44,4,12.5115,0.3412,0.7394,1
13,8.55,-0.763,10,1.67,0,0.0,0.0,0,,,28.0,33.0,4,477.79,12,5.9551,0.0,0.1518,1
9,30.26,0.083,8,4.03,0,0.0,0.0,1,0.528,8.9,56.0,67.0,0,357.48,12,7.9263,0.0,0.4478,0
10,9.5,-1.13,8,1.41,0,1.0,0.0,0,,,48.0,93.0,2,200.9,4,5.6384,0.0,0.1567,1
12,45.94,-0.154,18,3.22,1,80.0,8.87,1,0.562,9.3,73.0,80.0,6,327.09,4,9.8722,0.189,0.1695,0
10,15.97,-0.19,3,3.32,0,10.0,0.0,0,,,39.0,60.0,3,184.44,8,6.7895,0.0,0.83,1
39,59.38,0.223,21,7.5,0,9.0,0.0,0,,,49.0,78.0,10,266.85,12,15.1268,0.0,0.3409,1
10,37.92,0.041,10,1.0,0,15.0,0.0,0,,,43.0,81.0,3,142.37,24,8.7799,0.0,0.0909,1
9,27.55,0.706,13,2.56,0,1.0,0.0,1,0.888,34.2,47.0,51.0,7,153.81,4,7.7175,0.0,0.1829,0
14,36.59,0.19,7,3.66,1,82.0,8.95,0,,,30.0,21.0,2,254.28,12,9.8214,0.2381,0.4575,1
17,39.07,0.345,13,2.85,0,7.0,0.0,1,0.586,13.1,55.0,93.0,6,633.91,12,10.6673,0.0,0.2036,0
6,19.43,-0.642,4,2.8,0,21.0,0.0,0,,,64.0,21.0,0,188.12,12,5.8708,0.0,0.56,1
16,29.04,-0.669,14,3.79,0,6.0,0.0,1,0.535,13.3,22.0,88.0,7,214.47,24,9.6401,0.0,0.2527,0
14,102.66,-0.145,14,1.87,1,49.0,17.93,0,,,58.0,78.0,7,281.63,12,12.5684,0.173,0.1247,1
24,34.22,-0.03,7,3.93,0,9.0,0.0,0,,,23.0,31.0,4,264.24,12,11.4644,0.0,0.4912,1
30,44.36,0.027,16,6.96,1,87.0,40.52,0,,,80.0,68.0,7,922.62,8,13.0994,0.8933,0.4094,1
10,43.75,-0.246,8,2.34,0,3.0,0.0,1,0.609,0.7,33.0,87.0,3,353.2,12,9.1146,0.0,0.26,0
18,72.62,-0.35,19,3.34,1,65.0,50.51,0,,,42.0,37.0,7,387.12,24,12.6579,0.6861,0.167,1
15,62.77,0.847,16,5.34,1,79.0,34.56,0,,,49.0,30.0,7,130.13,12,11.5209,0.5419,0.3141,1
17,143.05,1.039,20,2.1,0,2.0,0.0,1,0.806,13.7,45.0,57.0,6,470.12,24,14.3656,0.0,0.1,0
14,185.82,0.1,11,4.07,1,77.0,24.94,1,0.876,17.2,26.0,60.0,7,134.08,4,14.1635,0.1335,0.3392,0
19,39.55,-0.466,22,2.68,0,1.0,0.0,0,,,53.0,81.0,6,173.34,8,11.0918,0.0,0.1165,1
25,366.54,0.856,20,2.54,0,1.0,0.0,0,,,28.0,86.0,13,218.6,24,19.245,0.0,0.121,1
8,49.97,-0.895,14,0.8,0,12.0,0.0,1,0.867,0.2,30.0,54.0,3,207.46,8,8.6378,0.0,0.0533,0
28,148.17,1.39,21,6.17,1,39.0,19.06,1,0.702,2.6,61.0,69.0,6,1042.27,12,16.8536,0.1278,0.2805,0
13,23.23,-0.063,9,1.56,1,50.0,44.67,0,,,67.0,64.0,6,184.71,12,8.4122,1.8436,0.156,1
19,49.17,0.087,11,1.32,1,83.0,35.11,1,0.886,7.9,78.0,62.0,7,378.23,4,11.7295,0.6998,0.11,0
4,24.75,-0.571,8,2.09,1,89.0,19.22,0,,,19.0,21.0,0,103.72,24,5.2282,0.7464,0.2322,1
27,65.79,0.32,25,4.84,1,92.0,78.9,1,0.794,1.2,27.0,88.0,13,1403.77,4,14.0004,1.1813,0.1862,0
14,147.2,0.488,14,2.32,0,1.0,0.0,0,,,53.0,25.0,7,215.42,4,13.5364,0.0,0.1547,1
12,82.1,1.28,12,2.21,0,10.0,0.0,0,,,80.0,50.0,2,480.37,8,11.3372,0.0,0.17,1
11,33.64,1.079,12,2.24,1,70.0,38.31,1,0.875,44.0,23.0,64.0,1,119.18,24,8.809,1.1059,0.1723,0
27,41.89,0.395,20,4.36,0,1.0,0.0,0,,,72.0,75.0,7,171.79,24,12.5246,0.0,0.2076,1
18,57.32,0.21,15,10.63,1,70.0,24.36,0,,,77.0,46.0,6,190.93,4,11.9719,0.4177,0.6644,1
23,20.96,-0.367,8,4.55,1,41.0,20.07,1,0.911,7.9,17.0,75.0,5,1666.53,4,9.8177,0.9139,0.5056,0
9,47.37,0.286,9,3.51,0,7.0,0.0,0,,,43.0,66.0,2,141.03,8,8.9315,0.0,0.351,1
14,88.46,0.744,19,3.31,1,53.0,73.78,0,,,45.0,86.0,8,668.06,4,12.1694,0.8247,0.1655,1
8,64.18,-1.142,9,2.39,1,54.0,49.47,0,,,67.0,37.0,3,156.28,4,9.1781,0.759,0.239,1
19,37.19,1.023,15,4.26,0,8.0,0.0,1,0.536,23.6,22.0,30.0,10,278.04,8,10.9122,0.0,0.2662,0
23,116.64,0.758,14,3.87,0,16.0,0.0,1,0.331,0.6,68.0,35.0,5,417.56,12,15.1518,0.0,0.258,0
19,27.49,-0.059,21,5.09,0,16.0,0.0,0,,,27.0,60.0,3,453.43,4,10.0344,0.0,0.2314,1
13,57.02,0.273,12,2.5,0,3.0,0.0,0,,,76.0,59.0,5,126.76,12,10.7167,0.0,0.1923,1
11,13.43,-0.609,10,1.19,1,72.0,11.58,1,0.637,2.4,60.0,84.0,2,162.2,24,6.633,0.8025,0.1082,0
12,56.44,-0.639,11,2.22,0,1.0,0.0,0,,,50.0,84.0,3,1064.84,12,10.3899,0.0,0.185,1
20,30.29,-1.415,12,2.58,0,5.0,0.0,1,0.74,1.6,53.0,55.0,6,147.65,12,10.4832,0.0,0.1985,0
13,73.58,-0.76,8,3.99,0,4.0,0.0,1,0.689,15.5,38.0,85.0,5,96.88,8,11.3793,0.0,0.4433,0
12,20.37,0.542,14,1.74,1,40.0,20.95,1,0.863,8.5,68.0,46.0,3,181.84,8,7.8538,0.9803,0.116,0
11,17.41,-0.51,9,1.44,1,68.0,41.62,1,0.887,13.4,11.0,31.0,4,800.55,8,7.2383,2.2607,0.144,0
8,23.15,-0.525,4,1.52,0,3.0,0.0,0,,,39.0,45.0,3,213.6,8,6.9966,0.0,0.304,1
28,121.8,0.615,25,4.12,1,16.0,94.76,1,0.743,9.3,42.0,79.0,8,255.61,12,16.1986,0.7717,0.1585,0
35,63.59,0.705,24,4.69,1,85.0,57.75,0,,,70.0,65.0,12,137.15,12,14.9363,0.8941,0.1876,1
4,19.87,-0.841,5,2.42,1,92.0,3.6,0,,,6.0,52.0,0,44.67,52,4.89,0.1725,0.4033,1
25,57.78,-0.333,16,3.44,1,39.0,54.15,1,0.833,17.7,77.0,89.0,11,274.48,8,13.2728,0.9212,0.2024,0
15,95.99,-0.028,7,3.44,1,30.0,22.5,1,0.728,6.8,73.0,69.0,5,528.51,4,12.6835,0.232,0.43,0
16,31.76,0.269,18,1.86,0,7.0,0.0,0,,,57.0,92.0,5,75.25,8,9.8857,0.0,0.0979,1
17,33.65,1.008,17,1.34,1,6.0,34.18,0,,,31.0,60.0,7,168.67,24,10.2472,0.9864,0.0744,1
9,50.07,0.326,6,3.54,0,5.0,0.0,0,,,43.0,63.0,1,215.66,12,9.0565,0.0,0.5057,1
20,55.91,-0.351,13,3.28,0,4.0,0.0,0,,,35.0,29.0,2,129.35,8,12.3043,0.0,0.2343,1
23,29.04,-0.296,15,6.61,1,38.0,28.46,0,,,81.0,89.0,6,932.81,8,10.8134,0.9474,0.4131,1
28,27.06,0.175,14,3.62,1,44.0,37.1,1,0.638,1.7,30.0,63.0,6,1772.39,4,11.2277,1.3222,0.2413,0
9,21.77,-1.037,8,1.85,1,78.0,21.91,0,,,63.0,50.0,1,164.15,4,7.1966,0.9622,0.2056,1
8,18.25,-0.417,11,2.87,0,0.0,0.0,0,,,45.0,38.0,4,886.24,24,6.4983,0.0,0.2392,1
14,87.44,-0.27,19,4.22,0,8.0,0.0,0,,,67.0,95.0,12,160.2,4,12.1384,0.0,0.211,1
11,28.89,0.033,18,8.71,0,3.0,0.0,0,,,50.0,80.0,8,453.66,12,8.4425,0.0,0.4584,1
14,32.32,-0.166,20,3.71,0,1.0,0.0,0,,,28.0,14.0,4,160.22,24,9.4949,0.0,0.1767,1
12,22.28,0.722,10,4.9,0,8.0,0.0,0,,,64.0,74.0,6,75.74,12,8.0734,0.0,0.4455,1
8,66.94,0.067,12,1.47,1,30.0,13.8,0,,,49.0,79.0,3,168.2,12,9.2693,0.2031,0.1131,1
3,9.86,-0.865,10,1.0,0,8.0,0.0,1,0.494,4.5,77.0,65.0,1,127.9,12,3.3064,0.0,0.0909,0
21,29.67,0.645,8,1.65,0,3.0,0.0,1,0.639,1.8,17.0,34.0,7,473.91,4,10.5815,0.0,0.1833,0
13,37.76,-0.642,13,5.0,0,21.0,0.0,0,,,14.0,32.0,0,273.81,4,9.6521,0.0,0.3571,1
12,17.06,-0.042,12,1.93,1,43.0,35.77,0,,,31.0,85.0,6,248.36,8,7.4222,1.9806,0.1485,1
7,41.41,0.369,9,0.7,0,15.0,0.0,1,0.868,15.6,70.0,83.0,0,283.1,8,7.7925,0.0,0.07,0
26,34.64,0.729,18,4.01,0,3.0,0.0,1,0.909,14.8,55.0,73.0,11,180.65,12,11.7776,0.0,0.2111,0
11,26.04,-0.321,18,3.82,0,0.0,0.0,0,,,71.0,65.0,3,454.91,12,8.1935,0.0,0.2011,1
23,160.12,0.74,25,2.13,0,7.0,0.0,1,0.956,6.9,37.0,90.0,6,413.47,52,16.1513,0.0,0.0819,0
30,82.01,0.643,15,1.29,1,36.0,47.37,1,0.365,3.1,34.0,45.0,9,965.65,24,15.1747,0.5707,0.0806,0
27,114.29,0.027,18,2.05,0,5.0,0.0,1,0.62,12.3,61.0,92.0,8,202.08,12,15.8195,0.0,0.1079,0
8,15.34,-0.362,7,3.23,1,55.0,17.82,1,0.758,0.9,65.0,78.0,2,260.79,12,6.1382,1.0906,0.4038,0
36,105.22,0.802,19,3.17,0,3.0,0.0,0,,,65.0,56.0,8,137.64,4,16.8468,0.0,0.1585,1
19,26.73,0.927,18,1.6,1,75.0,24.35,0,,,31.0,97.0,6,585.58,4,9.9534,0.8781,0.0842,1
10,16.27,0.316,5,2.16,1,77.0,13.34,1,0.388,10.7,14.0,57.0,5,205.16,12,6.8315,0.7724,0.36,0
8,51.15,-0.754,4,2.74,0,10.0,0.0,1,0.801,83.8,13.0,45.0,3,164.49,24,8.6881,0.0,0.548,0
23,64.04,0.935,15,4.85,1,56.0,40.95,0,,,47.0,69.0,6,108.62,4,13.2684,0.6296,0.3031,1
19,38.21,0.269,9,2.21,0,10.0,0.0,0,,,60.0,85.0,7,589.76,4,10.9911,0.0,0.221,1
22,50.14,-0.591,11,1.87,0,4.0,0.0,0,,,46.0,67.0,4,303.74,4,12.3368,0.0,0.1558,1
22,29.36,0.718,15,12.77,0,1.0,0.0,0,,,21.0,79.0,10,130.04,4,10.7018,0.0,0.7981,1
20,44.17,-0.291,14,4.18,0,3.0,0.0,0,,,77.0,60.0,5,2957.91,4,11.6009,0.0,0.2787,1
24,48.8,0.726,23,6.3,1,71.0,25.89,0,,,37.0,60.0,11,266.53,8,12.5794,0.5199,0.2625,1
14,20.2,0.919,9,2.3,0,8.0,0.0,0,,,16.0,96.0,3,233.19,24,8.2704,0.0,0.23,1
15,20.12,-0.555,7,2.53,0,2.0,0.0,1,0.716,4.5,71.0,23.0,2,342.35,24,8.457,0.0,0.3162,0
12,32.78,0.098,12,2.97,0,2.0,0.0,0,,,77.0,20.0,7,301.25,8,9.0283,0.0,0.2285,1
42,76.88,0.898,19,4.24,1,77.0,50.34,0,,,87.0,82.0,12,634.28,12,16.3807,0.6464,0.212,1
25,175.3,0.012,23,11.15,1,38.0,21.71,0,,,56.0,88.0,13,346.92,12,16.8515,0.1231,0.4646,1
16,168.24,0.471,13,2.38,0,7.0,0.0,0,,,37.0,51.0,7,129.27,12,14.5381,0.0,0.17,1
19,154.47,0.524,14,4.63,0,0.0,0.0,0,,,32.0,80.0,6,652.77,4,15.1178,0.0,0.3087,1
8,44.62,0.13,10,2.93,1,60.0,5.37,0,,,31.0,68.0,1,125.73,12,8.3942,0.1177,0.2664,1
6,17.15,-0.0,7,0.92,0,15.0,0.0,1,0.574,26.8,28.0,95.0,1,344.77,8,5.6406,0.0,0.115,0
23,38.54,0.256,19,3.65,0,7.0,0.0,0,,,15.0,89.0,6,238.31,52,11.6867,0.0,0.1825,1
12,57.94,0.548,8,2.18,0,12.0,0.0,0,,,52.0,42.0,6,425.06,24,10.4561,0.0,0.2422,1
13,43.69,0.201,15,0.99,1,50.0,31.46,0,,,33.0,78.0,5,251.49,24,10.0278,0.704,0.0619,1
21,35.85,-0.022,13,4.19,0,10.0,0.0,1,0.683,18.4,70.0,41.0,5,866.78,4,11.1489,0.0,0.2993,0
12,41.11,-0.985,7,2.21,1,78.0,11.09,1,0.826,4.5,80.0,70.0,1,50.18,52,9.5936,0.2634,0.2762,0
20,45.62,-1.24,21,7.51,0,2.0,0.0,0,,,62.0,51.0,6,385.25,24,11.6971,0.0,0.3414,1
25,34.77,0.475,14,2.92,0,8.0,0.0,1,0.594,3.1,82.0,55.0,1,319.65,8,11.6546,0.0,0.1947,0
25,32.62,0.748,22,2.38,1,52.0,69.43,1,0.863,8.6,59.0,37.0,9,559.83,8,11.4526,2.0651,0.1035,0
25,17.71,0.269,14,2.21,0,13.0,0.0,1,0.929,3.4,51.0,65.0,6,821.09,24,9.5432,0.0,0.1473,0
8,29.13,-0.991,6,1.49,0,9.0,0.0,0,,,49.0,64.0,3,60.03,8,7.4827,0.0,0.2129,1
10,43.89,-0.731,9,5.41,1,46.0,18.68,1,0.579,1.5,62.0,23.0,2,220.46,12,9.1221,0.4161,0.541,0
19,27.81,0.775,8,0.92,0,9.0,0.0,0,,,55.0,88.0,4,452.02,8,10.0678,0.0,0.1022,1
8,49.77,-0.008,9,0.82,0,2.0,0.0,0,,,54.0,86.0,5,153.92,24,8.6292,0.0,0.082,1
19,21.12,1.134,13,1.75,0,0.0,0.0,1,0.976,9.4,44.0,41.0,6,278.86,24,9.2762,0.0,0.125,0
14,34.56,0.614,14,2.4,1,45.0,22.97,0,,,27.0,69.0,5,386.11,4,9.671,0.646,0.16,1
15,101.45,0.044,9,1.86,0,3.0,0.0,1,0.94,14.1,27.0,38.0,9,135.21,12,12.8354,0.0,0.186,0
16,47.66,0.041,9,3.69,0,3.0,0.0,0,,,25.0,62.0,5,135.21,12,11.0066,0.0,0.369,1
26,49.32,-0.471,13,1.94,0,17.0,0.0,0,,,59.0,49.0,6,718.28,24,12.9144,0.0,0.1386,1
12,34.19,-0.998,9,1.49,0,17.0,0.0,0,,,23.0,82.0,2,133.07,4,9.1332,0.0,0.149,1
19,35.91,-0.184,16,2.28,1,87.0,24.57,0,,,92.0,25.0,9,186.42,8,10.81,0.6657,0.1341,1
12,39.25,0.346,4,1.25,0,16.0,0.0,0,,,13.0,81.0,3,108.78,4,9.4778,0.0,0.25,1
17,107.7,-0.603,11,7.45,0,4.0,0.0,0,,,61.0,65.0,6,158.67,8,13.5518,0.0,0.6208,1
18,72.55,-0.416,22,5.68,1,71.0,18.66,0,,,42.0,30.0,6,1150.12,4,12.6551,0.2537,0.247,1
18,22.95,0.093,19,1.85,0,16.0,0.0,0,,,66.0,78.0,9,628.15,4,9.3514,0.0,0.0925,1
19,24.59,1.275,17,3.86,0,7.0,0.0,0,,,8.0,54.0,2,634.41,4,9.7128,0.0,0.2144,1
14,31.38,-0.126,14,1.85,0,2.0,0.0,0,,,58.0,75.0,11,275.77,4,9.4174,0.0,0.1233,1
22,40.44,-0.591,9,2.89,1,42.0,27.47,1,0.643,0.6,42.0,70.0,9,320.31,4,11.6774,0.6629,0.289,0
16,42.31,-1.294,12,3.77,1,69.0,15.8,0,,,19.0,31.0,3,305.78,4,10.6766,0.3648,0.29,1
35,51.22,1.105,16,4.4,1,61.0,27.06,1,0.829,2.4,35.0,64.0,9,325.57,12,14.1745,0.5182,0.2588,0
23,77.89,1.656,21,9.88,0,11.0,0.0,0,,,39.0,77.0,14,347.78,4,13.8819,0.0,0.4491,1
6,48.77,-0.599,8,1.82,0,4.0,0.0,1,0.583,8.6,37.0,42.0,0,179.04,24,7.6035,0.0,0.2022,0
4,13.72,-0.317,5,0.65,1,69.0,17.31,0,,,58.0,52.0,0,129.26,4,4.3281,1.176,0.1083,1
10,14.27,-0.22,14,1.64,0,5.0,0.0,1,0.956,7.3,48.0,53.0,2,863.94,12,6.5364,0.0,0.1093,0
22,97.51,-0.264,19,3.73,0,11.0,0.0,0,,,45.0,49.0,8,196.67,12,14.3924,0.0,0.1865,1
17,221.52,0.425,6,3.84,0,0.0,0.0,1,0.426,1.5,80.0,79.0,3,436.32,24,15.6225,0.0,0.5486,0
14,48.57,0.154,5,2.27,1,24.0,22.97,0,,,44.0,39.0,2,134.54,8,10.5706,0.4634,0.3783,1
21,76.17,0.437,12,3.81,0,12.0,0.0,1,0.622,3.3,40.0,91.0,3,155.4,4,13.4337,0.0,0.2931,0
25,53.29,-0.119,14,3.32,1,69.0,13.88,1,0.625,10.8,74.0,73.0,10,238.05,8,13.0139,0.2557,0.2213,0
14,151.32,-0.103,18,1.38,0,9.0,0.0,1,0.488,2.3,65.0,54.0,6,866.19,4,13.6106,0.0,0.0726,0
25,36.96,-0.033,26,8.21,0,1.0,0.0,0,,,57.0,29.0,7,165.59,52,11.8482,0.0,0.3041,1
9,24.22,-0.044,12,1.77,1,57.0,15.22,1,0.876,85.3,27.0,61.0,0,101.19,8,7.4319,0.6035,0.1362,0
16,21.3,-0.01,16,1.76,0,5.0,0.0,0,,,64.0,40.0,9,345.7,4,8.796,0.0,0.1035,1
16,33.6,0.038,9,3.04,0,5.0,0.0,1,0.66,11.6,37.0,55.0,7,217.87,12,10.0405,0.0,0.304,0
5,93.28,-0.583,10,3.84,1,90.0,37.03,1,0.82,0.7,58.0,81.0,3,205.77,52,8.1458,0.3928,0.3491,0
13,21.81,-0.476,11,1.3,0,3.0,0.0,1,0.785,12.9,55.0,78.0,5,82.41,8,8.2529,0.0,0.1083,0
21,35.01,0.321,11,3.02,0,7.0,0.0,0,,,60.0,66.0,5,236.86,12,11.0777,0.0,0.2517,1
15,37.79,-0.731,6,1.5,0,20.0,0.0,1,0.846,12.7,58.0,70.0,3,627.28,4,10.1426,0.0,0.2143,0
11,35.38,0.143,11,3.56,1,81.0,18.02,1,0.695,14.3,62.0,49.0,1,484.66,24,8.9308,0.4953,0.2967,0
10,43.78,0.38,14,4.38,1,81.0,11.54,1,0.802,1.0,13.0,20.0,8,217.61,8,9.1162,0.2577,0.292,0
13,50.83,0.023,5,1.8,1,70.0,40.89,0,,,66.0,47.0,8,2145.2,24,10.4189,0.7889,0.3,1
24,73.99,0.819,16,9.19,0,9.0,0.0,0,,,23.0,66.0,17,284.54,24,13.897,0.0,0.5406,1
7,21.18,-0.11,6,1.45,0,9.0,0.0,0,,,55.0,67.0,2,152.15,24,6.4446,0.0,0.2071,1
12,90.68,-0.973,9,0.75,1,71.0,17.02,0,,,65.0,73.0,3,290.27,12,11.5892,0.1856,0.075,1
19,41.55,0.708,15,1.99,0,2.0,0.0,1,0.926,22.7,44.0,71.0,6,248.73,4,11.236,0.0,0.1244,0
18,60.45,0.975,13,2.87,0,3.0,0.0,1,0.711,50.2,43.0,78.0,3,362.83,12,12.1259,0.0,0.205,0
18,25.91,-0.609,9,2.67,0,6.0,0.0,0,,,24.0,73.0,5,508.83,8,9.6946,0.0,0.267,1
12,43.96,-0.187,7,2.22,1,52.0,9.33,1,0.708,1.8,52.0,60.0,4,228.58,4,9.7616,0.2075,0.2775,0
6,25.53,0.506,12,1.39,1,81.0,18.38,1,0.841,47.9,41.0,35.0,4,673.22,24,6.3792,0.6928,0.1069,0
14,51.4,0.222,12,3.14,1,34.0,17.92,0,,,80.0,56.0,5,197.38,24,10.7209,0.342,0.2415,1
21,49.12,0.751,22,5.99,0,4.0,0.0,0,,,46.0,63.0,6,1294.33,24,12.0996,0.0,0.2604,1
24,341.59,1.663,14,3.82,0,2.0,0.0,0,,,62.0,84.0,7,723.49,24,18.7871,0.0,0.2547,1
10,43.29,-0.747,5,0.88,0,4.0,0.0,0,,,80.0,78.0,5,174.55,4,9.0898,0.0,0.1467,1
14,41.68,0.093,11,2.45,1,83.0,20.94,0,,,51.0,73.0,5,203.53,24,10.1653,0.4906,0.2042,1
28,148.02,0.606,22,4.06,0,7.0,0.0,0,,,49.0,63.0,5,395.51,8,16.8502,0.0,0.1765,1
8,62.18,0.406,9,1.64,1,66.0,5.96,1,0.766,3.8,42.0,60.0,2,352.71,24,9.1097,0.0943,0.164,0
23,36.4,-0.395,12,7.21,1,50.0,20.36,0,,,26.0,88.0,5,173.07,12,11.5099,0.5444,0.5546,1
16,84.03,-0.134,12,3.47,1,59.0,14.18,1,0.813,10.9,36.0,59.0,7,486.59,12,12.588,0.1668,0.2669,0
10,19.42,0.162,13,3.83,1,86.0,21.77,0,,,14.0,62.0,2,153.22,24,7.2333,1.0661,0.2736,1
37,66.8,0.546,19,2.82,0,12.0,0.0,0,,,70.0,46.0,8,468.18,4,15.3381,0.0,0.141,1
16,27.94,-0.083,15,4.18,0,12.0,0.0,0,,,72.0,59.0,5,397.7,8,9.5344,0.0,0.2612,1
15,38.81,-0.218,10,2.29,0,8.0,0.0,0,,,43.0,65.0,3,566.13,8,10.2145,0.0,0.2082,1
32,115.61,0.792,17,6.71,1,75.0,37.78,0,,,14.0,47.0,4,247.33,12,16.6393,0.324,0.3728,1
30,46.23,-0.058,23,3.52,1,29.0,20.12,1,0.908,11.3,47.0,49.0,6,1360.28,24,13.2381,0.426,0.1467,0
12,27.32,0.771,10,0.53,1,95.0,18.04,1,0.786,14.6,50.0,47.0,3,564.76,8,8.5761,0.637,0.0482,0
17,90.5,-0.142,13,2.69,1,87.0,32.7,0,,,69.0,62.0,2,179.39,8,13.0539,0.3574,0.1921,1
13,37.27,-1.087,12,3.53,0,6.0,0.0,0,,,60.0,72.0,5,234.07,24,9.6185,0.0,0.2715,1
9,21.05,-0.908,11,2.44,0,7.0,0.0,1,0.763,22.8,46.0,58.0,4,77.84,8,7.1226,0.0,0.2033,0
15,34.0,0.215,12,2.94,0,1.0,0.0,0,,,50.0,74.0,7,178.27,24,9.8575,0.0,0.2262,1
24,26.18,0.532,14,4.47,0,16.0,0.0,1,0.717,6.1,53.0,88.0,10,607.86,52,10.6303,0.0,0.298,0
18,124.98,0.111,12,2.08,0,19.0,0.0,0,,,76.0,74.0,7,792.64,8,14.2397,0.0,0.16,1
27,36.72,1.465,19,5.24,0,8.0,0.0,0,,,47.0,79.0,13,555.35,52,12.0965,0.0,0.262,1
17,25.39,0.035,15,3.11,0,18.0,0.0,0,,,25.0,73.0,6,552.53,24,9.4601,0.0,0.1944,1
22,21.91,-1.322,18,3.56,0,2.0,0.0,1,0.496,0.2,25.0,35.0,12,514.08,12,9.819,0.0,0.1874,0
22,71.47,0.054,15,4.67,0,2.0,0.0,0,,,56.0,93.0,7,160.42,4,13.4299,0.0,0.2919,1
3,60.96,-0.087,7,3.06,1,42.0,12.85,1,0.79,33.7,32.0,41.0,5,443.19,8,5.7205,0.2074,0.3825,0
16,255.73,0.066,11,3.01,0,2.0,0.0,0,,,51.0,88.0,8,233.03,12,15.7187,0.0,0.2508,1
15,37.01,-0.997,6,2.71,1,50.0,7.6,1,0.632,13.6,72.0,19.0,2,302.47,24,10.0863,0.1999,0.3871,0
22,19.77,0.455,16,3.13,0,3.0,0.0,1,0.704,5.3,49.0,35.0,5,1390.08,12,9.5116,0.0,0.1841,0
2,18.43,-0.598,10,2.78,0,3.0,0.0,1,0.67,48.7,20.0,52.0,0,71.5,4,3.2594,0.0,0.2527,0
15,21.45,-0.198,14,3.59,0,4.0,0.0,0,,,54.0,88.0,2,286.32,4,8.6263,0.0,0.2393,1
33,141.67,1.31,24,5.88,1,68.0,33.67,0,,,47.0,97.0,11,558.72,24,17.4926,0.236,0.2352,1
15,129.02,-0.704,12,2.21,1,72.0,25.51,0,,,70.0,28.0,8,199.84,12,13.4961,0.1962,0.17,1
19,48.57,-0.263,15,4.09,0,1.0,0.0,1,0.732,4.5,63.0,38.0,3,162.99,4,11.6935,0.0,0.2556,0
29,68.72,-1.17,16,3.44,1,63.0,27.95,1,0.489,2.1,49.0,57.0,5,326.86,12,14.4363,0.4009,0.2024,0
23,123.86,0.216,15,2.88,1,68.0,51.11,1,0.343,10.1,55.0,79.0,10,325.71,24,15.3411,0.4093,0.18,0
11,19.39,-0.718,8,2.33,1,55.0,13.9,1,0.673,12.2,68.0,59.0,0,189.86,8,7.4921,0.6817,0.2589,0
19,33.75,-0.706,8,2.57,0,2.0,0.0,1,0.446,8.2,62.0,67.0,5,1010.43,4,10.6294,0.0,0.2856,0
11,35.11,-0.672,16,4.91,0,7.0,0.0,0,,,50.0,67.0,1,1077.14,8,8.9123,0.0,0.2888,1
6,43.2,-0.114,7,1.67,0,2.0,0.0,0,,,24.0,42.0,3,103.47,4,7.3725,0.0,0.2088,1
27,109.7,0.015,23,4.31,1,77.0,17.42,0,,,44.0,36.0,8,120.1,4,15.6841,0.1574,0.1796,1
11,26.33,-0.491,10,1.07,0,2.0,0.0,0,,,7.0,48.0,5,265.91,4,8.22,0.0,0.0973,1
8,10.96,0.521,11,2.36,0,3.0,0.0,0,,,85.0,73.0,2,91.89,12,5.4526,0.0,0.1967,1
9,22.23,-0.471,9,2.08,1,67.0,23.53,0,,,56.0,60.0,5,318.82,8,7.2427,1.0129,0.208,1
11,13.65,-1.017,14,2.61,0,2.0,0.0,0,,,51.0,81.0,2,49.21,12,6.6706,0.0,0.174,1
15,34.71,0.884,14,1.85,0,15.0,0.0,1,0.703,13.7,46.0,25.0,4,217.66,12,9.9132,0.0,0.1233,0
18,53.17,-0.119,14,2.66,1,94.0,37.58,0,,,53.0,50.0,3,247.69,4,11.7546,0.6937,0.1773,1
7,28.52,-0.511,15,4.28,0,4.0,0.0,1,0.487,7.0,27.0,62.0,2,403.47,24,7.0391,0.0,0.2675,0
10,12.35,-0.195,13,3.29,0,0.0,0.0,1,0.778,20.7,30.0,19.0,0,159.12,52,6.2142,0.0,0.235,0
18,61.27,-0.55,9,2.96,0,2.0,0.0,0,,,46.0,37.0,4,275.39,24,12.1649,0.0,0.296,1
9,38.08,-0.119,18,2.37,1,78.0,22.14,1,0.435,22.1,69.0,66.0,9,465.91,24,8.4404,0.5665,0.1247,0
19,123.9,-0.113,16,3.11,0,3.0,0.0,0,,,33.0,72.0,3,170.88,4,14.4619,0.0,0.1829,1
14,109.37,0.933,27,1.48,0,1.0,0.0,1,0.825,29.6,77.0,61.0,4,321.59,8,12.7382,0.0,0.0529,0
18,103.3,0.389,10,3.57,1,88.0,24.77,1,0.524,6.8,74.0,43.0,3,1000.47,12,13.6836,0.2375,0.3245,0
18,40.75,1.408,12,2.76,0,3.0,0.0,1,0.76,8.5,41.0,57.0,11,282.14,8,10.9878,0.0,0.2123,0
34,56.71,0.254,14,3.21,1,67.0,56.47,1,0.57,0.7,65.0,79.0,6,845.11,12,14.4185,0.9785,0.214,0
21,218.07,-0.257,18,4.69,0,3.0,0.0,0,,,19.0,80.0,10,359.95,4,16.6588,0.0,0.2468,1
15,111.8,0.115,10,4.93,0,4.0,0.0,0,,,16.0,85.0,5,333.29,4,13.1022,0.0,0.4482,1
24,235.05,0.408,21,4.17,0,8.0,0.0,0,,,58.0,85.0,9,1184.12,12,17.5881,0.0,0.1895,1
28,125.72,1.423,27,1.89,1,42.0,34.97,0,,,70.0,35.0,3,1156.54,4,16.3044,0.276,0.0675,1
6,27.76,-0.99,9,1.37,1,90.0,10.52,1,0.688,7.1,51.0,56.0,2,109.94,8,6.5363,0.3658,0.137,0
20,48.74,-0.069,10,4.16,1,51.0,12.6,0,,,80.0,37.0,6,400.66,12,11.8944,0.2533,0.3782,1
15,17.59,-0.096,19,1.24,0,3.0,0.0,0,,,38.0,33.0,6,164.13,4,8.1032,0.0,0.062,1
14,79.56,0.788,18,3.81,0,1.0,0.0,0,,,61.0,52.0,7,1074.5,8,11.8856,0.0,0.2005,1
13,43.5,-0.087,11,3.02,0,3.0,0.0,0,,,50.0,22.0,4,69.55,12,10.0165,0.0,0.2517,1
11,72.33,-1.223,14,1.73,0,2.0,0.0,0,,,51.0,89.0,3,579.63,24,10.6726,0.0,0.1153,1
18,31.46,-0.62,14,1.91,1,23.0,28.86,0,,,72.0,27.0,5,194.94,12,10.2467,0.8891,0.1273,1
11,53.46,-0.876,9,1.8,1,67.0,10.91,0,,,44.0,68.0,3,222.58,8,9.9333,0.2003,0.18,1
15,31.71,-1.917,8,1.96,1,49.0,35.38,0,,,62.0,64.0,3,203.29,24,9.6699,1.0816,0.2178,1
12,9.63,-0.015,10,3.51,0,4.0,0.0,1,0.798,14.9,37.0,54.0,4,265.02,12,6.0627,0.0,0.3191,0
6,29.77,0.323,11,2.37,0,16.0,0.0,0,,,44.0,36.0,6,502.86,8,6.6677,0.0,0.1975,1
13,52.21,-1.412,12,2.81,0,0.0,0.0,1,0.935,41.3,29.0,79.0,2,451.68,12,10.4883,0.0,0.2162,0
11,12.97,-0.389,9,2.55,0,2.0,0.0,1,0.81,2.9,68.0,36.0,6,325.01,8,6.5525,0.0,0.255,0
10,30.23,0.95,15,1.14,1,44.0,23.83,0,,,27.0,86.0,4,918.77,12,8.2521,0.763,0.0712,1
7,30.51,-0.137,7,5.94,0,5.0,0.0,1,0.805,12.1,46.0,47.0,2,68.52,4,7.1747,0.0,0.7425,0
20,94.0,0.957,16,4.44,0,2.0,0.0,0,,,37.0,69.0,4,225.55,52,13.8644,0.0,0.2612,1
23,105.56,0.373,11,8.66,1,90.0,9.27,0,,,75.0,87.0,8,186.41,4,14.8374,0.087,0.7217,1
34,82.05,-0.005,18,14.21,0,3.0,0.0,1,0.681,9.2,34.0,77.0,11,166.53,52,15.7127,0.0,0.7479,0
13,89.34,-0.112,24,2.24,1,65.0,46.1,1,0.908,6.2,36.0,53.0,9,72.19,4,11.8852,0.5103,0.0896,0
22,61.23,0.549,11,2.01,0,8.0,0.0,0,,,13.0,37.0,6,1583.13,4,12.9522,0.0,0.1675,1
7,14.34,0.725,11,4.27,0,3.0,0.0,0,,,39.0,80.0,7,251.89,12,5.6778,0.0,0.3558,1
18,14.97,0.303,13,1.85,0,5.0,0.0,1,0.803,2.9,77.0,79.0,6,161.44,8,8.1582,0.0,0.1321,0
25,126.04,0.177,16,2.66,0,3.0,0.0,0,,,87.0,89.0,7,798.0,8,15.7839,0.0,0.1565,1
18,66.23,-0.612,10,1.12,0,0.0,0.0,0,,,35.0,63.0,3,303.28,8,12.3906,0.0,0.1018,1
15,52.69,0.6,18,3.61,1,28.0,60.24,0,,,69.0,40.0,4,729.17,4,11.0438,1.122,0.19,1
23,31.62,-0.022,14,3.05,1,61.0,32.97,1,0.682,4.2,32.0,56.0,7,480.89,4,11.0753,1.0107,0.2033,0
16,41.9,1.099,7,3.13,0,14.0,0.0,0,,,37.0,66.0,7,234.13,8,10.6497,0.0,0.3912,1
18,88.87,0.866,11,5.46,1,84.0,79.32,0,,,52.0,50.0,11,78.14,8,13.2452,0.8826,0.455,1
19,83.85,0.919,17,4.07,0,6.0,0.0,0,,,40.0,93.0,11,1245.03,4,13.3037,0.0,0.2261,1
16,63.8,-0.426,6,4.6,0,10.0,0.0,1,0.859,0.5,36.0,43.0,1,465.44,12,11.8182,0.0,0.6571,0
18,56.71,0.469,12,1.93,0,12.0,0.0,0,,,27.0,36.0,11,831.11,12,11.941,0.0,0.1485,1
9,28.99,-1.796,9,2.39,0,9.0,0.0,1,0.716,43.2,25.0,12.0,3,441.28,24,7.8308,0.0,0.239,0
7,45.49,-0.578,8,2.61,0,2.0,0.0,0,,,54.0,58.0,2,91.45,52,7.9835,0.0,0.29,1
12,89.88,-1.093,13,3.48,1,43.0,7.38,0,,,45.0,60.0,8,350.26,4,11.5667,0.0812,0.2486,1
12,19.07,0.216,8,2.21,1,47.0,14.83,0,,,51.0,86.0,3,242.69,12,7.6929,0.7389,0.2456,1
16,40.83,-0.14,21,0.8,0,8.0,0.0,1,0.949,8.1,66.0,88.0,3,247.5,12,10.5781,0.0,0.0364,0
13,130.09,1.26,13,2.78,0,6.0,0.0,1,0.739,4.0,5.0,51.0,2,179.58,8,12.8677,0.0,0.1986,0
22,37.66,-0.451,12,2.07,1,87.0,22.74,0,,,44.0,71.0,4,101.5,24,11.4596,0.5882,0.1592,1
31,67.74,0.141,18,2.44,1,67.0,22.95,1,0.79,10.8,26.0,61.0,8,728.51,12,14.6612,0.3339,0.1284,0
30,25.5,1.007,15,3.15,1,67.0,22.73,1,0.751,16.3,30.0,80.0,6,610.53,12,11.2537,0.8577,0.1969,0
14,105.78,-1.377,14,3.15,1,58.0,20.73,0,,,29.0,66.0,12,101.44,8,12.6487,0.1941,0.21,1
15,73.06,1.113,11,1.67,1,63.0,12.05,1,0.613,0.1,58.0,95.0,11,105.44,4,11.9356,0.1627,0.1392,0
12,43.46,0.763,7,2.85,1,94.0,23.45,1,0.779,12.0,32.0,29.0,0,341.53,8,9.7329,0.5274,0.3562,0
10,21.08,0.593,9,1.56,0,4.0,0.0,0,,,48.0,69.0,5,154.01,8,7.4207,0.0,0.156,1
13,22.44,0.034,6,2.03,0,6.0,0.0,0,,,52.0,92.0,5,104.53,4,8.3248,0.0,0.29,1
7,79.26,0.022,13,1.97,0,11.0,0.0,1,0.778,3.4,11.0,85.0,5,130.82,12,9.1189,0.0,0.1407,0
18,125.77,0.135,13,2.26,0,11.0,0.0,0,,,28.0,50.0,3,280.64,8,14.2581,0.0,0.1614,1
19,40.83,-0.283,11,1.97,0,1.0,0.0,0,,,38.0,33.0,3,580.18,4,11.1849,0.0,0.1642,1
9,59.3,-0.994,9,1.57,1,57.0,8.21,0,,,55.0,37.0,2,170.73,12,9.4391,0.1362,0.157,1
19,50.22,-0.01,17,2.7,1,72.0,11.88,0,,,63.0,50.0,6,390.73,4,11.7916,0.2319,0.15,1
19,89.17,-0.367,18,2.5,0,2.0,0.0,1,0.672,26.3,62.0,88.0,1,361.09,8,13.4859,0.0,0.1316,0
16,98.35,0.487,25,4.92,0,6.0,0.0,0,,,48.0,51.0,8,879.35,12,13.029,0.0,0.1892,1
24,49.34,-0.561,16,2.22,1,76.0,18.38,1,0.879,5.3,28.0,74.0,8,262.77,24,12.6141,0.3651,0.1306,0
23,41.23,0.975,25,7.23,0,1.0,0.0,0,,,38.0,88.0,11,301.64,4,11.8959,0.0,0.2781,1
27,106.99,0.227,18,6.55,1,48.0,15.73,0,,,64.0,35.0,6,317.02,8,15.6015,0.1457,0.3447,1
15,50.32,1.716,13,1.04,0,3.0,0.0,0,,,68.0,72.0,5,223.59,12,10.9187,0.0,0.0743,1
35,177.15,1.64,17,3.0,0,5.0,0.0,0,,,86.0,86.0,14,122.07,4,18.572,0.0,0.1667,1
8,29.81,-0.295,12,4.31,1,72.0,19.25,1,0.919,6.7,52.0,85.0,5,83.86,4,7.5317,0.6248,0.3315,0
22,91.0,1.079,24,4.48,1,63.0,32.92,1,0.669,6.0,68.0,48.0,9,1141.64,24,14.178,0.3578,0.1792,0
24,28.62,-0.172,18,1.27,0,7.0,0.0,0,,,39.0,81.0,5,651.25,4,10.907,0.0,0.0668,1
15,30.04,-0.274,14,1.75,0,3.0,0.0,0,,,58.0,69.0,6,399.77,4,9.5246,0.0,0.1167,1
4,26.22,-0.277,2,5.58,1,74.0,9.05,1,0.698,8.1,6.0,55.0,1,78.94,4,5.3175,0.3325,1.86,0
11,41.66,-0.123,13,1.82,0,0.0,0.0,0,,,59.0,60.0,3,702.61,24,9.3265,0.0,0.13,1
17,50.26,-0.667,13,0.82,1,18.0,39.46,0,,,26.0,24.0,5,639.33,24,11.3791,0.7698,0.0586,1
15,91.92,-0.059,5,1.47,0,3.0,0.0,0,,,48.0,21.0,4,155.17,24,12.5646,0.0,0.245,1
17,51.9,0.431,10,4.07,1,67.0,15.65,1,0.888,4.1,11.0,30.0,2,47.69,12,11.4702,0.2958,0.37,0
21,76.34,-0.364,18,2.54,1,96.0,11.42,1,0.515,48.1,36.0,50.0,4,368.81,4,13.4405,0.1477,0.1337,0
18,20.29,0.718,17,2.5,0,7.0,0.0,1,0.707,9.5,51.0,29.0,5,98.14,8,9.0048,0.0,0.1389,0
27,40.5,0.737,17,4.93,0,4.0,0.0,1,0.677,5.8,45.0,84.0,9,176.22,4,12.4148,0.0,0.2739,0
12,48.49,0.07,10,1.68,0,9.0,0.0,1,0.675,6.3,52.0,91.0,6,625.97,8,10.0078,0.0,0.1527,0
7,41.59,-1.104,13,4.69,0,5.0,0.0,0,,,21.0,37.0,1,57.82,8,7.8013,0.0,0.335,1
11,39.59,-1.045,19,5.7,0,6.0,0.0,1,0.868,11.4,48.0,85.0,3,207.86,8,9.2029,0.0,0.285,0
10,11.43,-0.224,7,1.4,0,7.0,0.0,1,0.545,18.9,66.0,62.0,4,472.59,24,6.043,0.0,0.175,0
20,22.38,-0.248,7,2.24,0,0.0,0.0,1,0.618,0.7,24.0,35.0,5,128.85,12,9.596,0.0,0.28,0
33,64.43,0.514,13,2.47,0,4.0,0.0,0,,,72.0,81.0,10,1243.44,12,14.7436,0.0,0.1764,1
27,61.6,-0.153,15,3.45,1,59.0,13.41,0,,,65.0,67.0,5,284.59,8,13.7845,0.2142,0.2156,1
8,42.63,-0.455,10,1.89,0,5.0,0.0,0,,,51.0,40.0,4,66.58,24,8.2962,0.0,0.1718,1
30,59.13,-0.73,24,11.15,1,69.0,58.18,0,,,52.0,47.0,10,221.09,24,14.0674,0.9676,0.446,1
13,95.28,0.712,21,4.6,0,3.0,0.0,1,0.738,22.5,43.0,31.0,5,135.42,4,12.0533,0.0,0.2091,0
14,61.87,-0.913,11,1.36,0,18.0,0.0,0,,,62.0,54.0,2,551.46,8,11.2142,0.0,0.1133,1
11,88.67,-0.936,9,1.49,1,49.0,14.72,1,0.804,7.3,81.0,78.0,2,209.03,24,11.1725,0.1642,0.149,0
19,16.63,-0.36,15,1.73,0,13.0,0.0,0,,,10.0,24.0,4,338.28,4,8.5966,0.0,0.1081,1
41,124.54,0.399,21,3.48,0,5.0,0.0,0,,,65.0,84.0,11,641.61,4,18.0628,0.0,0.1582,1
24,60.3,0.803,13,1.9,0,2.0,0.0,0,,,31.0,31.0,5,822.22,24,13.2482,0.0,0.1357,1
15,21.54,-0.319,8,4.51,1,49.0,41.66,0,,,49.0,63.0,4,206.9,12,8.6374,1.8483,0.5011,1
10,86.01,-0.065,12,1.77,1,38.0,33.2,1,0.909,5.2,52.0,76.0,7,561.52,12,10.7091,0.3816,0.1362,0
15,26.92,-0.22,7,1.8,0,0.0,0.0,1,0.919,26.7,33.0,62.0,4,58.71,8,9.2309,0.0,0.225,0
22,13.18,0.092,21,3.26,1,71.0,12.63,1,0.635,1.7,47.0,89.0,8,329.67,8,8.3148,0.8907,0.1482,0
19,22.67,0.914,10,4.75,0,11.0,0.0,0,,,6.0,58.0,2,438.19,8,9.4791,0.0,0.4318,1
12,22.17,0.118,9,2.0,0,9.0,0.0,0,,,51.0,46.0,1,311.42,12,8.0613,0.0,0.2,1
12,19.29,-0.277,11,2.52,0,10.0,0.0,0,,,54.0,47.0,2,127.6,12,7.7208,0.0,0.21,1
12,47.98,0.164,13,2.71,1,37.0,30.99,1,0.5,9.5,15.0,32.0,3,156.56,8,9.9813,0.6327,0.1936,0
24,132.16,-0.602,16,3.06,0,2.0,0.0,1,0.53,12.8,46.0,57.0,4,283.52,4,15.7453,0.0,0.18,0
18,36.95,0.253,13,1.16,0,1.0,0.0,0,,,77.0,25.0,7,553.15,8,10.7068,0.0,0.0829,1
10,137.42,0.65,8,4.81,0,10.0,0.0,0,,,21.0,61.0,0,240.47,8,11.8223,0.0,0.5344,1
7,30.19,0.882,12,0.96,0,3.0,0.0,1,0.922,22.3,66.0,98.0,3,101.44,8,7.1535,0.0,0.0738,0
13,51.14,0.107,14,3.31,0,7.0,0.0,0,,,55.0,20.0,4,213.62,12,10.4347,0.0,0.2207,1
5,73.35,-1.494,10,2.52,0,2.0,0.0,0,,,14.0,59.0,1,68.84,12,7.7203,0.0,0.2291,1
20,45.79,0.475,10,2.45,1,69.0,13.68,1,0.824,30.8,63.0,61.0,7,296.63,4,11.7082,0.2924,0.2227,0
12,94.3,0.042,11,2.4,0,10.0,0.0,0,,,57.0,79.0,6,195.11,8,11.6886,0.0,0.2,1
14,37.63,-0.491,6,6.86,1,40.0,20.04,0,,,21.0,38.0,3,102.63,12,9.8953,0.5188,0.98,1
19,169.81,0.753,17,3.82,0,2.0,0.0,0,,,40.0,33.0,8,508.87,52,15.3997,0.0,0.2122,1
15,31.38,0.047,15,1.49,0,4.0,0.0,0,,,36.0,89.0,4,511.74,12,9.6418,0.0,0.0931,1
8,59.72,-0.361,12,2.52,1,52.0,14.49,0,,,64.0,77.0,3,193.08,4,9.0224,0.2386,0.1938,1
7,70.22,-0.729,14,4.89,0,13.0,0.0,1,0.762,10.7,48.0,78.0,6,259.48,24,8.8704,0.0,0.326,0
15,78.4,0.065,12,1.72,0,1.0,0.0,0,,,41.0,62.0,3,285.75,4,12.1287,0.0,0.1323,1
11,75.85,-0.562,15,3.5,0,5.0,0.0,0,,,31.0,70.0,7,295.42,8,10.7891,0.0,0.2188,1
33,203.8,0.412,23,6.54,0,5.0,0.0,1,0.803,4.9,41.0,69.0,10,378.71,4,18.7674,0.0,0.2725,0
33,42.08,1.584,19,2.48,1,46.0,39.96,0,,,64.0,66.0,15,616.57,8,13.2699,0.9276,0.124,1
19,25.45,0.253,10,3.44,1,34.0,28.52,1,0.563,14.1,66.0,75.0,1,99.85,8,9.8118,1.0783,0.3127,0
13,56.19,-0.336,11,1.72,0,6.0,0.0,0,,,61.0,60.0,3,561.15,52,10.6786,0.0,0.1433,1
26,34.35,0.35,13,1.06,0,3.0,0.0,1,0.856,11.7,37.0,37.0,4,175.12,12,11.7506,0.0,0.0757,0
17,62.41,-0.538,13,2.11,1,88.0,14.94,0,,,28.0,95.0,4,123.91,8,11.9939,0.2356,0.1507,1
11,26.03,0.069,19,1.34,1,24.0,19.19,0,,,47.0,64.0,3,80.22,12,8.1926,0.71,0.067,1
26,239.94,1.052,17,4.29,1,44.0,36.0,1,0.454,1.8,74.0,71.0,6,514.31,8,18.0762,0.1494,0.2383,0
11,54.44,-0.529,10,1.6,1,78.0,34.7,0,,,71.0,75.0,7,191.1,12,9.9776,0.6259,0.1455,1
9,29.14,0.517,12,5.31,1,91.0,11.6,1,0.523,0.2,76.0,31.0,4,225.52,12,7.8423,0.3849,0.4085,0
15,20.19,-0.831,12,2.62,0,0.0,0.0,0,,,78.0,51.0,2,172.67,8,8.4662,0.0,0.2015,1
20,68.06,-0.427,9,4.5,0,5.0,0.0,0,,,18.0,87.0,7,455.93,12,12.8935,0.0,0.45,1
6,16.51,-0.693,6,6.29,0,6.0,0.0,1,0.965,17.3,46.0,54.0,2,215.36,8,5.5707,0.0,0.8986,0
11,40.42,0.221,8,4.2,1,64.0,13.12,1,0.647,0.0,28.0,32.0,9,171.94,8,9.2532,0.3168,0.4667,0
18,43.12,0.003,8,2.14,0,10.0,0.0,0,,,82.0,72.0,0,696.51,52,11.1503,0.0,0.2378,1
5,37.26,0.259,5,1.52,0,6.0,0.0,1,0.541,0.5,65.0,31.0,1,76.83,4,6.5299,0.0,0.2533,0
20,42.74,-0.767,22,3.82,1,48.0,18.84,1,0.686,17.8,35.0,95.0,6,107.39,8,11.503,0.4307,0.1661,0
13,43.65,-0.342,12,1.7,0,2.0,0.0,0,,,43.0,35.0,2,176.26,8,10.0254,0.0,0.1308,1
13,12.22,-0.511,20,1.93,1,32.0,23.87,1,0.622,4.2,29.0,80.0,3,525.37,4,6.8133,1.8056,0.0919,0
25,113.14,0.517,14,3.88,1,37.0,24.24,0,,,58.0,65.0,13,278.25,12,15.435,0.2124,0.2587,1
19,67.72,0.842,16,4.25,1,58.0,33.73,1,0.752,4.3,38.0,69.0,11,393.37,12,12.6721,0.4908,0.25,0
18,156.9,-0.094,16,2.38,1,85.0,27.4,0,,,69.0,38.0,3,625.83,4,14.9046,0.1735,0.14,1
3,27.01,-0.916,12,3.17,1,89.0,3.23,1,0.684,16.3,24.0,69.0,4,406.06,52,4.6199,0.1153,0.2438,0
15,44.11,1.239,13,7.63,1,71.0,27.22,1,0.772,12.6,48.0,64.0,8,315.81,8,10.5611,0.6034,0.545,0
14,48.25,0.633,11,2.22,0,5.0,0.0,0,,,47.0,43.0,4,862.62,52,10.553,0.0,0.185,1
12,33.89,0.798,14,1.98,0,2.0,0.0,0,,,21.0,13.0,4,94.87,4,9.1112,0.0,0.132,1
28,44.56,0.401,18,4.05,1,49.0,45.2,1,0.782,0.3,45.0,49.0,7,129.93,12,12.8598,0.9921,0.2132,0
27,34.33,1.189,21,5.07,0,2.0,0.0,1,0.951,28.3,44.0,72.0,6,165.35,12,11.8784,0.0,0.2305,0
9,15.6,0.28,9,1.66,0,12.0,0.0,0,,,13.0,52.0,1,51.05,4,6.4689,0.0,0.166,1
9,84.54,-1.0,11,1.86,0,7.0,0.0,0,,,61.0,60.0,3,271.86,12,10.2442,0.0,0.155,1
32,116.13,-0.179,19,3.92,0,4.0,0.0,1,0.948,1.9,57.0,82.0,8,331.71,4,16.6549,0.0,0.196,0
15,50.96,-0.339,17,4.08,0,1.0,0.0,0,,,61.0,79.0,7,385.46,12,10.953,0.0,0.2267,1
21,60.6,-0.351,14,2.28,0,17.0,0.0,0,,,23.0,88.0,7,199.36,8,12.7371,0.0,0.152,1
16,42.98,0.228,15,5.74,0,10.0,0.0,0,,,51.0,89.0,5,308.67,12,10.7201,0.0,0.3588,1
9,49.19,-0.942,13,3.41,1,80.0,16.4,0,,,76.0,27.0,6,295.92,12,9.0165,0.3268,0.2436,1
26,165.8,0.715,20,11.38,1,79.0,18.42,1,0.568,0.7,47.0,89.0,6,964.65,4,16.8641,0.1104,0.5419,0
5,58.72,-0.392,9,1.02,0,13.0,0.0,0,,,29.0,35.0,1,119.54,52,7.3277,0.0,0.102,1
3,44.01,-0.694,13,1.56,1,62.0,16.11,1,0.6,13.7,19.0,40.0,2,202.31,8,5.2775,0.3579,0.1114,0
15,39.79,0.311,13,2.24,0,3.0,0.0,1,0.937,8.9,11.0,60.0,4,315.47,8,10.282,0.0,0.16,0
13,70.35,1.075,20,5.88,1,60.0,64.28,1,0.363,0.3,59.0,22.0,4,119.93,8,11.2624,0.9009,0.28,0
22,76.49,1.198,14,1.66,1,46.0,41.2,0,,,52.0,29.0,5,862.02,24,13.6399,0.5317,0.1107,1
23,44.48,1.127,12,2.12,0,9.0,0.0,0,,,54.0,75.0,8,523.03,8,12.1315,0.0,0.1631,1
10,34.73,-0.824,9,1.67,0,5.0,0.0,0,,,36.0,38.0,6,117.82,8,8.5749,0.0,0.167,1
16,48.34,-0.325,12,1.47,0,3.0,0.0,0,,,59.0,55.0,3,487.66,8,11.0459,0.0,0.1131,1
11,62.86,0.787,9,4.96,0,3.0,0.0,1,0.51,13.9,39.0,54.0,7,190.43,12,10.329,0.0,0.496,0
24,35.4,0.753,21,1.97,1,93.0,56.65,0,,,62.0,85.0,10,324.7,8,11.5705,1.5563,0.0895,1
13,26.0,0.329,9,1.97,0,3.0,0.0,1,0.884,4.8,62.0,58.0,2,298.12,4,8.6979,0.0,0.197,0
9,89.2,-0.438,14,2.92,1,59.0,17.54,0,,,66.0,64.0,2,285.33,24,10.3663,0.1945,0.1947,1
21,28.58,0.195,15,1.69,0,4.0,0.0,0,,,31.0,71.0,4,250.17,12,10.4697,0.0,0.1056,1
28,490.78,-0.357,24,1.8,1,40.0,22.9,1,0.753,2.6,45.0,44.0,11,589.44,8,20.8706,0.0466,0.072,0
10,139.14,0.887,10,1.93,0,6.0,0.0,1,0.424,36.2,49.0,54.0,5,96.34,12,11.8519,0.0,0.1755,0
6,25.58,-1.34,6,1.09,0,4.0,0.0,1,0.892,9.1,47.0,88.0,2,78.7,12,6.3829,0.0,0.1557,0
13,109.2,-0.462,13,4.0,0,3.0,0.0,0,,,55.0,68.0,3,153.57,24,12.4096,0.0,0.2857,1
18,20.11,-0.288,17,2.68,0,11.0,0.0,0,,,43.0,54.0,3,368.54,12,8.9798,0.0,0.1489,1
6,32.95,0.534,8,1.89,1,66.0,21.62,0,,,51.0,60.0,4,262.82,8,6.8591,0.6368,0.21,1
12,15.96,-0.215,11,3.09,0,4.0,0.0,0,,,35.0,89.0,6,555.24,12,7.261,0.0,0.2575,1
10,145.12,-0.652,16,2.22,0,11.0,0.0,0,,,38.0,55.0,2,186.51,4,11.9521,0.0,0.1306,1
7,12.58,-0.579,14,3.34,0,3.0,0.0,0,,,31.0,66.0,2,168.16,52,5.4244,0.0,0.2227,1
13,59.03,-0.395,9,2.76,0,3.0,0.0,1,0.726,2.6,54.0,47.0,8,307.8,24,10.8065,0.0,0.276,0
26,167.37,-0.252,22,5.67,0,12.0,0.0,0,,,70.0,75.0,6,131.41,8,16.895,0.0,0.2465,1
25,131.77,-0.379,13,2.8,0,6.0,0.0,0,,,38.0,76.0,5,307.07,4,15.9276,0.0,0.2,1
9,16.96,-0.578,10,2.58,1,53.0,21.83,1,0.937,0.1,52.0,89.0,2,80.18,12,6.6502,1.2155,0.2345,0
8,12.88,-0.249,11,1.28,0,7.0,0.0,0,,,57.0,70.0,1,200.61,12,5.7797,0.0,0.1067,1
19,63.23,0.214,20,1.72,1,66.0,11.7,0,,,21.0,52.0,5,78.85,8,12.4696,0.1822,0.0819,1
28,59.46,1.052,22,2.75,1,22.0,25.86,1,0.88,14.4,56.0,78.0,5,595.71,24,13.8126,0.4277,0.1196,0
11,24.85,-0.729,11,3.79,1,49.0,30.15,1,0.848,0.9,17.0,87.0,5,191.76,12,8.0817,1.1663,0.3158,0
7,32.45,-0.206,11,1.66,0,8.0,0.0,1,0.874,25.1,82.0,69.0,2,152.48,12,7.2989,0.0,0.1383,0
26,63.1,0.451,15,3.4,1,72.0,64.73,0,,,73.0,87.0,7,900.19,12,13.7121,1.0098,0.2125,1
15,34.43,0.228,19,1.99,0,4.0,0.0,0,,,16.0,80.0,3,228.34,12,9.8914,0.0,0.0995,1
26,197.24,0.421,17,2.94,1,32.0,46.0,0,,,48.0,71.0,3,238.38,52,17.4333,0.232,0.1633,1
5,25.33,0.188,15,1.35,0,3.0,0.0,0,,,27.0,39.0,1,162.26,4,5.8603,0.0,0.0844,1
6,18.47,-0.719,11,1.14,0,7.0,0.0,1,0.59,4.3,76.0,96.0,1,170.03,24,5.7772,0.0,0.095,0
22,26.63,-0.021,22,5.23,0,1.0,0.0,0,,,67.0,50.0,9,313.28,8,10.4064,0.0,0.2274,1
12,21.17,-0.216,9,1.93,0,3.0,0.0,0,,,47.0,68.0,0,273.38,12,7.9481,0.0,0.193,1
17,65.89,0.602,19,2.02,1,38.0,18.66,0,,,52.0,62.0,6,217.47,4,12.1484,0.279,0.101,1
22,29.46,-0.843,11,3.42,0,0.0,0.0,1,0.819,0.7,23.0,84.0,6,746.03,4,10.7121,0.0,0.285,0
7,63.5,0.002,10,2.89,0,23.0,0.0,0,,,66.0,31.0,3,131.46,12,8.6643,0.0,0.2627,1
23,16.83,-0.946,11,0.96,1,57.0,19.02,1,0.795,14.8,49.0,36.0,7,131.08,4,9.1556,1.0667,0.08,0
15,30.29,1.212,15,1.46,0,7.0,0.0,1,0.863,8.8,30.0,83.0,2,170.06,52,9.5469,0.0,0.0912,0
10,13.64,-0.76,7,3.52,0,2.0,0.0,0,,,52.0,27.0,2,230.62,12,6.4354,0.0,0.44,1
8,71.89,-0.611,9,3.76,0,7.0,0.0,0,,,30.0,82.0,5,218.28,8,9.4238,0.0,0.376,1
9,49.52,-0.85,10,3.25,0,5.0,0.0,1,0.951,33.8,53.0,19.0,2,54.68,4,9.0316,0.0,0.2955,0
19,312.19,-0.29,7,1.84,0,9.0,0.0,0,,,40.0,51.0,4,129.94,12,17.2159,0.0,0.23,1
8,46.15,-0.86,8,2.06,1,50.0,21.41,0,,,42.0,66.0,8,333.27,24,8.4666,0.4541,0.2289,1
17,21.59,-0.24,13,2.08,0,1.0,0.0,0,,,33.0,44.0,4,168.07,8,9.0108,0.0,0.1486,1
13,59.26,0.333,15,1.45,0,9.0,0.0,1,0.931,6.4,53.0,46.0,1,166.9,12,10.8166,0.0,0.0906,0
17,153.9,1.018,18,7.81,1,77.0,39.97,1,0.702,4.5,80.0,94.0,11,874.42,24,14.5755,0.258,0.4111,0
22,123.91,-0.105,21,2.32,0,8.0,0.0,1,0.8,11.4,55.0,73.0,5,575.9,12,15.1369,0.0,0.1055,0
4,60.81,-0.451,18,5.47,0,5.0,0.0,0,,,39.0,43.0,8,338.5,4,6.6374,0.0,0.2879,1
27,32.99,0.939,20,4.81,0,0.0,0.0,0,,,53.0,78.0,9,1305.85,8,11.7496,0.0,0.229,1
28,185.69,0.925,25,7.52,1,48.0,63.89,0,,,76.0,92.0,8,337.47,24,17.6091,0.3422,0.2892,1
7,40.42,-0.438,13,1.11,1,37.0,19.66,1,0.809,5.7,30.0,33.0,5,213.62,12,7.7433,0.4746,0.0793,0
11,34.29,-0.877,12,3.36,0,5.0,0.0,0,,,20.0,88.0,3,170.01,12,8.8552,0.0,0.2585,1
16,85.49,0.744,13,1.83,1,63.0,23.2,0,,,68.0,63.0,8,263.68,8,12.6362,0.2682,0.1307,1
10,21.21,-0.1,10,1.81,1,34.0,11.52,1,0.775,8.8,44.0,71.0,4,375.31,8,7.4348,0.5187,0.1645,0
23,36.55,1.087,21,6.63,1,33.0,36.91,1,0.766,2.5,42.0,62.0,8,227.21,8,11.5226,0.983,0.3014,0
16,27.19,-0.471,18,3.42,1,38.0,22.97,0,,,67.0,65.0,5,231.36,8,9.46,0.8148,0.18,1
7,29.18,-0.127,11,1.78,0,2.0,0.0,1,0.706,0.1,37.0,51.0,2,187.44,52,7.085,0.0,0.1483,0
12,32.04,0.036,11,1.92,0,1.0,0.0,1,0.681,6.3,18.0,23.0,8,338.73,8,8.9715,0.0,0.16,0
15,23.59,-0.306,9,3.63,0,1.0,0.0,1,0.872,1.3,50.0,37.0,6,726.98,12,8.8788,0.0,0.363,0
2,17.18,-0.696,4,1.16,0,1.0,0.0,0,,,61.0,62.0,1,98.57,4,3.1863,0.0,0.232,1
9,97.79,-0.233,8,1.19,1,29.0,18.46,0,,,55.0,63.0,3,125.47,12,10.5758,0.1869,0.1322,1
21,22.95,-0.151,15,5.17,0,1.0,0.0,0,,,56.0,88.0,7,379.12,8,9.8171,0.0,0.3231,1
19,120.94,0.003,18,1.81,1,95.0,24.04,0,,,67.0,55.0,5,149.24,4,14.3901,0.1971,0.0953,1
12,27.89,-0.334,13,1.44,1,77.0,27.4,1,0.663,3.0,41.0,86.0,4,108.0,8,8.6272,0.9484,0.1029,0
30,103.57,-0.001,14,4.37,0,11.0,0.0,0,,,65.0,41.0,11,603.4,8,15.9675,0.0,0.2913,1
16,94.21,-0.237,12,2.7,0,10.0,0.0,1,0.782,21.9,39.0,60.0,5,150.25,8,12.9084,0.0,0.2077,0
30,25.16,0.745,23,3.52,0,5.0,0.0,0,,,77.0,87.0,15,382.35,8,11.2093,0.0,0.1467,1
10,19.99,-0.296,15,1.33,0,5.0,0.0,0,,,68.0,32.0,3,190.6,52,7.2993,0.0,0.0831,1
18,24.96,-0.255,13,1.51,0,2.0,0.0,1,0.937,16.0,67.0,68.0,6,278.37,12,9.5887,0.0,0.1079,0
11,142.99,0.353,9,10.34,0,16.0,0.0,1,0.764,30.6,36.0,55.0,3,2178.97,4,12.3493,0.0,1.034,0
6,34.42,-0.13,7,1.69,0,3.0,0.0,0,,,80.0,67.0,2,830.57,12,6.9416,0.0,0.2112,1
26,33.31,0.3,19,3.39,1,39.0,50.71,0,,,30.0,44.0,5,603.42,4,11.6522,1.478,0.1695,1
11,22.6,-0.484,9,0.99,0,12.0,0.0,1,0.503,0.6,52.0,68.0,1,396.0,12,7.8554,0.0,0.099,0
20,42.27,0.347,18,3.71,0,14.0,0.0,1,0.696,2.0,28.0,87.0,6,703.1,4,11.4701,0.0,0.1953,0
16,52.19,0.797,12,6.87,0,8.0,0.0,0,,,63.0,60.0,8,297.11,4,11.2588,0.0,0.5285,1
21,49.53,-0.271,17,3.07,1,62.0,44.34,1,0.621,17.5,48.0,61.0,3,279.96,4,12.1248,0.8775,0.1706,0
23,113.99,-0.674,9,3.66,0,18.0,0.0,1,0.673,9.6,55.0,29.0,4,356.8,4,15.0794,0.0,0.366,0
10,42.04,0.033,11,1.56,1,39.0,34.47,0,,,38.0,54.0,4,552.28,8,9.0212,0.8009,0.13,1
10,58.96,-0.333,7,2.69,1,43.0,18.73,0,,,55.0,17.0,1,149.16,12,9.8162,0.3124,0.3362,1
11,25.61,-1.111,14,0.7,1,54.0,41.55,0,,,68.0,71.0,0,67.96,24,8.1537,1.5614,0.0467,1
13,46.62,0.606,14,2.14,0,6.0,0.0,1,0.577,53.6,30.0,78.0,8,409.58,12,10.1953,0.0,0.1427,0
9,28.04,-0.586,9,5.04,1,41.0,15.47,1,0.847,5.8,49.0,71.0,5,129.11,52,7.7567,0.5327,0.504,0
18,43.34,-0.248,11,3.75,0,0.0,0.0,0,,,78.0,88.0,7,261.82,12,11.165,0.0,0.3125,1
17,46.44,-0.405,12,3.37,1,50.0,6.18,0,,,43.0,47.0,2,89.82,24,11.1553,0.1303,0.2592,1
17,74.83,-0.041,9,7.57,1,60.0,19.33,1,0.953,10.9,50.0,43.0,7,242.68,8,12.511,0.2549,0.757,0
16,40.44,0.74,19,2.05,1,39.0,16.09,1,0.898,20.1,61.0,69.0,7,175.79,4,10.5516,0.3883,0.1025,0
11,60.76,0.37,13,3.9,0,7.0,0.0,0,,,55.0,21.0,8,210.24,12,10.2459,0.0,0.2786,1
15,69.06,-1.197,9,2.37,1,28.0,25.55,0,,,37.0,77.0,7,124.71,12,11.7817,0.3647,0.237,1
18,25.67,-0.293,18,1.82,1,62.0,26.2,0,,,97.0,74.0,5,449.71,4,9.6682,0.9824,0.0958,1
17,64.59,-0.358,16,3.99,0,2.0,0.0,1,0.791,0.1,29.0,51.0,8,362.36,12,12.0916,0.0,0.2347,0
9,22.83,-0.426,9,2.44,0,6.0,0.0,0,,,29.0,52.0,6,159.94,24,7.3014,0.0,0.244,1
13,53.61,-0.196,18,1.82,1,27.0,39.48,1,0.421,11.1,35.0,57.0,2,325.7,24,10.5568,0.7229,0.0958,0
11,43.91,0.572,12,4.4,0,2.0,0.0,1,0.588,8.0,81.0,64.0,2,165.69,24,9.4542,0.0,0.3385,0
26,63.47,0.526,17,4.93,0,6.0,0.0,0,,,68.0,88.0,11,1078.56,12,13.7311,0.0,0.2739,1
21,40.93,0.005,16,3.84,1,72.0,45.13,0,,,53.0,64.0,4,502.24,4,11.5481,1.0763,0.2259,1
23,47.34,-0.03,15,2.06,1,62.0,15.12,1,0.872,12.3,40.0,93.0,4,265.39,12,12.3253,0.3128,0.1288,0
26,47.67,-0.384,19,3.61,1,94.0,21.43,1,0.976,20.1,61.0,75.0,5,291.27,8,12.8045,0.4403,0.1805,0
27,81.79,-0.244,24,1.93,1,80.0,22.27,0,,,44.0,40.0,3,161.76,52,14.716,0.269,0.0772,1
32,101.91,0.927,17,1.76,1,70.0,38.1,1,0.991,0.4,31.0,73.0,9,548.06,8,16.2023,0.3702,0.0978,0
16,22.64,-0.013,10,5.75,0,10.0,0.0,0,,,70.0,69.0,3,249.27,12,8.9613,0.0,0.5227,1
13,79.06,0.259,11,2.19,0,5.0,0.0,1,0.874,1.7,63.0,49.0,5,241.36,8,11.5664,0.0,0.1825,0
21,57.76,-1.127,12,1.34,1,70.0,44.83,1,0.543,14.4,55.0,68.0,4,92.45,8,12.5912,0.7629,0.1031,0
25,74.66,0.211,16,3.69,0,7.0,0.0,1,0.795,1.3,28.0,63.0,5,944.45,12,14.0953,0.0,0.2171,0
18,44.09,-0.223,15,1.16,1,50.0,29.1,0,,,39.0,43.0,6,297.98,24,11.2144,0.6454,0.0725,1
14,14.07,1.056,13,3.65,0,0.0,0.0,1,0.752,3.5,46.0,47.0,5,408.09,4,7.3461,0.0,0.2607,0
9,9.44,-0.494,13,0.85,0,2.0,0.0,0,,,25.0,35.0,5,105.07,8,5.401,0.0,0.0607,1
15,31.47,-0.296,9,2.43,1,88.0,34.3,0,,,69.0,52.0,6,344.55,8,9.6495,1.0564,0.243,1
5,32.17,-0.305,9,1.8,0,3.0,0.0,1,0.508,8.1,30.0,85.0,2,103.52,24,6.2741,0.0,0.18,0
10,68.91,-0.329,6,2.43,0,7.0,0.0,0,,,51.0,47.0,1,1161.69,8,10.1844,0.0,0.3471,1
20,90.79,0.359,18,1.41,0,3.0,0.0,0,,,56.0,57.0,7,452.58,24,13.7597,0.0,0.0742,1
8,9.0,-0.953,8,1.92,1,88.0,5.02,0,,,37.0,53.0,0,249.82,8,5.0593,0.502,0.2133,1
10,22.34,-0.582,11,2.74,0,5.0,0.0,1,0.885,4.2,19.0,17.0,1,398.73,24,7.5538,0.0,0.2283,0
24,28.7,0.197,26,4.46,0,1.0,0.0,1,0.714,15.5,54.0,73.0,10,957.33,24,10.9157,0.0,0.1652,0
26,58.38,-0.188,18,4.8,0,11.0,0.0,1,0.798,15.9,73.0,71.0,9,432.24,12,13.4601,0.0,0.2526,0
22,58.89,-0.314,13,4.0,1,62.0,38.27,1,0.806,24.2,62.0,37.0,3,202.57,8,12.832,0.639,0.2857,0
13,92.06,1.454,19,1.95,0,1.0,0.0,0,,,35.0,77.0,5,192.23,8,11.9635,0.0,0.0975,1
9,19.92,-0.165,15,3.06,1,57.0,51.41,1,0.898,19.3,64.0,47.0,5,683.97,12,7.0015,2.4575,0.1912,0
31,64.56,0.572,21,9.93,0,1.0,0.0,1,0.941,7.1,58.0,89.0,12,4553.58,52,14.4971,0.0,0.4514,0
9,76.04,-1.193,14,2.47,0,11.0,0.0,0,,,65.0,88.0,3,577.04,12,10.0032,0.0,0.1647,1
23,117.53,-0.665,24,4.17,0,2.0,0.0,1,0.804,3.6,49.0,47.0,8,295.2,4,15.1757,0.0,0.1668,0
37,65.19,0.278,21,3.66,1,57.0,25.17,1,0.892,0.1,77.0,37.0,8,279.8,8,15.2507,0.3803,0.1664,0
12,24.88,-0.39,7,3.02,0,3.0,0.0,1,0.988,23.1,58.0,72.0,3,375.14,4,8.345,0.0,0.3775,0
20,51.52,-0.527,16,5.01,1,81.0,50.75,0,,,19.0,26.0,7,122.88,12,12.0599,0.9663,0.2947,1
7,44.82,-1.022,14,2.13,0,12.0,0.0,1,0.668,2.2,31.0,55.0,0,393.76,4,7.9533,0.0,0.142,0
7,95.42,0.012,20,2.5,0,13.0,0.0,0,,,11.0,56.0,5,193.8,12,9.5004,0.0,0.119,1
4,108.41,0.405,15,1.51,0,18.0,0.0,0,,,57.0,63.0,1,73.24,12,7.5565,0.0,0.0944,1
4,33.49,-0.462,7,1.83,0,2.0,0.0,0,,,43.0,46.0,2,159.93,12,5.6985,0.0,0.2288,1
15,32.61,0.649,14,1.35,1,88.0,27.93,1,0.638,0.7,48.0,30.0,3,256.94,24,9.7452,0.831,0.09,0
12,145.21,-0.399,19,11.78,1,52.0,19.91,1,0.36,23.0,59.0,45.0,5,267.94,24,12.7864,0.1362,0.589,0
21,101.85,1.807,21,6.58,1,94.0,77.27,0,,,62.0,76.0,9,298.38,24,14.3216,0.7513,0.2991,1
22,50.03,0.157,24,2.67,0,2.0,0.0,1,0.882,16.4,42.0,38.0,5,847.6,8,12.3301,0.0,0.1068,0
36,69.9,0.412,20,15.77,1,59.0,78.28,0,,,56.0,77.0,9,872.2,8,15.3871,1.1041,0.751,1
18,39.36,0.593,19,2.74,1,40.0,15.53,1,0.682,2.9,63.0,50.0,6,1429.32,8,10.8881,0.3848,0.137,0
14,47.05,0.204,10,1.38,1,70.0,6.51,0,,,90.0,45.0,4,212.68,8,10.4862,0.1355,0.1255,1
23,19.2,-0.311,16,1.27,1,47.0,46.99,0,,,72.0,95.0,8,135.17,4,9.5522,2.3262,0.0747,1
30,85.0,0.062,10,1.39,0,12.0,0.0,1,0.391,8.1,73.0,91.0,6,88.45,4,15.2962,0.0,0.1264,0
13,78.12,0.523,14,3.79,0,4.0,0.0,0,,,29.0,87.0,4,534.16,52,11.5352,0.0,0.2527,1
21,153.38,0.59,26,2.41,0,2.0,0.0,1,0.949,9.9,41.0,89.0,4,110.08,12,15.5771,0.0,0.0893,0
12,42.85,-0.906,7,3.12,0,8.0,0.0,1,0.896,1.1,39.0,22.0,3,637.46,12,9.6975,0.0,0.39,0
18,103.25,0.738,5,8.56,0,10.0,0.0,0,,,27.0,79.0,8,347.62,4,13.6822,0.0,1.4267,1
24,60.86,0.346,12,8.79,1,70.0,23.53,0,,,52.0,54.0,13,261.13,52,13.2775,0.3804,0.6762,1
19,67.18,0.007,11,2.49,0,3.0,0.0,0,,,41.0,80.0,4,345.33,8,12.6484,0.0,0.2075,1
13,15.65,-0.003,14,1.51,1,76.0,20.71,1,0.837,21.7,33.0,38.0,1,560.61,12,7.4221,1.2438,0.1007,0
6,50.77,-0.671,11,1.5,0,1.0,0.0,0,,,34.0,63.0,0,64.95,4,7.6801,0.0,0.125,1
13,37.16,-0.078,9,1.21,1,84.0,11.39,0,,,80.0,37.0,6,296.28,8,9.6109,0.2985,0.121,1
15,22.57,1.024,12,5.07,1,29.0,55.44,0,,,92.0,71.0,3,589.45,4,8.7613,2.3521,0.39,1
30,78.15,0.287,12,2.87,0,6.0,0.0,0,,,60.0,79.0,7,583.06,8,15.0111,0.0,0.2208,1
27,52.75,0.944,19,2.68,0,6.0,0.0,1,0.586,13.7,68.0,87.0,6,1241.96,8,13.2766,0.0,0.134,0
19,72.72,-0.826,13,2.51,1,61.0,27.92,0,,,64.0,46.0,9,224.46,24,12.8825,0.3787,0.1793,1
18,30.59,0.089,17,2.25,0,1.0,0.0,0,,,28.0,70.0,11,133.57,4,10.1667,0.0,0.125,1
24,71.37,0.649,19,4.84,0,8.0,0.0,0,,,31.0,84.0,4,284.38,24,13.7826,0.0,0.242,1
9,32.26,0.229,5,1.51,0,6.0,0.0,0,,,58.0,82.0,1,199.56,4,8.0691,0.0,0.2517,1
12,17.89,-1.507,18,1.75,0,0.0,0.0,0,,,57.0,18.0,4,589.76,12,7.5374,0.0,0.0921,1
8,14.15,0.087,5,2.78,0,7.0,0.0,0,,,34.0,41.0,2,660.33,8,5.9721,0.0,0.4633,1
22,98.28,-0.343,13,3.32,1,32.0,29.71,0,,,68.0,12.0,5,309.3,4,14.4168,0.2993,0.2371,1
27,73.67,0.083,22,6.24,1,87.0,18.14,0,,,32.0,62.0,7,244.49,8,14.3721,0.2429,0.2713,1
22,79.26,0.62,12,3.83,1,74.0,50.83,0,,,53.0,21.0,11,879.16,24,13.75,0.6333,0.2946,1
13,37.22,0.433,12,3.23,0,8.0,0.0,1,0.902,2.2,15.0,21.0,2,106.35,4,9.615,0.0,0.2485,0
16,45.76,-1.085,13,1.58,0,5.0,0.0,1,0.855,8.8,84.0,78.0,7,476.58,8,10.8938,0.0,0.1129,0
12,57.63,0.226,12,2.71,1,46.0,17.48,0,,,49.0,56.0,5,304.28,4,10.4425,0.2981,0.2085,1
14,37.32,0.968,11,3.79,0,11.0,0.0,0,,,21.0,58.0,5,736.03,8,9.8735,0.0,0.3158,1
8,75.34,-0.219,9,1.69,0,7.0,0.0,1,0.86,27.4,9.0,36.0,3,656.62,52,9.5254,0.0,0.169,0
17,109.64,-0.129,22,5.3,1,67.0,17.45,1,0.748,21.6,69.0,37.0,9,309.6,24,13.6029,0.1577,0.2304,0
10,19.09,-0.323,21,1.58,0,16.0,0.0,1,0.509,8.5,70.0,41.0,0,347.22,24,7.1942,0.0,0.0718,0
17,48.52,0.337,10,2.69,1,66.0,27.66,0,,,75.0,76.0,5,1294.19,4,11.2793,0.5586,0.2445,1
15,27.73,0.011,11,3.32,1,86.0,23.42,0,,,24.0,55.0,7,347.86,4,9.3102,0.8152,0.2767,1
22,27.51,1.196,18,2.21,1,75.0,27.99,0,,,39.0,58.0,6,689.95,8,10.5047,0.9818,0.1163,1
20,108.04,0.162,14,1.7,1,58.0,17.7,0,,,12.0,62.0,7,522.37,4,14.284,0.1623,0.1133,1
11,26.78,-0.141,14,1.88,0,9.0,0.0,1,0.829,12.5,67.0,59.0,4,180.59,24,8.2606,0.0,0.1253,0
5,28.87,0.052,5,0.75,0,9.0,0.0,1,0.915,11.8,46.0,45.0,1,140.37,8,6.0863,0.0,0.125,0
20,95.06,0.847,21,4.17,0,0.0,0.0,0,,,42.0,69.0,8,531.91,12,13.8982,0.0,0.1895,1
21,43.4,0.522,20,3.12,1,84.0,44.58,0,,,48.0,71.0,9,458.96,12,11.7251,1.0041,0.1486,1
10,23.28,-1.433,6,1.07,0,21.0,0.0,1,0.766,25.7,29.0,74.0,2,223.66,12,7.6485,0.0,0.1529,0
21,62.21,-0.005,14,2.36,0,1.0,0.0,0,,,60.0,77.0,9,244.92,4,12.8169,0.0,0.1573,1
17,31.35,-1.276,13,2.83,1,78.0,45.77,0,,,45.0,77.0,3,145.88,8,10.0487,1.4148,0.2021,1
11,14.57,-0.636,7,6.07,0,8.0,0.0,1,0.683,5.5,52.0,61.0,4,132.86,12,6.8219,0.0,0.7588,0
19,19.69,0.898,20,3.16,1,83.0,20.5,1,0.554,3.8,63.0,85.0,8,517.83,8,9.076,0.9908,0.1505,0
16,74.95,0.305,12,1.44,1,77.0,26.75,0,,,78.0,73.0,8,255.54,12,12.268,0.3522,0.1108,1
11,26.74,-0.545,9,1.59,0,3.0,0.0,0,,,35.0,69.0,1,413.23,4,8.257,0.0,0.159,1
11,27.51,-1.177,9,1.38,0,4.0,0.0,1,0.552,0.0,31.0,82.0,3,280.91,4,8.3251,0.0,0.138,0
19,47.36,1.26,12,5.39,1,66.0,32.21,0,,,44.0,78.0,7,224.91,8,11.6195,0.666,0.4146,1
6,53.18,-0.58,13,10.36,1,17.0,9.03,0,,,27.0,66.0,1,139.78,4,7.7687,0.1667,0.74,1
18,67.79,0.56,12,2.49,1,71.0,19.99,1,0.788,6.9,35.0,87.0,6,499.11,4,12.4581,0.2906,0.1915,0
15,110.92,-0.514,11,1.7,0,1.0,0.0,1,0.851,5.7,40.0,34.0,3,275.2,8,13.0805,0.0,0.1417,0
7,102.25,-0.727,12,2.97,0,14.0,0.0,1,0.9,6.2,54.0,18.0,3,69.2,24,9.6427,0.0,0.2285,0
25,44.45,0.386,22,6.53,0,3.0,0.0,0,,,57.0,79.0,9,664.12,8,12.4349,0.0,0.2839,1
17,107.58,0.758,13,3.12,0,10.0,0.0,0,,,39.0,44.0,3,335.61,12,13.5486,0.0,0.2229,1
15,57.57,1.214,14,2.46,0,17.0,0.0,1,0.494,8.7,71.0,70.0,3,673.49,4,11.2851,0.0,0.164,0
12,49.65,-0.306,8,3.02,0,4.0,0.0,0,,,45.0,40.0,5,350.72,12,10.0673,0.0,0.3356,1
25,69.17,0.018,27,3.3,0,3.0,0.0,1,0.614,4.4,50.0,75.0,5,922.37,12,13.8499,0.0,0.1179,0
13,13.51,-0.146,16,1.54,1,85.0,20.91,0,,,61.0,98.0,3,290.65,8,7.0591,1.4411,0.0906,1
22,30.12,1.314,20,5.35,1,62.0,58.59,1,0.74,0.7,58.0,87.0,6,377.27,8,10.7794,1.8827,0.2548,0
12,28.06,-0.15,10,3.0,1,11.0,7.58,1,0.141,2.0,82.0,81.0,6,184.52,8,8.6422,0.2608,0.2727,0
11,56.99,-0.061,15,2.16,0,3.0,0.0,1,0.961,3.5,26.0,69.0,2,325.34,24,10.0894,0.0,0.135,0
24,177.6,0.772,30,6.64,0,9.0,0.0,1,0.896,0.9,83.0,62.0,11,625.38,8,16.6903,0.0,0.2142,0
20,14.99,1.049,13,4.53,0,5.0,0.0,1,0.874,15.5,54.0,90.0,5,170.74,8,8.4393,0.0,0.3236,0
23,115.6,-0.007,16,8.87,0,4.0,0.0,1,0.775,26.7,53.0,48.0,10,278.01,24,15.1236,0.0,0.5218,0
10,56.76,-0.479,14,1.76,0,14.0,0.0,1,0.552,15.9,34.0,69.0,2,121.91,8,9.7266,0.0,0.1173,0
14,53.41,-0.148,13,9.41,1,48.0,31.7,1,0.897,2.2,28.0,74.0,9,366.46,12,10.8229,0.5826,0.6721,0
17,42.48,0.071,6,3.14,0,2.0,0.0,0,,,42.0,73.0,4,192.0,24,10.9034,0.0,0.4486,1
13,61.39,-0.145,10,5.44,0,1.0,0.0,1,0.851,9.5,32.0,54.0,2,247.74,4,10.9083,0.0,0.4945,0
12,10.69,-0.162,7,2.24,0,4.0,0.0,0,,,72.0,55.0,1,37.81,4,6.3065,0.0,0.28,1
19,96.26,-0.369,15,3.69,1,53.0,50.44,1,0.821,8.0,63.0,69.0,6,192.58,4,13.7126,0.5186,0.2306,0
10,48.27,-0.321,4,2.39,1,78.0,12.88,0,,,47.0,74.0,0,575.38,12,9.3454,0.2614,0.478,1
20,120.84,1.014,8,6.79,0,0.0,0.0,0,,,54.0,79.0,2,338.7,4,14.622,0.0,0.7544,1
29,51.61,1.437,16,3.14,1,63.0,24.8,1,0.873,14.3,69.0,78.0,10,147.44,4,13.4786,0.4714,0.1847,0
18,38.88,0.676,10,1.25,0,6.0,0.0,1,0.678,3.3,70.0,81.0,6,105.24,12,10.8528,0.0,0.1136,0
10,60.67,0.472,13,2.84,0,6.0,0.0,0,,,79.0,24.0,1,222.65,12,9.8836,0.0,0.2029,1
10,26.42,-0.309,9,3.19,0,2.0,0.0,0,,,48.0,96.0,2,471.69,12,7.9401,0.0,0.319,1
24,180.52,0.603,26,11.93,0,4.0,0.0,0,,,55.0,65.0,12,1390.81,12,16.7426,0.0,0.4419,1
22,71.89,1.13,14,2.59,0,3.0,0.0,1,0.727,11.6,52.0,56.0,7,356.24,4,13.448,0.0,0.1727,0
12,25.87,0.144,10,2.07,0,6.0,0.0,0,,,42.0,59.0,8,203.54,24,8.4413,0.0,0.1882,1
18,125.89,-0.572,11,1.7,0,9.0,0.0,0,,,72.0,64.0,3,315.31,12,14.2609,0.0,0.1417,1
14,97.03,0.365,21,4.55,0,4.0,0.0,1,0.547,36.0,44.0,68.0,7,899.12,12,12.4172,0.0,0.2068,0
30,109.9,0.341,21,4.21,0,3.0,0.0,1,0.716,4.5,74.0,64.0,11,144.99,4,16.1694,0.0,0.1914,0
16,20.54,0.38,14,1.87,1,63.0,34.87,1,0.822,15.5,62.0,59.0,1,211.88,8,8.6977,1.6188,0.1247,0
23,23.52,1.659,10,2.4,1,86.0,28.5,0,,,50.0,45.0,8,200.28,12,10.1681,1.1623,0.2182,1
26,33.43,1.437,18,4.07,1,27.0,45.98,1,0.843,9.5,57.0,74.0,8,247.96,4,11.6637,1.3355,0.2142,0
11,34.47,-0.808,13,2.42,1,69.0,10.08,1,0.724,30.2,32.0,80.0,5,356.86,8,8.8679,0.2842,0.1729,0
8,35.75,-0.813,6,3.58,0,0.0,0.0,0,,,21.0,39.0,7,232.83,4,7.9191,0.0,0.5114,1
35,42.47,0.541,30,4.15,0,8.0,0.0,0,,,67.0,64.0,10,490.09,4,13.5173,0.0,0.1339,1
9,12.12,-1.344,11,2.91,0,7.0,0.0,1,0.616,2.3,37.0,15.0,2,794.9,12,5.9272,0.0,0.2425,0
22,366.72,0.738,19,6.65,0,6.0,0.0,1,0.602,1.4,74.0,87.0,11,245.16,12,18.5224,0.0,0.3325,0
6,27.53,-0.5,15,1.81,1,58.0,16.3,1,0.663,5.8,43.0,77.0,2,140.02,12,6.5207,0.5713,0.1131,0
5,63.34,-0.361,6,1.0,1,70.0,11.31,0,,,75.0,49.0,1,467.69,12,7.4612,0.1758,0.1429,1
7,14.17,-0.636,12,1.23,1,67.0,20.79,0,,,54.0,68.0,0,617.79,8,5.6547,1.3705,0.0946,1
17,30.22,-0.924,11,2.55,1,77.0,18.38,1,0.559,23.6,55.0,83.0,3,429.96,24,9.9459,0.5887,0.2125,0
13,79.33,-0.177,18,4.1,0,9.0,0.0,0,,,52.0,34.0,5,448.32,8,11.5753,0.0,0.2158,1
23,49.79,-0.129,18,3.02,0,2.0,0.0,1,0.829,20.2,44.0,61.0,7,153.06,4,12.4824,0.0,0.1589,0
12,40.53,-0.364,9,1.45,1,43.0,8.05,0,,,23.0,65.0,1,154.9,4,9.5581,0.1938,0.145,1
11,179.61,-0.464,12,2.56,0,6.0,0.0,1,0.918,13.8,20.0,76.0,0,141.21,24,12.9124,0.0,0.1969,0
6,10.13,-0.317,12,0.7,0,3.0,0.0,1,0.869,1.2,23.0,9.0,6,164.25,8,4.689,0.0,0.0538,0
17,74.73,-0.402,12,3.12,1,57.0,55.51,0,,,12.0,37.0,7,130.0,4,12.5071,0.733,0.24,1
40,101.99,1.242,23,9.77,1,69.0,46.1,0,,,44.0,92.0,11,2118.0,8,17.211,0.4476,0.4071,1
25,132.14,-0.193,13,2.23,0,0.0,0.0,0,,,38.0,55.0,5,265.02,4,15.9367,0.0,0.1593,1
28,82.78,0.609,14,3.63,1,36.0,32.59,1,0.836,3.0,41.0,92.0,5,875.89,12,14.911,0.389,0.242,0
9,37.52,-0.274,16,4.11,0,4.0,0.0,1,0.782,3.6,19.0,71.0,2,191.87,4,8.4071,0.0,0.2418,0
16,22.73,-0.657,9,1.53,0,1.0,0.0,0,,,62.0,51.0,1,183.01,4,8.9721,0.0,0.153,1
25,35.13,-0.303,15,4.1,1,45.0,20.97,1,0.721,4.9,58.0,58.0,2,383.25,4,11.6872,0.5804,0.2562,0
21,50.29,0.392,22,1.13,1,61.0,21.75,1,0.808,7.4,75.0,69.0,6,230.3,12,12.171,0.4241,0.0491,0
9,78.69,-0.332,5,1.47,0,15.0,0.0,0,,,65.0,74.0,2,127.54,4,10.081,0.0,0.245,1
18,149.35,0.069,13,1.87,0,3.0,0.0,1,0.736,4.2,59.0,60.0,8,216.12,12,14.7604,0.0,0.1336,0
20,25.01,-1.69,11,3.65,1,56.0,30.4,1,0.952,18.3,62.0,75.0,2,113.67,4,9.9205,1.1688,0.3042,0
15,83.46,0.74,12,5.8,0,19.0,0.0,0,,,60.0,38.0,5,90.99,8,12.3,0.0,0.4462,1
18,45.5,-0.275,11,2.85,0,1.0,0.0,1,0.882,4.2,77.0,69.0,11,1284.52,12,11.305,0.0,0.2375,0
23,55.16,0.413,13,5.5,0,4.0,0.0,0,,,61.0,43.0,3,435.7,12,12.8019,0.0,0.3929,1
6,32.52,-0.702,12,2.65,0,8.0,0.0,1,0.852,24.3,71.0,51.0,0,80.17,12,6.8343,0.0,0.2038,0
12,37.9,-0.356,12,2.4,0,1.0,0.0,0,,,47.0,44.0,3,218.58,52,9.3903,0.0,0.1846,1
5,117.07,-0.242,11,6.74,1,69.0,8.5,0,,,39.0,29.0,4,140.98,8,8.549,0.072,0.5617,1
35,149.3,1.005,22,3.13,1,64.0,17.18,1,0.777,0.3,44.0,72.0,10,164.87,12,17.9629,0.1143,0.1361,0
28,89.98,0.814,10,5.8,0,5.0,0.0,1,0.965,6.1,16.0,81.0,12,2075.05,4,15.1887,0.0,0.5273,0
20,72.72,-0.002,15,3.59,1,77.0,26.23,0,,,48.0,64.0,8,212.37,4,13.0923,0.3558,0.2244,1
7,22.98,-0.416,8,1.39,0,11.0,0.0,1,0.806,29.7,32.0,88.0,1,262.26,8,6.6068,0.0,0.1544,0
10,23.81,-1.442,12,1.34,0,0.0,0.0,0,,,18.0,33.0,0,84.92,4,7.7002,0.0,0.1031,1
27,67.85,0.168,20,7.64,1,39.0,46.81,0,,,41.0,64.0,10,147.53,24,14.1017,0.6799,0.3638,1
9,111.58,-0.625,13,0.64,1,49.0,27.3,1,0.923,6.8,20.0,84.0,2,366.48,8,10.8766,0.2425,0.0457,0
19,55.1,-0.485,12,1.87,1,77.0,18.33,0,,,28.0,76.0,7,419.38,8,12.0642,0.3267,0.1438,1
5,33.28,-0.62,12,1.58,0,5.0,0.0,0,,,26.0,61.0,3,415.32,4,6.3331,0.0,0.1215,1
10,25.33,0.183,18,2.54,0,2.0,0.0,0,,,86.0,84.0,2,120.73,8,7.8428,0.0,0.1337,1
15,26.61,1.064,9,1.86,0,2.0,0.0,0,,,35.0,73.0,3,230.58,4,9.1999,0.0,0.186,1
13,15.12,-0.373,14,1.45,0,6.0,0.0,0,,,74.0,72.0,7,280.97,12,7.3367,0.0,0.0967,1
33,61.04,1.251,13,7.63,0,4.0,0.0,0,,,40.0,62.0,10,614.83,4,14.556,0.0,0.545,1
23,20.42,-0.018,13,1.98,0,3.0,0.0,1,0.589,20.0,76.0,27.0,1,403.89,8,9.7386,0.0,0.1414,0
20,46.59,-0.128,8,1.5,1,87.0,15.1,0,,,78.0,69.0,4,166.33,24,11.7598,0.3173,0.1667,1
19,54.53,0.245,14,3.41,0,1.0,0.0,0,,,57.0,21.0,4,418.64,24,12.0336,0.0,0.2273,1
25,45.89,0.408,16,4.19,0,11.0,0.0,1,0.647,2.5,69.0,41.0,3,452.55,24,12.5365,0.0,0.2465,0
7,31.09,-0.22,4,0.83,1,25.0,13.34,0,,,30.0,31.0,2,238.25,8,7.2126,0.4157,0.166,1
17,30.94,0.162,12,8.9,0,3.0,0.0,1,0.967,1.5,47.0,89.0,5,203.32,4,10.0118,0.0,0.6846,0
24,53.85,0.85,10,4.24,0,2.0,0.0,0,,,42.0,52.0,6,116.83,52,12.8903,0.0,0.3855,1
3,30.64,-0.522,15,2.57,0,4.0,0.0,0,,,40.0,72.0,0,304.25,8,4.7888,0.0,0.1606,1
19,40.8,0.668,22,1.79,1,23.0,20.53,0,,,57.0,59.0,4,385.69,12,11.1828,0.4911,0.0778,1
14,56.8,-1.035,11,1.93,0,4.0,0.0,0,,,42.0,48.0,2,92.09,12,10.9865,0.0,0.1608,1
14,15.29,-0.568,16,4.23,0,2.0,0.0,0,,,22.0,46.0,6,94.39,8,7.557,0.0,0.2488,1
23,29.15,0.042,10,2.02,1,60.0,31.87,0,,,19.0,51.0,4,130.12,8,10.825,1.057,0.1836,1
21,21.87,0.483,14,5.09,0,1.0,0.0,1,0.672,8.4,63.0,24.0,9,189.23,24,9.6744,0.0,0.3393,0
16,37.4,-0.387,18,3.88,1,78.0,11.7,1,0.724,18.3,14.0,90.0,3,202.43,12,10.3357,0.3047,0.2042,0
6,19.87,-0.039,6,1.39,0,5.0,0.0,1,0.706,1.9,34.0,36.0,2,282.96,8,5.9123,0.0,0.1986,0
11,66.02,0.198,8,3.96,0,15.0,0.0,1,0.693,5.0,48.0,25.0,4,464.77,24,10.449,0.0,0.44,0
13,38.66,0.924,12,1.3,1,54.0,15.89,1,0.638,5.0,36.0,32.0,6,120.16,4,9.7126,0.4007,0.1,0
18,89.76,0.359,12,12.87,0,7.0,0.0,0,,,32.0,83.0,3,368.78,24,13.2742,0.0,0.99,1
9,14.07,-0.258,11,6.26,0,10.0,0.0,0,,,19.0,66.0,3,246.44,24,6.2462,0.0,0.5217,1
24,19.93,0.551,20,2.26,1,66.0,29.66,1,0.848,16.0,37.0,82.0,4,744.47,24,9.7892,1.4171,0.1076,0
22,14.83,-0.028,13,0.84,0,9.0,0.0,1,0.79,12.3,61.0,70.0,7,236.46,12,8.6599,0.0,0.06,0
18,21.24,0.533,9,3.55,0,5.0,0.0,1,0.751,1.4,59.0,70.0,8,193.24,24,9.1333,0.0,0.355,0
18,26.73,-0.485,14,5.27,0,3.0,0.0,0,,,17.0,90.0,4,152.05,4,9.7829,0.0,0.3513,1
16,19.54,-0.175,12,4.71,0,5.0,0.0,1,0.685,16.6,89.0,78.0,8,754.61,4,8.563,0.0,0.3623,0
23,103.91,0.728,20,5.94,1,40.0,42.06,1,0.792,16.1,37.0,73.0,10,576.76,4,14.7878,0.4009,0.2829,0
35,44.35,0.2,24,10.44,1,72.0,63.12,0,,,49.0,47.0,11,458.95,4,13.669,1.3918,0.4176,1
36,203.17,0.634,19,5.48,0,8.0,0.0,0,,,23.0,57.0,10,291.84,24,19.2063,0.0,0.274,1
11,28.67,-0.233,12,3.9,0,7.0,0.0,0,,,53.0,40.0,3,87.83,4,8.4242,0.0,0.3,1
6,78.32,-0.49,11,2.24,0,1.0,0.0,0,,,43.0,57.0,4,345.68,8,8.5104,0.0,0.1867,1
11,95.53,-0.667,14,2.62,0,2.0,0.0,1,0.816,11.6,78.0,83.0,7,210.86,8,11.3557,0.0,0.1747,0
7,25.24,-0.134,14,1.21,1,88.0,24.43,1,0.739,15.0,45.0,35.0,3,635.32,4,6.7941,0.931,0.0807,0
18,33.68,1.028,16,7.97,1,39.0,43.42,1,0.655,8.4,66.0,69.0,7,83.37,12,10.4415,1.252,0.4688,0
4,21.22,1.005,11,1.4,0,10.0,0.0,0,,,40.0,86.0,1,126.65,12,4.9909,0.0,0.1167,1
12,30.13,-0.078,14,2.11,1,83.0,37.74,1,0.765,5.9,31.0,77.0,2,244.89,8,8.8187,1.2123,0.1407,0
20,26.91,0.952,19,2.25,1,25.0,50.87,0,,,22.0,75.0,7,314.66,4,10.1352,1.8226,0.1125,1
16,63.47,0.61,14,1.64,0,2.0,0.0,0,,,52.0,26.0,8,103.36,12,11.8037,0.0,0.1093,1
7,18.52,0.009,4,2.86,1,61.0,19.25,0,,,70.0,52.0,2,324.57,4,6.1789,0.9862,0.572,1
12,30.8,-1.152,9,5.97,0,0.0,0.0,1,0.399,2.8,64.0,51.0,2,248.63,8,8.8734,0.0,0.597,0
12,44.26,-0.201,12,1.43,0,1.0,0.0,1,0.964,5.5,26.0,64.0,3,167.27,4,9.7787,0.0,0.11,0
7,41.51,0.392,9,1.28,0,1.0,0.0,0,,,49.0,89.0,3,94.64,8,7.7974,0.0,0.128,1
8,78.43,-1.277,13,1.98,0,3.0,0.0,0,,,39.0,63.0,3,538.76,12,9.6126,0.0,0.1414,1
20,142.42,-0.205,13,6.27,1,86.0,27.65,0,,,46.0,84.0,6,447.21,8,15.1184,0.1928,0.4479,1
11,29.69,0.476,7,3.31,0,4.0,0.0,0,,,18.0,32.0,2,1106.66,8,8.5082,0.0,0.4138,1
9,136.67,-0.101,9,4.83,0,1.0,0.0,0,,,45.0,70.0,5,583.54,4,11.3399,0.0,0.483,1
6,26.0,-1.261,9,0.67,0,1.0,0.0,0,,,11.0,42.0,2,220.2,8,6.4134,0.0,0.067,1
9,6.16,-0.003,14,3.1,0,14.0,0.0,1,0.776,1.7,29.0,15.0,2,133.44,8,4.5327,0.0,0.2067,0
7,61.32,-0.683,6,2.97,0,3.0,0.0,0,,,30.0,27.0,4,101.3,8,8.5928,0.0,0.4243,1
20,94.24,-0.326,14,1.96,1,43.0,64.8,0,,,89.0,20.0,8,321.32,24,13.8721,0.6804,0.1307,1
21,31.12,-0.327,20,6.43,1,75.0,15.88,1,0.5,1.9,57.0,47.0,9,347.99,8,10.7243,0.4944,0.3062,0
6,24.59,-0.327,11,4.14,1,62.0,18.94,1,0.507,59.4,48.0,84.0,1,239.78,4,6.309,0.7401,0.345,0
16,26.88,-0.184,10,5.95,0,0.0,0.0,0,,,65.0,26.0,5,170.48,4,9.4287,0.0,0.5409,1
9,158.32,0.377,9,0.71,1,36.0,41.49,0,,,54.0,78.0,3,288.94,52,11.6762,0.2604,0.071,1
14,75.89,-0.285,11,2.91,1,74.0,16.07,0,,,39.0,67.0,5,217.54,24,11.7594,0.209,0.2425,1
23,97.02,-0.244,15,4.48,0,1.0,0.0,0,,,40.0,62.0,7,212.38,8,14.5719,0.0,0.28,1
15,22.42,0.24,12,1.43,0,9.0,0.0,1,0.608,13.6,47.0,64.0,8,326.79,4,8.7436,0.0,0.11,0
9,20.55,0.072,16,1.19,1,11.0,18.35,1,0.5,17.0,76.0,72.0,2,352.44,8,7.0698,0.8515,0.07,0
15,110.35,-0.287,16,1.53,1,88.0,18.23,0,,,63.0,53.0,8,370.31,24,13.0663,0.1637,0.09,1
22,57.82,0.397,18,3.12,1,63.0,29.06,1,0.85,3.3,43.0,27.0,8,770.72,24,12.7755,0.494,0.1642,0
25,205.64,0.676,11,2.42,0,16.0,0.0,1,0.93,13.9,42.0,86.0,6,657.91,52,17.3688,0.0,0.2017,0
24,48.7,0.64,18,5.98,0,6.0,0.0,1,0.863,0.2,58.0,90.0,9,366.37,24,12.5729,0.0,0.3147,0
13,26.78,0.031,11,7.41,1,60.0,20.36,1,0.509,7.7,8.0,74.0,4,193.45,12,8.7731,0.7329,0.6175,0
20,136.74,0.706,19,5.38,0,12.0,0.0,0,,,32.0,63.0,5,884.25,8,14.9954,0.0,0.269,1
35,50.59,0.378,19,2.52,1,74.0,40.16,1,0.845,11.9,55.0,64.0,5,445.03,8,14.131,0.7784,0.126,0
9,20.31,-0.566,13,3.17,0,2.0,0.0,0,,,48.0,74.0,4,75.48,8,7.044,0.0,0.2264,1
39,37.14,0.827,26,6.9,1,51.0,24.93,1,0.693,15.2,49.0,58.0,9,298.22,12,13.4322,0.6536,0.2556,0
20,35.1,-0.236,23,1.31,0,2.0,0.0,0,,,68.0,83.0,4,381.56,52,10.9185,0.0,0.0546,1
16,85.41,0.665,17,3.14,1,86.0,42.59,1,0.643,2.2,51.0,60.0,11,335.14,12,12.6336,0.4929,0.1744,0
10,32.89,0.65,12,2.2,1,42.0,17.65,0,,,43.0,55.0,5,255.64,4,8.4481,0.5208,0.1692,1
14,74.12,-0.649,15,5.24,0,4.0,0.0,0,,,84.0,79.0,5,81.62,24,11.6963,0.0,0.3275,1
21,66.46,1.778,15,2.62,0,17.0,0.0,1,0.83,32.5,29.0,75.0,9,278.85,12,13.018,0.0,0.1638,0
12,64.7,-0.467,5,1.18,0,15.0,0.0,1,0.913,37.1,35.0,82.0,3,777.58,8,10.7346,0.0,0.1967,0
9,43.49,0.419,8,2.3,0,8.0,0.0,0,,,58.0,68.0,4,207.99,8,8.7389,0.0,0.2556,1
8,38.12,-0.06,10,2.14,0,1.0,0.0,0,,,51.0,90.0,3,450.38,4,8.0564,0.0,0.1945,1
9,42.82,-1.451,9,1.73,0,2.0,0.0,1,0.883,9.2,76.0,11.0,3,86.9,8,8.704,0.0,0.173,0
20,23.73,0.273,6,4.41,0,6.0,0.0,0,,,76.0,84.0,5,436.95,4,9.7669,0.0,0.63,1
12,21.71,0.292,16,2.1,0,5.0,0.0,1,0.696,17.7,76.0,54.0,2,119.87,4,8.0098,0.0,0.1235,0
24,34.16,0.456,25,6.18,0,5.0,0.0,0,,,73.0,47.0,10,417.18,24,11.4589,0.0,0.2377,1
13,64.86,-0.266,15,5.05,0,10.0,0.0,0,,,61.0,40.0,4,216.19,52,11.0511,0.0,0.3156,1
11,34.23,0.429,10,2.8,0,1.0,0.0,0,,,22.0,88.0,3,218.53,4,8.851,0.0,0.2545,1
6,32.76,-0.13,15,2.08,0,10.0,0.0,0,,,70.0,75.0,3,78.29,4,6.8482,0.0,0.13,1
10,35.63,0.053,11,3.1,0,15.0,0.0,0,,,66.0,27.0,4,407.87,4,8.6345,0.0,0.2583,1
24,28.01,-0.068,13,1.9,1,50.0,14.04,1,0.617,22.3,62.0,58.0,6,798.15,12,10.84,0.484,0.1357,0
10,60.93,0.439,10,2.46,1,89.0,9.7,1,0.969,5.1,61.0,86.0,11,924.43,12,9.8937,0.1566,0.2236,0
31,86.74,-0.416,17,4.12,1,32.0,31.75,0,,,51.0,63.0,6,565.59,8,15.507,0.3619,0.2289,1
8,25.41,0.224,10,2.76,1,71.0,17.64,0,,,38.0,45.0,3,98.32,12,7.1931,0.6679,0.2509,1
24,107.99,1.228,16,9.21,0,1.0,0.0,0,,,18.0,86.0,14,333.58,4,15.1006,0.0,0.5418,1
29,87.63,1.149,17,5.05,1,38.0,31.91,0,,,19.0,76.0,4,339.9,12,15.2526,0.36,0.2806,1
22,96.34,-0.596,10,2.48,1,72.0,20.61,0,,,24.0,36.0,6,76.5,24,14.355,0.2117,0.2255,1
15,131.47,0.572,14,2.05,0,7.0,0.0,0,,,32.0,78.0,8,775.17,4,13.5479,0.0,0.1367,1
14,52.52,-0.434,16,2.98,1,66.0,19.44,0,,,49.0,53.0,11,186.9,8,10.7782,0.3632,0.1753,1
29,51.59,0.448,19,2.58,1,77.0,53.41,1,0.523,3.8,58.0,77.0,9,576.92,12,13.4773,1.0156,0.129,0
11,16.79,0.053,18,1.5,1,40.0,8.42,0,,,72.0,83.0,2,109.01,4,7.1531,0.4733,0.0789,1
11,18.32,-0.825,8,1.97,1,77.0,11.05,1,0.449,7.7,49.0,69.0,1,240.53,24,7.3582,0.5719,0.2189,0
12,49.33,0.294,13,2.93,0,8.0,0.0,0,,,32.0,81.0,4,212.82,4,10.051,0.0,0.2093,1
19,70.97,0.335,25,2.18,0,5.0,0.0,1,0.763,16.8,36.0,64.0,6,404.39,12,12.8105,0.0,0.0838,0
23,48.06,0.616,15,2.71,1,61.0,25.53,0,,,46.0,70.0,6,143.15,8,12.3723,0.5204,0.1694,1
11,145.95,-0.005,14,4.3,0,0.0,0.0,0,,,46.0,22.0,5,444.94,8,12.3999,0.0,0.2867,1
16,90.27,0.689,8,12.38,0,0.0,0.0,1,0.929,7.6,65.0,19.0,9,119.49,8,12.7886,0.0,1.3756,0
15,51.99,0.609,15,5.25,0,6.0,0.0,0,,,52.0,76.0,6,625.26,8,11.0075,0.0,0.3281,1
23,79.23,0.484,24,2.2,1,25.0,34.9,1,0.913,5.5,22.0,73.0,8,191.72,8,13.9354,0.435,0.088,0
12,48.09,-0.112,10,2.03,0,1.0,0.0,0,,,47.0,37.0,4,123.58,24,9.987,0.0,0.1845,1
9,19.03,-0.022,11,3.68,1,46.0,23.66,0,,,15.0,46.0,4,193.6,12,6.9014,1.1812,0.3067,1
18,25.6,-0.515,12,1.5,0,0.0,0.0,0,,,61.0,55.0,1,295.67,24,9.6604,0.0,0.1154,1
10,31.19,0.586,10,2.68,0,7.0,0.0,1,0.579,10.6,55.0,63.0,6,75.99,52,8.3247,0.0,0.2436,0
11,44.61,0.325,6,3.54,1,95.0,15.98,0,,,32.0,30.0,4,809.25,8,9.4927,0.3504,0.5057,1
16,38.94,-0.172,14,2.06,0,2.0,0.0,0,,,38.0,53.0,3,473.34,8,10.4471,0.0,0.1373,1
9,55.84,-0.487,10,1.54,1,87.0,17.83,1,0.452,4.8,18.0,83.0,1,760.07,4,9.303,0.3137,0.14,0
22,36.83,-1.116,8,2.22,0,20.0,0.0,1,0.906,26.7,65.0,58.0,5,619.77,8,11.3916,0.0,0.2467,0
10,7.17,-0.254,3,1.12,0,12.0,0.0,1,0.698,10.7,79.0,53.0,5,168.41,12,5.0367,0.0,0.28,0
9,44.55,-0.544,10,1.57,0,5.0,0.0,1,0.686,3.6,6.0,19.0,3,274.66,24,8.7931,0.0,0.1427,0
25,74.42,-0.051,12,4.45,1,28.0,27.15,0,,,67.0,76.0,12,1019.7,4,14.085,0.36,0.3423,1
5,26.48,-0.713,8,2.85,1,66.0,5.15,0,,,24.0,69.0,2,514.89,24,5.9369,0.1874,0.3167,1
15,99.43,0.729,12,3.37,0,3.0,0.0,0,,,53.0,62.0,6,503.61,4,12.7801,0.0,0.2592,1
8,93.83,0.95,15,2.25,0,3.0,0.0,1,0.619,9.3,65.0,77.0,6,145.79,8,10.002,0.0,0.1406,0
5,92.16,-0.252,15,1.16,0,17.0,0.0,1,0.857,15.1,6.0,49.0,1,63.82,12,8.1244,0.0,0.0725,0
17,21.12,0.101,18,3.17,0,7.0,0.0,1,0.872,14.5,83.0,54.0,7,653.11,12,8.95,0.0,0.1668,0
16,14.74,-1.143,8,2.5,0,3.0,0.0,0,,,60.0,83.0,6,196.76,8,7.8089,0.0,0.2778,1
27,337.35,0.324,14,2.21,1,73.0,17.46,0,,,20.0,76.0,8,451.61,12,19.407,0.0516,0.1473,1
24,134.16,0.263,11,3.69,0,11.0,0.0,1,0.461,6.2,58.0,37.0,7,370.87,8,15.7933,0.0,0.3075,0
15,40.47,-0.191,9,3.11,0,3.0,0.0,1,0.827,61.8,69.0,59.0,2,246.47,12,10.3278,0.0,0.311,0
19,60.72,0.676,10,2.39,0,6.0,0.0,0,,,64.0,50.0,7,351.54,12,12.3502,0.0,0.2173,1
30,236.14,1.434,32,3.91,1,49.0,50.75,1,0.901,14.0,74.0,44.0,10,146.08,24,18.7793,0.214,0.1185,0
7,10.43,0.617,25,6.85,0,17.0,0.0,1,0.678,15.6,44.0,69.0,3,176.02,52,5.066,0.0,0.2635,0
21,98.56,0.45,14,1.98,0,20.0,0.0,1,0.727,1.5,71.0,55.0,3,106.79,24,14.2211,0.0,0.132,0
38,26.73,-0.054,26,4.15,1,96.0,104.05,1,0.882,2.2,44.0,88.0,10,754.19,24,12.1722,3.7523,0.1537,0
8,99.23,-0.243,15,2.27,0,1.0,0.0,0,,,18.0,82.0,4,204.14,4,10.1236,0.0,0.1419,1
9,25.3,0.103,17,2.75,0,2.0,0.0,1,0.736,2.4,86.0,59.0,6,260.5,12,7.5285,0.0,0.1528,0
22,182.35,0.86,21,2.63,0,4.0,0.0,0,,,76.0,64.0,3,128.22,52,16.3403,0.0,0.1195,1
46,49.67,1.234,24,2.55,0,11.0,0.0,0,,,77.0,73.0,14,1173.72,24,15.1131,0.0,0.102,1
6,32.18,-0.27,12,1.57,1,74.0,9.58,0,,,31.0,53.0,1,115.18,4,6.8145,0.2887,0.1208,1
12,79.37,-0.604,13,2.99,0,14.0,0.0,1,0.667,5.5,61.0,45.0,5,185.96,4,11.2515,0.0,0.2136,0
12,120.55,0.806,14,2.71,0,7.0,0.0,0,,,74.0,50.0,2,201.56,12,12.3126,0.0,0.1807,1
23,82.18,0.794,15,4.19,0,0.0,0.0,0,,,36.0,85.0,6,197.75,8,14.0502,0.0,0.2619,1
19,92.52,0.857,14,3.76,1,41.0,19.77,0,,,21.0,61.0,7,477.99,4,13.5952,0.2114,0.2507,1
29,51.98,1.118,20,1.48,1,90.0,30.38,0,,,62.0,78.0,8,655.36,8,13.5025,0.5734,0.0705,1
15,134.66,-0.582,13,1.14,1,73.0,19.15,0,,,22.0,27.0,5,506.02,24,13.6138,0.1412,0.0814,1
15,41.01,-0.142,9,3.89,1,33.0,6.51,0,,,42.0,67.0,1,137.75,8,10.3637,0.155,0.389,1
15,35.25,0.358,17,1.58,0,6.0,0.0,1,0.984,10.9,54.0,95.0,2,530.97,24,9.9548,0.0,0.0878,0
23,46.44,0.931,17,4.53,1,62.0,47.12,0,,,60.0,84.0,9,810.32,8,12.2656,0.9933,0.2517,1
7,62.12,0.575,12,0.87,1,65.0,15.04,1,0.947,1.8,33.0,52.0,4,803.97,8,8.6194,0.2383,0.0669,0
21,25.83,-0.623,16,2.65,0,0.0,0.0,1,0.758,7.1,68.0,76.0,5,182.78,52,10.168,0.0,0.1559,0
27,76.53,0.287,20,5.14,0,2.0,0.0,1,0.579,19.2,30.0,69.0,5,869.61,8,14.4973,0.0,0.2448,0
8,11.7,-0.87,10,0.89,0,12.0,0.0,0,,,41.0,58.0,5,167.69,8,5.5845,0.0,0.0809,1
6,13.92,-0.366,5,2.35,0,0.0,0.0,0,,,36.0,75.0,4,225.46,4,5.2592,0.0,0.3917,1
19,14.54,0.136,20,4.02,0,1.0,0.0,0,,,40.0,74.0,9,753.06,24,8.2185,0.0,0.1914,1
16,19.55,0.509,19,2.04,0,16.0,0.0,0,,,77.0,68.0,6,104.18,8,8.5644,0.0,0.102,1
21,123.34,0.231,12,4.05,0,9.0,0.0,0,,,30.0,81.0,3,542.73,4,14.9082,0.0,0.3115,1
13,90.35,-0.321,10,5.86,0,14.0,0.0,0,,,41.0,29.0,8,320.9,8,11.9145,0.0,0.5327,1
23,119.18,0.174,9,5.2,0,3.0,0.0,0,,,30.0,62.0,5,232.86,12,15.2197,0.0,0.52,1
11,29.25,-0.62,14,2.02,1,38.0,21.16,0,,,11.0,79.0,9,108.67,12,8.4723,0.6995,0.1347,1
23,56.82,0.402,18,6.14,0,1.0,0.0,0,,,60.0,50.0,7,1297.4,8,12.8944,0.0,0.3232,1
21,71.87,0.416,11,5.88,0,1.0,0.0,0,,,57.0,79.0,5,214.81,24,13.2565,0.0,0.49,1
13,91.48,0.072,7,1.49,0,20.0,0.0,1,0.592,14.5,19.0,44.0,1,355.02,4,11.947,0.0,0.1862,0
11,216.87,0.67,16,4.88,0,2.0,0.0,1,0.815,2.7,45.0,49.0,6,286.22,4,13.3785,0.0,0.2871,0
10,33.82,-1.092,12,2.09,0,5.0,0.0,0,,,24.0,70.0,3,308.64,4,8.513,0.0,0.1608,1
26,58.78,1.166,14,4.47,1,46.0,24.57,0,,,59.0,65.0,6,182.22,12,13.4822,0.411,0.298,1
24,62.65,0.324,16,4.28,1,64.0,18.95,1,0.324,4.7,16.0,86.0,5,226.71,8,13.3693,0.2977,0.2518,0
24,52.52,0.054,14,1.09,0,3.0,0.0,1,0.741,8.4,38.0,78.0,10,548.53,12,12.8113,0.0,0.0727,0
21,149.47,-0.282,13,0.92,0,5.0,0.0,0,,,13.0,85.0,1,107.5,12,15.4978,0.0,0.0657,1
28,95.13,0.084,21,2.91,0,23.0,0.0,0,,,32.0,82.0,11,505.15,52,15.3741,0.0,0.1323,1
21,27.05,0.424,17,3.36,1,50.0,30.81,0,,,49.0,52.0,5,211.63,24,10.3055,1.0984,0.1867,1
16,61.22,-0.217,22,1.74,0,2.0,0.0,0,,,79.0,55.0,5,455.24,12,11.7031,0.0,0.0757,1
9,25.0,-0.915,10,0.88,0,7.0,0.0,0,,,13.0,41.0,3,117.52,24,7.502,0.0,0.08,1
17,95.74,-0.014,23,12.1,1,66.0,95.44,0,,,36.0,79.0,7,1826.85,4,13.2149,0.9866,0.5042,1
10,164.44,-0.292,12,0.81,1,66.0,8.48,0,,,26.0,13.0,5,227.1,8,12.2499,0.0513,0.0623,1
12,32.63,-0.717,10,2.74,0,0.0,0.0,1,0.703,47.5,54.0,32.0,3,195.81,12,9.0169,0.0,0.2491,0
11,26.3,-0.437,11,1.58,0,13.0,0.0,0,,,65.0,94.0,4,208.83,8,8.2173,0.0,0.1317,1
3,41.15,0.158,5,1.25,1,88.0,17.44,0,,,19.0,50.0,1,115.76,12,5.1865,0.4138,0.2083,1
25,179.63,1.415,5,5.44,0,8.0,0.0,0,,,70.0,73.0,8,628.01,8,16.9305,0.0,0.9067,1
25,173.62,0.873,18,4.47,0,10.0,0.0,0,,,66.0,66.0,5,392.12,4,16.8203,0.0,0.2353,1
11,24.28,-0.064,15,3.0,0,10.0,0.0,0,,,11.0,86.0,7,213.72,8,8.0263,0.0,0.1875,1
6,42.68,-0.069,11,0.64,0,2.0,0.0,0,,,51.0,11.0,4,57.27,8,7.3495,0.0,0.0533,1
16,77.24,0.002,16,2.07,1,63.0,24.56,0,,,51.0,46.0,7,60.05,8,12.3522,0.3139,0.1218,1
19,27.41,0.285,13,2.95,0,9.0,0.0,1,0.768,5.6,47.0,78.0,6,347.94,12,10.0259,0.0,0.2107,0
27,92.7,0.715,21,5.05,0,15.0,0.0,0,,,64.0,70.0,7,433.64,24,15.1285,0.0,0.2295,1
12,153.74,0.046,8,2.55,0,1.0,0.0,0,,,60.0,54.0,3,166.8,8,12.9318,0.0,0.2833,1
19,48.59,0.615,12,2.21,0,10.0,0.0,0,,,25.0,63.0,3,433.61,4,11.6947,0.0,0.17,1
16,67.07,0.23,24,3.15,0,10.0,0.0,0,,,43.0,82.0,5,407.31,24,11.9577,0.0,0.126,1
23,20.73,-0.012,12,4.38,0,2.0,0.0,1,0.86,43.0,58.0,51.0,7,327.08,8,9.7843,0.0,0.3369,0
38,296.55,1.244,28,6.19,0,15.0,0.0,1,0.9,9.8,62.0,66.0,13,863.01,8,20.8661,0.0,0.2134,0
11,32.1,0.439,23,2.77,0,2.0,0.0,0,,,80.0,35.0,5,76.04,4,8.696,0.0,0.1154,1
8,13.63,0.358,12,2.65,0,0.0,0.0,0,,,84.0,71.0,7,846.92,24,5.8953,0.0,0.2038,1
23,90.47,0.474,15,3.57,1,55.0,28.66,1,0.668,7.9,92.0,65.0,3,152.32,12,14.3521,0.3133,0.2231,0
24,85.11,-0.127,16,2.31,1,49.0,22.1,1,0.736,6.8,81.0,75.0,9,981.11,4,14.3421,0.2566,0.1359,0
25,57.47,0.454,20,3.49,0,1.0,0.0,0,,,80.0,80.0,7,325.38,12,13.2556,0.0,0.1662,1
5,29.86,0.174,10,1.28,0,9.0,0.0,0,,,21.0,44.0,0,214.68,4,6.1448,0.0,0.1164,1
7,20.98,-0.142,8,0.48,1,33.0,3.81,0,,,20.0,45.0,1,159.92,12,6.4258,0.1733,0.0533,1
13,21.73,0.145,10,1.23,1,79.0,20.28,1,0.781,31.7,76.0,74.0,0,166.99,24,8.2436,0.8922,0.1118,0
26,88.28,0.872,21,5.5,1,53.0,24.82,1,0.959,3.0,24.0,57.0,8,404.01,4,14.8042,0.278,0.25,0
22,86.63,0.413,11,1.59,1,71.0,53.72,0,,,52.0,66.0,9,285.1,4,14.0255,0.613,0.1325,1
32,338.08,1.128,29,9.81,1,76.0,60.55,1,0.941,10.2,61.0,79.0,12,385.61,12,20.3715,0.1786,0.327,0
6,55.32,0.316,10,2.96,0,4.0,0.0,1,0.868,4.0,32.0,50.0,7,336.46,8,7.8441,0.0,0.2691,0
20,66.71,-0.398,21,4.72,0,4.0,0.0,0,,,36.0,59.0,7,201.59,4,12.8334,0.0,0.2145,1
5,12.22,-1.244,7,1.31,0,3.0,0.0,0,,,45.0,74.0,0,126.98,8,4.6258,0.0,0.1638,1
9,67.97,-0.039,7,1.4,1,92.0,26.87,0,,,65.0,76.0,4,153.13,8,9.7484,0.3896,0.175,1
8,27.93,-1.501,11,2.46,1,45.0,17.16,0,,,76.0,21.0,2,791.85,8,7.3934,0.5932,0.205,1
15,43.0,-0.069,13,4.61,0,6.0,0.0,0,,,63.0,41.0,6,185.39,4,10.492,0.0,0.3293,1
19,72.95,0.222,14,4.06,1,45.0,13.58,0,,,32.0,69.0,3,49.31,4,12.8918,0.1836,0.2707,1
21,54.22,0.938,19,4.35,1,56.0,13.44,1,0.843,3.6,30.0,45.0,7,204.29,12,12.3992,0.2434,0.2175,0
24,120.84,0.706,12,4.14,1,50.0,18.26,1,0.826,1.6,58.0,31.0,6,270.47,24,15.4593,0.1499,0.3185,0
15,29.79,0.374,16,2.97,0,1.0,0.0,0,,,52.0,93.0,12,309.85,4,9.5022,0.0,0.1747,1
24,47.33,0.487,13,4.1,0,4.0,0.0,1,0.723,22.9,62.0,81.0,7,481.76,4,12.483,0.0,0.2929,0
15,50.95,0.503,16,2.95,1,39.0,31.96,1,0.811,16.6,73.0,70.0,6,273.81,8,10.9525,0.6152,0.1735,0
25,107.73,-0.088,24,4.05,1,37.0,31.53,0,,,90.0,50.0,5,389.88,8,15.2768,0.29,0.162,1
31,20.84,0.373,15,1.8,1,83.0,17.13,1,0.834,2.8,29.0,87.0,7,409.01,8,10.6874,0.7843,0.1125,0
19,64.68,1.968,13,3.14,0,14.0,0.0,1,0.979,34.2,11.0,26.0,7,637.76,12,12.5365,0.0,0.2243,0
18,93.73,0.663,14,2.41,0,4.0,0.0,0,,,47.0,74.0,5,117.12,8,13.4002,0.0,0.1607,1
15,136.53,-0.617,23,2.64,0,4.0,0.0,0,,,63.0,57.0,6,130.0,4,13.6518,0.0,0.11,1
14,92.53,0.265,15,3.76,0,1.0,0.0,0,,,32.0,75.0,2,137.38,52,12.2899,0.0,0.235,1
31,174.95,0.414,23,3.41,1,61.0,28.82,1,0.951,0.5,24.0,57.0,12,137.24,12,17.9185,0.1638,0.1421,0
29,117.56,-0.16,25,4.27,1,71.0,24.23,1,0.834,26.9,66.0,55.0,8,163.74,8,16.2421,0.2044,0.1642,0
26,109.17,0.087,25,4.73,0,16.0,0.0,1,0.938,1.3,37.0,63.0,10,493.81,4,15.4971,0.0,0.1819,0
13,81.4,0.912,17,4.66,1,55.0,44.12,1,0.833,5.8,69.0,69.0,4,159.51,8,11.6424,0.5354,0.2589,0
14,62.03,0.872,15,1.78,1,22.0,20.49,0,,,45.0,78.0,8,152.37,4,11.2211,0.3251,0.1112,1
12,46.94,0.531,7,4.77,1,63.0,17.25,1,0.877,2.9,48.0,43.0,4,128.35,8,9.9262,0.3598,0.5962,0
24,134.89,0.303,18,5.29,1,38.0,30.81,1,0.855,14.2,25.0,65.0,13,338.98,8,15.8106,0.2267,0.2784,0
9,81.14,-0.552,11,1.96,1,58.0,12.9,0,,,73.0,69.0,2,660.49,8,10.1508,0.157,0.1633,1
5,14.95,1.614,11,1.78,1,95.0,19.91,0,,,64.0,45.0,4,187.33,12,4.9622,1.2483,0.1483,1
21,54.07,1.131,11,4.51,1,78.0,99.59,0,,,56.0,76.0,9,189.67,12,12.3908,1.8084,0.3758,1
25,38.21,0.355,14,5.97,0,9.0,0.0,0,,,79.0,67.0,9,228.21,24,11.9537,0.0,0.398,1
19,133.11,0.143,10,1.84,0,17.0,0.0,1,0.752,10.8,48.0,40.0,10,264.89,4,14.6751,0.0,0.1673,0
9,27.29,0.051,10,1.42,0,7.0,0.0,0,,,61.0,84.0,2,478.86,12,7.6964,0.0,0.1291,1
5,20.56,-0.307,9,1.66,0,1.0,0.0,0,,,34.0,75.0,3,88.93,4,5.5022,0.0,0.166,1
17,45.52,-0.674,17,5.11,0,1.0,0.0,0,,,55.0,57.0,8,249.69,4,11.0987,0.0,0.2839,1
14,18.12,0.318,10,10.41,1,53.0,32.77,1,0.848,8.7,16.0,69.0,4,326.1,24,7.9907,1.7139,0.9464,0
8,52.38,-0.299,17,4.02,0,13.0,0.0,1,0.537,20.5,14.0,42.0,8,446.97,8,8.7393,0.0,0.2233,0
9,33.45,0.253,11,2.14,1,77.0,13.56,1,0.84,20.1,24.0,49.0,2,216.04,8,8.15,0.3936,0.1783,0
14,28.59,0.204,8,2.04,0,4.0,0.0,0,,,25.0,95.0,4,111.69,12,9.1733,0.0,0.2267,1
32,71.53,0.673,25,13.26,1,80.0,34.59,0,,,80.0,75.0,0,739.64,12,14.979,0.4769,0.51,1
9,19.66,-0.76,9,0.97,1,39.0,15.11,1,0.933,22.0,26.0,34.0,2,179.77,24,6.9727,0.7314,0.097,0
12,50.57,0.523,7,2.58,0,8.0,0.0,1,0.787,0.4,32.0,74.0,3,841.85,4,10.1134,0.0,0.3225,0
12,30.42,0.42,17,2.23,1,37.0,22.69,0,,,34.0,91.0,4,349.04,24,8.8425,0.7222,0.1239,1
22,72.08,0.599,13,4.15,1,95.0,42.01,1,0.983,17.7,31.0,63.0,5,840.93,8,13.4561,0.5748,0.2964,0
28,118.13,0.055,13,6.59,1,16.0,52.92,0,,,36.0,57.0,6,330.42,52,16.0964,0.4442,0.4707,1
12,29.82,0.399,18,3.41,1,94.0,35.68,1,0.724,11.0,71.0,76.0,3,365.53,52,8.7931,1.1577,0.1795,0
11,63.46,-0.907,3,1.32,1,54.0,22.47,0,,,50.0,57.0,3,168.63,8,10.3522,0.3486,0.33,1
12,46.7,-0.391,11,1.27,0,10.0,0.0,0,,,19.0,28.0,6,137.18,12,9.9134,0.0,0.1058,1
21,14.92,-0.038,20,5.46,1,86.0,24.35,1,0.756,13.7,32.0,98.0,7,125.99,8,8.5547,1.5295,0.26,0
15,105.19,-0.632,7,3.11,1,74.0,14.18,1,0.757,15.4,27.0,47.0,2,968.61,8,12.9348,0.1335,0.3888,0
16,28.09,-0.393,19,8.84,0,14.0,0.0,1,0.833,13.0,42.0,27.0,3,667.49,52,9.549,0.0,0.442,0
16,207.19,0.083,23,6.46,1,27.0,22.87,0,,,63.0,32.0,8,151.52,8,15.125,0.1099,0.2692,1
21,19.13,-0.152,9,2.42,1,75.0,39.6,1,0.809,4.9,43.0,66.0,6,160.35,24,9.28,1.9672,0.242,0
8,22.4,-0.856,10,3.06,1,41.0,9.41,1,0.485,26.0,8.0,6.0,3,78.09,24,6.9273,0.4021,0.2782,0
26,36.83,0.466,13,7.96,1,32.0,25.88,1,0.528,10.1,47.0,74.0,6,1069.81,4,11.9741,0.6841,0.5686,0
10,13.68,0.115,11,5.08,0,7.0,0.0,0,,,81.0,71.0,5,159.45,24,6.4419,0.0,0.4233,1
10,17.68,0.271,16,5.02,1,59.0,35.09,1,0.966,0.1,35.0,45.0,3,599.97,8,7.0197,1.8785,0.2953,0
8,30.22,-0.11,9,2.87,0,5.0,0.0,1,0.772,15.4,38.0,63.0,3,70.04,24,7.5608,0.0,0.287,0
23,64.14,-0.746,13,3.49,0,6.0,0.0,0,,,49.0,25.0,8,528.71,4,13.2733,0.0,0.2493,1
19,58.35,0.647,11,2.26,0,3.0,0.0,0,,,60.0,94.0,3,536.74,52,12.2329,0.0,0.1883,1
9,90.98,1.248,10,1.37,1,46.0,13.47,1,0.798,19.2,46.0,23.0,5,225.38,8,10.4113,0.1464,0.1245,0
18,27.72,-0.95,9,2.61,0,2.0,0.0,1,0.681,50.8,23.0,35.0,2,160.55,4,9.8862,0.0,0.261,0
14,80.71,0.004,13,2.11,1,62.0,12.81,1,0.945,3.1,49.0,69.0,3,54.32,4,11.924,0.1568,0.1507,0
24,70.5,-0.837,24,3.78,0,6.0,0.0,1,0.92,4.1,75.0,93.0,5,198.16,8,13.7436,0.0,0.1512,0
21,62.15,0.474,12,5.42,0,2.0,0.0,1,0.934,5.8,96.0,68.0,8,195.3,12,12.814,0.0,0.4169,0
17,111.49,-0.131,18,6.0,1,81.0,41.61,0,,,40.0,90.0,5,158.05,12,13.6508,0.3699,0.3158,1
12,70.52,-0.287,11,4.0,1,62.0,8.08,1,0.873,2.6,73.0,37.0,3,321.62,24,10.9523,0.113,0.3333,0
9,17.39,0.524,10,1.37,0,7.0,0.0,0,,,84.0,47.0,2,674.18,24,6.7047,0.0,0.1245,1
22,72.7,0.731,15,2.08,0,2.0,0.0,1,0.915,0.0,71.0,89.0,12,684.84,4,13.4826,0.0,0.13,0
17,17.56,1.134,9,3.68,0,1.0,0.0,0,,,71.0,73.0,3,187.34,8,8.4428,0.0,0.368,1
25,45.66,0.712,7,6.89,1,73.0,19.01,1,0.9,8.8,44.0,77.0,5,301.67,24,12.5205,0.4074,0.8612,0
9,45.75,0.844,11,2.77,0,8.0,0.0,1,0.571,56.4,30.0,47.0,7,100.23,24,8.853,0.0,0.2308,0
25,40.97,0.083,18,5.02,0,6.0,0.0,0,,,76.0,23.0,5,499.51,8,12.1754,0.0,0.2642,1
18,47.17,0.324,16,4.27,0,11.0,0.0,1,0.65,12.7,59.0,93.0,6,180.02,8,11.4089,0.0,0.2512,0
27,50.24,0.194,18,2.46,1,84.0,27.69,0,,,17.0,74.0,2,289.46,24,13.1173,0.5404,0.1295,1
15,31.0,1.1,6,2.39,0,2.0,0.0,0,,,27.0,20.0,0,84.89,4,9.6091,0.0,0.3414,1
14,18.11,0.216,13,1.9,0,5.0,0.0,0,,,33.0,66.0,4,143.13,4,7.9893,0.0,0.1357,1
12,10.81,-0.066,6,3.16,0,11.0,0.0,0,,,34.0,52.0,4,173.78,12,6.3327,0.0,0.4514,1
13,45.87,-0.583,12,1.74,1,34.0,27.46,0,,,33.0,77.0,1,208.66,4,10.1535,0.5859,0.1338,1
7,25.21,-0.247,14,1.88,0,16.0,0.0,0,,,79.0,78.0,0,133.82,24,6.7917,0.0,0.1253,1
6,22.29,-0.273,10,1.54,1,31.0,6.19,0,,,8.0,17.0,2,107.27,8,6.1258,0.2658,0.14,1
14,31.34,-0.336,8,4.2,1,70.0,28.62,0,,,71.0,66.0,8,462.78,4,9.414,0.885,0.4667,1
11,21.16,-0.744,19,2.97,1,23.0,17.71,0,,,29.0,53.0,3,101.47,4,7.699,0.7992,0.1485,1
24,24.86,0.734,25,2.0,0,9.0,0.0,0,,,74.0,80.0,10,352.84,52,10.47,0.0,0.0769,1
26,155.69,0.714,19,2.76,1,65.0,107.5,0,,,55.0,84.0,12,317.52,4,16.658,0.6861,0.138,1
17,12.04,-0.051,12,5.24,0,3.0,0.0,1,0.715,1.0,22.0,55.0,6,542.46,24,7.4225,0.0,0.4031,0
10,78.92,0.1,12,1.38,1,55.0,15.58,1,0.809,2.4,38.0,65.0,6,529.85,4,10.5052,0.1949,0.1062,0
7,16.78,-0.003,8,1.02,0,1.0,0.0,1,0.95,10.7,51.0,30.0,3,142.83,4,5.9848,0.0,0.1133,0
31,180.41,0.792,20,1.71,1,52.0,47.02,1,0.535,10.6,32.0,63.0,8,398.05,4,18.0245,0.2592,0.0814,0
9,17.82,-1.106,8,2.13,0,0.0,0.0,0,,,29.0,67.0,2,233.77,8,6.7579,0.0,0.2367,1
8,35.27,0.257,8,1.52,1,89.0,23.67,0,,,26.0,78.0,3,222.91,24,7.8902,0.6526,0.1689,1
15,28.71,0.825,12,3.82,0,5.0,0.0,1,0.648,3.2,34.0,42.0,8,325.31,12,9.4032,0.0,0.2938,0
19,109.2,2.47,19,1.6,0,4.0,0.0,1,0.834,27.8,27.0,46.0,4,627.51,8,14.0868,0.0,0.08,0
9,17.36,0.299,13,3.79,0,6.0,0.0,0,,,39.0,70.0,5,408.92,12,6.7009,0.0,0.2707,1
26,46.43,0.203,18,1.98,1,52.0,52.69,1,0.829,13.8,44.0,84.0,8,757.55,4,12.7195,1.1109,0.1042,0
31,49.98,-0.219,18,3.49,1,61.0,14.7,1,0.762,3.0,82.0,73.0,7,543.27,8,13.6253,0.2883,0.1837,0
18,27.36,0.237,22,6.4,0,11.0,0.0,0,,,77.0,80.0,12,380.68,24,9.8491,0.0,0.2783,1
10,32.38,-1.716,12,2.29,1,92.0,12.55,0,,,53.0,39.0,3,117.37,12,8.4117,0.376,0.1762,1
22,121.74,0.655,19,4.23,1,10.0,32.1,0,,,33.0,41.0,12,1023.56,24,15.0819,0.2615,0.2115,1
5,44.22,-1.093,9,0.63,0,2.0,0.0,0,,,75.0,52.0,1,94.33,8,6.8294,0.0,0.063,1
8,21.89,-0.525,8,2.2,0,12.0,0.0,0,,,43.0,36.0,4,191.55,52,6.8789,0.0,0.2444,1
16,9.76,-0.581,13,2.54,1,38.0,14.97,0,,,69.0,53.0,3,262.55,12,6.7312,1.3913,0.1814,1
15,35.58,0.009,11,4.84,0,8.0,0.0,0,,,26.0,55.0,1,182.67,8,9.9799,0.0,0.4033,1
31,30.72,0.571,16,1.53,1,67.0,28.77,0,,,63.0,94.0,3,157.76,12,11.9809,0.907,0.09,1
10,31.67,0.494,8,1.8,1,76.0,22.86,0,,,55.0,67.0,3,136.2,4,8.3602,0.6997,0.2,1
18,88.23,0.635,16,4.02,1,37.0,18.52,1,0.847,2.9,24.0,72.0,5,295.56,8,13.2241,0.2076,0.2365,0
8,17.37,-0.264,10,4.53,0,1.0,0.0,0,,,30.0,29.0,3,107.81,8,6.3955,0.0,0.4118,1
13,50.78,0.494,14,2.28,1,84.0,13.6,0,,,35.0,81.0,6,345.84,52,10.4164,0.2626,0.152,1
20,113.69,-1.191,13,4.41,1,30.0,23.86,1,0.633,0.9,67.0,49.0,5,482.45,12,14.4378,0.208,0.315,0
11,23.19,0.229,13,1.91,0,1.0,0.0,1,0.607,2.4,45.0,82.0,6,161.19,4,7.9168,0.0,0.1364,0
13,65.54,-0.211,18,1.58,0,4.0,0.0,0,,,46.0,37.0,3,1551.78,4,11.0782,0.0,0.0832,1
9,51.91,0.161,14,5.9,1,62.0,8.61,0,,,47.0,46.0,2,1274.49,24,9.138,0.1627,0.3933,1
25,240.37,-0.143,15,4.2,0,5.0,0.0,1,0.811,12.8,32.0,90.0,11,556.86,24,17.875,0.0,0.2625,0
11,133.95,1.569,8,1.77,1,24.0,23.99,0,,,45.0,59.0,4,858.41,4,12.1882,0.1778,0.1967,1
14,35.49,-0.425,17,1.81,0,3.0,0.0,1,0.722,0.8,68.0,78.0,4,321.43,4,9.741,0.0,0.1006,0
21,84.55,0.495,13,3.97,1,53.0,27.37,1,0.898,19.6,83.0,68.0,6,321.99,8,13.7524,0.3199,0.2836,0
27,129.31,0.904,15,3.99,1,53.0,23.07,1,0.897,0.2,65.0,71.0,11,330.95,24,16.2276,0.177,0.2494,0
20,77.53,0.316,16,2.67,1,48.0,18.37,1,0.824,0.6,22.0,78.0,7,312.15,4,13.2847,0.2339,0.1571,0
22,99.31,1.069,19,2.92,1,37.0,10.1,0,,,81.0,57.0,6,93.31,4,14.4492,0.1007,0.146,1
14,81.4,0.803,7,1.76,0,7.0,0.0,0,,,28.0,61.0,3,85.71,52,11.9468,0.0,0.22,1
31,43.64,1.773,18,4.81,0,1.0,0.0,0,,,56.0,79.0,12,303.16,12,13.165,0.0,0.2532,1
15,40.11,0.084,13,2.26,0,9.0,0.0,1,0.802,15.5,76.0,49.0,4,239.26,12,10.3036,0.0,0.1614,0
7,15.04,-1.762,14,1.22,0,7.0,0.0,0,,,24.0,35.0,1,317.68,12,5.7706,0.0,0.0813,1
24,96.03,1.263,21,4.69,0,19.0,0.0,0,,,70.0,35.0,10,352.29,52,14.7264,0.0,0.2132,1
8,54.38,-0.326,13,2.38,1,79.0,15.63,1,0.932,53.1,64.0,81.0,0,340.13,8,8.8201,0.2822,0.17,0
40,51.51,0.914,16,4.03,0,0.0,0.0,1,0.697,10.5,78.0,41.0,12,313.7,8,14.7095,0.0,0.2371,0
7,23.98,-1.0,7,0.49,1,74.0,21.15,0,,,39.0,65.0,4,230.28,4,6.6918,0.8467,0.0612,1
12,116.08,0.013,10,1.04,0,8.0,0.0,1,0.92,14.2,61.0,82.0,1,559.62,12,12.2165,0.0,0.0945,0
10,32.51,-0.985,4,2.1,0,14.0,0.0,0,,,47.0,64.0,4,236.59,8,8.421,0.0,0.42,1
15,39.75,-1.04,11,3.4,0,3.0,0.0,0,,,27.0,62.0,1,188.43,8,10.2793,0.0,0.2833,1
7,41.3,-1.665,17,2.56,1,41.0,12.4,0,,,18.0,64.0,5,158.1,8,7.7871,0.2931,0.1422,1
36,43.58,0.799,19,5.24,1,78.0,40.16,0,,,33.0,88.0,8,1046.24,12,13.7117,0.9009,0.262,1
14,55.98,-0.616,11,1.01,0,3.0,0.0,1,0.658,17.8,34.0,54.0,6,113.62,4,10.9478,0.0,0.0842,0
6,47.11,-0.555,9,1.53,1,98.0,11.97,1,0.859,7.9,56.0,81.0,4,181.24,4,7.5375,0.2488,0.153,0
12,52.31,-0.516,17,3.28,0,5.0,0.0,1,0.867,9.4,59.0,28.0,3,473.97,8,10.1986,0.0,0.1822,0
16,31.51,0.068,21,3.85,1,77.0,19.66,1,0.667,8.1,22.0,69.0,5,485.84,12,9.864,0.6047,0.175,0
12,32.33,-0.352,5,2.81,0,8.0,0.0,0,,,61.0,40.0,0,132.38,8,8.9939,0.0,0.4683,1
12,19.05,-0.403,14,3.86,0,11.0,0.0,1,0.669,18.7,36.0,61.0,4,636.83,4,7.6903,0.0,0.2573,0
29,149.63,-0.014,16,3.82,1,61.0,27.17,1,0.751,24.5,42.0,46.0,8,204.54,4,17.0564,0.1804,0.2247,0
13,29.47,-0.813,9,1.44,1,51.0,25.34,0,,,34.0,88.0,2,244.62,8,9.017,0.8316,0.144,1
8,10.34,-0.811,7,1.54,0,2.0,0.0,0,,,53.0,45.0,2,196.03,52,5.3356,0.0,0.1925,1
18,34.86,0.12,11,4.71,1,73.0,22.41,0,,,70.0,91.0,3,154.65,4,10.54,0.6249,0.3925,1
23,61.68,-1.109,18,5.99,0,12.0,0.0,0,,,34.0,21.0,5,226.36,24,13.1509,0.0,0.3153,1
30,58.84,0.674,10,2.75,0,3.0,0.0,0,,,84.0,73.0,8,1124.77,4,14.0508,0.0,0.25,1
27,41.98,0.677,22,3.48,1,50.0,99.43,0,,,60.0,48.0,10,830.9,8,12.5315,2.3134,0.1513,1
22,98.11,-0.273,13,2.68,1,77.0,22.08,0,,,75.0,44.0,1,470.74,8,14.4115,0.2228,0.1914,1
21,73.22,-0.323,10,1.4,1,77.0,31.81,1,0.733,0.2,92.0,69.0,8,161.76,8,13.3132,0.4286,0.1273,0
8,26.01,-0.595,7,3.61,0,10.0,0.0,1,0.517,5.9,53.0,55.0,2,402.91,12,7.2425,0.0,0.4512,0
25,53.97,0.221,18,2.44,1,73.0,34.32,1,0.677,6.7,19.0,52.0,6,149.65,12,13.0545,0.6243,0.1284,0
25,67.26,0.365,16,3.46,0,2.0,0.0,1,0.565,7.6,75.0,46.0,11,219.33,8,13.76,0.0,0.2035,0
8,43.54,-1.662,6,1.93,0,2.0,0.0,1,0.917,2.9,87.0,62.0,3,247.85,24,8.3415,0.0,0.2757,0
9,13.89,-0.517,6,1.35,1,61.0,10.97,0,,,69.0,94.0,0,499.55,4,6.2186,0.7367,0.1929,1
8,27.62,-1.176,13,1.99,0,11.0,0.0,0,,,41.0,67.0,2,398.76,24,7.3697,0.0,0.1421,1
24,90.01,-0.09,12,3.3,0,1.0,0.0,1,0.493,14.3,53.0,41.0,3,189.51,8,14.5203,0.0,0.2538,0
15,93.85,0.823,11,2.86,0,6.0,0.0,1,0.896,1.0,49.0,23.0,8,167.67,4,12.6216,0.0,0.2383,0
13,105.04,-0.057,12,6.81,1,47.0,25.87,0,,,74.0,60.0,6,329.89,8,12.3081,0.244,0.5238,1
28,141.88,0.179,16,3.49,0,2.0,0.0,1,0.648,11.4,33.0,87.0,7,98.5,8,16.7085,0.0,0.2053,0
35,22.68,0.61,19,2.82,1,62.0,44.9,0,,,83.0,30.0,9,150.65,12,11.3405,1.8961,0.141,1
13,17.83,0.315,14,1.38,0,5.0,0.0,1,0.906,5.2,70.0,22.0,4,370.85,12,7.7468,0.0,0.092,0
10,30.08,0.387,9,0.95,1,44.0,22.18,1,0.807,0.3,37.0,81.0,3,77.09,8,8.2405,0.7136,0.095,0
12,33.06,-0.296,8,1.58,0,1.0,0.0,0,,,58.0,74.0,3,85.36,12,9.0495,0.0,0.1756,1
12,72.46,-0.732,19,3.06,0,1.0,0.0,0,,,90.0,52.0,5,109.02,4,11.0209,0.0,0.153,1
12,68.04,-0.906,18,3.47,0,0.0,0.0,1,0.462,6.5,56.0,55.0,3,1557.45,8,10.8618,0.0,0.1826,0
18,30.45,0.771,21,2.81,0,8.0,0.0,0,,,46.0,65.0,6,325.28,8,10.1536,0.0,0.1277,1
19,99.96,-0.27,15,2.28,0,3.0,0.0,0,,,42.0,80.0,10,277.56,8,13.8245,0.0,0.1425,1
34,19.53,1.883,25,5.49,0,15.0,0.0,0,,,46.0,65.0,6,639.57,8,10.7439,0.0,0.2112,1
19,72.4,-0.301,16,0.93,0,19.0,0.0,0,,,58.0,62.0,4,186.21,12,12.8694,0.0,0.0547,1
4,51.26,0.674,9,2.47,0,13.0,0.0,0,,,31.0,71.0,1,97.51,12,6.3673,0.0,0.247,1
12,54.09,-1.289,12,2.16,0,12.0,0.0,0,,,39.0,76.0,2,60.97,4,10.2828,0.0,0.1662,1
12,126.06,0.693,5,4.02,0,1.0,0.0,0,,,91.0,73.0,4,1081.74,8,12.4263,0.0,0.67,1
13,11.84,-0.586,22,5.35,1,81.0,16.3,1,0.885,4.1,65.0,31.0,3,175.02,12,6.7364,1.2695,0.2326,0
28,82.36,0.942,19,1.7,1,54.0,16.13,1,0.801,4.6,79.0,75.0,5,958.91,24,14.8941,0.1935,0.085,0
18,72.02,-1.084,16,1.34,0,12.0,0.0,0,,,49.0,46.0,2,1082.13,4,12.6338,0.0,0.0788,1
9,7.74,-0.47,15,4.02,1,58.0,12.07,0,,,54.0,81.0,5,229.81,24,4.9918,1.381,0.2512,1
24,101.58,0.72,15,1.9,0,2.0,0.0,0,,,12.0,75.0,9,320.26,4,14.9055,0.0,0.1188,1
10,53.53,-0.601,12,4.03,1,76.0,19.6,0,,,75.0,60.0,7,959.32,8,9.5886,0.3594,0.31,1
18,49.2,-0.921,14,5.54,0,1.0,0.0,0,,,86.0,47.0,5,116.71,8,11.5305,0.0,0.3693,1
16,80.81,0.391,14,2.12,1,87.0,23.97,0,,,53.0,34.0,3,710.13,8,12.4786,0.293,0.1413,1
21,209.14,0.09,20,5.83,0,3.0,0.0,0,,,76.0,91.0,4,1296.34,8,16.5302,0.0,0.2776,1
17,36.85,0.237,21,1.43,0,4.0,0.0,0,,,26.0,47.0,4,365.83,4,10.5025,0.0,0.065,1
6,44.24,1.041,10,1.4,0,15.0,0.0,0,,,88.0,65.0,2,410.12,4,7.4178,0.0,0.1273,1
20,65.82,1.704,20,9.66,0,1.0,0.0,0,,,34.0,62.0,10,534.04,4,12.7931,0.0,0.46,1
18,65.73,0.771,13,2.69,1,64.0,19.63,1,0.937,4.1,12.0,78.0,6,337.34,12,12.3686,0.2942,0.1921,0
23,59.52,0.792,13,8.26,0,6.0,0.0,0,,,71.0,35.0,6,417.82,12,13.0395,0.0,0.59,1
22,65.69,0.487,11,5.41,0,9.0,0.0,0,,,52.0,25.0,10,316.12,52,13.1692,0.0,0.4508,1
31,150.16,0.398,19,2.59,1,84.0,54.09,1,0.692,0.8,63.0,72.0,8,260.63,8,17.3922,0.3578,0.1295,0
19,46.21,0.011,14,3.73,1,72.0,20.94,1,0.852,1.1,50.0,33.0,3,567.41,8,11.5474,0.4436,0.2487,0
8,23.77,0.883,14,1.14,0,5.0,0.0,0,,,58.0,57.0,3,495.11,12,7.0523,0.0,0.076,1
22,46.81,0.782,14,3.24,0,5.0,0.0,1,0.724,5.2,33.0,87.0,6,284.79,4,12.1257,0.0,0.216,0
25,46.66,0.624,15,1.91,0,4.0,0.0,1,0.861,6.4,53.0,55.0,8,1059.28,52,12.5896,0.0,0.1194,0
8,28.7,-0.985,5,1.4,1,55.0,10.52,1,0.886,21.2,70.0,31.0,3,853.1,8,7.4511,0.3542,0.2333,0
28,43.64,-0.688,18,3.64,1,54.0,26.11,1,0.921,2.8,72.0,72.0,11,511.64,8,12.7911,0.5849,0.1916,0
29,150.49,0.738,23,3.5,1,47.0,60.13,0,,,60.0,65.0,8,406.23,4,17.0758,0.3969,0.1458,1
12,39.38,0.248,16,1.83,1,60.0,25.71,1,0.784,5.4,59.0,30.0,3,58.41,12,9.486,0.6367,0.1076,0
10,27.7,-0.425,6,0.71,0,2.0,0.0,1,0.515,25.4,73.0,71.0,2,199.03,8,8.0495,0.0,0.1014,0
19,61.08,0.336,17,2.59,1,59.0,37.12,0,,,11.0,72.0,2,564.52,24,12.3677,0.5979,0.1439,1
13,32.6,0.721,15,1.74,1,20.0,34.55,0,,,39.0,78.0,6,396.95,4,9.275,1.0283,0.1088,1
14,26.17,-0.996,13,3.04,0,4.0,0.0,0,,,54.0,42.0,3,247.96,12,8.9423,0.0,0.2171,1
8,24.73,-0.413,6,1.26,0,6.0,0.0,0,,,41.0,64.0,3,230.45,8,7.1358,0.0,0.18,1
15,22.74,-0.364,16,3.46,1,18.0,15.02,0,,,29.0,33.0,4,458.98,4,8.7812,0.6327,0.2035,1
14,82.45,0.301,14,2.07,0,3.0,0.0,0,,,29.0,26.0,3,158.18,12,11.9811,0.0,0.138,1
14,103.1,-0.181,17,4.13,1,28.0,33.53,1,0.861,6.1,54.0,93.0,2,411.03,8,12.5798,0.3221,0.2294,0
7,77.25,-0.101,9,2.2,0,14.0,0.0,1,0.84,22.3,38.0,52.0,1,105.59,24,9.0662,0.0,0.22,0
12,22.5,0.016,14,1.41,0,5.0,0.0,1,0.72,5.5,56.0,72.0,5,152.77,8,8.0975,0.0,0.094,0
23,106.49,1.505,12,5.65,0,10.0,0.0,0,,,82.0,73.0,9,283.06,24,14.865,0.0,0.4346,1
24,27.45,0.8,24,8.73,1,65.0,28.2,0,,,44.0,46.0,3,183.24,24,10.7773,0.9912,0.3492,1
4,44.94,-0.548,9,1.94,1,73.0,18.7,0,,,18.0,8.0,1,167.55,8,6.1599,0.4071,0.194,1
25,87.74,-0.276,25,1.91,0,2.0,0.0,1,0.884,2.3,64.0,39.0,4,159.81,8,14.6149,0.0,0.0735,0
8,55.0,0.497,19,5.51,0,2.0,0.0,1,0.64,2.7,37.0,59.0,10,986.23,24,8.8446,0.0,0.2755,0
11,36.44,-0.617,17,6.04,0,5.0,0.0,0,,,53.0,72.0,7,207.12,12,9.0022,0.0,0.3356,1
18,24.43,0.308,4,1.79,1,65.0,9.96,1,0.914,28.4,16.0,54.0,2,176.83,8,9.528,0.3917,0.358,0
15,40.87,-0.489,13,1.1,0,7.0,0.0,1,0.773,4.4,35.0,56.0,5,237.89,12,10.3544,0.0,0.0786,0
16,68.67,-0.838,9,2.65,0,1.0,0.0,0,,,49.0,26.0,4,117.53,4,12.0235,0.0,0.265,1
12,27.19,0.102,15,2.41,0,3.0,0.0,0,,,58.0,35.0,6,188.29,4,8.5643,0.0,0.1506,1
15,41.43,-0.415,12,4.38,0,9.0,0.0,0,,,27.0,25.0,5,130.99,12,10.3913,0.0,0.3369,1
14,42.15,0.049,13,2.46,0,11.0,0.0,0,,,44.0,52.0,6,148.48,24,10.1949,0.0,0.1757,1
11,88.89,-0.347,11,2.95,0,4.0,0.0,0,,,40.0,74.0,5,1527.1,24,11.1786,0.0,0.2458,1
7,46.83,0.809,8,2.79,1,54.0,12.68,1,0.737,7.9,71.0,59.0,5,294.55,4,8.0426,0.2651,0.31,0
20,87.52,0.156,16,2.69,1,69.0,68.81,0,,,45.0,60.0,3,154.63,8,13.6493,0.7773,0.1582,1
19,47.59,-1.008,16,3.29,0,4.0,0.0,1,0.871,2.6,49.0,58.0,10,268.29,4,11.6337,0.0,0.1935,0
15,139.74,-0.137,21,3.99,1,97.0,29.77,1,0.535,0.2,36.0,45.0,10,601.23,4,13.7158,0.2115,0.1814,0
13,61.03,-1.095,6,1.67,1,59.0,17.04,1,0.718,27.0,57.0,19.0,4,332.05,4,10.893,0.2747,0.2386,0
10,77.98,-0.269,7,4.5,0,2.0,0.0,1,0.734,19.5,38.0,27.0,9,637.87,4,10.4769,0.0,0.5625,0
11,18.18,-0.176,9,5.44,1,99.0,27.28,0,,,78.0,62.0,6,85.33,4,7.3401,1.4223,0.544,1
9,28.94,0.348,7,1.34,1,17.0,22.56,1,0.567,13.1,45.0,64.0,4,205.98,8,7.8269,0.7535,0.1675,0
9,56.04,-0.252,11,1.74,0,11.0,0.0,1,0.933,13.8,35.0,92.0,1,64.3,8,9.3111,0.0,0.145,0
2,31.18,-1.293,7,1.11,0,4.0,0.0,0,,,60.0,49.0,1,193.98,4,3.8137,0.0,0.1388,1
8,44.01,0.911,10,1.98,1,53.0,18.37,1,0.323,4.2,44.0,30.0,2,226.0,4,8.3646,0.4081,0.18,0
6,25.05,0.293,15,4.12,0,5.0,0.0,0,,,58.0,21.0,17,261.81,52,6.3437,0.0,0.2575,1
10,48.08,0.122,10,2.94,1,31.0,11.6,0,,,24.0,47.0,2,283.95,24,9.3361,0.2363,0.2673,1
16,46.45,-0.179,14,1.0,1,23.0,18.11,1,0.92,0.7,68.0,88.0,3,139.82,4,10.9353,0.3817,0.0667,0
12,28.05,-0.125,11,1.23,1,56.0,11.03,0,,,21.0,68.0,2,287.01,4,8.6414,0.3797,0.1025,1
16,229.1,-0.182,19,3.14,0,0.0,0.0,1,0.925,0.8,62.0,94.0,8,163.54,8,15.4085,0.0,0.157,0
11,13.96,0.047,20,4.69,0,0.0,0.0,0,,,81.0,75.0,6,226.6,8,6.7226,0.0,0.2233,1
5,14.43,-0.847,5,3.49,0,4.0,0.0,1,0.813,5.1,20.0,22.0,2,66.99,8,4.9028,0.0,0.5817,0
4,32.82,-0.151,6,2.59,0,22.0,0.0,1,0.909,11.4,31.0,39.0,2,222.4,4,5.6669,0.0,0.37,0
15,18.82,0.403,14,3.55,0,3.0,0.0,0,,,37.0,53.0,4,831.11,12,8.2809,0.0,0.2367,1
18,43.62,0.2,11,2.2,0,3.0,0.0,1,0.583,34.9,37.0,20.0,2,1068.72,12,11.1835,0.0,0.1833,0
21,79.14,-0.099,9,1.46,0,0.0,0.0,0,,,19.0,55.0,2,328.04,12,13.5504,0.0,0.146,1
21,90.41,-0.138,10,1.98,0,10.0,0.0,0,,,72.0,40.0,4,135.8,4,13.9572,0.0,0.18,1
14,39.15,0.196,14,2.75,0,12.0,0.0,0,,,71.0,56.0,6,296.49,24,9.9998,0.0,0.1833,1
17,55.97,0.902,21,2.14,0,11.0,0.0,0,,,66.0,14.0,4,1002.12,24,11.6844,0.0,0.0973,1
13,61.18,-0.52,9,1.79,0,4.0,0.0,1,0.804,2.9,46.0,38.0,2,852.16,12,10.8994,0.0,0.179,0
8,17.91,0.575,9,1.68,1,61.0,16.72,1,0.779,37.3,55.0,70.0,3,931.61,12,6.4592,0.8842,0.168,0
8,30.33,-1.04,11,1.12,0,2.0,0.0,0,,,74.0,70.0,0,89.89,24,7.5685,0.0,0.0933,1
13,30.52,-0.914,7,1.05,0,4.0,0.0,1,0.745,59.3,26.0,43.0,2,128.56,12,9.1064,0.0,0.1312,0
29,64.63,-0.445,21,3.1,0,16.0,0.0,1,0.883,0.4,87.0,62.0,12,790.6,12,14.2307,0.0,0.1409,0
12,69.76,0.44,8,2.13,0,4.0,0.0,0,,,61.0,47.0,4,230.13,8,10.9249,0.0,0.2367,1
31,72.14,1.834,27,3.07,0,8.0,0.0,0,,,78.0,19.0,11,1320.87,8,14.8762,0.0,0.1096,1
21,52.16,0.061,12,3.69,1,27.0,13.26,0,,,49.0,24.0,3,82.84,8,12.2817,0.2494,0.2838,1
25,140.05,1.765,23,3.78,1,64.0,34.16,1,0.858,13.0,63.0,67.0,16,629.77,4,16.1247,0.2422,0.1575,0
7,31.62,-0.861,12,1.78,1,68.0,12.14,1,0.714,59.1,24.0,88.0,5,51.67,12,7.2467,0.3722,0.1369,0
14,35.72,0.052,17,3.41,0,1.0,0.0,0,,,34.0,47.0,7,78.96,8,9.758,0.0,0.1894,1
22,30.44,1.11,13,4.27,1,79.0,10.09,1,0.584,15.4,58.0,52.0,7,728.78,12,10.8114,0.3209,0.305,0
9,119.7,0.046,8,1.71,1,71.0,53.16,0,,,54.0,84.0,8,183.3,52,11.037,0.4404,0.19,1
8,62.63,-0.489,12,1.22,0,2.0,0.0,0,,,39.0,39.0,3,437.77,8,9.1253,0.0,0.0938,1
24,86.72,0.431,16,3.33,0,1.0,0.0,0,,,45.0,54.0,7,524.78,8,14.4017,0.0,0.1959,1
25,34.95,-0.158,17,5.02,0,0.0,0.0,1,0.749,25.3,56.0,80.0,6,610.09,12,11.6709,0.0,0.2789,0
31,143.68,0.57,19,13.55,0,1.0,0.0,0,,,59.0,67.0,11,1023.63,12,17.2404,0.0,0.6775,1
16,72.76,-0.722,10,9.79,0,8.0,0.0,0,,,57.0,65.0,4,240.13,8,12.1851,0.0,0.89,1
16,87.56,0.204,13,3.73,1,97.0,11.82,1,0.636,5.8,54.0,52.0,10,693.02,4,12.7032,0.1335,0.2664,0
22,194.2,0.358,13,2.72,1,74.0,24.91,1,0.751,28.9,56.0,81.0,2,342.36,12,16.5367,0.1276,0.1943,0
18,19.65,-0.011,18,2.69,0,18.0,0.0,1,0.912,16.8,40.0,88.0,5,328.58,24,8.9149,0.0,0.1416,0
10,7.64,-0.817,10,0.74,0,3.0,0.0,1,0.455,15.0,57.0,83.0,2,200.14,8,5.1708,0.0,0.0673,0
7,38.55,-0.086,12,1.54,0,0.0,0.0,1,0.654,59.2,45.0,61.0,2,124.21,4,7.6473,0.0,0.1185,0
8,25.17,-0.343,18,1.87,0,3.0,0.0,1,0.735,19.8,12.0,88.0,1,201.12,4,7.1731,0.0,0.0984,0
22,42.16,-0.302,25,10.0,0,11.0,0.0,1,0.71,4.2,23.0,53.0,5,385.29,12,11.8049,0.0,0.3846,0
24,105.29,-0.106,21,3.6,1,67.0,19.23,0,,,30.0,31.0,14,548.06,12,15.0198,0.1809,0.1636,1
15,61.09,0.51,25,5.91,1,64.0,26.3,1,0.595,7.3,22.0,58.0,10,336.3,4,11.4469,0.4236,0.2273,0
24,37.63,0.408,14,2.26,0,4.0,0.0,1,0.923,1.7,57.0,82.0,3,257.95,12,11.7619,0.0,0.1507,0
29,150.5,1.39,20,1.9,1,68.0,33.42,1,0.786,2.0,83.0,92.0,4,1819.25,24,17.076,0.2206,0.0905,0
29,54.58,1.004,19,3.11,0,5.0,0.0,0,,,40.0,51.0,16,190.44,8,13.6654,0.0,0.1555,1
23,79.14,0.054,19,6.84,1,52.0,25.2,1,0.672,2.6,43.0,80.0,3,166.13,8,13.9319,0.3144,0.342,0
7,18.08,-0.141,7,3.57,1,72.0,18.23,0,,,78.0,44.0,3,459.15,8,6.1315,0.9555,0.4462,1
19,50.37,-0.507,16,5.52,0,5.0,0.0,1,0.887,37.4,55.0,77.0,3,268.08,24,11.8004,0.0,0.3247,0
21,74.28,-0.037,12,2.06,1,72.0,37.87,0,,,34.0,27.0,2,266.15,24,13.3571,0.5031,0.1585,1
23,39.81,0.372,24,4.91,0,10.0,0.0,0,,,37.0,89.0,9,227.24,8,11.7872,0.0,0.1964,1
25,773.22,0.391,21,6.49,1,62.0,15.85,1,0.764,1.9,43.0,56.0,12,701.06,52,21.6724,0.0205,0.295,0
11,17.8,-1.15,10,2.34,0,1.0,0.0,1,0.654,19.5,27.0,7.0,1,285.1,8,7.2904,0.0,0.2127,0
24,142.15,-0.429,11,7.57,0,1.0,0.0,0,,,70.0,61.0,11,473.01,4,15.9782,0.0,0.6308,1
13,29.78,0.417,9,2.14,1,47.0,13.9,1,0.811,4.7,37.0,53.0,3,66.39,8,9.0437,0.4516,0.214,0
19,87.21,0.404,23,2.73,1,95.0,19.21,1,0.817,2.7,32.0,21.0,5,118.03,24,13.42,0.2178,0.1138,0
12,92.49,0.481,10,2.8,1,65.0,26.81,0,,,33.0,49.0,4,222.2,8,11.6394,0.2868,0.2545,1
10,34.67,0.264,9,2.15,0,9.0,0.0,0,,,30.0,57.0,6,140.2,52,8.5708,0.0,0.215,1
16,33.21,-1.182,15,3.15,1,59.0,15.57,1,0.673,25.4,13.0,78.0,5,236.6,4,10.0084,0.4551,0.1969,0
22,46.2,1.167,21,25.25,1,58.0,21.85,0,,,58.0,87.0,8,126.65,8,12.0854,0.4629,1.1477,1
14,20.93,-0.114,15,3.45,0,3.0,0.0,0,,,34.0,73.0,2,277.49,12,8.3621,0.0,0.2156,1
24,21.0,-0.317,20,3.32,0,1.0,0.0,0,,,78.0,83.0,9,315.48,4,9.9497,0.0,0.1581,1
26,54.46,1.529,22,1.31,1,53.0,21.84,1,0.805,4.1,64.0,59.0,8,571.28,12,13.235,0.3938,0.057,0
13,44.47,0.602,22,3.59,1,78.0,41.78,0,,,77.0,71.0,4,369.62,52,10.0734,0.9188,0.1561,1
11,71.53,0.452,15,2.08,0,0.0,0.0,1,0.874,8.1,89.0,82.0,4,230.31,8,10.6453,0.0,0.13,0
12,66.01,-0.161,8,1.85,0,1.0,0.0,0,,,62.0,19.0,2,260.51,12,10.7852,0.0,0.2056,1
11,75.85,-0.325,13,1.38,1,69.0,17.47,1,0.862,53.3,56.0,70.0,7,669.25,52,10.7891,0.2273,0.0986,0
15,35.02,0.229,15,2.42,1,92.0,15.89,1,0.621,8.3,47.0,77.0,6,344.13,4,9.9372,0.4411,0.1512,0
23,79.69,0.658,13,6.69,1,51.0,22.02,0,,,47.0,48.0,3,423.01,52,13.9536,0.2729,0.4779,1
13,32.32,0.62,10,1.25,0,8.0,0.0,1,0.794,8.5,40.0,48.0,1,41.91,12,9.253,0.0,0.1136,0
7,37.65,-0.685,8,1.03,0,5.0,0.0,0,,,29.0,32.0,1,67.96,8,7.5994,0.0,0.1144,1
35,129.39,2.013,28,4.49,1,64.0,48.99,0,,,58.0,74.0,12,148.41,4,17.4536,0.3757,0.1548,1
22,64.88,-0.442,12,4.62,1,51.0,40.31,1,0.706,27.0,40.0,19.0,12,472.62,24,13.1309,0.6119,0.3554,0
15,23.0,0.17,20,4.05,1,27.0,18.5,1,0.745,18.4,21.0,71.0,5,312.68,8,8.8114,0.7708,0.1929,0
13,110.99,-0.731,13,3.24,0,9.0,0.0,0,,,48.0,92.0,6,1323.41,4,12.4522,0.0,0.2314,1
18,62.1,-0.291,9,7.29,0,1.0,0.0,1,0.899,10.1,62.0,40.0,7,80.11,8,12.2039,0.0,0.729,0
14,37.28,0.205,14,2.76,1,79.0,21.11,0,,,36.0,17.0,2,83.54,12,9.8706,0.5515,0.184,1
16,11.59,-0.272,7,2.62,1,82.0,26.83,0,,,77.0,95.0,4,122.88,52,7.1763,2.1311,0.3275,1
13,39.72,0.275,13,2.14,0,9.0,0.0,0,,,47.0,27.0,11,167.5,24,9.7822,0.0,0.1529,1
32,34.63,-0.096,12,4.49,1,43.0,33.53,1,0.946,4.3,29.0,88.0,4,517.96,8,12.4937,0.9411,0.3454,0
12,12.78,-1.224,14,2.1,0,1.0,0.0,1,0.508,5.1,59.0,48.0,1,261.28,4,6.7284,0.0,0.14,0
11,54.05,-0.178,10,3.3,0,1.0,0.0,1,0.842,32.7,36.0,47.0,1,307.82,24,9.9601,0.0,0.3,0
16,33.23,-0.202,19,5.14,0,2.0,0.0,1,0.951,5.5,66.0,92.0,6,567.68,8,10.01,0.0,0.257,0
13,27.64,1.342,18,3.62,1,87.0,40.35,1,0.323,0.5,45.0,89.0,7,346.61,52,8.8535,1.4089,0.1905,0
12,93.0,-0.426,18,1.13,0,11.0,0.0,1,0.667,5.4,38.0,62.0,3,128.43,8,11.6533,0.0,0.0595,0
11,30.53,-0.683,11,1.35,0,8.0,0.0,1,0.81,44.9,35.0,53.0,4,223.4,24,8.5753,0.0,0.1125,0
18,11.74,-0.305,13,4.71,0,12.0,0.0,0,,,22.0,69.0,8,418.16,4,7.4929,0.0,0.3364,1
27,257.58,0.161,17,3.07,0,14.0,0.0,1,0.482,11.2,71.0,53.0,5,235.44,8,18.5111,0.0,0.1706,0
17,36.49,-0.224,15,4.2,1,64.0,15.46,0,,,47.0,33.0,4,104.89,12,10.4749,0.4124,0.2625,1
12,27.01,-1.105,16,3.59,0,0.0,0.0,1,0.827,19.2,23.0,88.0,4,166.38,24,8.5479,0.0,0.2112,0
23,82.66,1.182,20,6.22,1,40.0,12.96,1,0.844,20.7,70.0,80.0,11,294.42,12,14.0685,0.1549,0.2962,0
13,30.51,0.247,17,1.23,0,7.0,0.0,1,0.835,0.1,21.0,81.0,8,477.18,4,9.1056,0.0,0.0683,0
20,75.92,-1.063,7,2.5,1,58.0,16.28,0,,,33.0,34.0,5,286.34,4,13.2216,0.2116,0.3125,1
26,92.9,0.128,15,1.57,0,2.0,0.0,0,,,39.0,70.0,6,486.05,12,14.9705,0.0,0.0981,1
14,65.68,1.494,12,4.44,0,2.0,0.0,1,0.932,1.6,56.0,29.0,4,253.88,8,11.3736,0.0,0.3415,0
14,82.07,-0.569,12,2.18,1,67.0,16.45,1,0.639,21.6,31.0,82.0,8,513.72,12,11.9687,0.198,0.1677,0
13,37.63,-0.324,16,2.83,0,4.0,0.0,0,,,34.0,72.0,7,251.52,12,9.6432,0.0,0.1665,1
13,32.91,-0.559,13,1.19,0,11.0,0.0,0,,,83.0,45.0,2,474.54,24,9.2993,0.0,0.085,1
24,84.0,1.221,14,4.32,0,2.0,0.0,0,,,61.0,79.0,11,376.05,12,14.3003,0.0,0.288,1
5,32.52,0.067,3,1.06,0,3.0,0.0,0,,,51.0,52.0,2,259.05,8,6.2929,0.0,0.265,1
16,92.68,0.405,19,1.2,0,10.0,0.0,0,,,38.0,67.0,10,741.32,12,12.8625,0.0,0.06,1
9,17.23,0.091,7,1.79,0,14.0,0.0,0,,,13.0,74.0,3,59.1,4,6.6846,0.0,0.2238,1
13,13.56,-1.136,12,1.47,1,45.0,10.37,1,0.702,1.3,72.0,75.0,5,90.88,24,7.0681,0.7122,0.1131,0
32,153.17,-0.766,13,1.5,1,64.0,59.68,0,,,38.0,67.0,8,810.45,12,17.6156,0.3871,0.1071,1
20,79.2,-0.122,10,0.84,1,59.0,31.67,1,0.551,2.4,43.0,57.0,6,539.24,12,13.3488,0.3949,0.0764,0
16,44.95,1.457,15,2.59,0,11.0,0.0,1,0.9,7.9,33.0,93.0,7,375.45,24,10.8443,0.0,0.1619,0
12,21.03,0.859,14,2.52,0,7.0,0.0,0,,,52.0,77.0,1,151.15,4,7.9319,0.0,0.168,1
16,59.68,0.399,15,1.06,1,81.0,41.31,0,,,49.0,93.0,8,76.82,8,11.6321,0.6808,0.0662,1
19,20.26,0.766,20,5.54,0,2.0,0.0,1,0.554,11.2,45.0,61.0,6,295.25,52,9.1574,0.0,0.2638,0
12,144.72,1.206,13,2.3,0,7.0,0.0,0,,,31.0,47.0,5,160.29,8,12.7778,0.0,0.1643,1
22,98.93,0.191,16,7.4,1,39.0,25.14,0,,,66.0,66.0,12,436.41,4,14.4373,0.2516,0.4353,1
23,90.45,0.312,18,2.83,0,13.0,0.0,1,0.707,12.4,51.0,87.0,3,132.5,12,14.3514,0.0,0.1489,0
15,50.41,-0.512,12,2.1,0,6.0,0.0,1,0.854,0.8,34.0,69.0,4,627.39,8,10.9235,0.0,0.1615,0
18,108.0,1.11,9,7.75,0,6.0,0.0,0,,,37.0,48.0,6,256.09,12,13.8134,0.0,0.775,1
7,11.84,-0.05,12,2.52,1,65.0,16.0,0,,,64.0,77.0,2,319.63,8,5.3079,1.2461,0.1938,1
16,98.59,0.767,9,3.09,0,1.0,0.0,1,0.771,0.8,47.0,98.0,4,213.29,4,13.0358,0.0,0.309,0
13,43.22,-0.526,12,3.46,1,26.0,46.68,0,,,25.0,43.0,2,352.46,24,9.9999,1.0556,0.2662,1
19,60.93,-0.606,11,4.15,1,37.0,75.22,0,,,54.0,40.0,3,103.6,24,12.3604,1.2146,0.3458,1
17,55.7,-1.3,13,1.79,0,7.0,0.0,0,,,9.0,80.0,3,272.44,24,11.6707,0.0,0.1279,1
15,70.94,0.543,14,4.82,0,1.0,0.0,0,,,53.0,61.0,4,276.69,4,11.8551,0.0,0.3213,1
9,22.01,0.07,11,1.42,0,15.0,0.0,1,0.665,12.8,44.0,83.0,1,159.98,12,7.2207,0.0,0.1183,0
35,57.88,0.051,12,2.22,0,1.0,0.0,0,,,31.0,56.0,9,553.8,8,14.6046,0.0,0.1708,1
6,41.88,0.642,13,1.5,1,43.0,26.04,1,0.636,14.3,55.0,53.0,2,1018.63,8,7.3135,0.6073,0.1071,0
30,142.78,0.56,15,6.96,0,2.0,0.0,1,0.787,3.6,68.0,64.0,3,389.94,12,17.061,0.0,0.435,0
25,80.94,-0.962,18,4.24,1,17.0,35.16,1,0.541,6.5,75.0,60.0,7,752.65,24,14.3551,0.4291,0.2232,0
7,20.38,-0.169,16,3.95,0,2.0,0.0,1,0.489,0.6,78.0,25.0,4,377.22,8,6.3682,0.0,0.2324,0
17,34.52,0.259,21,2.63,1,40.0,9.73,0,,,53.0,67.0,5,519.77,24,10.3189,0.2739,0.1195,1
15,13.25,0.442,13,1.91,0,13.0,0.0,1,0.861,5.2,27.0,67.0,2,179.19,4,7.3661,0.0,0.1364,0
22,23.54,0.881,22,13.77,1,90.0,20.53,0,,,72.0,52.0,9,296.19,4,10.0345,0.8366,0.5987,1
27,51.79,0.667,12,1.46,0,5.0,0.0,0,,,77.0,47.0,12,998.55,4,13.2166,0.0,0.1123,1
17,83.71,0.074,12,5.02,1,47.0,39.23,0,,,37.0,75.0,2,234.45,8,12.831,0.4631,0.3862,1
9,59.82,-0.819,8,4.16,1,55.0,18.84,1,0.817,8.4,31.0,50.0,5,175.49,8,9.4588,0.3098,0.4622,0
16,62.22,0.404,16,5.46,0,15.0,0.0,0,,,43.0,66.0,2,679.69,8,11.7483,0.0,0.3212,1
23,196.59,-0.635,16,3.86,1,81.0,20.32,1,0.895,9.3,35.0,79.0,10,270.45,4,16.7998,0.1028,0.2271,0
22,77.43,0.339,14,3.71,1,52.0,25.88,0,,,45.0,80.0,15,289.27,4,13.6777,0.33,0.2473,1
16,35.1,-0.724,12,2.41,1,42.0,19.87,1,0.801,18.0,22.0,30.0,1,121.61,24,10.1607,0.5504,0.1854,0
15,33.77,0.003,9,2.46,1,36.0,29.83,1,0.51,8.7,28.0,83.0,2,440.07,4,9.8392,0.8579,0.246,0
18,42.51,-0.165,17,4.22,1,83.0,38.64,0,,,11.0,53.0,4,317.13,24,11.1093,0.8881,0.2344,1
25,106.58,0.707,18,4.84,1,28.0,58.22,0,,,80.0,71.0,5,571.85,8,15.2421,0.5412,0.2547,1
7,31.92,-0.06,6,1.07,1,85.0,5.75,0,,,47.0,62.0,2,376.34,12,7.2657,0.1747,0.1529,1
20,38.95,0.798,17,3.53,1,60.0,20.89,1,0.545,10.6,42.0,65.0,9,439.51,8,11.2271,0.5229,0.1961,0
20,27.8,-0.037,19,4.62,0,10.0,0.0,0,,,71.0,86.0,8,185.97,8,10.2307,0.0,0.231,1
20,55.86,1.081,15,2.8,0,7.0,0.0,0,,,80.0,48.0,4,187.32,12,12.3017,0.0,0.175,1
39,65.72,0.208,18,5.86,0,9.0,0.0,1,0.986,14.2,79.0,79.0,13,306.17,8,15.4952,0.0,0.3084,0
12,32.63,0.894,10,0.99,0,12.0,0.0,1,0.571,1.6,57.0,91.0,2,371.81,8,9.0169,0.0,0.09,0
22,37.46,0.185,16,1.94,1,17.0,32.22,0,,,59.0,9.0,3,695.86,24,11.4434,0.8378,0.1141,1
17,34.08,-0.914,17,3.06,1,66.0,23.96,0,,,9.0,31.0,2,473.13,4,10.2829,0.683,0.17,1
20,42.41,0.169,23,1.86,0,11.0,0.0,0,,,35.0,68.0,15,479.5,24,11.4799,0.0,0.0775,1
24,23.65,-0.077,11,2.69,0,8.0,0.0,1,0.74,23.0,66.0,48.0,8,563.08,8,10.3158,0.0,0.2242,0
13,78.42,0.83,13,1.77,0,2.0,0.0,0,,,44.0,71.0,5,254.63,12,11.5452,0.0,0.1264,1
18,54.37,0.793,16,6.69,0,2.0,0.0,0,,,63.0,93.0,7,303.44,12,11.8191,0.0,0.3935,1
20,86.71,0.997,16,3.46,0,4.0,0.0,1,0.765,4.8,59.0,34.0,12,391.4,8,13.6213,0.0,0.2035,0
17,45.47,0.379,15,2.67,1,35.0,28.47,0,,,65.0,84.0,4,85.01,4,11.0956,0.6127,0.1669,1
14,11.68,1.103,14,1.92,0,9.0,0.0,1,0.619,15.0,68.0,62.0,2,209.49,4,6.8785,0.0,0.128,0
20,44.99,0.257,15,2.94,0,3.0,0.0,0,,,71.0,71.0,6,48.74,4,11.6557,0.0,0.1838,1
11,35.97,-0.601,11,2.41,1,90.0,27.68,1,0.615,4.7,52.0,52.0,2,205.39,8,8.9708,0.7487,0.2008,0
26,39.25,0.172,11,3.9,1,49.0,40.34,1,0.895,0.9,50.0,13.0,4,201.81,4,12.1785,1.0022,0.325,0
10,18.99,-0.571,10,1.21,0,11.0,0.0,1,0.715,1.8,35.0,54.0,1,318.9,8,7.1823,0.0,0.11,0
15,30.0,0.176,16,3.15,0,0.0,0.0,1,0.759,7.6,23.0,90.0,2,210.5,4,9.521,0.0,0.1853,0
15,16.41,1.145,8,3.46,0,4.0,0.0,0,,,22.0,46.0,1,107.02,12,7.9214,0.0,0.3844,1
22,33.93,-0.476,19,2.21,1,71.0,55.45,0,,,74.0,49.0,6,513.72,4,11.1415,1.5875,0.1105,1
13,52.14,0.156,11,2.05,0,13.0,0.0,0,,,67.0,33.0,6,425.58,52,10.4848,0.0,0.1708,1
23,51.04,0.538,16,6.28,0,1.0,0.0,0,,,75.0,80.0,6,555.34,4,12.5597,0.0,0.3694,1
33,31.67,0.085,19,1.87,0,3.0,0.0,0,,,80.0,54.0,12,1133.53,8,12.2945,0.0,0.0935,1
20,202.93,-0.251,15,3.13,1,41.0,27.01,0,,,35.0,78.0,6,106.62,4,16.1901,0.1324,0.1956,1
32,97.09,0.416,20,8.33,1,82.0,20.31,0,,,65.0,44.0,13,324.85,8,16.0346,0.2071,0.3967,1
13,22.86,-0.383,10,2.46,1,69.0,33.54,1,0.818,15.8,70.0,31.0,4,295.6,24,8.3716,1.4057,0.2236,0
26,126.64,-0.532,20,4.06,0,1.0,0.0,0,,,41.0,57.0,5,465.9,8,15.9822,0.0,0.1933,1
18,36.32,0.568,10,4.44,0,16.0,0.0,1,0.377,8.8,43.0,59.0,7,293.63,12,10.6575,0.0,0.4036,0
23,82.01,0.546,15,3.02,0,2.0,0.0,1,0.751,1.6,43.0,71.0,9,104.83,24,14.0437,0.0,0.1888,0
6,42.23,0.864,16,1.32,1,62.0,14.25,1,0.491,10.8,36.0,78.0,2,256.7,8,7.3293,0.3296,0.0776,0
8,9.2,0.068,5,3.5,1,51.0,6.81,0,,,5.0,59.0,2,651.74,12,5.1028,0.6676,0.5833,1
14,69.68,0.814,23,5.95,0,3.0,0.0,0,,,36.0,73.0,6,311.5,24,11.5313,0.0,0.2479,1
16,38.41,0.182,12,4.06,1,25.0,13.22,1,0.781,6.1,35.0,37.0,3,252.22,52,10.4093,0.3354,0.3123,0
15,55.45,-0.935,12,2.3,0,1.0,0.0,1,0.793,40.2,39.0,53.0,1,247.54,12,11.1828,0.0,0.1769,0
12,20.36,0.885,18,3.75,1,84.0,11.56,1,0.711,0.9,81.0,75.0,3,366.61,12,7.8526,0.5412,0.1974,0
19,26.81,-0.102,13,2.3,1,76.0,13.37,1,0.547,18.7,43.0,69.0,8,437.06,4,9.962,0.4808,0.1643,0
24,58.8,0.331,10,4.13,0,17.0,0.0,0,,,41.0,91.0,10,170.34,4,13.1684,0.0,0.3755,1
17,26.36,-0.512,12,1.74,1,46.0,19.35,0,,,26.0,12.0,7,301.99,8,9.5645,0.7072,0.1338,1
21,36.5,0.58,13,4.57,0,1.0,0.0,1,0.942,1.1,55.0,53.0,6,325.15,12,11.203,0.0,0.3264,0
30,47.41,1.098,17,1.41,1,39.0,109.12,1,0.832,5.8,64.0,79.0,11,423.74,24,13.3229,2.2541,0.0783,0
20,34.33,1.441,8,3.88,0,4.0,0.0,1,0.744,4.7,55.0,60.0,3,143.95,12,10.8529,0.0,0.4311,0
24,66.95,0.871,11,1.35,0,13.0,0.0,1,0.834,8.0,36.0,61.0,5,670.84,8,13.5797,0.0,0.1125,0
18,38.88,0.04,12,4.51,0,7.0,0.0,0,,,21.0,60.0,8,203.95,12,10.8528,0.0,0.3469,1
24,147.58,0.816,24,5.86,1,71.0,24.38,1,0.717,7.3,7.0,60.0,16,1036.66,8,16.098,0.1641,0.2344,0
10,37.11,0.2,13,4.76,1,73.0,21.17,1,0.408,5.7,42.0,79.0,6,437.24,4,8.7295,0.5555,0.34,0
20,25.86,0.996,22,2.54,1,47.0,30.17,0,,,61.0,72.0,5,97.92,8,10.0184,1.1232,0.1104,1
9,40.84,0.258,9,4.89,1,49.0,12.01,1,0.785,5.8,89.0,44.0,2,1632.78,8,8.5975,0.287,0.489,0
11,29.88,-0.538,6,3.89,1,33.0,20.06,1,0.485,0.7,33.0,45.0,2,199.85,8,8.5235,0.6496,0.5557,0
21,32.87,-0.191,20,2.14,0,5.0,0.0,0,,,49.0,72.0,10,469.33,12,10.8883,0.0,0.1019,1
15,61.41,-0.644,9,4.13,1,23.0,93.21,1,0.703,31.8,30.0,90.0,2,177.93,12,11.4611,1.4935,0.413,0
13,50.96,0.246,13,1.29,1,25.0,12.81,0,,,78.0,63.0,2,135.87,4,10.4255,0.2465,0.0921,1
9,41.33,-0.845,10,2.09,0,5.0,0.0,0,,,65.0,79.0,1,36.11,4,8.6243,0.0,0.19,1
26,27.29,0.837,14,3.88,0,12.0,0.0,1,0.934,12.0,60.0,59.0,7,671.84,8,11.0164,0.0,0.2587,0
14,55.91,0.853,12,1.26,1,63.0,10.23,1,0.745,4.8,20.0,3.0,6,552.66,8,10.9445,0.1798,0.0969,0
27,65.88,1.108,19,1.99,1,43.0,55.33,1,0.612,13.8,63.0,56.0,13,413.61,12,14.0049,0.8273,0.0995,0
20,70.4,0.739,12,2.67,0,2.0,0.0,1,0.673,6.3,27.0,92.0,4,396.47,12,12.9949,0.0,0.2054,0
20,66.15,-0.11,12,2.75,1,82.0,34.15,0,,,53.0,75.0,7,748.39,12,12.8081,0.5086,0.2115,1
18,63.81,1.426,13,3.74,0,2.0,0.0,1,0.932,2.9,69.0,63.0,6,377.49,4,12.2826,0.0,0.2671,0
12,43.05,-0.245,7,1.62,0,6.0,0.0,1,0.659,18.3,49.0,68.0,0,281.73,12,9.7092,0.0,0.2025,0
9,27.16,-0.525,12,2.1,1,60.0,25.71,0,,,43.0,73.0,3,152.97,8,7.6858,0.913,0.1615,1
23,73.49,0.184,13,1.56,0,1.0,0.0,1,0.37,7.1,58.0,76.0,7,245.92,8,13.6995,0.0,0.1114,0
12,60.78,-0.358,6,3.02,0,8.0,0.0,1,0.889,0.1,56.0,35.0,7,212.34,4,10.5768,0.0,0.4314,0
15,35.54,1.223,17,2.21,0,12.0,0.0,1,0.94,22.1,14.0,50.0,6,486.99,24,9.9769,0.0,0.1228,0
16,55.84,-0.748,10,3.43,0,1.0,0.0,0,,,80.0,50.0,6,250.98,12,11.4469,0.0,0.3118,1
21,126.55,1.002,14,3.51,0,2.0,0.0,1,0.778,8.7,42.0,52.0,9,148.64,24,14.9869,0.0,0.234,0
25,64.7,-0.433,17,3.63,0,5.0,0.0,1,0.673,4.1,85.0,79.0,12,534.43,12,13.6355,0.0,0.2017,0
16,40.26,-0.194,12,2.09,0,10.0,0.0,0,,,39.0,91.0,6,91.8,8,10.5393,0.0,0.1608,1
10,18.67,0.033,14,5.1,1,45.0,23.84,0,,,30.0,49.0,4,693.37,8,7.1436,1.212,0.34,1
28,51.06,-0.556,11,6.37,1,54.0,24.8,1,0.589,22.1,59.0,96.0,6,1418.72,8,13.3089,0.4764,0.5308,0
34,53.01,0.009,10,1.94,1,88.0,14.92,1,0.817,16.9,39.0,94.0,7,324.92,4,14.1829,0.2762,0.1764,0
4,51.68,-0.486,10,2.71,1,61.0,14.13,0,,,44.0,52.0,1,110.69,8,6.3802,0.2682,0.2464,1
9,58.21,0.406,14,2.8,1,83.0,19.45,1,0.758,22.3,71.0,54.0,6,354.59,24,9.3971,0.3285,0.1867,0
20,48.4,0.575,18,4.86,0,14.0,0.0,0,,,76.0,89.0,6,173.22,12,11.8735,0.0,0.2558,1
11,21.32,-0.505,3,2.91,0,1.0,0.0,1,0.916,5.8,46.0,75.0,2,101.71,8,7.7168,0.0,0.7275,0
18,76.63,0.257,12,4.23,1,49.0,25.84,1,0.731,0.5,41.0,64.0,2,326.91,12,12.8141,0.3329,0.3254,0
8,12.1,0.227,15,0.76,0,5.0,0.0,0,,,25.0,13.0,7,655.31,8,5.6526,0.0,0.0475,1
16,64.66,0.265,11,2.32,0,4.0,0.0,1,0.629,16.0,48.0,68.0,2,205.51,12,11.8556,0.0,0.1933,0
12,53.12,-0.133,13,3.07,1,80.0,19.07,0,,,63.0,61.0,8,172.67,12,10.2372,0.3524,0.2193,1
10,33.36,-0.073,15,3.21,0,1.0,0.0,1,0.731,9.5,27.0,21.0,9,334.43,8,8.4811,0.0,0.2006,0
39,138.03,1.394,29,4.53,0,1.0,0.0,1,0.774,1.6,74.0,47.0,24,524.87,4,18.2035,0.0,0.151,0
12,245.25,0.196,17,2.04,0,7.0,0.0,0,,,52.0,89.0,5,232.71,24,14.1235,0.0,0.1133,1
20,119.76,1.069,20,4.94,1,29.0,37.22,1,0.706,1.0,52.0,80.0,5,206.03,8,14.5948,0.3082,0.2352,0
27,74.77,-0.082,20,3.76,0,0.0,0.0,1,0.717,15.2,33.0,60.0,8,317.84,12,14.4208,0.0,0.179,0
22,13.74,0.171,14,2.04,0,6.0,0.0,1,0.73,0.3,70.0,50.0,8,753.4,4,8.4363,0.0,0.136,0
34,12.67,0.629,13,5.98,0,5.0,0.0,1,0.709,7.4,74.0,69.0,13,1094.64,12,9.298,0.0,0.4271,0
38,153.78,0.642,18,12.11,0,1.0,0.0,1,0.931,4.5,33.0,61.0,16,317.85,8,18.4717,0.0,0.6374,0
23,25.83,-0.892,16,2.37,0,12.0,0.0,1,0.941,9.1,67.0,40.0,7,745.84,8,10.4543,0.0,0.1394,0
9,27.06,-0.033,10,3.25,0,12.0,0.0,0,,,13.0,67.0,4,1074.6,8,7.6776,0.0,0.2955,1
9,59.12,0.352,15,2.18,1,76.0,35.01,0,,,34.0,47.0,5,507.12,8,9.4322,0.5823,0.1362,1
20,39.45,-0.75,10,5.64,0,6.0,0.0,0,,,69.0,60.0,2,100.03,4,11.2649,0.0,0.5127,1
6,183.18,0.371,14,1.31,1,24.0,5.63,1,0.667,23.4,73.0,50.0,3,203.56,12,10.1497,0.0306,0.0873,0
5,70.05,-1.246,14,1.33,0,5.0,0.0,0,,,51.0,47.0,1,595.54,24,7.639,0.0,0.0887,1
10,48.46,-0.646,12,2.49,0,9.0,0.0,1,0.538,9.5,92.0,75.0,6,307.88,12,9.3546,0.0,0.1915,0
9,27.28,0.6,6,1.82,1,89.0,13.8,1,0.603,24.9,58.0,37.0,3,396.04,4,7.6956,0.488,0.26,0
24,61.62,1.198,18,2.87,0,8.0,0.0,1,0.815,11.3,38.0,44.0,6,514.51,8,13.3168,0.0,0.1511,0
11,113.0,0.044,15,2.9,0,2.0,0.0,1,0.572,54.1,50.0,92.0,5,622.78,12,11.769,0.0,0.1812,0
15,41.61,0.961,13,0.38,0,7.0,0.0,0,,,21.0,16.0,4,211.19,24,10.403,0.0,0.0271,1
13,40.41,-0.364,11,7.03,0,0.0,0.0,0,,,33.0,65.0,10,835.75,8,9.8266,0.0,0.5858,1
11,67.21,0.11,10,2.69,0,6.0,0.0,1,0.465,36.0,41.0,44.0,3,244.7,8,10.4927,0.0,0.2445,0
11,25.06,0.929,9,3.85,0,1.0,0.0,0,,,17.0,48.0,1,486.66,12,8.1018,0.0,0.385,1
3,108.09,-0.236,16,1.48,0,5.0,0.0,1,0.852,4.6,53.0,21.0,1,63.72,24,6.5047,0.0,0.0871,0
26,123.24,0.001,16,3.97,0,5.0,0.0,0,,,73.0,64.0,11,452.43,8,15.8932,0.0,0.2335,1
7,18.06,0.147,7,1.79,0,0.0,0.0,1,0.701,17.4,55.0,92.0,2,169.51,8,6.1293,0.0,0.2238,0
12,62.47,-0.993,5,2.35,1,45.0,22.38,0,,,31.0,71.0,3,43.71,12,10.646,0.3526,0.3917,1
18,37.66,-0.523,10,0.47,1,57.0,21.75,0,,,72.0,10.0,5,168.18,12,10.7614,0.5626,0.0427,1
14,54.64,0.111,9,3.13,0,5.0,0.0,0,,,40.0,60.0,3,155.39,12,10.8834,0.0,0.313,1
9,22.86,-0.632,13,1.43,0,2.0,0.0,0,,,4.0,51.0,7,201.67,52,7.3043,0.0,0.1021,1
19,46.19,0.238,15,3.71,0,12.0,0.0,0,,,61.0,56.0,7,960.72,24,11.5461,0.0,0.2319,1
11,31.38,-0.151,9,7.29,0,12.0,0.0,0,,,61.0,93.0,5,500.57,8,8.6414,0.0,0.729,1
20,36.8,-0.138,15,2.08,0,0.0,0.0,1,0.682,0.5,76.0,84.0,5,388.3,12,11.0586,0.0,0.13,0
10,33.85,-1.193,15,1.34,1,88.0,24.98,0,,,46.0,67.0,6,631.04,8,8.5151,0.7168,0.0838,1
12,92.15,-0.151,7,1.03,1,94.0,22.8,0,,,55.0,75.0,3,191.33,4,11.63,0.2448,0.1288,1
13,78.35,-0.41,7,4.53,0,4.0,0.0,1,0.861,0.6,50.0,71.0,1,402.77,24,11.5429,0.0,0.5662,0
16,63.16,0.603,21,3.68,0,8.0,0.0,0,,,40.0,69.0,7,146.08,8,11.7901,0.0,0.1673,1
17,141.09,0.314,13,2.35,0,6.0,0.0,1,0.98,11.6,50.0,58.0,11,210.18,8,14.326,0.0,0.1679,0
33,67.36,-0.065,19,6.16,0,3.0,0.0,0,,,43.0,58.0,3,107.43,24,14.8981,0.0,0.308,1
7,33.53,-0.78,10,4.41,0,10.0,0.0,0,,,21.0,47.0,2,250.78,8,7.365,0.0,0.4009,1
13,36.08,0.001,15,2.3,0,14.0,0.0,1,0.686,28.6,63.0,57.0,3,53.87,8,9.5351,0.0,0.1438,0
30,68.97,1.016,12,2.36,0,11.0,0.0,0,,,44.0,45.0,9,916.42,12,14.5878,0.0,0.1815,1
20,95.89,0.667,7,1.11,0,4.0,0.0,0,,,75.0,45.0,9,677.39,4,13.9244,0.0,0.1388,1
12,88.98,-0.098,10,5.28,1,27.0,21.02,1,0.83,5.9,41.0,39.0,7,216.08,4,11.5412,0.2336,0.48,0
31,67.38,0.013,16,5.05,1,57.0,39.2,0,,,66.0,89.0,9,719.95,8,14.643,0.5733,0.2971,1
4,16.37,-0.601,8,0.55,1,67.0,5.45,1,0.713,14.6,14.0,52.0,2,276.66,8,4.5945,0.3138,0.0611,0
31,319.6,-0.413,19,3.36,0,5.0,0.0,0,,,91.0,27.0,4,474.94,8,19.998,0.0,0.168,1
39,58.3,1.984,25,3.63,1,57.0,57.5,0,,,75.0,63.0,13,273.47,8,15.0603,0.9696,0.1396,1
10,53.36,-1.299,12,3.13,0,9.0,0.0,1,0.479,7.0,71.0,43.0,3,558.13,8,9.5811,0.0,0.2408,0
18,36.9,0.632,16,5.71,1,30.0,31.09,0,,,24.0,51.0,3,270.35,12,10.7029,0.8203,0.3359,1
24,33.4,0.23,16,2.35,0,5.0,0.0,1,0.866,0.0,49.0,18.0,6,129.97,12,11.3886,0.0,0.1382,0
11,11.26,-1.812,17,1.57,1,73.0,11.8,0,,,29.0,76.0,2,204.97,12,6.228,0.9625,0.0872,1
15,54.07,0.279,8,1.78,0,6.0,0.0,0,,,72.0,33.0,5,182.2,24,11.1142,0.0,0.1978,1
14,36.62,-0.622,14,4.66,0,6.0,0.0,1,0.794,7.9,48.0,61.0,4,412.52,24,9.8235,0.0,0.3107,0
8,46.16,-0.776,13,1.05,0,8.0,0.0,0,,,17.0,50.0,3,279.88,12,8.4671,0.0,0.075,1
22,104.16,1.882,22,3.57,0,3.0,0.0,1,0.838,22.2,33.0,65.0,8,478.71,24,14.5972,0.0,0.1552,0
24,117.52,2.14,26,3.14,0,11.0,0.0,0,,,42.0,80.0,11,658.12,12,15.3704,0.0,0.1163,1
26,85.15,0.204,16,2.65,0,14.0,0.0,1,0.782,2.4,61.0,79.0,4,248.5,52,14.6865,0.0,0.1559,0
22,75.32,0.669,17,2.73,1,65.0,18.38,1,0.729,6.0,82.0,34.0,10,104.95,8,13.5922,0.2408,0.1517,0
28,48.91,0.59,14,2.59,0,9.0,0.0,0,,,37.0,90.0,7,430.17,4,13.1669,0.0,0.1727,1
7,27.95,-0.868,6,0.89,1,79.0,12.84,1,0.692,10.4,70.0,74.0,1,226.1,4,6.9985,0.4435,0.1271,0
12,20.95,0.278,12,1.69,0,2.0,0.0,0,,,55.0,52.0,2,133.32,52,7.9225,0.0,0.13,1
9,43.36,-0.428,8,0.89,0,1.0,0.0,1,0.49,13.9,60.0,50.0,0,229.65,12,8.7322,0.0,0.0989,0
35,363.4,0.564,13,7.09,1,49.0,101.61,0,,,87.0,93.0,7,927.72,12,21.1365,0.2788,0.5064,1
14,140.63,0.992,12,2.36,1,64.0,19.56,0,,,57.0,38.0,9,540.76,12,13.4136,0.1381,0.1815,1
11,16.94,-1.014,8,1.08,0,1.0,0.0,0,,,83.0,49.0,3,520.21,24,7.174,0.0,0.12,1
14,55.44,-0.437,5,3.99,1,69.0,11.67,1,0.962,6.1,46.0,64.0,4,665.29,4,10.922,0.2068,0.665,0
15,170.17,0.555,15,4.72,0,12.0,0.0,0,,,35.0,82.0,3,258.93,12,14.2585,0.0,0.295,1
6,36.0,0.495,11,3.5,0,1.0,0.0,0,,,41.0,64.0,2,98.68,8,7.0265,0.0,0.2917,1
12,47.48,0.632,7,6.07,1,71.0,31.21,0,,,78.0,66.0,5,159.82,8,9.955,0.6438,0.7588,1
16,43.6,-0.616,8,3.08,0,0.0,0.0,0,,,13.0,56.0,6,399.29,8,10.7598,0.0,0.3422,1
19,70.85,0.91,10,3.78,0,17.0,0.0,1,0.657,26.6,33.0,29.0,8,175.18,8,12.8055,0.0,0.3436,0
24,69.11,1.073,16,2.03,1,43.0,42.31,1,0.503,9.1,53.0,71.0,10,317.82,4,13.6804,0.6035,0.1194,0
14,74.5,0.352,10,2.07,0,2.0,0.0,0,,,87.0,82.0,5,240.51,8,11.71,0.0,0.1882,1
15,24.48,-0.716,16,1.72,0,2.0,0.0,1,0.967,3.3,54.0,61.0,8,653.74,12,8.9773,0.0,0.1012,0
6,78.15,-1.045,5,2.71,0,7.0,0.0,0,,,25.0,26.0,6,68.6,24,8.5062,0.0,0.4517,1
20,41.52,0.369,14,3.87,0,3.0,0.0,0,,,76.0,84.0,3,255.82,8,11.4169,0.0,0.258,1
10,45.91,-0.555,7,0.59,1,56.0,19.67,1,0.776,6.3,27.0,72.0,2,227.85,4,9.2277,0.4193,0.0738,0
20,28.07,-0.354,20,6.4,0,13.0,0.0,1,0.771,16.3,83.0,90.0,10,168.48,8,10.2591,0.0,0.3048,0
16,60.2,2.125,22,2.01,1,67.0,88.7,1,0.489,8.6,53.0,33.0,9,251.92,12,11.6563,1.4493,0.0874,0
17,38.66,-0.282,19,1.8,0,14.0,0.0,0,,,50.0,51.0,10,271.72,8,10.6376,0.0,0.09,1
17,14.61,-0.354,11,1.85,0,11.0,0.0,1,0.811,9.3,60.0,82.0,4,160.07,4,7.9425,0.0,0.1542,0
2,18.11,0.103,8,2.98,1,71.0,18.67,0,,,42.0,70.0,2,325.34,12,3.2411,0.977,0.3311,1
5,35.45,0.482,5,1.43,0,11.0,0.0,1,0.614,0.2,35.0,41.0,2,155.31,8,6.4431,0.0,0.2383,0
7,15.26,0.067,16,1.68,1,37.0,64.06,0,,,43.0,36.0,2,687.15,24,5.799,3.9397,0.0988,1
15,38.04,-1.151,11,4.85,0,22.0,0.0,0,,,18.0,79.0,8,444.52,24,10.1604,0.0,0.4042,1
19,53.23,0.029,15,2.02,0,9.0,0.0,0,,,34.0,56.0,8,191.22,12,11.9627,0.0,0.1262,1
28,62.83,0.829,6,1.53,1,82.0,23.45,0,,,84.0,30.0,13,339.71,4,13.9952,0.3674,0.2186,1
18,24.87,-1.543,18,5.56,1,43.0,36.08,1,0.868,4.5,22.0,63.0,7,270.09,4,9.5785,1.3947,0.2926,0
13,28.17,-1.277,12,2.19,0,3.0,0.0,1,0.727,21.5,78.0,60.0,4,417.41,4,8.9019,0.0,0.1685,0
9,23.4,-0.253,14,3.36,0,11.0,0.0,1,0.791,6.8,8.0,77.0,6,183.97,12,7.3558,0.0,0.224,0
24,269.87,0.988,16,3.83,1,57.0,35.6,0,,,48.0,87.0,10,508.54,52,18.031,0.1314,0.2253,1
8,41.26,0.272,10,1.26,0,11.0,0.0,1,0.836,0.4,41.0,25.0,0,175.85,12,8.2261,0.0,0.1145,0
23,89.93,-0.264,17,2.05,0,17.0,0.0,0,,,37.0,67.0,9,284.62,12,14.3333,0.0,0.1139,1
25,163.34,0.022,15,6.51,1,88.0,8.47,1,0.8,13.3,60.0,46.0,5,411.12,4,16.6226,0.0515,0.4069,0
20,45.25,0.028,22,0.92,0,10.0,0.0,0,,,52.0,48.0,3,758.84,4,11.6729,0.0,0.04,1
8,22.46,-0.641,12,1.99,0,10.0,0.0,0,,,30.0,38.0,2,97.31,12,6.9329,0.0,0.1531,1
10,90.95,-0.369,10,2.08,1,41.0,23.84,0,,,24.0,57.0,5,70.29,4,10.8415,0.2593,0.1891,1
24,39.62,0.285,25,6.82,1,64.0,12.26,1,0.736,35.4,34.0,85.0,9,476.2,8,11.9236,0.3018,0.2623,0
21,130.7,-0.23,14,3.97,0,16.0,0.0,0,,,70.0,88.0,6,92.74,52,15.0859,0.0,0.2647,1
20,19.75,0.224,14,2.74,1,58.0,22.19,1,0.754,15.5,60.0,81.0,4,249.96,52,9.2327,1.0694,0.1827,0
9,74.75,0.143,14,2.23,0,4.0,0.0,0,,,44.0,80.0,1,720.89,8,9.9643,0.0,0.1487,1
14,31.16,0.697,15,1.72,0,11.0,0.0,0,,,48.0,48.0,2,478.05,8,9.3989,0.0,0.1075,1
17,24.31,0.22,16,3.58,0,12.0,0.0,1,0.714,15.6,41.0,25.0,6,117.5,8,9.3394,0.0,0.2106,0
19,79.93,0.639,10,3.39,1,46.0,49.94,1,0.74,3.4,35.0,73.0,5,211.27,24,13.162,0.6171,0.3082,0
7,33.33,-0.165,14,4.89,1,78.0,13.55,1,0.669,10.7,47.0,89.0,1,217.57,8,7.3529,0.3947,0.326,0
14,72.92,0.604,12,2.78,0,7.0,0.0,1,0.451,12.1,73.0,36.0,7,202.67,24,11.6527,0.0,0.2138,0
10,48.77,0.073,9,0.8,1,88.0,8.38,0,,,33.0,46.0,4,252.35,12,9.3696,0.1684,0.08,1
20,29.89,0.206,19,4.27,1,88.0,23.38,1,0.858,4.7,52.0,55.0,5,1397.21,4,10.444,0.7569,0.2135,0
14,10.98,-0.742,9,1.22,0,5.0,0.0,0,,,53.0,44.0,4,807.21,12,6.7247,0.0,0.122,1
21,62.39,-0.109,9,2.89,0,6.0,0.0,1,0.876,3.8,54.0,66.0,2,121.63,8,12.8257,0.0,0.289,0
20,35.59,0.073,21,5.87,1,11.0,47.99,0,,,40.0,69.0,4,173.32,8,10.9596,1.3116,0.2668,1
21,70.56,0.474,21,3.49,1,39.0,42.03,0,,,44.0,70.0,8,207.58,4,13.2004,0.5873,0.1586,1
39,58.06,0.784,22,9.62,0,6.0,0.0,0,,,62.0,93.0,14,535.0,8,15.0453,0.0,0.4183,1
19,101.83,-0.032,14,3.54,0,2.0,0.0,1,0.651,12.6,30.0,66.0,5,298.97,8,13.8795,0.0,0.236,0
16,43.46,-0.15,19,4.17,0,4.0,0.0,1,0.751,49.7,48.0,47.0,7,211.29,12,10.7509,0.0,0.2085,0
32,87.22,1.115,19,7.2,1,78.0,44.34,0,,,66.0,93.0,8,544.6,8,15.6638,0.5026,0.36,1
19,29.98,-0.673,13,1.96,0,19.0,0.0,0,,,14.0,56.0,3,696.24,4,10.2854,0.0,0.14,1
13,22.59,-0.323,15,1.07,0,9.0,0.0,1,0.809,1.3,57.0,67.0,3,687.31,12,8.3416,0.0,0.0669,0
10,43.51,0.546,18,3.35,0,2.0,0.0,0,,,38.0,19.0,7,119.49,12,9.1017,0.0,0.1763,1
7,46.13,-0.772,10,2.7,0,4.0,0.0,0,,,30.0,44.0,3,744.62,24,8.0119,0.0,0.2455,1
17,172.84,0.301,12,4.85,1,26.0,26.9,0,,,15.0,21.0,11,353.05,12,14.9089,0.1547,0.3731,1
6,43.62,0.485,12,2.8,0,1.0,0.0,0,,,70.0,44.0,4,215.06,52,7.3909,0.0,0.2154,1
15,35.67,-0.622,18,2.26,0,9.0,0.0,0,,,46.0,83.0,3,523.73,24,9.9868,0.0,0.1189,1
5,25.29,-0.462,11,0.96,0,2.0,0.0,0,,,25.0,38.0,2,169.27,12,5.8576,0.0,0.08,1
17,80.55,-0.278,15,2.57,1,63.0,12.05,0,,,19.0,52.0,2,321.65,12,12.7212,0.1478,0.1606,1
8,88.22,0.434,8,3.48,0,5.0,0.0,0,,,29.0,55.0,8,293.62,24,9.868,0.0,0.3867,1
15,42.78,0.326,21,1.9,1,68.0,72.71,0,,,43.0,61.0,4,197.53,12,10.4781,1.6608,0.0864,1
15,40.91,0.488,15,1.66,0,3.0,0.0,0,,,31.0,70.0,4,515.59,12,10.3571,0.0,0.1038,1
17,17.74,0.486,19,4.26,1,58.0,21.79,0,,,35.0,41.0,5,889.79,12,8.4707,1.1628,0.213,1
16,21.86,-1.237,14,5.52,0,8.0,0.0,1,0.703,6.9,20.0,61.0,4,227.84,24,8.8662,0.0,0.368,0
4,20.63,-1.143,4,1.19,0,10.0,0.0,0,,,40.0,48.0,2,702.51,4,4.9475,0.0,0.238,1
15,92.8,0.835,11,1.46,0,14.0,0.0,0,,,17.0,60.0,4,1006.67,12,12.5908,0.0,0.1217,1
14,47.83,-0.634,6,1.47,0,7.0,0.0,0,,,60.0,47.0,1,144.86,24,10.5298,0.0,0.21,1
24,74.28,0.185,15,3.94,1,57.0,24.42,1,0.805,5.3,58.0,62.0,10,460.03,8,13.9095,0.3244,0.2462,0
23,115.02,0.72,18,5.08,0,8.0,0.0,1,0.474,7.3,80.0,71.0,10,327.24,24,15.1077,0.0,0.2674,0
5,14.39,0.336,14,1.24,1,28.0,14.79,1,0.524,8.4,62.0,61.0,1,268.54,4,4.8982,0.961,0.0827,0
27,133.5,-0.887,18,2.56,0,6.0,0.0,0,,,18.0,69.0,6,192.2,52,16.333,0.0,0.1347,1
32,51.18,1.045,22,2.19,0,1.0,0.0,0,,,83.0,62.0,9,342.83,24,13.8276,0.0,0.0952,1
15,101.93,-0.333,15,5.12,0,6.0,0.0,0,,,40.0,33.0,5,345.2,8,12.8483,0.0,0.32,1
20,34.14,-0.668,13,3.86,0,0.0,0.0,0,,,65.0,39.0,10,182.26,8,10.8365,0.0,0.2757,1
36,41.08,2.23,21,5.11,1,94.0,16.18,0,,,66.0,44.0,11,841.75,4,13.5033,0.3845,0.2323,1
11,7.66,-0.562,13,2.96,0,11.0,0.0,0,,,27.0,71.0,4,409.32,8,5.3642,0.0,0.2114,1
14,34.58,-0.076,16,3.16,0,1.0,0.0,1,0.596,1.4,67.0,77.0,4,483.56,8,9.6726,0.0,0.1859,0
5,13.61,-0.971,7,2.32,1,84.0,10.68,0,,,19.0,28.0,2,74.25,12,4.805,0.731,0.29,1
12,39.68,1.382,14,2.03,0,3.0,0.0,0,,,47.0,90.0,4,234.44,8,9.505,0.0,0.1353,1
10,22.14,-0.233,12,0.71,1,17.0,7.5,0,,,25.0,46.0,3,136.07,24,7.5331,0.3241,0.0546,1
14,76.17,0.586,14,1.85,1,94.0,36.62,0,,,60.0,85.0,3,86.38,8,11.7692,0.4745,0.1233,1
9,128.84,-0.428,11,2.43,1,66.0,17.24,0,,,41.0,66.0,5,150.5,8,11.2051,0.1328,0.2025,1
5,68.33,-0.792,13,3.32,0,7.0,0.0,1,0.807,8.0,73.0,60.0,3,228.06,8,7.595,0.0,0.2371,0
16,16.01,-1.11,8,1.19,0,14.0,0.0,1,0.787,8.0,28.0,31.0,2,108.89,12,8.0288,0.0,0.1322,0
26,117.12,-0.45,22,3.31,0,2.0,0.0,1,0.521,13.9,88.0,77.0,6,421.95,8,15.7267,0.0,0.1439,0
15,42.44,0.409,4,2.22,0,6.0,0.0,1,0.837,22.7,71.0,55.0,5,227.47,24,10.4565,0.0,0.444,0
14,25.6,-0.192,16,3.64,1,78.0,13.62,0,,,71.0,46.0,4,124.6,24,8.8849,0.512,0.2141,1
23,96.72,1.139,23,5.08,1,64.0,11.7,1,0.793,8.4,37.0,79.0,9,154.25,4,14.5622,0.1197,0.2117,0
14,110.56,1.074,10,3.2,0,12.0,0.0,0,,,62.0,12.0,3,337.17,24,12.7673,0.0,0.2909,1
21,29.68,0.714,18,2.64,0,6.0,0.0,1,0.924,16.9,62.0,56.0,4,213.93,24,10.5825,0.0,0.1389,0
8,34.54,-0.669,14,1.1,0,7.0,0.0,0,,,40.0,33.0,6,35.28,8,7.8455,0.0,0.0733,1
18,73.84,-0.026,24,3.34,1,17.0,36.67,0,,,15.0,67.0,2,492.94,8,12.7063,0.49,0.1336,1
24,86.35,0.058,10,3.6,1,41.0,31.05,0,,,73.0,70.0,8,235.04,24,14.3881,0.3555,0.3273,1
16,39.13,0.134,14,1.66,1,81.0,23.02,1,0.747,7.5,46.0,73.0,1,672.36,4,10.4606,0.5736,0.1107,0
12,77.83,0.164,14,2.01,0,3.0,0.0,1,0.851,1.1,55.0,63.0,3,87.58,12,11.2019,0.0,0.134,0
39,187.84,0.501,25,9.69,1,32.0,42.75,0,,,34.0,87.0,17,202.51,8,19.333,0.2264,0.3727,1
13,39.31,0.18,12,4.57,1,59.0,35.73,0,,,29.0,53.0,3,60.7,8,9.7555,0.8864,0.3515,1
21,113.44,0.789,20,6.82,1,79.0,56.9,1,0.93,9.8,68.0,37.0,3,119.34,24,14.6517,0.4972,0.3248,0
15,74.27,0.445,9,2.83,0,12.0,0.0,1,0.843,9.9,54.0,28.0,4,342.83,12,11.9806,0.0,0.283,0
15,63.26,-0.161,13,5.1,1,36.0,20.22,0,,,19.0,71.0,7,117.02,4,11.5421,0.3147,0.3643,1
22,116.74,1.473,24,5.73,0,7.0,0.0,1,0.886,25.3,57.0,82.0,8,307.57,24,14.9515,0.0,0.2292,0
28,193.42,-0.087,15,2.35,0,3.0,0.0,1,0.88,4.9,72.0,77.0,9,529.99,12,17.7457,0.0,0.1469,0
11,14.43,-0.513,10,1.4,1,96.0,12.49,0,,,56.0,47.0,5,101.84,8,6.7995,0.8095,0.1273,1
20,62.97,-0.43,26,7.37,1,71.0,76.26,1,0.652,16.7,21.0,77.0,4,323.81,24,12.6604,1.1921,0.273,0
20,24.67,-0.575,12,9.68,1,70.0,31.76,1,0.81,36.5,54.0,85.0,5,205.27,12,9.8805,1.2372,0.7446,0
12,72.68,-0.168,18,4.11,1,93.0,16.34,1,0.751,0.1,72.0,94.0,3,351.35,4,11.0286,0.2218,0.2163,0
9,15.68,-0.135,10,2.57,0,13.0,0.0,0,,,15.0,77.0,3,197.54,8,6.48,0.0,0.2336,1
6,8.94,-0.231,8,1.85,1,94.0,7.29,1,0.619,8.8,30.0,14.0,2,182.24,4,4.4689,0.7334,0.2056,0
6,22.05,-1.545,11,4.69,0,2.0,0.0,1,0.405,0.7,69.0,8.0,4,402.28,4,6.1056,0.0,0.3908,0
20,48.4,0.388,8,3.11,1,64.0,14.48,1,0.942,0.8,29.0,74.0,10,743.97,8,11.8735,0.2931,0.3456,0
16,45.6,-0.502,17,1.97,0,8.0,0.0,0,,,39.0,63.0,5,489.23,12,10.8841,0.0,0.1094,1
11,27.79,0.26,10,1.2,0,7.0,0.0,0,,,52.0,39.0,0,383.32,12,8.3494,0.0,0.1091,1
17,64.25,0.281,13,4.23,0,2.0,0.0,1,0.844,0.1,34.0,69.0,9,222.92,12,12.0766,0.0,0.3021,0
6,20.16,-0.678,6,1.38,0,9.0,0.0,1,0.39,2.2,60.0,46.0,0,83.93,4,5.9391,0.0,0.1971,0
7,18.71,-0.435,15,1.86,1,36.0,16.9,1,0.681,0.7,66.0,48.0,5,256.79,4,6.1991,0.8574,0.1162,0
11,18.33,-0.132,4,0.93,0,2.0,0.0,0,,,32.0,10.0,3,303.98,8,7.3594,0.0,0.186,1
24,23.71,0.305,14,1.61,1,93.0,25.27,0,,,79.0,34.0,9,553.27,12,10.3236,1.0227,0.1073,1
11,54.11,-0.858,9,2.05,0,4.0,0.0,1,0.626,2.0,74.0,86.0,1,174.17,12,9.9628,0.0,0.205,0
6,39.29,0.216,13,0.75,1,52.0,22.06,1,0.641,3.0,56.0,86.0,5,200.69,52,7.1923,0.5475,0.0536,0
9,63.48,-0.191,7,1.67,0,17.0,0.0,1,0.773,7.5,64.0,83.0,1,114.55,8,9.5934,0.0,0.2088,0
12,49.58,0.496,15,4.35,0,5.0,0.0,1,0.748,17.0,26.0,59.0,6,345.06,4,10.0637,0.0,0.2719,0
15,28.26,0.355,18,5.28,0,16.0,0.0,1,0.904,18.8,51.0,27.0,5,1403.62,8,9.3609,0.0,0.2779,0
19,59.57,0.518,12,4.73,0,3.0,0.0,0,,,61.0,71.0,6,195.35,4,12.2939,0.0,0.3638,1
17,56.37,0.624,15,4.25,0,8.0,0.0,0,,,77.0,58.0,4,1065.37,52,11.7046,0.0,0.2656,1
12,56.48,-0.827,17,1.39,1,33.0,22.76,0,,,23.0,61.0,8,279.72,24,10.3917,0.396,0.0772,1
32,82.78,1.315,22,1.71,0,1.0,0.0,0,,,60.0,69.0,5,394.42,4,15.4832,0.0,0.0743,1
13,21.05,-0.009,11,1.35,0,15.0,0.0,1,0.412,26.0,43.0,69.0,4,361.87,8,8.1634,0.0,0.1125,0
23,42.45,0.601,19,6.54,0,1.0,0.0,1,0.673,7.1,52.0,84.0,5,213.52,8,11.9864,0.0,0.327,0
17,65.72,-0.229,13,1.83,1,59.0,27.44,1,0.984,13.8,42.0,83.0,7,229.44,4,12.141,0.4113,0.1307,0
12,11.65,0.837,10,4.31,1,59.0,12.34,0,,,31.0,73.0,4,72.51,8,6.509,0.9755,0.3918,1
12,120.56,0.879,13,2.25,1,20.0,25.14,0,,,81.0,54.0,5,141.39,8,12.3128,0.2068,0.1607,1
24,89.45,0.722,16,2.02,1,79.0,24.27,0,,,80.0,12.0,9,501.4,8,14.5004,0.2683,0.1188,1
12,45.09,-0.395,23,1.53,0,12.0,0.0,0,,,84.0,52.0,2,189.83,4,9.8253,0.0,0.0638,1
17,88.64,-0.502,14,4.61,0,5.0,0.0,0,,,55.0,45.0,8,288.09,12,12.9945,0.0,0.3073,1
12,33.88,-0.742,14,7.54,0,4.0,0.0,1,0.908,12.1,11.0,65.0,7,339.68,12,9.1105,0.0,0.5027,0
28,51.95,0.444,14,4.4,0,9.0,0.0,0,,,55.0,59.0,7,357.94,12,13.366,0.0,0.2933,1
21,90.56,0.332,8,6.12,0,6.0,0.0,1,0.819,10.6,57.0,40.0,9,94.44,12,13.9622,0.0,0.68,0
25,55.15,0.349,15,4.0,0,1.0,0.0,0,,,58.0,69.0,8,239.03,12,13.1237,0.0,0.25,1
8,30.69,-0.261,12,2.63,0,3.0,0.0,1,0.865,3.9,71.0,36.0,2,142.15,24,7.5936,0.0,0.2023,0
15,141.46,0.394,20,4.23,0,2.0,0.0,1,0.906,0.4,7.0,81.0,7,414.76,12,13.7494,0.0,0.2014,0
24,62.88,-0.211,18,6.11,1,22.0,45.04,0,,,71.0,80.0,9,448.9,12,13.3809,0.7051,0.3216,1
12,23.85,-0.621,13,5.96,1,31.0,15.88,0,,,69.0,78.0,2,276.56,8,8.2408,0.639,0.4257,1
17,61.09,1.221,15,1.64,0,4.0,0.0,0,,,62.0,77.0,6,136.27,8,11.9331,0.0,0.1025,1
14,15.99,-0.251,23,6.51,0,6.0,0.0,0,,,49.0,28.0,4,122.6,12,7.6709,0.0,0.2712,1
12,29.35,-0.467,11,1.77,0,4.0,0.0,0,,,47.0,61.0,4,403.99,4,8.7537,0.0,0.1475,1
7,35.94,-0.262,9,1.34,1,60.0,31.23,1,0.875,3.8,67.0,61.0,2,343.05,12,7.5053,0.8454,0.134,0
23,27.12,-0.402,12,3.27,1,74.0,32.34,1,0.547,8.9,74.0,68.0,9,410.71,4,10.6035,1.1501,0.2515,0
23,30.33,0.012,19,4.72,1,73.0,15.46,0,,,28.0,86.0,4,350.16,4,10.947,0.4935,0.236,1
19,35.29,0.346,13,4.17,1,71.0,59.73,1,0.897,3.8,57.0,46.0,6,792.87,12,10.7593,1.6459,0.2979,0
8,22.0,-0.125,15,1.34,0,0.0,0.0,0,,,5.0,56.0,0,154.93,12,6.8894,0.0,0.0838,1
18,63.76,-0.138,12,2.59,0,2.0,0.0,0,,,53.0,61.0,8,647.23,8,12.2803,0.0,0.1992,1
8,31.09,-0.113,10,1.21,0,2.0,0.0,1,0.956,8.9,59.0,69.0,2,400.35,12,7.6212,0.0,0.11,0
17,34.36,0.026,19,2.28,1,64.0,48.09,1,0.495,3.3,61.0,64.0,10,308.2,4,10.3059,1.36,0.114,0
16,71.77,1.179,9,5.57,1,83.0,31.95,1,0.419,39.4,84.0,76.0,7,132.07,8,12.1468,0.4391,0.557,0
20,60.19,-0.203,18,4.63,0,2.0,0.0,0,,,51.0,87.0,12,314.53,4,12.5251,0.0,0.2437,1
14,81.63,-0.226,9,2.25,1,49.0,45.84,1,0.888,22.6,48.0,59.0,2,558.16,4,11.9543,0.5548,0.225,0
17,33.57,-0.477,7,1.21,1,68.0,15.6,0,,,71.0,41.0,3,378.41,4,10.2405,0.4513,0.1512,1
19,49.07,-0.253,20,1.23,0,2.0,0.0,0,,,59.0,43.0,4,224.6,4,11.7236,0.0,0.0586,1
22,48.48,-0.948,9,1.62,0,4.0,0.0,1,0.476,0.7,45.0,49.0,5,331.21,12,12.2333,0.0,0.162,0
12,53.39,0.032,12,2.91,0,9.0,0.0,1,0.889,7.9,59.0,54.0,5,302.32,12,10.25,0.0,0.2238,0
17,31.46,1.091,19,2.71,0,1.0,0.0,0,,,70.0,64.0,7,1248.93,24,10.0585,0.0,0.1355,1
9,18.19,0.462,8,1.68,0,7.0,0.0,0,,,63.0,59.0,4,800.93,8,6.8027,0.0,0.1867,1
8,154.73,0.177,16,2.08,1,36.0,13.86,1,0.672,7.5,29.0,45.0,3,478.93,4,11.0919,0.089,0.1224,0
32,56.81,0.936,23,2.32,0,5.0,0.0,1,0.911,3.9,52.0,49.0,8,745.92,4,14.1859,0.0,0.0967,0
23,51.05,-0.301,17,2.03,1,81.0,36.01,1,0.716,2.6,44.0,80.0,9,210.58,4,12.5603,0.6918,0.1128,0
12,6.15,-0.999,9,4.3,0,9.0,0.0,1,0.955,1.0,24.0,66.0,4,237.83,4,5.0455,0.0,0.43,0
20,30.03,1.368,17,5.14,1,60.0,42.45,1,0.592,2.3,50.0,44.0,7,261.15,12,10.4578,1.368,0.2856,0
19,98.87,0.554,20,3.01,1,23.0,23.68,0,,,77.0,89.0,13,745.41,4,13.792,0.2371,0.1433,1
27,223.51,1.142,22,2.26,0,1.0,0.0,0,,,67.0,32.0,12,1037.98,4,18.0403,0.0,0.0983,1
13,46.15,1.124,15,3.32,1,58.0,41.98,1,0.772,1.6,47.0,12.0,2,181.29,4,10.1692,0.8903,0.2075,0
17,52.96,-0.241,6,3.58,1,92.0,31.79,1,0.806,13.4,45.0,77.0,7,373.13,4,11.5275,0.5891,0.5114,0
8,12.36,-1.438,7,4.59,0,1.0,0.0,1,0.901,1.1,68.0,68.0,0,189.59,4,5.6958,0.0,0.5738,0
23,130.62,0.321,9,4.06,0,2.0,0.0,1,0.81,0.0,23.0,70.0,8,91.63,12,15.5086,0.0,0.406,0
15,118.25,-0.062,10,4.3,0,2.0,0.0,0,,,50.0,44.0,2,280.73,8,13.2564,0.0,0.3909,1
15,75.31,0.185,12,1.89,0,4.0,0.0,0,,,19.0,16.0,2,391.2,8,12.0186,0.0,0.1454,1
15,51.63,0.003,17,2.22,1,61.0,18.3,1,0.851,5.6,25.0,75.0,6,157.67,8,10.9886,0.3477,0.1233,0
11,24.7,-0.24,12,1.55,0,7.0,0.0,0,,,48.0,82.0,1,152.37,8,8.0672,0.0,0.1192,1
27,55.37,-0.239,24,2.76,1,84.0,27.58,1,0.668,28.0,18.0,79.0,5,836.21,12,13.4352,0.4893,0.1104,0
38,191.32,0.638,23,2.78,0,5.0,0.0,1,0.76,6.0,17.0,85.0,6,525.43,8,19.2673,0.0,0.1158,0
22,37.07,-0.909,14,5.34,1,57.0,16.75,1,0.826,1.8,73.0,71.0,9,193.69,8,11.4114,0.44,0.356,0
7,10.21,-0.857,11,2.22,0,5.0,0.0,1,0.406,10.9,23.0,42.0,1,332.69,8,5.0256,0.0,0.185,0
15,71.62,-0.001,13,5.28,1,16.0,21.96,1,0.701,5.9,49.0,45.0,7,234.81,4,11.8812,0.3024,0.3771,0
16,17.7,-0.89,17,2.47,1,35.0,10.38,0,,,19.0,12.0,5,501.69,8,8.2971,0.5551,0.1372,1
13,40.25,-0.438,13,1.45,1,56.0,9.02,0,,,45.0,51.0,7,326.44,52,9.8164,0.2187,0.1036,1
32,76.61,0.406,16,8.86,0,11.0,0.0,0,,,51.0,47.0,17,554.64,12,15.2157,0.0,0.5212,1
13,157.98,-0.453,17,2.24,0,6.0,0.0,0,,,50.0,24.0,7,180.14,4,13.3768,0.0,0.1244,1
32,138.37,-0.191,19,3.38,1,52.0,40.48,1,0.543,8.9,44.0,64.0,9,471.55,24,17.2627,0.2904,0.169,0
17,19.43,0.077,17,2.55,1,36.0,26.09,1,0.819,0.9,13.0,7.0,3,191.53,8,8.7203,1.277,0.1417,0
23,55.81,1.096,17,5.83,1,65.0,56.97,0,,,43.0,65.0,14,482.88,12,12.8384,1.0028,0.3239,1
8,81.79,-0.047,10,2.14,1,57.0,21.95,0,,,17.0,70.0,4,370.14,4,9.7036,0.2651,0.1945,1
21,38.93,0.033,15,3.94,0,5.0,0.0,0,,,48.0,43.0,10,849.71,4,11.3971,0.0,0.2462,1
24,303.81,0.496,26,7.6,1,46.0,12.86,1,0.567,6.0,36.0,73.0,4,247.6,12,18.411,0.0422,0.2815,0
33,32.28,0.406,24,9.78,1,40.0,30.8,0,,,48.0,79.0,11,372.45,8,12.3597,0.9255,0.3912,1
9,47.54,1.169,9,1.91,1,37.0,7.16,0,,,72.0,68.0,5,197.95,8,8.9395,0.1475,0.191,1
13,37.14,0.73,9,3.94,0,14.0,0.0,1,0.456,5.0,79.0,71.0,3,241.34,4,9.6095,0.0,0.394,0
14,48.83,-0.454,26,2.74,0,8.0,0.0,0,,,57.0,47.0,4,165.2,4,10.5847,0.0,0.1015,1
20,56.04,1.205,12,2.99,0,3.0,0.0,1,0.794,3.8,51.0,73.0,5,150.89,8,12.3113,0.0,0.23,0
24,41.4,0.313,13,2.08,1,91.0,27.17,0,,,48.0,75.0,3,391.52,4,12.0616,0.6408,0.1486,1
16,34.98,-0.129,15,6.04,0,2.0,0.0,0,,,40.0,47.0,7,124.86,12,10.1513,0.0,0.3775,1
17,81.25,-0.374,20,2.79,0,3.0,0.0,1,0.519,0.5,7.0,72.0,8,356.6,24,12.7459,0.0,0.1329,0
19,97.2,-0.577,13,1.41,1,52.0,29.5,1,0.87,1.2,54.0,61.0,5,443.73,4,13.7414,0.3004,0.1007,0
28,178.73,0.952,19,3.43,1,14.0,18.09,0,,,55.0,40.0,8,460.19,8,17.4812,0.1007,0.1715,1
6,57.09,-0.446,9,1.8,0,3.0,0.0,1,0.874,9.2,28.0,59.0,0,153.93,24,7.9043,0.0,0.18,0
22,39.0,-0.647,14,2.41,0,1.0,0.0,0,,,48.0,47.0,2,376.55,4,11.5665,0.0,0.1607,1
19,77.78,-0.589,12,2.59,1,83.0,18.39,0,,,30.0,69.0,10,890.61,8,13.0813,0.2334,0.1992,1
31,31.51,1.306,17,3.25,1,52.0,28.06,1,0.78,1.1,57.0,75.0,13,154.56,8,12.0661,0.8631,0.1806,0
18,23.35,0.801,12,2.29,1,87.0,21.94,1,0.807,30.9,40.0,90.0,2,152.71,12,9.4002,0.901,0.1762,0
6,21.69,-0.873,16,5.13,0,3.0,0.0,0,,,59.0,26.0,6,485.79,4,6.075,0.0,0.3018,1
7,12.23,-1.624,5,0.91,1,84.0,22.33,1,0.693,21.7,22.0,70.0,1,218.01,12,5.3701,1.6878,0.1517,0
12,29.42,-0.139,9,3.68,0,2.0,0.0,0,,,42.0,81.0,5,233.32,52,8.7596,0.0,0.368,1
15,43.03,-0.29,15,5.52,1,52.0,35.36,0,,,20.0,78.0,5,207.57,8,10.4939,0.8031,0.345,1
13,69.88,-1.021,17,5.65,0,2.0,0.0,0,,,56.0,75.0,5,617.56,8,11.245,0.0,0.3139,1
15,33.41,-0.256,12,1.66,0,2.0,0.0,0,,,14.0,75.0,3,455.22,4,9.8104,0.0,0.1277,1
24,127.61,-0.109,17,2.17,1,41.0,32.12,0,,,36.0,63.0,3,262.63,8,15.6334,0.2497,0.1206,1
12,25.08,-1.348,11,1.85,1,90.0,9.94,1,0.646,23.8,30.0,71.0,8,328.53,52,8.3647,0.3811,0.1542,0
23,45.18,1.341,15,2.13,0,11.0,0.0,1,0.469,10.1,39.0,78.0,10,588.49,8,12.18,0.0,0.1331,0
20,18.04,-0.767,16,1.77,0,5.0,0.0,1,0.62,14.6,42.0,8.0,2,109.96,52,8.9708,0.0,0.1041,0
22,104.69,0.648,14,1.48,0,14.0,0.0,1,0.8,6.6,56.0,22.0,3,115.88,12,14.613,0.0,0.0987,0
30,86.09,1.237,14,5.76,1,43.0,34.72,0,,,60.0,68.0,11,505.95,4,15.3394,0.3987,0.384,1
16,50.73,0.366,7,3.86,0,2.0,0.0,0,,,67.0,60.0,2,244.45,8,11.18,0.0,0.4825,1
12,50.24,-0.994,10,3.03,0,1.0,0.0,0,,,66.0,56.0,5,275.27,4,10.097,0.0,0.2755,1
33,80.93,0.687,22,2.59,1,52.0,20.36,1,0.769,0.4,59.0,43.0,11,125.63,8,15.5367,0.2485,0.1126,0
32,48.29,1.326,21,3.72,1,88.0,31.01,1,0.647,3.4,40.0,83.0,10,774.26,4,13.6284,0.6291,0.1691,0
23,59.53,-0.08,17,1.77,1,49.0,16.19,1,0.777,8.4,52.0,91.0,7,361.44,8,13.04,0.2675,0.0983,0
26,53.83,0.631,19,10.19,1,59.0,15.5,0,,,62.0,46.0,7,286.72,12,13.1973,0.2827,0.5095,1
19,61.74,0.317,16,3.73,0,1.0,0.0,0,,,35.0,61.0,7,238.98,4,12.3993,0.0,0.2194,1
17,46.82,-0.93,12,6.05,1,55.0,22.06,0,,,40.0,47.0,1,135.0,8,11.1784,0.4613,0.4654,1
27,143.52,-0.171,22,3.03,1,59.0,40.21,0,,,51.0,84.0,8,532.69,12,16.5724,0.2782,0.1317,1
19,33.35,1.003,19,4.11,0,6.0,0.0,1,0.726,1.1,69.0,51.0,11,255.05,4,10.5947,0.0,0.2055,0
26,38.63,0.094,10,1.06,1,65.0,21.41,0,,,79.0,71.0,4,767.37,12,12.1273,0.5402,0.0964,1
24,13.55,0.111,12,3.81,1,33.0,33.83,0,,,58.0,75.0,9,297.97,12,8.6188,2.3251,0.2931,1
9,22.23,0.515,8,1.21,0,10.0,0.0,0,,,47.0,51.0,2,259.2,4,7.2427,0.0,0.1344,1
7,13.26,-0.042,11,4.08,1,51.0,15.8,1,0.834,19.9,37.0,74.0,3,235.56,24,5.526,1.108,0.34,0
29,91.14,-0.269,14,5.83,1,90.0,15.63,0,,,82.0,75.0,4,338.56,8,15.3847,0.1696,0.3887,1
22,60.42,0.203,27,4.6,1,93.0,34.5,1,0.693,16.1,60.0,19.0,8,589.18,24,12.9111,0.5617,0.1643,0
31,195.31,1.273,15,4.92,0,6.0,0.0,0,,,67.0,74.0,14,321.87,8,18.298,0.0,0.3075,1
29,86.36,0.453,21,1.72,0,4.0,0.0,1,0.792,2.3,65.0,75.0,11,339.43,12,15.2035,0.0,0.0782,0
12,42.49,-0.72,8,2.59,1,78.0,18.11,0,,,68.0,57.0,3,132.03,8,9.6764,0.4164,0.2878,1
16,72.06,0.933,13,3.01,1,38.0,26.35,0,,,26.0,57.0,5,437.15,8,12.1581,0.3607,0.215,1
23,239.67,0.779,22,3.15,1,19.0,22.91,1,0.873,3.8,79.0,67.0,11,824.08,4,17.4266,0.0952,0.137,0
8,35.83,-1.301,9,1.17,0,5.0,0.0,1,0.87,8.8,49.0,83.0,2,101.54,24,7.9239,0.0,0.117,0
10,20.31,-0.995,5,4.41,1,94.0,13.82,1,0.839,7.0,36.0,66.0,1,118.3,8,7.3356,0.6485,0.735,0
12,95.28,0.396,15,3.22,0,2.0,0.0,0,,,76.0,91.0,4,169.37,4,11.7148,0.0,0.2013,1
12,56.72,0.418,20,1.72,1,52.0,16.72,0,,,28.0,68.0,3,306.15,4,10.4024,0.2897,0.0819,1
23,79.94,1.768,9,2.29,0,0.0,0.0,1,0.962,19.8,56.0,89.0,8,226.96,24,13.9634,0.0,0.229,0
31,60.01,1.589,17,4.19,1,56.0,37.62,0,,,78.0,81.0,8,134.76,8,14.2478,0.6166,0.2328,1
24,55.69,1.095,26,2.64,1,67.0,52.85,1,0.849,0.4,47.0,52.0,6,759.83,8,12.9965,0.9323,0.0978,0
10,50.7,0.266,14,3.09,1,85.0,10.61,0,,,57.0,68.0,4,100.94,8,9.4608,0.2052,0.206,1
29,49.53,-0.271,21,7.62,0,3.0,0.0,1,0.678,0.6,32.0,98.0,5,719.95,4,13.3414,0.0,0.3464,0
13,27.54,0.285,8,1.07,0,15.0,0.0,0,,,73.0,60.0,3,88.3,8,8.8443,0.0,0.1189,1
22,21.26,0.492,15,3.68,0,8.0,0.0,0,,,35.0,21.0,6,758.02,12,9.7288,0.0,0.23,1
25,35.88,-1.215,12,3.74,1,70.0,15.58,0,,,57.0,96.0,5,1058.98,12,11.7541,0.4225,0.2877,1
33,143.06,0.33,19,3.44,1,65.0,19.93,1,0.798,2.9,64.0,54.0,8,169.0,24,17.5268,0.1383,0.172,0
18,42.55,0.238,16,8.6,1,99.0,36.09,0,,,41.0,40.0,8,859.5,24,11.112,0.8287,0.5059,1
7,49.22,-0.445,14,5.85,0,10.0,0.0,1,0.843,1.1,41.0,85.0,4,620.93,12,8.144,0.0,0.39,0
29,170.4,-0.323,18,3.91,1,63.0,39.61,1,0.721,1.0,64.0,88.0,13,1534.65,52,17.4958,0.2311,0.2058,0
20,52.85,0.237,8,2.54,0,10.0,0.0,0,,,23.0,51.0,8,299.72,12,12.1361,0.0,0.2822,1
16,70.62,-0.465,18,2.78,1,60.0,3.81,0,,,33.0,83.0,4,611.49,12,12.1017,0.0532,0.1463,1
17,100.47,0.28,20,6.9,1,36.0,19.75,1,0.814,14.5,67.0,38.0,7,594.5,4,13.3528,0.1946,0.3286,0
3,25.6,-2.188,6,0.87,1,50.0,6.06,1,0.777,9.1,68.0,78.0,1,165.2,52,4.5483,0.2278,0.1243,0
17,104.59,-0.236,15,4.67,0,7.0,0.0,1,0.685,18.3,15.0,63.0,4,184.59,8,13.4679,0.0,0.2919,0
7,17.89,0.532,15,1.61,1,47.0,20.68,0,,,62.0,61.0,4,165.01,12,6.1107,1.0948,0.1006,1
24,29.18,-0.233,14,1.9,1,27.0,20.66,1,0.749,2.4,68.0,73.0,1,218.5,4,10.9673,0.6846,0.1267,0
20,9.25,0.608,10,2.25,0,1.0,0.0,0,,,59.0,60.0,5,119.58,52,7.0854,0.0,0.2045,1
13,19.13,-0.339,14,2.43,0,2.0,0.0,1,0.593,26.0,29.0,85.0,3,318.09,24,7.923,0.0,0.162,0
30,86.4,0.919,17,6.69,0,18.0,0.0,0,,,75.0,52.0,7,300.98,12,15.3516,0.0,0.3717,1
15,47.8,-0.921,14,1.45,1,76.0,22.36,0,,,70.0,25.0,5,397.52,8,10.7791,0.4582,0.0967,1
17,13.98,0.415,15,3.38,0,3.0,0.0,1,0.846,11.7,32.0,41.0,4,1132.02,8,7.8234,0.0,0.2112,0
8,35.66,-0.686,14,3.97,1,32.0,12.86,0,,,13.0,42.0,2,369.83,4,7.9137,0.3508,0.2647,1
20,46.37,0.351,12,4.54,0,1.0,0.0,0,,,80.0,90.0,7,373.72,12,11.7457,0.0,0.3492,1
24,81.29,0.812,19,3.73,1,88.0,56.5,0,,,77.0,54.0,7,1450.58,12,14.196,0.6866,0.1865,1
18,56.75,-0.073,14,3.34,0,2.0,0.0,1,0.36,16.3,43.0,38.0,8,368.9,8,11.943,0.0,0.2227,0
10,13.47,-0.919,11,1.94,0,4.0,0.0,1,0.887,6.2,58.0,49.0,5,467.07,4,6.4074,0.0,0.1617,0
10,59.67,-0.831,13,3.44,0,4.0,0.0,1,0.717,43.1,82.0,88.0,1,439.05,4,9.8444,0.0,0.2457,0
13,32.43,-0.443,15,2.35,0,3.0,0.0,1,0.831,18.8,10.0,67.0,6,87.28,4,9.2616,0.0,0.1469,0
21,22.98,0.339,16,2.32,0,3.0,0.0,0,,,37.0,48.0,5,163.04,12,9.8209,0.0,0.1365,1
28,122.9,1.21,20,8.27,0,2.0,0.0,0,,,61.0,48.0,11,1029.65,24,16.2286,0.0,0.3938,1
6,50.43,0.227,17,1.55,1,84.0,79.8,0,,,53.0,33.0,3,593.21,8,7.6673,1.5516,0.0861,1
24,53.06,0.134,22,4.67,1,75.0,58.43,1,0.974,11.1,62.0,70.0,10,140.87,24,12.8436,1.0808,0.203,0
20,30.02,0.639,25,2.66,0,3.0,0.0,1,0.499,9.6,41.0,84.0,10,483.63,4,10.4568,0.0,0.1023,0
25,46.6,-0.145,18,5.61,0,4.0,0.0,1,0.867,1.4,58.0,55.0,9,463.75,12,12.5855,0.0,0.2953,0
11,108.79,0.039,5,5.09,0,7.0,0.0,1,0.856,17.1,12.0,70.0,1,283.04,8,11.6755,0.0,0.8483,0
21,57.68,0.162,18,1.6,1,46.0,31.03,1,0.88,10.8,64.0,31.0,6,441.52,4,12.587,0.5288,0.0842,0
16,39.71,-0.176,16,7.6,1,59.0,29.42,1,0.696,7.5,19.0,35.0,7,445.26,4,10.5012,0.7227,0.4471,0
20,25.16,-0.998,16,3.43,0,6.0,0.0,0,,,53.0,48.0,5,469.39,24,9.938,0.0,0.2018,1
5,26.67,-0.617,12,2.42,1,32.0,10.58,1,0.878,16.1,14.0,40.0,2,115.22,52,5.9493,0.3824,0.1862,0
18,73.07,-0.429,14,7.1,1,79.0,28.89,1,0.766,3.4,58.0,56.0,7,203.44,8,12.6758,0.39,0.4733,0
7,119.69,-0.349,13,1.82,0,6.0,0.0,1,0.879,5.3,11.0,70.0,6,56.48,12,9.9672,0.0,0.13,0
16,138.71,-0.448,14,2.0,0,2.0,0.0,0,,,71.0,57.0,7,93.4,12,13.9949,0.0,0.1333,1
14,47.71,-0.087,7,3.35,0,1.0,0.0,1,0.707,12.2,51.0,84.0,5,232.85,4,10.5232,0.0,0.4188,0
12,73.11,0.094,16,1.35,1,92.0,31.3,1,0.743,1.8,41.0,83.0,1,615.68,12,11.0435,0.4223,0.0794,0
12,28.89,-0.298,10,2.62,0,3.0,0.0,0,,,88.0,75.0,2,198.89,4,8.7145,0.0,0.2382,1
35,72.75,0.872,17,8.88,1,66.0,45.7,0,,,13.0,63.0,5,128.15,8,15.4116,0.6197,0.4933,1
7,42.74,-1.363,6,2.86,1,49.0,4.88,1,0.955,3.8,52.0,36.0,4,261.27,4,7.8567,0.1116,0.4086,0
21,67.56,-0.328,7,3.2,1,28.0,26.86,0,,,49.0,14.0,5,569.31,8,13.068,0.3918,0.4,1
2,35.91,0.222,13,2.74,0,2.0,0.0,0,,,22.0,27.0,5,155.09,52,3.9643,0.0,0.1957,1
11,31.05,-0.099,9,2.75,1,52.0,12.82,1,0.83,10.0,40.0,24.0,4,733.67,12,8.6159,0.4,0.275,0
18,12.63,0.033,10,3.72,0,2.0,0.0,0,,,37.0,83.0,9,926.52,4,7.6917,0.0,0.3382,1
17,36.23,0.944,18,1.98,1,43.0,63.22,0,,,37.0,16.0,7,868.42,8,10.4548,1.6981,0.1042,1
18,51.8,-1.011,6,0.72,1,36.0,33.25,1,0.927,5.6,75.0,23.0,5,154.98,4,11.6792,0.6297,0.1029,0
11,22.7,0.253,13,1.63,1,67.0,9.27,1,0.824,7.7,12.0,39.0,3,194.49,8,7.8659,0.3911,0.1164,0
11,23.31,-0.622,9,1.73,0,3.0,0.0,0,,,53.0,60.0,3,370.51,24,7.9291,0.0,0.173,1
9,24.32,-0.293,10,1.54,0,11.0,0.0,1,0.704,26.2,43.0,28.0,2,114.08,8,7.441,0.0,0.14,0
21,54.46,0.065,15,3.23,1,16.0,28.73,0,,,65.0,83.0,2,227.07,24,12.4126,0.518,0.2019,1
15,31.9,-0.662,17,2.42,0,7.0,0.0,0,,,28.0,70.0,1,220.42,4,9.686,0.0,0.1344,1
17,25.27,0.84,10,2.89,0,4.0,0.0,0,,,44.0,40.0,3,565.21,4,9.447,0.0,0.2627,1
38,191.11,0.915,22,10.79,1,67.0,32.19,0,,,65.0,57.0,14,659.53,12,19.2633,0.1676,0.4691,1
30,88.29,0.357,16,2.02,0,6.0,0.0,0,,,62.0,82.0,8,268.66,8,15.4251,0.0,0.1188,1
12,31.8,0.541,19,2.17,1,42.0,31.43,0,,,30.0,68.0,7,289.54,8,8.9528,0.9582,0.1085,1
17,19.99,-0.678,13,1.67,0,1.0,0.0,0,,,41.0,79.0,8,77.6,8,8.7984,0.0,0.1193,1
20,37.77,0.474,13,2.29,1,77.0,10.78,1,0.802,4.0,49.0,69.0,4,232.71,12,11.1358,0.2781,0.1636,0
26,89.26,-0.14,21,2.03,0,9.0,0.0,0,,,37.0,38.0,7,641.07,52,14.8401,0.0,0.0923,1
13,44.79,0.13,10,3.63,0,15.0,0.0,1,0.99,5.2,79.0,32.0,0,377.46,4,10.0919,0.0,0.33,0
16,22.57,0.192,8,2.54,0,2.0,0.0,0,,,51.0,57.0,4,555.2,12,8.9529,0.0,0.2822,1
28,28.38,0.375,13,3.05,1,76.0,32.85,0,,,37.0,70.0,8,294.54,8,11.3825,1.1181,0.2179,1
18,30.08,0.102,16,3.54,0,16.0,0.0,1,0.899,27.8,26.0,60.0,7,145.97,12,10.1188,0.0,0.2082,0
14,9.0,0.35,4,1.73,0,3.0,0.0,0,,,49.0,44.0,4,117.99,12,6.2355,0.0,0.346,1
9,22.45,-0.964,15,3.75,1,62.0,11.18,1,0.657,4.2,83.0,32.0,8,360.66,12,7.2644,0.4768,0.2344,0
25,137.13,0.789,19,8.22,1,65.0,34.02,1,0.83,6.5,54.0,57.0,8,654.36,24,16.0565,0.2463,0.411,0
9,59.55,-0.068,11,0.65,1,69.0,45.05,1,0.522,1.8,62.0,48.0,3,172.17,12,9.4486,0.744,0.0542,0
17,33.0,0.303,12,2.42,0,2.0,0.0,1,0.451,7.9,63.0,17.0,5,697.36,8,10.1925,0.0,0.1862,0
10,48.01,-0.024,20,2.47,1,77.0,29.36,0,,,36.0,97.0,10,987.41,24,9.3327,0.5991,0.1176,1
30,183.23,0.674,17,3.76,0,0.0,0.0,0,,,46.0,87.0,13,452.0,24,17.9123,0.0,0.2089,1
11,100.68,0.08,15,1.12,1,57.0,12.25,1,0.882,2.9,42.0,77.0,5,153.09,4,11.4848,0.1205,0.07,0
6,26.84,0.596,8,3.96,1,47.0,7.87,1,0.907,35.1,54.0,48.0,1,124.83,8,6.473,0.2827,0.44,0
17,32.62,-0.036,8,3.69,1,78.0,12.31,1,0.594,8.2,53.0,13.0,3,177.93,8,10.16,0.3662,0.41,0
17,173.74,1.057,14,2.22,1,59.0,16.52,0,,,67.0,65.0,4,550.46,8,14.9239,0.0945,0.148,1
15,58.45,0.186,16,7.16,0,24.0,0.0,0,,,58.0,65.0,7,179.44,12,11.3264,0.0,0.4212,1
2,44.5,-0.564,8,5.25,0,3.0,0.0,0,,,12.0,77.0,5,724.98,12,4.1942,0.0,0.5833,1
10,51.25,-0.106,11,1.51,0,3.0,0.0,1,0.897,11.6,8.0,65.0,5,385.06,24,9.4862,0.0,0.1258,0
8,59.69,-1.071,9,0.86,0,13.0,0.0,0,,,28.0,79.0,3,164.88,24,9.0213,0.0,0.086,1
7,85.61,0.23,14,2.16,1,76.0,25.39,0,,,22.0,26.0,3,78.76,8,9.2773,0.2932,0.144,1
14,95.35,-0.059,20,6.31,0,1.0,0.0,0,,,42.0,61.0,9,413.88,24,12.3703,0.0,0.3005,1
12,15.49,-1.274,10,0.88,0,7.0,0.0,0,,,45.0,85.0,4,123.23,4,7.1889,0.0,0.08,1
28,20.3,1.161,14,2.52,0,4.0,0.0,0,,,56.0,54.0,5,206.08,4,10.2996,0.0,0.168,1
30,57.74,0.231,14,1.73,0,1.0,0.0,1,0.742,1.9,41.0,62.0,6,356.28,12,13.987,0.0,0.1153,0
25,35.79,0.172,22,2.12,1,76.0,47.13,0,,,64.0,72.0,5,138.12,12,11.7462,1.2811,0.0922,1
24,34.87,0.197,13,6.28,1,66.0,10.57,1,0.96,0.5,73.0,86.0,3,266.29,12,11.5233,0.2947,0.4486,0
16,26.06,0.565,13,5.25,1,43.0,22.79,0,,,51.0,59.0,5,330.99,12,9.3441,0.8422,0.375,1
17,64.32,-1.485,12,4.84,0,7.0,0.0,1,0.681,13.4,68.0,49.0,7,197.98,4,12.0797,0.0,0.3723,0
15,132.48,0.097,12,2.62,0,11.0,0.0,1,0.937,13.3,68.0,37.0,5,447.32,12,13.5689,0.0,0.2015,0
12,26.27,-0.389,8,2.11,0,1.0,0.0,0,,,64.0,93.0,5,1292.72,12,8.4792,0.0,0.2344,1
5,43.86,-0.136,9,0.94,0,3.0,0.0,0,,,35.0,37.0,2,452.89,4,6.815,0.0,0.094,1
10,35.29,-0.244,8,1.99,0,7.0,0.0,1,0.531,6.2,39.0,62.0,8,201.56,8,8.6121,0.0,0.2211,0
17,35.95,0.496,17,1.56,0,24.0,0.0,1,0.87,31.9,37.0,50.0,6,304.14,8,10.433,0.0,0.0867,0
27,71.12,1.109,18,6.1,0,17.0,0.0,0,,,78.0,78.0,13,466.89,12,14.2563,0.0,0.3211,1
16,40.22,0.143,10,5.39,1,75.0,10.62,0,,,69.0,42.0,7,68.32,12,10.5365,0.2576,0.49,1
21,42.02,0.736,12,4.23,1,91.0,26.71,0,,,87.0,23.0,4,359.66,24,11.6275,0.6209,0.3254,1
16,64.65,0.354,13,4.2,1,76.0,25.2,0,,,34.0,23.0,4,279.67,12,11.8551,0.3839,0.3,1
12,18.63,-0.908,3,1.28,1,63.0,15.85,1,0.708,1.3,60.0,48.0,1,127.72,4,7.636,0.8074,0.32,0
14,61.78,1.641,14,2.3,0,6.0,0.0,0,,,20.0,51.0,5,90.84,8,11.2103,0.0,0.1533,1
21,29.76,-0.564,13,1.97,0,4.0,0.0,1,0.364,1.3,44.0,54.0,3,1319.77,8,10.5906,0.0,0.1407,0
11,19.22,-0.173,11,1.27,1,43.0,12.78,0,,,48.0,50.0,2,165.16,4,7.4713,0.632,0.1058,1
14,31.54,-1.195,12,2.05,0,10.0,0.0,0,,,61.0,43.0,4,272.62,8,9.4307,0.0,0.1577,1
19,42.11,-0.122,8,3.16,1,66.0,5.63,1,0.598,25.2,59.0,77.0,5,774.66,52,11.2752,0.1306,0.3511,0
18,95.39,0.164,10,2.39,1,69.0,21.84,0,,,68.0,55.0,4,122.59,8,13.4514,0.2266,0.2173,1
25,82.83,-0.662,16,3.23,1,66.0,16.26,0,,,79.0,38.0,13,640.3,8,14.4294,0.194,0.19,1
23,55.28,0.665,20,3.76,1,82.0,66.12,0,,,46.0,71.0,7,225.35,4,12.8086,1.1748,0.179,1
23,58.58,0.089,12,3.73,1,41.0,27.08,1,0.77,12.3,29.0,31.0,9,254.98,12,12.9897,0.4545,0.2869,0
6,6.18,0.027,10,2.09,0,1.0,0.0,0,,,59.0,77.0,1,31.84,12,3.836,0.0,0.19,1
8,31.62,0.019,20,4.08,0,5.0,0.0,1,0.857,0.7,17.0,76.0,2,450.83,24,7.6572,0.0,0.1943,0
13,118.31,0.121,9,2.47,0,4.0,0.0,1,0.903,3.2,12.0,66.0,1,278.06,4,12.6192,0.0,0.247,0
10,50.0,0.266,12,1.99,0,2.0,0.0,1,0.968,9.5,71.0,44.0,0,482.9,12,9.4281,0.0,0.1531,0
19,44.42,-0.426,12,1.4,1,35.0,25.58,0,,,55.0,83.0,5,235.63,8,11.4316,0.5632,0.1077,1
8,52.51,-0.823,13,1.23,1,71.0,18.45,0,,,34.0,67.0,1,217.89,24,8.7447,0.3448,0.0879,1
18,22.33,-0.169,16,2.88,1,70.0,29.19,0,,,75.0,54.0,2,286.67,8,9.2742,1.2512,0.1694,1
14,16.86,0.057,17,1.44,1,84.0,18.76,1,0.639,15.0,61.0,85.0,7,39.55,12,7.8061,1.0504,0.08,0
2,11.81,0.464,9,0.63,1,55.0,12.04,0,,,24.0,91.0,3,266.73,12,2.8017,0.9399,0.063,1
13,35.59,-0.265,13,3.85,0,3.0,0.0,0,,,46.0,67.0,6,1746.94,12,9.5,0.0,0.275,1
14,15.93,-0.039,8,1.54,0,4.0,0.0,0,,,30.0,26.0,2,159.53,24,7.6613,0.0,0.1711,1
28,24.86,0.483,16,4.54,1,89.0,41.51,1,0.903,17.7,56.0,61.0,5,217.34,24,10.9528,1.6052,0.2671,0
16,39.15,-0.227,18,2.57,1,24.0,41.96,1,0.956,4.9,38.0,81.0,3,568.0,52,10.462,1.0451,0.1353,0
11,24.94,-0.261,15,3.47,1,57.0,43.32,1,0.616,5.4,8.0,66.0,5,139.94,12,8.0903,1.67,0.2169,0
18,58.61,-0.58,6,1.21,1,50.0,8.68,0,,,33.0,57.0,5,223.96,24,12.0363,0.1456,0.1729,1
19,11.68,0.343,11,5.44,0,5.0,0.0,0,,,41.0,64.0,4,26.98,12,7.6092,0.0,0.4533,1
15,46.63,-0.5,9,3.34,0,1.0,0.0,1,0.928,18.2,50.0,68.0,4,261.31,12,10.7118,0.0,0.334,0
13,31.36,0.086,13,4.04,0,16.0,0.0,0,,,53.0,40.0,4,295.4,12,9.1758,0.0,0.2886,1
24,30.9,-0.262,17,2.75,1,48.0,45.83,1,0.569,2.7,29.0,77.0,9,447.3,4,11.1457,1.4367,0.1528,0
16,23.3,1.455,15,5.46,0,4.0,0.0,0,,,63.0,97.0,6,1731.34,8,9.0393,0.0,0.3412,1
17,33.16,-0.469,22,3.51,0,3.0,0.0,0,,,50.0,83.0,8,383.75,12,10.2061,0.0,0.1526,1
29,126.47,0.341,14,4.3,0,1.0,0.0,0,,,54.0,27.0,9,1143.53,8,16.4886,0.0,0.2867,1
12,93.92,0.108,13,2.07,0,2.0,0.0,0,,,80.0,46.0,3,154.77,12,11.6783,0.0,0.1479,1
24,72.71,0.518,18,2.64,1,85.0,58.74,1,0.836,14.6,61.0,58.0,12,567.93,12,13.8416,0.7969,0.1389,0
7,23.81,-1.475,5,1.78,1,21.0,11.48,1,0.839,33.5,49.0,57.0,3,199.99,4,6.6776,0.4627,0.2967,0
40,121.79,0.016,21,9.55,1,71.0,73.42,0,,,59.0,90.0,11,156.54,12,17.864,0.5979,0.4341,1
10,47.39,-0.241,7,2.06,1,57.0,36.57,1,0.608,22.0,35.0,93.0,9,728.43,8,9.3021,0.7557,0.2575,0
12,71.7,-0.135,15,4.06,0,4.0,0.0,0,,,76.0,48.0,3,538.4,8,10.9942,0.0,0.2537,1
12,23.61,-0.512,8,2.21,0,2.0,0.0,0,,,41.0,45.0,1,119.82,24,8.2159,0.0,0.2456,1
13,98.1,1.429,13,3.73,0,9.0,0.0,0,,,55.0,86.0,7,209.86,4,12.1294,0.0,0.2664,1
16,25.64,-0.222,8,4.71,1,94.0,19.56,0,,,20.0,23.0,1,350.36,8,9.2998,0.7342,0.5233,1
15,44.18,0.129,8,0.98,1,12.0,8.97,1,0.749,33.3,28.0,9.0,0,839.3,8,10.5654,0.1985,0.1089,0
17,43.88,-0.758,10,1.71,0,23.0,0.0,0,,,63.0,38.0,5,375.84,8,10.995,0.0,0.1555,1
16,33.88,0.114,11,7.38,1,28.0,33.64,0,,,97.0,54.0,9,82.54,4,10.0633,0.9644,0.615,1
16,61.75,0.45,14,3.06,1,92.0,16.19,1,0.797,4.9,73.0,50.0,8,336.44,24,11.7271,0.258,0.204,0
6,54.77,-0.317,8,3.32,0,16.0,0.0,0,,,53.0,57.0,3,590.0,12,7.825,0.0,0.3689,1
23,50.28,0.076,13,5.52,1,34.0,59.36,1,0.809,8.8,58.0,58.0,6,227.2,24,12.513,1.1576,0.3943,0
16,26.28,0.346,14,2.6,0,4.0,0.0,1,0.689,13.0,46.0,40.0,6,455.66,24,9.367,0.0,0.1733,0
16,36.64,0.675,19,1.25,1,65.0,12.82,0,,,40.0,31.0,2,112.31,52,10.2791,0.3406,0.0625,1
5,66.48,-0.779,10,2.36,1,39.0,15.8,1,0.837,9.2,74.0,48.0,1,519.29,4,7.5466,0.2341,0.2145,0
12,80.96,0.194,21,2.93,1,58.0,16.78,1,0.43,1.1,58.0,33.0,2,394.63,24,11.3018,0.2047,0.1332,0
13,75.63,0.86,17,5.1,0,4.0,0.0,1,0.757,7.3,15.0,18.0,3,239.87,4,11.4508,0.0,0.2833,0
20,31.31,-0.747,12,1.87,1,65.0,17.11,0,,,67.0,66.0,3,111.99,8,10.5809,0.5296,0.1438,1
11,23.04,-0.039,10,2.05,0,11.0,0.0,1,0.747,3.2,59.0,66.0,4,103.45,4,7.9013,0.0,0.1864,0
17,68.88,-0.314,16,1.8,1,55.0,42.66,1,0.782,15.5,57.0,65.0,3,108.72,12,12.2748,0.6105,0.1059,0
14,44.08,-1.414,14,1.49,0,10.0,0.0,0,,,21.0,63.0,2,98.79,8,10.3134,0.0,0.0993,1
9,50.26,-0.055,17,1.86,0,3.0,0.0,1,0.581,6.7,59.0,57.0,4,632.47,8,9.0651,0.0,0.1033,0
14,40.17,-0.067,11,3.95,0,12.0,0.0,1,0.53,15.6,39.0,86.0,8,275.31,4,10.0677,0.0,0.3292,0
7,21.5,-1.092,19,1.65,0,17.0,0.0,0,,,36.0,58.0,2,148.93,8,6.4744,0.0,0.0825,1
15,21.35,0.243,12,1.83,1,73.0,11.43,1,0.848,14.5,38.0,85.0,3,413.75,8,8.614,0.5114,0.1408,0
7,42.75,-0.061,16,4.63,0,4.0,0.0,0,,,61.0,56.0,4,163.28,24,7.8572,0.0,0.2724,1
15,31.51,-0.513,15,3.52,1,57.0,37.36,1,0.746,21.5,57.0,34.0,4,404.0,12,9.6529,1.1492,0.22,0
9,16.86,0.227,10,4.46,1,59.0,51.46,0,,,51.0,49.0,2,278.35,12,6.6373,2.8813,0.4055,1
15,16.08,0.56,11,2.05,1,72.0,31.15,1,0.492,1.4,20.0,77.0,4,124.36,8,7.8684,1.8238,0.1708,0
12,11.57,-0.365,12,1.48,0,7.0,0.0,1,0.705,18.1,44.0,23.0,7,392.91,4,6.4927,0.0,0.1138,0
17,34.11,-0.476,19,1.95,1,89.0,41.35,0,,,47.0,32.0,4,623.8,4,10.2853,1.1777,0.0975,1
16,33.86,-0.49,22,4.55,1,68.0,28.06,0,,,65.0,43.0,6,276.63,12,10.0617,0.8049,0.1978,1
4,50.09,-0.107,9,1.51,0,2.0,0.0,1,0.729,6.5,48.0,74.0,1,172.31,8,6.3309,0.0,0.151,0
8,42.55,-0.706,11,2.33,1,54.0,18.58,0,,,58.0,15.0,1,139.62,4,8.2921,0.4266,0.1942,1
25,88.55,-1.244,13,2.13,0,7.0,0.0,1,0.686,12.0,87.0,78.0,7,647.7,12,14.6445,0.0,0.1521,0
16,46.87,-0.235,11,2.44,0,4.0,0.0,0,,,51.0,31.0,8,518.19,8,10.9603,0.0,0.2033,1
19,60.77,0.104,20,7.28,0,22.0,0.0,0,,,52.0,53.0,7,482.42,8,12.3527,0.0,0.3467,1
22,48.28,0.224,15,12.32,1,76.0,29.1,0,,,30.0,48.0,3,564.97,8,12.2206,0.5905,0.77,1
7,29.03,0.027,15,3.78,1,85.0,13.28,0,,,74.0,32.0,4,465.57,8,7.0747,0.4422,0.2362,1
12,74.26,-0.222,18,2.83,1,46.0,46.75,1,0.91,3.6,80.0,29.0,7,753.47,24,11.083,0.6212,0.1489,0
28,31.84,0.258,12,1.69,0,3.0,0.0,0,,,48.0,79.0,6,204.02,4,11.7574,0.0,0.13,1
20,44.31,-0.103,14,2.91,1,54.0,23.75,1,0.634,33.9,15.0,89.0,7,234.27,12,11.6104,0.5242,0.194,0
17,52.83,1.239,11,4.74,0,6.0,0.0,0,,,42.0,55.0,5,137.47,8,11.5205,0.0,0.395,1
27,110.8,0.846,18,2.66,0,5.0,0.0,1,0.61,2.5,46.0,72.0,8,593.63,12,15.717,0.0,0.14,0
8,16.98,-0.567,9,1.16,1,71.0,17.9,0,,,50.0,59.0,1,304.98,12,6.3484,0.9956,0.116,1
28,130.17,1.153,19,5.05,1,86.0,13.92,1,0.977,15.0,59.0,72.0,8,508.27,4,16.4206,0.1061,0.2525,0
26,33.78,-0.266,20,2.81,0,2.0,0.0,0,,,61.0,73.0,8,229.02,4,11.6971,0.0,0.1338,1
23,152.27,-0.155,11,4.06,0,1.0,0.0,0,,,22.0,58.0,5,131.3,4,15.9926,0.0,0.3383,1
9,114.1,-1.284,21,1.77,1,76.0,32.49,1,0.89,8.5,46.0,66.0,3,112.7,8,10.9276,0.2823,0.0805,0
12,31.11,0.04,13,5.12,0,0.0,0.0,0,,,47.0,67.0,3,574.13,12,8.8982,0.0,0.3657,1
11,61.35,-0.056,11,3.2,1,82.0,21.6,0,,,46.0,40.0,5,189.23,52,10.2695,0.3464,0.2667,1
23,51.4,0.072,11,2.79,0,4.0,0.0,0,,,39.0,88.0,8,335.13,12,12.5816,0.0,0.2325,1
11,83.35,0.668,6,1.27,1,77.0,32.62,0,,,48.0,56.0,6,1111.35,8,11.0205,0.3867,0.1814,1
5,54.16,0.742,10,0.92,1,23.0,9.06,1,0.522,8.9,23.0,48.0,1,140.09,8,7.1854,0.1642,0.0836,0
26,83.95,0.177,13,4.83,0,9.0,0.0,0,,,61.0,81.0,2,437.08,8,14.6403,0.0,0.345,1
7,85.04,-0.146,23,3.05,0,8.0,0.0,0,,,48.0,32.0,2,233.17,12,9.2635,0.0,0.1271,1
30,55.0,0.671,22,2.96,1,47.0,69.45,1,0.737,5.7,62.0,62.0,4,682.37,4,13.823,1.2402,0.1287,0
12,17.52,-0.375,4,2.14,0,4.0,0.0,1,0.796,1.6,45.0,32.0,2,76.37,4,7.4867,0.0,0.428,0
15,91.23,-0.619,15,4.42,1,78.0,10.52,0,,,57.0,55.0,4,281.7,12,12.544,0.1141,0.2762,1
10,56.09,-0.606,14,4.06,1,85.0,22.28,0,,,27.0,27.0,4,376.9,4,9.6986,0.3903,0.2707,1
6,30.53,-0.121,10,1.39,0,4.0,0.0,1,0.526,7.8,42.0,21.0,0,143.0,8,6.7152,0.0,0.1264,0
19,62.9,1.242,23,12.23,0,3.0,0.0,1,0.862,1.7,83.0,47.0,12,195.89,8,12.4542,0.0,0.5096,0
18,41.56,-0.29,14,1.67,1,78.0,19.44,0,,,40.0,60.0,1,347.24,8,11.0443,0.4568,0.1113,1
30,73.97,1.53,30,4.85,1,63.0,88.62,1,0.838,7.6,61.0,87.0,5,331.31,4,14.8248,1.1821,0.1565,0
8,79.45,-0.823,12,3.67,1,27.0,20.64,0,,,77.0,73.0,2,641.94,12,9.6406,0.2566,0.2823,1
10,48.71,-1.143,8,3.31,0,2.0,0.0,0,,,53.0,33.0,2,186.05,8,9.3667,0.0,0.3678,1
11,16.27,-1.046,6,1.25,0,3.0,0.0,1,0.898,7.5,11.0,29.0,1,531.26,8,7.0794,0.0,0.1786,0
15,87.93,0.157,7,5.51,0,3.0,0.0,1,0.819,15.3,52.0,32.0,4,480.06,4,12.443,0.0,0.6888,0
4,14.29,-0.945,16,1.41,0,2.0,0.0,1,0.592,27.1,33.0,34.0,0,302.82,8,4.3893,0.0,0.0829,0
26,78.22,0.289,9,2.84,1,37.0,78.57,1,0.624,4.0,84.0,68.0,9,401.99,4,14.4102,0.9918,0.284,0
5,15.27,-0.861,7,2.12,0,15.0,0.0,1,0.607,24.0,42.0,39.0,1,199.95,24,4.9978,0.0,0.265,0
26,30.04,0.199,18,2.6,0,3.0,0.0,0,,,55.0,45.0,8,2035.29,12,11.3221,0.0,0.1368,1
19,40.31,-0.036,9,5.03,0,1.0,0.0,1,0.812,1.5,46.0,72.0,3,284.62,4,11.1474,0.0,0.503,0
10,27.63,-0.448,9,3.18,0,7.0,0.0,0,,,20.0,73.0,2,161.57,24,8.0436,0.0,0.318,1
11,20.42,-0.671,15,1.85,0,19.0,0.0,1,0.81,12.5,64.0,76.0,3,213.84,8,7.6146,0.0,0.1156,0
18,29.31,0.426,15,2.74,0,3.0,0.0,1,0.777,8.5,41.0,76.0,5,862.76,8,10.0449,0.0,0.1713,0
25,67.56,-0.903,20,2.16,0,8.0,0.0,0,,,74.0,56.0,14,186.94,8,13.7743,0.0,0.1029,1
18,21.79,0.013,9,4.98,0,10.0,0.0,0,,,70.0,42.0,6,207.07,8,9.2053,0.0,0.498,1
18,52.73,0.77,23,5.0,1,61.0,9.59,0,,,60.0,75.0,7,286.63,12,11.7306,0.1785,0.2083,1
31,58.18,2.124,31,4.63,0,1.0,0.0,0,,,73.0,42.0,11,120.21,8,14.1422,0.0,0.1447,1
5,32.5,-0.611,6,2.83,0,3.0,0.0,0,,,43.0,36.0,2,557.64,12,6.2918,0.0,0.4043,1
11,38.82,0.141,20,2.31,0,2.0,0.0,0,,,50.0,12.0,4,259.99,8,9.1553,0.0,0.11,1
9,34.83,-0.688,16,1.18,0,1.0,0.0,0,,,17.0,70.0,0,140.45,12,8.2405,0.0,0.0694,1
17,33.24,-0.187,16,1.45,0,23.0,0.0,1,0.647,22.3,41.0,60.0,6,562.9,12,10.2128,0.0,0.0853,0
17,58.08,0.108,20,4.88,0,5.0,0.0,1,0.806,2.8,34.0,65.0,4,489.83,12,11.7895,0.0,0.2324,0
8,46.95,0.558,16,2.33,0,4.0,0.0,1,0.616,6.9,18.0,62.0,1,255.52,12,8.5036,0.0,0.1371,0
12,62.51,0.373,17,2.54,0,1.0,0.0,0,,,58.0,25.0,3,262.38,12,10.6476,0.0,0.1411,1
29,74.61,1.448,23,0.97,0,1.0,0.0,0,,,71.0,96.0,7,3146.65,24,14.7122,0.0,0.0404,1
12,31.68,-0.499,20,2.38,0,2.0,0.0,0,,,61.0,84.0,6,276.5,24,8.9434,0.0,0.1133,1
5,23.96,-0.074,12,1.38,0,1.0,0.0,1,0.401,8.0,38.0,47.0,4,101.52,24,5.7646,0.0,0.1062,0
13,11.53,-0.129,10,4.33,1,69.0,19.63,0,,,17.0,68.0,2,445.16,24,6.6719,1.5666,0.3936,1
25,57.45,-0.118,16,1.62,0,2.0,0.0,1,0.408,13.6,41.0,86.0,7,149.05,8,13.2545,0.0,0.0953,0
10,77.86,0.206,16,4.45,1,70.0,48.94,0,,,51.0,55.0,5,446.68,8,10.4732,0.6206,0.2618,1
22,40.88,0.326,9,1.51,0,14.0,0.0,0,,,60.0,60.0,7,170.5,12,11.7105,0.0,0.151,1
19,88.2,0.692,11,3.01,1,51.0,114.64,1,0.817,1.4,66.0,76.0,4,307.33,4,13.4535,1.2852,0.2508,0
26,219.74,-0.2,20,3.52,0,2.0,0.0,1,0.754,14.1,38.0,39.0,4,243.88,8,17.7876,0.0,0.1676,0
14,91.44,-0.214,15,1.6,1,23.0,22.94,1,0.885,5.9,51.0,37.0,6,288.29,8,12.2582,0.2482,0.1,0
22,72.41,-0.589,17,5.7,1,35.0,50.06,0,,,66.0,89.0,9,869.53,8,13.4703,0.6819,0.3167,1
20,102.33,0.414,16,1.82,1,43.0,28.81,1,0.963,19.2,54.0,79.0,6,473.73,12,14.1203,0.2788,0.1071,0
26,55.39,0.047,20,2.46,0,1.0,0.0,0,,,76.0,68.0,9,108.16,8,13.2898,0.0,0.1171,1
31,59.59,1.117,18,4.8,1,51.0,42.51,0,,,24.0,74.0,11,585.91,12,14.2238,0.7016,0.2526,1
13,78.57,-0.351,13,1.49,0,4.0,0.0,1,0.471,12.9,76.0,30.0,5,493.11,8,11.5502,0.0,0.1064,0
21,36.98,-0.225,9,2.34,0,5.0,0.0,0,,,47.0,46.0,5,414.41,4,11.2423,0.0,0.234,1
8,25.54,-1.02,7,2.31,0,3.0,0.0,1,0.674,7.7,11.0,86.0,1,80.53,12,7.2039,0.0,0.2888,0
18,33.9,0.552,16,3.5,1,54.0,18.28,0,,,88.0,51.0,8,226.85,4,10.4601,0.5238,0.2059,1
6,33.89,-0.786,10,4.47,0,11.0,0.0,1,0.899,14.8,40.0,64.0,1,144.05,8,6.9123,0.0,0.4064,0
21,59.19,-0.194,18,4.83,1,58.0,42.09,0,,,55.0,52.0,6,149.09,12,12.6656,0.6993,0.2542,1
29,57.64,-0.011,21,3.41,1,45.0,22.39,0,,,40.0,82.0,4,790.19,4,13.8477,0.3818,0.155,1
17,51.14,0.553,13,1.53,0,19.0,0.0,1,0.891,7.8,23.0,48.0,6,98.42,8,11.4283,0.0,0.1093,0
8,38.65,0.046,7,0.9,0,3.0,0.0,0,,,56.0,37.0,0,229.17,12,8.086,0.0,0.1125,1
19,27.68,-0.012,16,7.87,0,21.0,0.0,0,,,41.0,32.0,7,872.83,52,10.0543,0.0,0.4629,1
6,23.66,-0.08,14,1.35,1,55.0,28.16,0,,,80.0,57.0,0,147.63,8,6.237,1.1419,0.09,1
12,48.83,-0.268,19,9.49,0,13.0,0.0,0,,,28.0,71.0,5,585.51,24,10.0254,0.0,0.4745,1
25,58.25,0.225,20,7.23,1,49.0,43.37,1,0.718,0.5,57.0,71.0,9,493.27,8,13.2988,0.732,0.3443,0
16,18.1,0.323,9,2.23,0,2.0,0.0,1,0.805,1.4,39.0,31.0,2,149.17,12,8.3571,0.0,0.223,0
8,82.63,0.321,9,1.41,1,91.0,22.03,1,0.842,0.5,29.0,90.0,6,800.13,4,9.7258,0.2634,0.141,0
20,28.55,-0.399,13,7.59,0,2.0,0.0,1,0.796,3.8,61.0,96.0,3,385.15,8,10.309,0.0,0.5421,0
11,33.78,0.246,15,2.76,0,6.0,0.0,1,0.778,0.2,24.0,73.0,9,227.47,24,8.819,0.0,0.1725,0
14,80.77,-0.789,11,1.96,1,69.0,42.58,0,,,62.0,75.0,6,89.61,12,11.926,0.5207,0.1633,1
23,20.31,-0.62,9,4.67,0,0.0,0.0,0,,,25.0,71.0,3,755.02,52,9.7222,0.0,0.467,1
24,69.28,0.006,15,2.22,0,9.0,0.0,0,,,57.0,61.0,5,1095.15,12,13.6882,0.0,0.1388,1
31,69.85,1.385,22,3.86,1,48.0,37.84,0,,,38.0,61.0,9,114.19,12,14.766,0.5341,0.1678,1
15,25.78,-0.001,5,1.14,0,7.0,0.0,0,,,48.0,76.0,1,135.33,12,9.1153,0.0,0.19,1
18,29.11,-0.845,19,1.89,0,4.0,0.0,0,,,52.0,79.0,4,668.12,8,10.0254,0.0,0.0945,1
17,215.31,0.94,18,2.1,1,69.0,35.9,1,0.977,0.2,14.0,38.0,8,1162.62,12,15.5407,0.166,0.1105,0
15,47.78,0.452,10,3.0,1,69.0,14.07,0,,,25.0,30.0,7,187.46,8,10.7779,0.2884,0.2727,1
25,30.77,-0.885,10,1.64,0,2.0,0.0,0,,,50.0,43.0,8,443.24,4,11.2682,0.0,0.1491,1
18,39.27,0.244,18,4.12,0,13.0,0.0,0,,,46.0,45.0,7,333.23,12,10.8815,0.0,0.2168,1
8,31.5,-0.007,8,1.73,0,4.0,0.0,0,,,66.0,48.0,2,153.47,4,7.6491,0.0,0.1922,1
6,19.52,0.632,8,0.87,0,7.0,0.0,0,,,63.0,54.0,1,326.65,52,5.8794,0.0,0.0967,1
15,19.93,-0.175,12,4.05,0,2.0,0.0,1,0.776,24.5,29.0,94.0,4,199.84,24,8.432,0.0,0.3115,0
17,35.59,0.138,12,2.42,0,5.0,0.0,1,0.707,24.3,31.0,80.0,4,485.87,8,10.4047,0.0,0.1862,0
15,28.44,0.408,15,5.45,1,77.0,18.68,0,,,87.0,65.0,6,119.13,12,9.3779,0.6345,0.3406,1
23,71.66,0.535,13,5.99,1,33.0,31.92,0,,,52.0,62.0,12,191.69,24,13.6205,0.4393,0.4279,1
10,15.33,0.552,7,2.06,0,17.0,0.0,0,,,43.0,46.0,8,108.05,4,6.6973,0.0,0.2575,1
41,110.25,1.876,14,4.04,1,52.0,21.97,0,,,66.0,89.0,12,236.03,12,17.6111,0.1975,0.2693,1
29,119.07,-0.147,21,7.43,0,8.0,0.0,0,,,33.0,50.0,12,489.85,4,16.2852,0.0,0.3377,1
12,117.5,-0.607,17,2.16,0,10.0,0.0,1,0.786,2.1,28.0,25.0,4,305.39,4,12.2474,0.0,0.12,0
8,14.75,0.029,6,1.5,0,12.0,0.0,1,0.734,68.1,40.0,68.0,1,469.56,24,6.0574,0.0,0.2143,0
8,77.48,0.202,14,1.26,0,0.0,0.0,1,0.892,13.3,45.0,39.0,4,518.52,52,9.5861,0.0,0.084,0
11,58.79,-1.01,10,2.42,0,5.0,0.0,0,,,27.0,60.0,3,268.84,24,10.1654,0.0,0.22,1
12,14.72,0.394,6,2.91,0,5.0,0.0,0,,,61.0,32.0,4,270.36,8,7.0663,0.0,0.4157,1
9,35.37,0.279,4,2.41,0,6.0,0.0,1,0.715,0.7,37.0,31.0,2,139.8,8,8.2749,0.0,0.482,0
36,46.65,0.955,13,5.92,1,31.0,23.67,1,0.905,2.1,64.0,63.0,6,429.73,12,13.9522,0.4967,0.4229,0
35,36.71,0.776,22,5.8,1,78.0,27.68,1,0.804,9.1,52.0,87.0,11,717.28,12,13.0079,0.734,0.2522,0
15,28.57,-0.526,7,2.76,1,79.0,20.05,1,0.46,3.9,16.0,72.0,6,948.38,4,9.3901,0.6781,0.345,0
23,107.54,-0.085,9,2.82,0,3.0,0.0,0,,,85.0,28.0,5,211.94,24,14.8959,0.0,0.282,1
19,88.71,-0.066,11,2.07,0,3.0,0.0,1,0.51,12.6,76.0,44.0,9,626.07,8,13.4706,0.0,0.1725,0
9,20.83,-0.807,10,2.94,0,8.0,0.0,1,0.57,2.6,17.0,40.0,3,192.73,24,7.0995,0.0,0.2673,0
11,31.67,-0.102,11,2.72,0,9.0,0.0,0,,,31.0,21.0,0,214.06,4,8.6635,0.0,0.2267,1
11,31.45,0.147,10,1.34,0,8.0,0.0,0,,,38.0,69.0,2,213.78,4,8.6467,0.0,0.1218,1
12,34.8,0.108,12,2.81,0,8.0,0.0,1,0.681,33.0,33.0,75.0,1,137.4,12,9.1773,0.0,0.2162,0
11,71.35,-0.381,11,3.34,0,4.0,0.0,0,,,73.0,49.0,3,165.15,4,10.6392,0.0,0.2783,1
36,103.0,-0.604,17,6.24,1,36.0,41.61,0,,,36.0,90.0,10,447.71,52,16.7705,0.4001,0.3467,1
9,14.73,-0.211,7,1.92,0,14.0,0.0,0,,,63.0,65.0,1,266.96,8,6.3449,0.0,0.24,1
8,23.87,0.395,12,3.9,1,76.0,24.85,0,,,31.0,50.0,4,502.48,12,7.0611,0.9992,0.3,1
8,47.05,0.107,8,2.2,1,30.0,10.55,1,0.915,8.3,85.0,65.0,2,242.54,4,8.5082,0.2196,0.2444,0
30,183.71,0.996,25,5.87,1,72.0,49.34,0,,,85.0,75.0,12,183.44,4,17.9212,0.2671,0.2258,1
22,131.04,0.382,21,2.67,0,8.0,0.0,1,0.855,3.4,53.0,31.0,12,398.28,12,15.3109,0.0,0.1214,0
11,38.6,0.631,13,2.61,1,13.0,16.47,1,0.777,4.6,48.0,88.0,4,456.62,52,9.1415,0.4159,0.1864,0
8,34.5,0.14,10,1.31,1,47.0,17.6,0,,,26.0,94.0,4,184.82,24,7.8431,0.4958,0.1191,1
18,48.39,-0.229,14,3.37,0,6.0,0.0,0,,,42.0,79.0,5,178.27,8,11.4826,0.0,0.2247,1
18,81.39,0.591,14,4.71,1,61.0,57.49,1,0.888,15.2,18.0,97.0,12,435.61,8,12.9893,0.6978,0.314,0
32,71.29,1.193,31,3.3,0,0.0,0.0,1,0.873,1.3,47.0,92.0,11,342.66,4,14.9675,0.0,0.1031,0
7,44.49,-0.809,10,1.3,0,2.0,0.0,0,,,20.0,40.0,5,367.7,8,7.9383,0.0,0.1182,1
6,22.69,0.532,12,2.43,1,81.0,12.77,1,0.882,3.0,19.0,14.0,4,366.8,4,6.1589,0.539,0.1869,0
22,64.91,0.359,19,2.66,0,6.0,0.0,0,,,78.0,83.0,8,331.39,8,13.1324,0.0,0.133,1
16,58.01,1.181,16,5.23,0,2.0,0.0,0,,,72.0,78.0,7,547.56,12,11.553,0.0,0.3076,1
10,64.08,0.584,14,5.69,1,50.0,23.3,0,,,87.0,59.0,5,359.34,8,10.0127,0.358,0.3793,1
8,36.72,-0.57,8,3.24,0,6.0,0.0,1,0.881,17.2,53.0,49.0,7,762.3,8,7.9763,0.0,0.36,0
5,28.31,-0.429,6,1.92,1,36.0,21.94,1,0.764,2.6,42.0,92.0,1,212.55,12,6.0524,0.7485,0.2743,0
19,67.18,0.011,13,2.83,1,84.0,18.02,0,,,78.0,47.0,5,587.78,12,12.6484,0.2643,0.2021,1
16,53.44,0.255,14,3.28,1,80.0,22.27,1,0.528,5.3,43.0,58.0,1,312.16,52,11.3246,0.4091,0.2187,0
24,67.4,0.166,10,1.9,1,57.0,18.42,0,,,23.0,48.0,6,338.16,4,13.601,0.2693,0.1727,1
10,39.4,-0.321,17,1.99,0,14.0,0.0,1,0.857,6.3,53.0,42.0,1,173.19,8,8.8694,0.0,0.1106,0
23,94.58,1.411,21,5.05,0,1.0,0.0,0,,,56.0,72.0,6,224.46,52,14.4918,0.0,0.2295,1
26,95.22,0.692,19,34.54,1,64.0,28.27,1,0.716,15.7,66.0,87.0,8,755.08,24,15.0509,0.2938,1.727,0
30,73.29,1.118,12,3.38,0,11.0,0.0,1,0.729,10.3,69.0,67.0,2,128.59,8,14.7935,0.0,0.26,0
22,94.92,-0.126,13,6.28,0,8.0,0.0,0,,,34.0,93.0,2,419.64,12,14.3089,0.0,0.4486,1
10,14.85,-0.224,14,2.68,1,76.0,9.66,0,,,64.0,47.0,2,46.58,8,6.6258,0.6095,0.1787,1
20,35.69,0.948,15,7.49,1,33.0,28.77,0,,,90.0,63.0,5,471.93,4,10.9679,0.7841,0.4681,1
17,84.47,0.697,21,5.15,0,13.0,0.0,1,0.817,0.6,52.0,99.0,5,91.5,12,12.8569,0.0,0.2341,0
13,34.04,-0.004,16,1.98,1,92.0,23.61,0,,,61.0,31.0,10,302.7,4,9.3858,0.6738,0.1165,1
15,73.37,-0.085,11,2.99,0,8.0,0.0,1,0.566,19.2,52.0,47.0,6,394.45,8,11.9472,0.0,0.2492,0
27,77.88,0.095,19,14.23,1,64.0,78.74,0,,,75.0,62.0,9,130.27,8,14.5548,0.9982,0.7115,1
35,103.54,0.625,22,7.83,1,20.0,65.51,1,0.75,2.6,62.0,70.0,8,868.14,24,16.6618,0.6267,0.3404,0
5,56.48,-1.411,6,2.77,0,19.0,0.0,1,0.674,4.5,12.0,65.0,4,141.1,24,7.2592,0.0,0.3957,0
20,28.39,0.277,18,7.16,0,7.0,0.0,1,0.766,16.1,48.0,55.0,8,963.03,8,10.2925,0.0,0.3768,0
13,118.08,-0.892,13,3.0,1,45.0,11.62,1,0.898,0.9,25.0,51.0,3,118.91,4,12.6142,0.0976,0.2143,0
8,65.08,-0.433,9,3.18,0,3.0,0.0,0,,,39.0,50.0,4,189.25,4,9.2083,0.0,0.318,1
16,73.08,0.105,7,1.86,0,7.0,0.0,0,,,29.0,84.0,4,62.31,24,12.1974,0.0,0.2325,1
6,36.94,-0.476,11,1.7,0,9.0,0.0,0,,,36.0,86.0,2,147.44,12,7.0753,0.0,0.1417,1
13,23.24,-0.668,15,1.77,0,8.0,0.0,0,,,41.0,83.0,4,179.63,12,8.4133,0.0,0.1106,1
16,39.2,-0.051,20,1.29,0,11.0,0.0,0,,,7.0,43.0,4,211.94,4,10.4655,0.0,0.0614,1
9,39.47,0.944,20,3.08,1,90.0,21.56,1,0.947,18.2,31.0,54.0,8,185.24,8,8.5209,0.5327,0.1467,0
8,80.61,0.245,7,4.11,1,85.0,32.23,0,,,54.0,87.0,8,118.8,52,9.6721,0.3949,0.5138,1
25,44.01,-0.224,13,2.89,1,52.0,39.77,0,,,20.0,67.0,7,275.81,4,12.4032,0.8836,0.2064,1
26,61.36,0.909,25,13.06,1,52.0,39.9,0,,,89.0,52.0,10,317.12,4,13.6214,0.6398,0.5023,1
16,16.62,-1.096,21,5.2,0,0.0,0.0,0,,,11.0,66.0,6,636.82,4,8.1286,0.0,0.2364,1
15,80.49,-0.698,16,2.33,0,6.0,0.0,1,0.638,4.3,80.0,28.0,5,153.56,8,12.2007,0.0,0.1371,0
18,60.44,0.056,10,1.76,1,23.0,38.52,0,,,35.0,68.0,5,633.58,12,12.1254,0.627,0.16,1
12,19.32,-0.128,8,2.03,1,57.0,13.85,1,0.92,6.7,38.0,80.0,4,700.41,4,7.7246,0.6816,0.2256,0
20,39.42,-0.422,19,5.72,0,3.0,0.0,0,,,43.0,52.0,10,267.8,12,11.2627,0.0,0.286,1
8,17.88,-0.361,7,3.29,0,6.0,0.0,1,0.967,37.8,60.0,73.0,3,275.89,8,6.4557,0.0,0.4112,0
32,100.81,0.997,33,6.63,0,0.0,0.0,1,0.898,0.8,24.0,76.0,9,963.19,8,16.1647,0.0,0.195,0
14,26.45,-0.41,24,2.56,1,89.0,13.51,0,,,74.0,84.0,5,435.06,12,8.9701,0.4922,0.1024,1
10,44.3,0.802,13,5.33,1,28.0,15.02,1,0.669,0.0,50.0,94.0,4,562.86,4,9.1439,0.3316,0.3807,0
28,108.42,0.653,11,4.91,1,67.0,40.1,0,,,19.0,70.0,8,147.48,24,15.8101,0.3665,0.4092,1
27,286.33,0.99,25,5.1,1,50.0,21.34,0,,,36.0,87.0,12,534.44,4,18.8624,0.0743,0.1962,1
22,39.69,-0.374,19,4.04,1,39.0,21.89,1,0.879,1.6,57.0,57.0,6,246.66,4,11.6201,0.538,0.202,0
8,155.43,0.607,10,4.53,1,18.0,15.2,0,,,40.0,70.0,6,177.94,8,11.1017,0.0972,0.4118,1
17,33.18,-0.024,16,3.15,0,7.0,0.0,1,0.785,1.2,28.0,36.0,2,382.78,8,10.2078,0.0,0.1853,0
15,100.1,0.584,14,4.54,0,0.0,0.0,1,0.633,0.3,49.0,49.0,8,169.03,8,12.7986,0.0,0.3027,0
20,63.19,-0.486,15,2.46,1,57.0,31.17,0,,,44.0,61.0,5,227.78,8,12.6708,0.4856,0.1538,1
12,70.36,-0.042,10,1.76,1,73.0,18.9,1,0.922,30.9,30.0,32.0,4,368.26,12,10.9465,0.2649,0.16,0
12,69.45,0.182,14,2.51,1,37.0,11.17,1,0.62,7.3,26.0,60.0,3,224.6,24,10.9136,0.1586,0.1673,0
9,175.28,-0.279,12,2.23,0,3.0,0.0,0,,,60.0,73.0,3,115.16,4,11.9091,0.0,0.1715,1
22,38.36,-0.808,13,6.79,0,1.0,0.0,1,0.866,53.6,69.0,46.0,7,278.73,4,11.5159,0.0,0.485,0
13,39.33,0.425,14,2.97,1,22.0,20.01,0,,,59.0,26.0,4,252.33,24,9.7568,0.4962,0.198,1
9,21.47,-1.054,5,1.43,0,0.0,0.0,0,,,63.0,55.0,0,181.48,8,7.1661,0.0,0.2383,1
20,13.69,0.575,11,5.58,0,3.0,0.0,0,,,33.0,67.0,7,278.9,24,8.1811,0.0,0.465,1
13,71.74,0.448,13,5.37,0,13.0,0.0,0,,,69.0,56.0,5,260.09,24,11.3134,0.0,0.3836,1
19,76.87,-0.669,12,3.63,1,61.0,22.9,0,,,51.0,93.0,4,219.15,4,13.0465,0.2941,0.2792,1
23,343.44,0.321,20,5.03,1,90.0,21.88,0,,,83.0,55.0,9,278.95,24,18.5659,0.0635,0.2395,1
16,24.39,-0.904,15,2.94,1,58.0,15.45,1,0.745,0.5,40.0,83.0,3,267.75,8,9.1636,0.6085,0.1838,0
9,29.42,0.197,14,3.59,0,5.0,0.0,0,,,54.0,62.0,3,121.83,8,7.8636,0.0,0.2393,1
21,33.12,-0.345,15,3.15,1,30.0,39.12,0,,,71.0,23.0,2,821.25,12,10.911,1.1465,0.1969,1
11,35.3,-0.31,8,2.55,1,69.0,42.21,1,0.963,9.2,22.0,48.0,2,170.73,4,8.9253,1.1628,0.2833,0
14,18.29,-0.508,16,2.55,0,4.0,0.0,1,0.965,4.0,50.0,74.0,6,199.28,8,8.0147,0.0,0.15,0
46,24.35,2.259,25,5.99,1,65.0,127.12,0,,,67.0,89.0,21,397.3,24,12.4467,5.0146,0.2304,1
6,26.07,-0.489,8,2.03,1,25.0,9.67,1,0.678,8.4,65.0,80.0,3,161.85,8,6.4184,0.3572,0.2256,0
22,60.83,0.936,21,3.12,0,7.0,0.0,0,,,62.0,72.0,6,586.31,12,12.932,0.0,0.1418,1
20,19.48,0.227,14,3.26,1,32.0,11.09,1,0.733,3.8,55.0,67.0,11,651.48,4,9.1928,0.5415,0.2173,0
30,49.14,0.847,23,30.85,1,41.0,36.48,0,,,68.0,77.0,6,626.05,4,13.4434,0.7276,1.2854,1
30,104.14,-0.536,19,4.37,0,1.0,0.0,1,0.715,11.4,62.0,86.0,12,120.44,4,15.9862,0.0,0.2185,0
14,25.73,-0.151,16,4.18,0,1.0,0.0,0,,,37.0,64.0,3,162.01,4,8.8981,0.0,0.2459,1
9,41.6,0.372,15,1.83,0,6.0,0.0,0,,,52.0,52.0,8,378.84,24,8.639,0.0,0.1144,1
6,23.86,-0.386,9,2.74,0,3.0,0.0,0,,,46.0,40.0,4,221.28,12,6.2527,0.0,0.274,1
29,41.78,-0.47,16,7.68,1,53.0,33.07,0,,,55.0,80.0,10,585.17,4,12.7751,0.773,0.4518,1
5,25.61,-1.185,8,1.68,0,1.0,0.0,1,0.603,8.9,12.0,74.0,1,89.47,12,5.8793,0.0,0.1867,0
20,27.84,-0.06,10,4.52,1,36.0,9.23,0,,,41.0,59.0,3,982.39,8,10.235,0.32,0.4109,1
9,27.24,0.185,9,3.97,0,8.0,0.0,0,,,51.0,51.0,2,237.39,8,7.6923,0.0,0.397,1
8,60.88,-0.141,8,3.65,0,1.0,0.0,0,,,48.0,19.0,2,181.19,12,9.064,0.0,0.4056,1
13,47.57,0.259,7,3.23,0,1.0,0.0,0,,,81.0,61.0,7,231.17,12,10.2475,0.0,0.4038,1
23,52.46,0.332,18,2.0,0,8.0,0.0,0,,,69.0,60.0,3,93.18,8,12.6453,0.0,0.1053,1
30,66.93,1.263,20,3.93,0,2.0,0.0,0,,,16.0,83.0,10,342.04,4,14.4862,0.0,0.1871,1
19,88.54,0.554,21,11.43,1,29.0,12.47,1,0.699,8.8,53.0,95.0,7,1970.83,8,13.4649,0.1393,0.5195,0
19,87.48,0.398,15,2.08,0,4.0,0.0,0,,,61.0,36.0,5,142.25,8,13.4292,0.0,0.13,1
14,52.88,0.59,12,3.94,1,24.0,48.99,0,,,41.0,73.0,8,496.64,8,10.7963,0.9092,0.3031,1
19,51.34,-0.399,9,6.04,0,0.0,0.0,0,,,59.0,74.0,10,219.72,8,11.8564,0.0,0.604,1
21,104.25,0.007,19,2.15,0,5.0,0.0,1,0.741,5.0,35.0,44.0,3,513.05,24,14.3929,0.0,0.1075,0
27,52.5,0.476,18,3.83,0,1.0,0.0,0,,,69.0,55.0,5,206.26,8,13.2611,0.0,0.2016,1
8,37.18,0.057,9,7.61,0,6.0,0.0,0,,,42.0,98.0,10,298.87,4,8.003,0.0,0.761,1
36,222.55,0.102,13,3.07,1,44.0,11.89,1,0.773,0.4,57.0,82.0,11,503.24,4,19.5337,0.0532,0.2193,0
10,65.17,0.451,11,1.68,0,3.0,0.0,1,0.421,26.0,19.0,86.0,3,139.47,4,10.0525,0.0,0.14,0
23,125.26,0.581,19,5.4,0,5.0,0.0,0,,,43.0,66.0,8,255.97,8,15.3765,0.0,0.27,1
15,54.87,0.297,15,5.76,1,25.0,13.68,0,,,46.0,38.0,3,304.06,4,11.1542,0.2449,0.36,1
18,40.3,-0.051,17,3.52,0,8.0,0.0,0,,,65.0,59.0,10,1219.68,4,10.9559,0.0,0.1956,1
6,7.33,0.969,11,0.95,0,7.0,0.0,1,0.709,33.5,20.0,37.0,1,88.52,8,4.1251,0.0,0.0792,0
13,45.68,0.208,12,1.79,0,7.0,0.0,0,,,64.0,73.0,3,958.04,12,10.1427,0.0,0.1377,1
25,80.54,1.559,18,6.8,1,19.0,39.07,0,,,52.0,92.0,12,315.51,8,14.3392,0.4792,0.3579,1
32,80.93,-0.548,16,3.74,1,56.0,16.43,0,,,22.0,83.0,11,757.14,8,15.4051,0.2005,0.22,1
3,16.82,-0.058,10,3.13,0,0.0,0.0,1,0.807,0.7,59.0,69.0,4,242.93,4,3.993,0.0,0.2845,0
16,34.12,0.609,10,2.5,0,2.0,0.0,1,0.841,0.7,21.0,65.0,6,357.45,4,10.0828,0.0,0.2273,0
9,24.94,-0.726,18,2.63,0,11.0,0.0,0,,,70.0,80.0,1,142.86,24,7.4967,0.0,0.1384,1
9,32.55,-0.736,11,1.04,0,8.0,0.0,0,,,29.0,62.0,3,82.08,24,8.0891,0.0,0.0867,1
11,62.19,-0.711,12,3.19,1,52.0,4.9,1,0.769,10.6,81.0,60.0,2,187.16,8,10.3028,0.0775,0.2454,0
18,110.69,0.416,18,4.6,0,1.0,0.0,1,0.855,16.1,24.0,81.0,15,680.97,24,13.8852,0.0,0.2421,0
8,27.69,-1.196,14,1.78,0,4.0,0.0,0,,,75.0,77.0,2,316.11,4,7.3751,0.0,0.1187,1
23,208.13,-0.241,13,2.15,1,54.0,54.06,1,0.804,42.6,49.0,29.0,2,117.64,4,16.9802,0.2585,0.1536,0
27,65.69,0.323,17,5.1,1,65.0,18.54,1,0.664,10.3,35.0,46.0,6,640.18,12,13.9954,0.278,0.2833,0
11,56.65,-0.519,12,2.69,0,4.0,0.0,1,0.67,0.0,17.0,69.0,3,339.78,8,10.0748,0.0,0.2069,0
13,48.66,0.023,16,2.61,1,82.0,20.18,0,,,53.0,70.0,4,144.84,4,10.306,0.4064,0.1535,1
17,86.77,-0.84,13,1.78,1,60.0,48.68,0,,,50.0,75.0,6,105.21,12,12.9336,0.5546,0.1271,1
14,59.98,-0.002,10,2.11,0,3.0,0.0,0,,,14.0,54.0,5,628.04,8,11.1316,0.0,0.1918,1
27,63.53,-0.49,18,4.52,0,7.0,0.0,0,,,59.0,88.0,6,338.33,8,13.8857,0.0,0.2379,1
26,62.22,0.881,29,2.77,1,81.0,24.93,0,,,44.0,67.0,14,876.51,12,13.6666,0.3943,0.0923,1
23,62.05,0.971,16,5.0,1,80.0,111.28,0,,,32.0,85.0,8,177.43,8,13.1696,1.7649,0.2941,1
11,43.45,-0.404,8,2.59,0,1.0,0.0,1,0.753,18.1,53.0,62.0,1,457.29,12,9.4286,0.0,0.2878,0
27,108.23,1.146,15,3.84,1,62.0,86.92,0,,,45.0,67.0,11,1234.48,8,15.6396,0.7958,0.24,1
33,54.32,0.138,15,1.96,1,59.0,29.72,0,,,29.0,59.0,5,288.77,24,14.1518,0.5372,0.1225,1
26,72.18,0.469,20,6.78,1,76.0,86.56,0,,,71.0,46.0,4,257.42,8,14.1488,1.1828,0.3229,1
5,15.66,0.312,8,1.88,0,6.0,0.0,1,0.838,8.8,36.0,77.0,2,122.04,4,5.0402,0.0,0.2089,0
12,56.32,-0.258,17,0.82,0,8.0,0.0,1,0.758,17.0,60.0,23.0,5,187.76,8,10.3846,0.0,0.0456,0
17,32.92,1.08,10,2.93,0,7.0,0.0,0,,,28.0,63.0,1,266.19,8,10.1857,0.0,0.2664,1
4,10.38,-0.234,6,0.65,1,69.0,7.99,0,,,12.0,60.0,1,326.05,4,3.9139,0.7021,0.0929,1
21,23.62,0.497,20,3.51,0,6.0,0.0,0,,,51.0,83.0,4,620.57,4,9.9023,0.0,0.1671,1
13,62.31,0.885,13,2.26,0,11.0,0.0,0,,,40.0,70.0,4,320.67,52,10.9469,0.0,0.1614,1
10,15.99,-1.712,16,2.02,0,2.0,0.0,1,0.67,18.1,69.0,21.0,0,142.62,8,6.7923,0.0,0.1188,0
12,32.93,0.009,18,5.81,0,12.0,0.0,0,,,35.0,97.0,7,640.58,24,9.0396,0.0,0.3058,1
19,32.52,0.503,13,2.32,0,9.0,0.0,1,0.742,9.6,60.0,61.0,5,939.92,8,10.5214,0.0,0.1657,0
19,92.02,1.426,12,5.08,0,8.0,0.0,0,,,54.0,62.0,9,217.35,24,13.5791,0.0,0.3908,1
11,15.49,-1.112,15,2.58,1,69.0,12.85,0,,,32.0,11.0,3,165.73,8,6.9646,0.7793,0.1612,1
19,42.04,-0.52,16,4.91,0,2.0,0.0,0,,,85.0,82.0,5,114.48,24,11.2703,0.0,0.2888,1
22,85.93,1.368,20,7.3,1,77.0,75.21,1,0.669,2.5,43.0,96.0,3,374.7,4,14.0003,0.8652,0.3476,0
36,65.01,0.139,22,5.54,0,2.0,0.0,1,0.82,7.1,35.0,72.0,8,465.59,12,15.129,0.0,0.2409,0
9,20.63,0.5,15,5.12,1,75.0,22.35,0,,,33.0,32.0,4,197.58,8,7.0783,1.0333,0.32,1
12,13.4,0.884,15,5.07,0,10.0,0.0,0,,,30.0,42.0,6,807.08,8,6.8413,0.0,0.3169,1
23,210.16,-0.95,16,1.54,0,3.0,0.0,1,0.948,4.1,37.0,26.0,8,125.46,12,17.0109,0.0,0.0906,0
8,91.52,-0.487,13,2.29,1,38.0,12.48,1,0.35,14.3,38.0,53.0,5,148.2,4,9.9478,0.1349,0.1636,0
14,60.45,-0.043,18,5.63,1,28.0,62.0,0,,,86.0,69.0,8,306.3,52,11.1524,1.009,0.2963,1
21,68.83,0.459,11,2.54,0,4.0,0.0,0,,,58.0,78.0,2,120.78,4,13.1248,0.0,0.2117,1
21,92.11,-0.891,11,1.59,1,94.0,28.05,1,0.884,3.2,40.0,57.0,4,113.52,4,14.0141,0.3013,0.1325,0
17,11.01,0.337,14,1.01,0,9.0,0.0,0,,,61.0,62.0,3,125.92,12,7.1847,0.0,0.0673,1
14,16.98,-0.167,12,2.97,0,4.0,0.0,0,,,76.0,48.0,9,66.26,12,7.8243,0.0,0.2285,1
20,25.03,0.247,12,4.11,0,8.0,0.0,1,0.757,22.5,56.0,93.0,6,557.02,52,9.9229,0.0,0.3162,0
16,54.46,0.42,16,1.89,0,6.0,0.0,1,0.809,6.8,69.0,48.0,6,478.4,24,11.3772,0.0,0.1112,0
5,22.55,-0.629,12,1.69,0,4.0,0.0,1,0.474,5.2,60.0,65.0,2,190.3,4,5.6604,0.0,0.13,0
25,65.77,0.392,11,2.77,1,89.0,79.4,1,0.808,0.3,89.0,71.0,9,408.45,8,13.6881,1.1892,0.2308,0
15,36.49,0.544,7,4.24,1,41.0,20.88,1,0.71,6.0,52.0,46.0,7,285.54,8,10.0481,0.5569,0.53,0
12,22.83,0.239,16,1.54,0,15.0,0.0,1,0.902,15.4,75.0,59.0,3,118.47,8,8.1333,0.0,0.0906,0
13,18.13,0.287,9,5.76,0,3.0,0.0,0,,,46.0,33.0,6,95.19,8,7.7885,0.0,0.576,1
19,85.14,-0.97,13,1.45,1,66.0,39.58,0,,,61.0,74.0,4,188.74,8,13.3489,0.4595,0.1036,1
5,12.56,0.023,9,4.84,0,3.0,0.0,1,0.551,14.2,69.0,61.0,3,157.33,8,4.6713,0.0,0.484,0
9,20.74,-0.602,11,3.45,1,58.0,13.89,0,,,55.0,60.0,5,143.87,4,7.09,0.6389,0.2875,1
9,27.87,0.402,11,6.18,0,5.0,0.0,1,0.657,19.1,30.0,48.0,4,359.12,52,7.7431,0.0,0.515,0
10,26.89,0.385,11,2.44,0,1.0,0.0,0,,,57.0,75.0,4,359.43,12,7.9808,0.0,0.2033,1
12,108.71,-0.451,15,2.43,0,3.0,0.0,1,0.792,4.7,86.0,38.0,4,250.96,8,12.0497,0.0,0.1519,0
22,52.84,-0.098,11,5.81,0,10.0,0.0,0,,,59.0,85.0,6,410.99,4,12.4981,0.0,0.4842,1
26,16.95,1.455,9,2.76,1,80.0,32.22,0,,,44.0,87.0,4,390.58,52,9.517,1.795,0.276,1
13,44.48,-0.424,10,1.61,0,13.0,0.0,0,,,43.0,48.0,4,220.73,24,10.074,0.0,0.1464,1
14,49.79,-0.431,7,4.03,0,3.0,0.0,0,,,37.0,27.0,2,251.71,52,10.6364,0.0,0.5038,1
10,28.93,-0.41,10,3.23,1,62.0,11.97,1,0.725,2.6,77.0,73.0,1,367.82,8,8.1501,0.3999,0.2936,0
7,42.98,-0.418,7,2.12,0,4.0,0.0,0,,,54.0,77.0,2,123.84,52,7.8681,0.0,0.265,1
27,30.55,0.351,16,2.05,0,3.0,0.0,1,0.89,43.3,53.0,93.0,5,444.98,8,11.5013,0.0,0.1206,0
21,58.8,-0.453,10,2.15,1,27.0,16.46,0,,,44.0,15.0,2,522.92,12,12.6455,0.2753,0.1955,1
12,95.36,-0.34,13,1.53,0,13.0,0.0,0,,,40.0,29.0,3,253.15,8,11.7169,0.0,0.1093,1
3,12.47,0.103,14,3.12,0,7.0,0.0,1,0.694,22.6,57.0,86.0,3,255.28,12,3.605,0.0,0.208,0
17,245.98,0.552,10,2.42,0,9.0,0.0,0,,,14.0,23.0,3,366.24,4,15.9239,0.0,0.22,1
15,217.26,-0.117,21,2.17,0,11.0,0.0,0,,,74.0,66.0,4,325.07,4,14.9323,0.0,0.0986,1
8,33.53,-1.086,12,2.24,1,80.0,25.87,0,,,55.0,56.0,1,1308.08,24,7.7822,0.7492,0.1723,1
14,16.58,0.651,9,1.3,1,74.0,8.85,0,,,40.0,4.0,3,222.97,4,7.7633,0.5034,0.13,1
25,106.95,0.206,19,4.65,1,58.0,20.99,0,,,35.0,79.0,9,537.7,24,15.2533,0.1944,0.2325,1
16,41.12,0.944,9,2.34,1,62.0,21.54,1,0.697,0.4,26.0,77.0,3,902.2,4,10.5977,0.5114,0.234,0
10,22.23,-0.616,15,1.24,1,78.0,38.0,1,0.703,3.3,22.0,69.0,5,367.18,8,7.5424,1.6358,0.0775,0
12,81.76,0.281,13,3.84,0,3.0,0.0,1,0.702,8.5,65.0,92.0,6,315.36,8,11.3267,0.0,0.2743,0
22,139.23,-0.093,13,6.09,1,63.0,32.41,0,,,34.0,80.0,6,361.6,4,15.4996,0.2311,0.435,1
14,23.1,-0.573,9,3.13,1,79.0,11.46,0,,,29.0,72.0,3,266.06,4,8.6176,0.4755,0.313,1
8,37.24,-1.461,13,4.43,0,0.0,0.0,0,,,50.0,60.0,1,184.7,8,8.0064,0.0,0.3164,1
24,53.51,-0.989,14,1.39,0,8.0,0.0,0,,,31.0,36.0,6,137.93,24,12.8703,0.0,0.0927,1
11,34.95,-0.138,15,3.89,0,13.0,0.0,0,,,21.0,61.0,4,101.18,24,8.9013,0.0,0.2431,1
32,181.71,1.158,26,3.73,0,2.0,0.0,0,,,41.0,74.0,10,354.07,8,18.2095,0.0,0.1381,1
27,47.44,0.405,26,5.55,1,82.0,39.24,1,0.855,4.4,62.0,77.0,10,293.9,4,12.93,0.8101,0.2056,0
11,52.29,-1.474,7,1.66,0,1.0,0.0,1,0.648,2.7,12.0,51.0,4,257.28,4,9.8794,0.0,0.2075,0
18,28.19,0.844,15,5.11,0,5.0,0.0,0,,,73.0,79.0,3,631.26,8,9.934,0.0,0.3194,1
33,48.69,1.01,16,4.15,0,12.0,0.0,0,,,27.0,47.0,11,148.54,24,13.7733,0.0,0.2441,1
9,32.46,-0.376,10,1.81,0,2.0,0.0,0,,,75.0,39.0,2,293.54,12,8.0829,0.0,0.1645,1
14,46.66,0.713,16,3.12,1,87.0,23.74,0,,,83.0,42.0,1,171.14,4,10.4642,0.4981,0.1835,1
18,92.26,-0.136,15,2.51,0,3.0,0.0,1,0.958,12.1,32.0,76.0,7,253.81,8,13.3542,0.0,0.1569,0
23,19.34,-1.099,11,4.31,1,66.0,12.01,1,0.613,20.9,52.0,71.0,7,425.64,4,9.5742,0.5905,0.3592,0
12,36.02,-1.069,9,1.31,1,70.0,33.12,0,,,57.0,62.0,10,237.68,8,9.2632,0.8947,0.131,1
6,19.06,0.74,10,0.95,0,1.0,0.0,0,,,31.0,51.0,1,553.5,24,5.8353,0.0,0.0864,1
20,41.46,0.665,15,3.23,1,16.0,28.7,0,,,34.0,83.0,6,679.74,4,11.4126,0.6759,0.2019,1
9,22.18,0.491,8,1.86,0,12.0,0.0,1,0.616,11.0,69.0,59.0,2,425.58,8,7.2377,0.0,0.2067,0
7,33.45,0.384,12,0.8,0,2.0,0.0,1,0.823,1.5,58.0,72.0,0,65.91,8,7.3602,0.0,0.0615,0
13,26.51,-2.16,12,4.79,0,5.0,0.0,0,,,30.0,93.0,4,656.65,4,8.7473,0.0,0.3685,1
10,29.35,0.528,7,4.56,0,11.0,0.0,0,,,45.0,57.0,4,343.61,4,8.1835,0.0,0.57,1
8,26.63,0.04,10,3.14,0,2.0,0.0,0,,,80.0,19.0,2,108.08,8,7.2924,0.0,0.2855,1
9,43.91,-0.821,7,4.15,0,17.0,0.0,0,,,52.0,61.0,4,432.73,24,8.7606,0.0,0.5188,1
9,29.49,-0.78,9,1.5,0,10.0,0.0,1,0.766,2.9,19.0,24.0,2,560.6,12,7.8689,0.0,0.15,0
18,72.59,-1.712,5,2.9,0,1.0,0.0,0,,,55.0,76.0,7,344.14,8,12.6567,0.0,0.4833,1
27,83.56,1.051,15,3.26,0,1.0,0.0,1,0.928,1.6,57.0,87.0,10,293.7,8,14.7865,0.0,0.2037,0
17,21.11,-0.355,14,1.68,1,93.0,20.53,1,0.92,19.5,35.0,35.0,5,114.08,8,8.9487,0.9285,0.112,0
12,39.81,1.018,11,1.64,0,4.0,0.0,0,,,48.0,70.0,6,248.43,12,9.5132,0.0,0.1367,1
23,29.83,1.854,20,2.87,0,1.0,0.0,1,0.819,1.0,68.0,91.0,7,571.5,4,10.8959,0.0,0.1367,0
14,54.43,0.652,16,4.6,1,28.0,26.37,1,0.514,16.3,62.0,74.0,9,167.75,24,10.8731,0.4757,0.2706,0
2,32.75,-0.362,10,2.32,0,0.0,0.0,0,,,27.0,62.0,0,72.83,4,3.866,0.0,0.2109,1
15,76.79,-0.41,15,1.02,0,9.0,0.0,1,0.948,31.9,25.0,85.0,7,295.29,8,12.0719,0.0,0.0638,0
22,28.46,-0.246,11,6.47,1,40.0,14.57,1,0.823,13.9,11.0,15.0,2,518.78,8,10.6075,0.4946,0.5392,0
14,12.53,0.001,14,4.09,1,91.0,25.58,0,,,35.0,54.0,5,254.03,12,7.0542,1.8906,0.2727,1
11,32.87,-0.475,10,2.67,1,79.0,8.48,0,,,51.0,38.0,2,254.66,12,8.7532,0.2504,0.2427,1
14,31.81,-0.882,10,4.62,0,1.0,0.0,0,,,43.0,53.0,1,188.08,4,9.4531,0.0,0.42,1
11,76.03,0.365,15,2.88,0,4.0,0.0,1,0.23,3.6,42.0,47.0,1,590.43,8,10.7949,0.0,0.18,0
14,206.36,0.957,14,3.43,1,39.0,11.15,1,0.726,8.0,50.0,49.0,6,502.77,8,14.446,0.0538,0.2287,0
11,22.14,-0.396,8,1.23,1,20.0,12.11,0,,,28.0,50.0,3,357.2,24,7.8065,0.5233,0.1367,1
9,26.66,1.171,12,0.85,0,3.0,0.0,0,,,63.0,65.0,1,241.96,12,7.6446,0.0,0.0654,1
32,139.97,-0.165,17,1.97,0,10.0,0.0,0,,,58.0,49.0,10,719.24,8,17.3026,0.0,0.1094,1
5,51.54,0.498,9,2.65,0,2.0,0.0,0,,,44.0,27.0,3,194.98,4,7.0982,0.0,0.265,1
21,106.5,0.811,21,6.89,1,64.0,49.19,1,0.617,17.1,47.0,36.0,5,134.3,12,14.4583,0.4576,0.3132,0
20,78.92,-0.309,13,1.87,0,14.0,0.0,1,0.666,3.8,64.0,50.0,10,337.96,8,13.3381,0.0,0.1336,0
18,67.0,-0.093,10,3.68,1,78.0,25.08,0,,,34.0,29.0,3,306.24,24,12.4241,0.3688,0.3345,1
26,161.92,0.043,12,3.56,0,10.0,0.0,0,,,21.0,52.0,7,213.48,12,16.7866,0.0,0.2738,1
25,50.33,1.287,17,4.54,1,93.0,16.29,0,,,42.0,67.0,2,377.56,4,12.8313,0.3174,0.2522,1
8,47.51,-0.154,9,0.74,1,63.0,12.06,0,,,36.0,33.0,4,106.36,12,8.5291,0.2486,0.074,1
22,46.33,0.716,8,2.49,0,1.0,0.0,1,0.876,17.4,55.0,77.0,9,749.7,24,12.0941,0.0,0.2767,0
15,85.08,-0.717,8,3.47,0,1.0,0.0,0,,,65.0,81.0,3,527.3,8,12.3527,0.0,0.3856,1
25,44.73,-0.233,7,2.96,1,53.0,37.85,1,0.696,7.0,27.0,37.0,6,378.47,24,12.4549,0.8277,0.37,0
28,189.06,0.778,19,3.34,0,9.0,0.0,1,0.589,1.2,33.0,58.0,6,307.49,12,17.6693,0.0,0.167,0
29,187.2,0.228,22,3.21,1,59.0,28.0,0,,,34.0,87.0,16,386.34,4,17.8138,0.1488,0.1396,1
20,19.82,0.54,12,1.66,1,73.0,21.52,0,,,51.0,40.0,2,188.23,12,9.2429,1.0336,0.1277,1
16,22.9,0.627,19,2.59,1,95.0,55.84,1,0.845,11.3,80.0,79.0,5,561.65,4,8.9923,2.3364,0.1295,0
19,52.38,0.504,15,2.11,1,79.0,29.4,0,,,47.0,98.0,4,697.51,12,11.9153,0.5508,0.1319,1
29,46.81,0.921,22,3.29,1,78.0,40.28,0,,,57.0,75.0,8,274.98,12,13.1532,0.8425,0.143,1
19,124.88,0.755,16,7.19,1,55.0,27.78,0,,,19.0,85.0,9,376.46,4,14.4854,0.2207,0.4229,1
24,24.07,-0.838,9,3.25,1,34.0,22.92,1,0.788,9.8,79.0,35.0,2,217.82,12,10.3702,0.9142,0.325,0
18,40.12,0.221,12,2.55,0,1.0,0.0,0,,,37.0,96.0,0,175.95,4,10.943,0.0,0.1962,1
16,42.15,0.636,21,2.03,0,13.0,0.0,0,,,58.0,18.0,4,133.18,8,10.6661,0.0,0.0923,1
13,116.6,-0.383,18,3.34,1,88.0,12.79,0,,,23.0,32.0,4,112.37,4,12.5811,0.1088,0.1758,1
17,52.46,0.54,11,1.99,1,40.0,16.69,1,0.835,14.8,48.0,50.0,4,239.59,4,11.5006,0.3122,0.1658,0
22,57.33,-0.791,24,9.08,0,7.0,0.0,0,,,34.0,93.0,4,522.89,12,12.7493,0.0,0.3632,1
14,23.53,0.269,14,2.87,0,0.0,0.0,1,0.874,6.1,39.0,66.0,4,362.66,12,8.6655,0.0,0.1913,0
22,50.2,0.666,21,4.91,1,35.0,29.01,1,0.481,1.2,65.0,67.0,9,547.64,12,12.3405,0.5666,0.2232,0
25,68.43,0.723,17,4.59,0,0.0,0.0,0,,,67.0,48.0,7,122.43,12,13.8154,0.0,0.255,1
10,32.4,-0.362,7,1.75,0,12.0,0.0,0,,,59.0,25.0,2,75.81,8,8.4131,0.0,0.2188,1
5,11.94,-0.271,6,2.7,1,84.0,7.14,1,0.967,5.9,75.0,51.0,2,380.74,8,4.5875,0.5518,0.3857,0
18,59.22,0.336,13,4.0,0,2.0,0.0,0,,,34.0,70.0,7,111.77,8,12.0663,0.0,0.2857,1
20,36.83,-0.703,17,4.84,0,3.0,0.0,0,,,68.0,50.0,3,1032.06,12,11.0611,0.0,0.2689,1
20,83.48,0.363,20,3.76,1,54.0,22.54,1,0.671,5.0,25.0,91.0,4,234.44,8,13.5071,0.2668,0.179,0
10,70.98,-0.352,13,2.04,1,62.0,20.45,0,,,47.0,86.0,2,1096.93,12,10.2543,0.2841,0.1457,1
14,95.05,0.385,14,6.88,1,46.0,28.85,0,,,67.0,79.0,4,119.37,12,12.3619,0.3004,0.4587,1
16,37.87,0.823,7,0.95,0,4.0,0.0,1,0.853,14.9,54.0,71.0,5,211.94,8,10.3702,0.0,0.1188,0
4,100.76,-0.255,11,1.05,0,7.0,0.0,1,0.505,34.1,34.0,43.0,2,196.69,4,7.4398,0.0,0.0875,0
21,87.39,0.113,16,5.58,1,61.0,21.89,0,,,58.0,75.0,6,329.97,12,13.8533,0.2477,0.3282,1
20,50.67,-0.413,12,6.78,1,57.0,20.53,0,,,85.0,65.0,8,190.23,8,12.0103,0.3973,0.5215,1
9,25.91,-0.429,10,5.58,1,64.0,21.23,1,0.684,5.5,37.0,34.0,1,194.67,4,7.5813,0.7889,0.5073,0
16,132.57,0.46,9,9.44,0,5.0,0.0,0,,,52.0,51.0,2,511.73,4,13.8675,0.0,0.944,1
15,40.38,-0.853,14,3.66,0,10.0,0.0,1,0.858,3.6,39.0,75.0,4,133.77,12,10.3218,0.0,0.244,0
17,75.74,0.916,16,3.98,0,5.0,0.0,0,,,29.0,79.0,10,660.92,12,12.5454,0.0,0.2341,1
13,33.16,-1.281,12,1.41,0,11.0,0.0,1,0.511,33.7,39.0,25.0,6,656.99,12,9.3187,0.0,0.1085,0
19,69.31,0.716,15,1.3,1,93.0,18.91,0,,,61.0,85.0,5,347.3,52,12.7406,0.269,0.0812,1
7,41.7,-1.26,7,1.43,1,47.0,18.58,0,,,68.0,22.0,2,285.77,8,7.8066,0.4351,0.1788,1
9,44.66,0.448,17,1.79,1,62.0,13.37,1,0.76,14.1,79.0,33.0,3,269.36,4,8.7987,0.2928,0.0994,0
8,38.85,-0.3,7,2.51,0,24.0,0.0,1,0.722,20.9,36.0,51.0,4,407.68,12,8.097,0.0,0.3137,0
17,35.2,0.728,16,2.2,1,27.0,16.75,0,,,37.0,87.0,6,358.27,12,10.3737,0.4627,0.1294,1
15,65.0,0.927,23,4.27,0,5.0,0.0,1,0.485,13.8,54.0,40.0,15,353.87,4,11.6162,0.0,0.1779,0
25,84.84,-0.513,15,6.62,0,0.0,0.0,0,,,54.0,66.0,8,333.87,24,14.5066,0.0,0.4138,1
18,12.78,0.784,20,4.18,0,15.0,0.0,0,,,19.0,46.0,5,297.23,12,7.7239,0.0,0.199,1
21,47.21,0.312,22,2.77,0,11.0,0.0,1,0.675,9.5,48.0,56.0,2,409.41,24,11.9795,0.0,0.1204,0
7,84.02,0.931,18,1.47,0,2.0,0.0,0,,,32.0,96.0,3,84.81,4,9.2387,0.0,0.0774,1
11,20.76,-0.187,13,1.54,0,1.0,0.0,0,,,32.0,35.0,7,291.65,12,7.6537,0.0,0.11,1
15,77.2,-0.867,19,2.46,1,90.0,15.06,0,,,38.0,53.0,4,206.04,52,12.0865,0.1926,0.123,1
18,54.2,-0.916,10,3.46,0,20.0,0.0,1,0.808,34.7,53.0,61.0,4,68.32,4,11.81,0.0,0.3145,0
21,39.38,0.139,12,1.74,0,8.0,0.0,0,,,87.0,80.0,6,1886.07,4,11.4317,0.0,0.1338,1
20,74.35,-1.03,13,1.59,0,3.0,0.0,0,,,7.0,80.0,6,149.88,8,13.1589,0.0,0.1136,1
14,53.69,0.08,12,2.19,0,1.0,0.0,0,,,37.0,30.0,5,684.48,4,10.8368,0.0,0.1685,1
29,89.46,1.033,20,2.39,1,70.0,32.06,0,,,49.0,55.0,5,471.6,4,15.3221,0.3544,0.1138,1
33,74.91,0.772,18,3.49,1,68.0,78.17,0,,,55.0,74.0,7,761.82,12,15.2675,1.0298,0.1837,1
19,36.17,-0.229,16,3.18,1,83.0,70.31,0,,,47.0,72.0,11,691.86,12,10.8311,1.8916,0.1871,1
20,36.31,0.045,12,5.88,0,7.0,0.0,1,0.652,4.4,31.0,65.0,8,118.72,12,11.0189,0.0,0.4523,0
9,23.47,-0.446,12,5.01,1,67.0,16.36,0,,,30.0,39.0,6,93.06,4,7.3624,0.6686,0.3854,1
13,66.33,1.24,11,1.99,0,4.0,0.0,1,0.84,10.0,38.0,74.0,7,398.94,8,11.1094,0.0,0.1658,0
12,61.43,0.573,10,2.7,0,16.0,0.0,0,,,17.0,68.0,2,240.58,12,10.6036,0.0,0.2455,1
12,102.03,1.037,13,3.38,1,46.0,22.2,1,0.966,9.0,73.0,26.0,6,254.57,12,11.8886,0.2155,0.2414,0
16,48.84,-0.42,15,2.37,1,85.0,31.95,1,0.442,10.4,40.0,88.0,4,194.69,4,11.0745,0.6411,0.1481,0
22,69.74,1.423,24,2.56,0,8.0,0.0,0,,,39.0,59.0,9,562.34,12,13.3541,0.0,0.1024,1
10,72.94,-0.456,10,3.75,0,9.0,0.0,0,,,85.0,54.0,2,105.92,12,10.3188,0.0,0.3409,1
26,284.34,-0.105,22,3.65,0,1.0,0.0,0,,,41.0,92.0,6,202.3,52,18.6336,0.0,0.1587,1
31,208.34,1.121,16,6.28,1,17.0,44.0,1,0.821,10.2,58.0,67.0,9,243.48,24,18.5208,0.2102,0.3694,0
25,17.25,-0.699,16,1.43,1,30.0,24.22,0,,,58.0,34.0,7,623.98,4,9.4621,1.3271,0.0841,1
12,31.11,-0.67,17,2.62,0,2.0,0.0,1,0.891,21.6,26.0,87.0,5,343.78,4,8.8982,0.0,0.1456,0
12,37.24,0.33,9,5.04,1,65.0,27.28,0,,,53.0,45.0,4,532.15,12,9.3464,0.7134,0.504,1
20,42.39,0.185,8,2.12,0,8.0,0.0,1,0.908,4.9,86.0,71.0,3,237.45,4,11.4785,0.0,0.2356,0
8,15.15,0.798,4,1.23,0,1.0,0.0,0,,,40.0,35.0,1,234.62,4,6.1125,0.0,0.246,1
9,38.07,-0.388,5,3.8,0,18.0,0.0,0,,,17.0,94.0,2,434.51,24,8.4398,0.0,0.6333,1
23,34.8,1.149,24,5.78,1,61.0,60.02,0,,,62.0,86.0,6,195.41,52,11.3709,1.6765,0.2312,1
10,20.46,0.079,12,2.07,0,1.0,0.0,1,0.679,0.9,55.0,34.0,2,427.95,12,7.3524,0.0,0.1592,0
7,28.3,0.276,10,2.33,1,31.0,25.53,0,,,50.0,43.0,6,192.86,52,7.0235,0.8713,0.2118,1
13,32.22,0.016,11,3.02,0,6.0,0.0,0,,,77.0,73.0,5,87.47,52,9.245,0.0,0.2517,1
6,10.25,0.097,12,1.65,1,71.0,7.42,1,0.68,46.0,19.0,19.0,0,376.01,12,4.7098,0.6596,0.1269,0
19,32.85,-0.274,12,1.83,1,46.0,28.88,1,0.875,1.3,47.0,78.0,6,304.82,8,10.5508,0.8532,0.1408,0
13,46.85,0.848,11,3.17,1,77.0,12.81,1,0.661,32.0,30.0,58.0,3,317.57,12,10.2081,0.2677,0.2642,0
2,19.76,-1.27,15,4.0,0,4.0,0.0,1,0.186,11.9,34.0,86.0,3,796.82,24,3.3321,0.0,0.25,0
21,12.42,-0.588,11,1.37,0,6.0,0.0,0,,,17.0,36.0,6,591.18,8,8.0267,0.0,0.1142,1
15,100.65,0.212,20,4.03,0,2.0,0.0,1,0.759,0.2,74.0,84.0,6,208.81,8,12.8136,0.0,0.1919,0
25,30.52,-0.057,18,2.66,1,29.0,21.63,1,0.788,10.4,59.0,62.0,5,512.38,12,11.2425,0.6862,0.14,0
20,58.34,-0.26,13,4.67,1,64.0,13.45,0,,,92.0,86.0,9,433.67,4,12.4316,0.2267,0.3336,1
3,24.16,-0.162,11,1.78,0,9.0,0.0,1,0.84,2.4,38.0,67.0,7,180.34,4,4.4712,0.0,0.1483,0
6,74.79,0.207,10,3.98,0,7.0,0.0,1,0.915,8.6,56.0,48.0,4,352.35,12,8.4218,0.0,0.3618,0
10,27.73,-0.802,9,1.0,1,62.0,6.85,0,,,46.0,67.0,2,108.73,4,8.052,0.2384,0.1,1
28,21.01,0.452,18,6.32,1,93.0,59.06,1,0.799,22.7,36.0,77.0,7,206.94,4,10.41,2.6833,0.3326,0
21,123.02,-0.496,10,2.99,1,42.0,23.69,1,0.575,8.1,68.0,60.0,6,1641.49,8,14.9002,0.191,0.2718,0
5,35.02,0.656,11,1.69,0,5.0,0.0,0,,,26.0,24.0,2,863.54,4,6.4218,0.0,0.1408,1
14,78.36,-0.964,16,1.81,1,85.0,32.65,1,0.691,19.9,25.0,55.0,5,241.77,12,11.845,0.4114,0.1065,0
23,18.67,-0.734,9,1.81,0,24.0,0.0,0,,,62.0,94.0,4,46.69,8,9.4677,0.0,0.181,1
14,59.13,-0.123,9,1.58,1,67.0,19.87,1,0.868,13.6,40.0,43.0,3,222.27,8,11.0936,0.3305,0.158,0
25,69.31,-0.029,12,3.52,1,95.0,35.66,1,0.878,5.0,39.0,81.0,9,256.89,24,13.8564,0.5072,0.2708,0
11,19.66,-0.509,14,2.96,1,89.0,40.78,0,,,49.0,67.0,3,280.73,8,7.5248,1.9739,0.1973,1
11,38.14,0.161,17,4.03,0,13.0,0.0,1,0.515,23.8,40.0,54.0,9,269.39,12,9.1125,0.0,0.2239,0
26,71.94,1.083,22,3.46,1,73.0,47.57,0,,,32.0,74.0,9,205.51,52,14.1379,0.6522,0.1504,1
25,96.12,0.513,9,3.37,0,6.0,0.0,0,,,58.0,63.0,8,958.54,8,14.9089,0.0,0.337,1
14,45.72,-0.677,12,2.3,0,10.0,0.0,1,0.833,4.3,25.0,52.0,0,289.12,8,10.4102,0.0,0.1769,0
12,42.33,0.787,8,2.52,0,3.0,0.0,0,,,32.0,69.0,5,51.08,8,9.6669,0.0,0.28,1
18,44.32,0.503,11,7.29,0,0.0,0.0,1,0.527,13.5,61.0,63.0,12,166.97,8,11.2293,0.0,0.6075,0
16,47.63,0.481,7,2.9,1,75.0,16.11,0,,,62.0,64.0,8,279.11,12,11.0049,0.3313,0.3625,1
22,245.57,0.563,18,13.78,1,20.0,54.43,1,0.776,4.8,47.0,69.0,16,1057.62,8,17.2692,0.2207,0.7253,0
14,13.94,0.215,17,7.79,1,75.0,31.91,0,,,61.0,30.0,6,2393.15,8,7.3227,2.1359,0.4328,1
11,63.46,0.037,25,1.71,0,15.0,0.0,1,0.674,40.1,31.0,70.0,6,515.01,4,10.3522,0.0,0.0658,0
7,31.41,0.068,10,2.11,1,78.0,12.66,0,,,62.0,19.0,3,325.83,4,7.2333,0.3906,0.1918,1
22,14.04,-0.535,15,4.98,1,92.0,20.12,1,0.574,10.1,67.0,93.0,8,150.52,12,8.4994,1.3378,0.3113,0
10,59.78,-0.853,12,2.67,0,10.0,0.0,1,0.561,9.0,57.0,60.0,2,254.67,52,9.8488,0.0,0.2054,0
19,63.29,0.267,15,4.26,1,64.0,55.86,0,,,64.0,88.0,8,1195.08,8,12.4724,0.8689,0.2662,1
9,51.0,0.076,16,2.05,0,5.0,0.0,0,,,19.0,44.0,1,319.07,8,9.0981,0.0,0.1206,1
15,27.79,1.969,12,1.48,1,72.0,14.86,1,0.664,1.0,68.0,54.0,2,307.37,8,9.316,0.5162,0.1138,0
9,32.25,-0.227,11,2.35,0,8.0,0.0,0,,,38.0,21.0,4,310.27,24,8.0684,0.0,0.1958,1
5,47.26,-0.75,9,1.38,0,6.0,0.0,0,,,26.0,74.0,0,79.16,24,6.9459,0.0,0.138,1
8,46.29,-0.341,13,1.39,0,3.0,0.0,0,,,25.0,86.0,3,305.56,12,8.4732,0.0,0.0993,1
20,61.89,0.912,13,2.95,1,47.0,12.85,0,,,19.0,53.0,12,157.36,8,12.6085,0.2043,0.2107,1
32,42.03,0.82,23,7.14,1,64.0,69.55,1,0.968,8.5,81.0,76.0,8,346.73,4,13.1535,1.6163,0.2975,0
9,24.97,-0.022,15,2.07,0,5.0,0.0,1,0.794,20.6,24.0,35.0,1,138.47,8,7.4994,0.0,0.1294,0
13,81.09,1.035,21,3.74,1,60.0,10.36,0,,,50.0,98.0,6,257.35,24,11.6325,0.1262,0.17,1
10,45.79,-0.647,13,1.68,1,78.0,10.82,1,0.711,9.0,63.0,60.0,4,130.36,8,9.2215,0.2312,0.12,0
28,56.53,0.273,20,2.92,1,53.0,19.13,0,,,29.0,54.0,15,415.64,12,13.6453,0.3325,0.139,1
18,144.48,0.929,19,5.21,1,76.0,98.81,0,,,64.0,57.0,7,908.93,8,14.6634,0.6792,0.2605,1
18,31.19,-0.123,21,3.47,1,53.0,23.18,1,0.747,1.6,37.0,66.0,8,1031.84,8,10.2221,0.7201,0.1577,0
37,179.67,0.432,23,7.96,0,0.0,0.0,1,0.71,0.8,42.0,68.0,12,268.36,12,18.9033,0.0,0.3317,0
6,19.97,0.038,9,3.45,0,4.0,0.0,0,,,72.0,72.0,1,145.49,8,5.9216,0.0,0.345,1
22,71.45,0.063,14,3.3,1,77.0,57.36,0,,,50.0,90.0,5,334.64,4,13.429,0.7917,0.22,1
39,119.1,0.757,25,4.36,0,8.0,0.0,1,0.722,1.5,72.0,84.0,18,1387.6,8,17.6636,0.0,0.1677,0
14,14.4,0.058,16,3.31,1,81.0,19.88,0,,,60.0,83.0,4,670.42,12,7.4048,1.2909,0.1947,1
12,18.39,-0.77,9,4.21,1,63.0,29.46,0,,,16.0,49.0,4,620.04,4,7.6045,1.5193,0.421,1
17,55.25,-0.781,11,0.99,0,1.0,0.0,0,,,49.0,74.0,3,502.43,24,11.6476,0.0,0.0825,1
35,188.65,1.363,17,2.82,0,19.0,0.0,0,,,54.0,83.0,13,429.91,12,18.7962,0.0,0.1567,1
18,36.15,0.513,22,3.14,1,46.0,13.51,0,,,37.0,86.0,8,281.32,4,10.644,0.3637,0.1365,1
15,29.48,-0.389,10,2.52,0,8.0,0.0,1,0.721,21.4,18.0,24.0,7,378.5,12,9.4741,0.0,0.2291,0
21,64.6,0.146,18,1.89,0,5.0,0.0,1,0.748,28.3,78.0,79.0,7,204.52,8,12.9316,0.0,0.0995,0
22,251.15,0.418,12,2.0,0,3.0,0.0,0,,,71.0,42.0,6,74.64,4,17.3394,0.0,0.1538,1
24,105.34,1.703,19,5.29,0,2.0,0.0,1,0.332,0.4,88.0,84.0,11,336.17,24,15.0213,0.0,0.2645,0
11,18.91,0.395,8,2.73,0,1.0,0.0,0,,,35.0,55.0,6,234.19,4,7.4329,0.0,0.3033,1
16,19.29,-0.164,18,2.53,1,53.0,15.89,0,,,57.0,35.0,8,157.13,12,8.5283,0.7831,0.1332,1
8,30.61,-0.51,17,2.7,1,74.0,13.98,1,0.55,51.0,12.0,39.0,4,186.88,4,7.5881,0.4423,0.15,0
13,24.07,-0.742,9,4.81,0,6.0,0.0,0,,,60.0,85.0,2,141.37,4,8.5022,0.0,0.481,1
16,25.81,-0.239,12,3.01,0,8.0,0.0,0,,,88.0,93.0,10,41.17,4,9.3178,0.0,0.2315,1
8,21.51,-0.164,14,2.05,1,67.0,11.28,0,,,56.0,70.0,2,445.61,8,6.8421,0.5011,0.1367,1
5,28.95,-0.35,10,4.29,0,3.0,0.0,0,,,34.0,20.0,3,87.38,8,6.0911,0.0,0.39,1
30,199.23,0.657,14,1.87,0,3.0,0.0,1,0.901,1.8,61.0,51.0,5,710.41,8,18.1983,0.0,0.1247,0
12,37.63,-0.457,12,4.31,1,54.0,44.14,0,,,45.0,18.0,3,127.17,12,9.3724,1.1426,0.3315,1
11,41.4,0.967,15,2.34,0,5.0,0.0,0,,,28.0,53.0,8,215.08,4,9.3113,0.0,0.1462,1
10,56.59,0.349,10,1.68,0,14.0,0.0,1,0.743,3.1,15.0,83.0,2,152.62,8,9.7195,0.0,0.1527,0
16,38.51,0.339,13,4.7,1,83.0,20.78,1,0.599,4.2,36.0,69.0,2,403.78,4,10.4165,0.5259,0.3357,0
9,51.23,-0.375,9,2.21,0,8.0,0.0,1,0.566,9.0,74.0,72.0,2,786.56,24,9.1082,0.0,0.221,0
7,15.5,-0.488,16,3.91,0,11.0,0.0,1,0.867,10.5,30.0,90.0,2,149.72,24,5.8294,0.0,0.23,0
27,56.53,0.026,15,1.54,0,2.0,0.0,0,,,29.0,54.0,5,2797.46,4,13.5031,0.0,0.0962,1
11,62.91,0.212,15,4.41,1,44.0,14.84,1,0.924,19.7,34.0,59.0,5,528.0,8,10.3309,0.2322,0.2756,0
21,117.69,0.686,15,2.82,0,2.0,0.0,1,0.464,11.8,61.0,51.0,11,102.13,4,14.7644,0.0,0.1762,0
20,23.34,0.458,19,2.24,0,4.0,0.0,1,0.727,6.7,34.0,62.0,1,504.97,12,9.7185,0.0,0.112,0
20,21.46,1.304,15,3.02,0,0.0,0.0,0,,,68.0,71.0,6,352.91,24,9.4737,0.0,0.1888,1
17,61.53,0.039,16,5.05,1,53.0,47.11,0,,,54.0,59.0,3,597.28,52,11.9536,0.7534,0.2971,1
6,34.31,-0.768,8,0.91,1,65.0,11.55,0,,,48.0,54.0,2,459.87,4,6.9355,0.3271,0.1011,1
12,53.89,0.232,11,2.25,0,5.0,0.0,0,,,59.0,79.0,0,259.52,12,10.2735,0.0,0.1875,1
17,59.11,1.037,11,9.46,0,3.0,0.0,0,,,65.0,59.0,2,254.76,8,11.8395,0.0,0.7883,1
15,30.95,0.683,9,1.53,1,58.0,24.82,1,0.87,4.4,49.0,43.0,2,190.29,12,9.6047,0.7768,0.153,0
16,58.06,0.103,15,1.56,1,20.0,16.82,1,0.712,6.4,78.0,27.0,7,268.53,4,11.5554,0.2848,0.0975,0
7,80.14,-0.399,10,1.11,1,90.0,9.88,0,,,47.0,21.0,4,203.86,12,9.1416,0.1218,0.1009,1
20,67.65,-0.189,21,5.03,1,72.0,45.6,1,0.394,31.2,60.0,70.0,12,368.37,52,12.8753,0.6642,0.2286,0
26,31.5,-0.288,10,3.2,0,4.0,0.0,0,,,14.0,22.0,6,407.08,8,11.4736,0.0,0.2909,1
11,52.93,0.124,10,6.85,0,7.0,0.0,0,,,46.0,57.0,5,529.77,12,9.909,0.0,0.6227,1
24,73.55,0.302,9,4.17,1,73.0,57.87,0,,,69.0,70.0,5,207.72,4,13.8781,0.7763,0.417,1
13,45.97,0.06,13,1.61,1,57.0,12.32,0,,,51.0,27.0,4,149.06,12,10.1591,0.2623,0.115,1
15,82.36,-0.345,16,3.06,0,1.0,0.0,0,,,37.0,61.0,4,264.76,12,12.2636,0.0,0.18,1
22,24.2,-0.655,17,3.62,0,2.0,0.0,1,0.958,6.4,49.0,25.0,5,958.52,12,10.1178,0.0,0.2011,0
18,27.57,0.378,11,2.69,1,65.0,27.87,0,,,53.0,82.0,8,539.11,4,9.8708,0.9755,0.2242,1
4,11.77,-0.143,9,3.28,1,66.0,13.99,0,,,73.0,86.0,5,131.95,8,4.0994,1.0955,0.328,1
8,47.4,-0.735,13,2.43,0,2.0,0.0,0,,,57.0,54.0,7,432.09,4,8.5241,0.0,0.1736,1
13,16.74,0.729,12,2.68,0,13.0,0.0,1,0.807,6.7,10.0,67.0,6,187.15,12,7.5895,0.0,0.2062,0
21,38.76,-0.121,15,5.04,1,87.0,14.27,0,,,72.0,72.0,3,52.76,4,11.3839,0.3589,0.315,1
15,97.7,2.098,15,5.13,1,36.0,18.63,1,0.88,6.1,15.0,41.0,6,433.79,8,12.732,0.1888,0.3206,0
27,119.11,-0.025,17,16.31,1,80.0,29.92,0,,,51.0,65.0,13,136.09,12,15.956,0.2491,0.9061,1
8,39.58,0.415,14,4.87,0,7.0,0.0,0,,,73.0,10.0,3,93.89,52,8.1369,0.0,0.3247,1
16,101.6,0.177,14,4.85,0,2.0,0.0,0,,,84.0,44.0,7,269.24,8,13.1202,0.0,0.3233,1
9,35.02,-0.598,13,2.9,0,3.0,0.0,0,,,46.0,69.0,5,535.42,8,8.2526,0.0,0.2071,1
10,19.49,-0.444,13,2.04,1,85.0,9.03,1,0.936,12.0,48.0,45.0,2,111.58,4,7.2415,0.4407,0.1457,0
8,37.91,-1.097,18,3.15,0,0.0,0.0,0,,,23.0,60.0,5,490.17,4,8.0446,0.0,0.1658,1
19,70.71,0.174,15,3.5,0,1.0,0.0,1,0.493,8.8,31.0,80.0,4,327.07,4,12.7997,0.0,0.2188,0
23,94.6,1.004,8,5.14,1,49.0,134.06,0,,,19.0,72.0,6,178.22,4,14.4925,1.4023,0.5711,1
14,54.87,-0.138,14,1.38,0,6.0,0.0,1,0.847,4.9,26.0,72.0,3,234.27,24,10.8946,0.0,0.092,0
25,54.8,0.14,17,4.7,0,3.0,0.0,0,,,44.0,53.0,9,408.51,12,13.1033,0.0,0.2611,1
11,23.37,-0.221,14,0.75,0,15.0,0.0,1,0.767,7.2,10.0,32.0,2,58.58,8,7.9352,0.0,0.05,0
20,50.99,-0.064,10,3.94,1,56.0,33.93,1,0.682,16.7,73.0,68.0,8,171.63,24,12.0291,0.6526,0.3582,0
13,108.33,1.341,17,2.65,1,50.0,51.82,0,,,63.0,69.0,7,78.84,8,12.3887,0.474,0.1472,1
25,65.23,0.536,4,1.97,0,1.0,0.0,0,,,39.0,76.0,1,406.69,4,13.6616,0.0,0.394,1
18,124.27,1.197,14,1.84,1,35.0,15.98,1,0.836,13.3,40.0,75.0,10,1265.95,52,14.223,0.1276,0.1227,0
24,32.49,0.568,11,6.44,1,82.0,28.04,0,,,34.0,52.0,7,521.74,8,11.3023,0.8373,0.5367,1
28,46.28,1.051,11,2.93,1,61.0,68.91,0,,,37.0,26.0,8,110.98,8,12.9846,1.4575,0.2442,1
10,15.25,-0.95,12,1.97,1,63.0,17.21,1,0.761,27.2,54.0,29.0,1,230.53,52,6.6856,1.0591,0.1515,0
20,23.22,0.188,14,2.9,0,13.0,0.0,1,0.788,10.3,72.0,67.0,7,297.04,8,9.7034,0.0,0.1933,0
6,38.11,0.229,10,3.92,0,12.0,0.0,0,,,64.0,60.0,2,119.32,8,7.1344,0.0,0.3564,1
11,13.58,0.448,5,9.29,0,1.0,0.0,0,,,12.0,58.0,1,302.2,8,6.6587,0.0,1.5483,1
18,207.37,-0.312,14,12.63,0,1.0,0.0,0,,,48.0,29.0,8,369.79,24,15.7213,0.0,0.842,1
9,20.91,-0.478,15,2.96,0,1.0,0.0,1,0.902,7.7,61.0,37.0,5,130.77,12,7.1079,0.0,0.185,0
19,45.64,0.316,21,2.43,1,70.0,51.94,1,0.851,8.8,71.0,67.0,12,332.02,24,11.511,1.1136,0.1105,0
21,66.2,0.502,20,2.29,0,0.0,0.0,0,,,65.0,54.0,9,136.44,12,13.0061,0.0,0.109,1
18,30.41,0.582,18,2.94,1,54.0,30.51,0,,,21.0,83.0,7,139.13,8,10.1499,0.9713,0.1547,1
10,47.19,-0.701,5,1.44,0,10.0,0.0,0,,,51.0,77.0,3,203.82,12,9.2922,0.0,0.24,1
10,14.57,0.077,9,2.79,0,9.0,0.0,0,,,47.0,61.0,2,841.95,8,6.5831,0.0,0.279,1
11,33.67,-0.41,12,1.96,1,64.0,9.16,1,0.579,6.1,52.0,67.0,0,88.5,4,8.8112,0.2642,0.1508,0
20,29.28,-0.66,16,1.3,0,6.0,0.0,1,0.516,59.2,25.0,29.0,0,74.87,24,10.3833,0.0,0.0765,0
10,45.3,-0.808,19,1.56,0,7.0,0.0,1,0.991,15.9,19.0,31.0,3,32.22,8,9.1963,0.0,0.078,0
15,85.54,0.104,18,4.18,0,5.0,0.0,1,0.903,2.7,32.0,95.0,2,114.05,12,12.3674,0.0,0.22,0
16,71.13,0.348,19,1.49,0,6.0,0.0,1,0.691,52.8,83.0,98.0,5,352.41,12,12.1218,0.0,0.0745,0
9,30.87,-0.3,12,2.66,1,57.0,20.97,0,,,39.0,78.0,7,217.6,24,7.9708,0.658,0.2046,1
11,13.27,0.201,11,1.52,0,6.0,0.0,1,0.63,26.3,26.0,58.0,4,136.48,12,6.6053,0.0,0.1267,0
13,14.57,-0.04,10,2.03,0,11.0,0.0,0,,,55.0,76.0,6,171.57,4,7.2451,0.0,0.1845,1
17,39.53,0.074,16,4.07,1,66.0,31.47,1,0.894,0.7,38.0,39.0,2,295.39,4,10.7003,0.7765,0.2394,0
19,59.38,1.146,18,2.03,0,6.0,0.0,0,,,52.0,76.0,7,197.32,12,12.2845,0.0,0.1068,1
23,36.21,0.094,8,4.26,0,12.0,0.0,1,0.829,6.0,65.0,80.0,2,277.72,8,11.4937,0.0,0.4733,0
36,41.52,0.016,16,3.92,0,12.0,0.0,1,0.667,24.0,59.0,86.0,7,665.63,12,13.5409,0.0,0.2306,0
25,156.15,0.701,16,2.51,0,9.0,0.0,0,,,27.0,29.0,5,168.99,4,16.4768,0.0,0.1476,1
4,47.85,-1.215,13,4.0,1,64.0,18.44,0,,,9.0,49.0,6,285.24,4,6.2587,0.3775,0.2857,1
43,68.94,0.663,23,2.74,0,9.0,0.0,1,0.883,1.5,34.0,62.0,8,243.6,4,16.0739,0.0,0.1142,0
13,15.75,-0.553,17,2.76,1,72.0,10.38,0,,,64.0,59.0,7,238.14,24,7.4379,0.6197,0.1533,1
12,70.15,-0.058,9,1.86,0,8.0,0.0,1,0.577,28.5,76.0,39.0,1,376.95,8,10.939,0.0,0.186,0
26,105.93,0.977,10,5.02,0,8.0,0.0,1,0.646,0.8,94.0,60.0,10,340.01,4,15.3987,0.0,0.4564,0
13,61.96,-0.1,14,2.36,0,1.0,0.0,1,0.884,4.6,57.0,49.0,1,187.11,8,10.9323,0.0,0.1573,0
23,12.0,0.004,19,3.4,1,68.0,36.49,0,,,20.0,58.0,5,222.01,12,8.1515,2.8069,0.17,1
6,20.08,-0.084,11,1.68,0,12.0,0.0,1,0.697,14.1,28.0,49.0,1,98.42,4,5.9318,0.0,0.14,0
18,45.13,0.028,14,1.99,1,84.0,15.99,1,0.592,14.8,79.0,65.0,3,274.39,8,11.2815,0.3466,0.1327,0
15,30.98,-0.976,7,5.4,0,6.0,0.0,1,0.867,38.8,44.0,82.0,5,348.41,12,9.6073,0.0,0.675,0
14,108.71,0.234,10,3.53,0,18.0,0.0,1,0.747,6.4,11.0,17.0,6,875.41,8,12.722,0.0,0.3209,0
14,79.49,-0.393,11,5.47,0,5.0,0.0,0,,,44.0,71.0,11,576.27,4,11.8833,0.0,0.4558,1
15,49.82,-0.04,13,0.85,1,34.0,49.34,1,0.405,32.0,71.0,48.0,1,336.4,8,10.8915,0.9709,0.0607,0
19,43.59,0.299,12,1.82,0,11.0,0.0,1,0.787,9.8,30.0,34.0,8,337.28,12,11.3763,0.0,0.14,0
4,26.1,-0.553,7,2.04,0,2.0,0.0,1,0.884,10.2,28.0,43.0,1,91.37,12,5.3104,0.0,0.255,0
13,25.37,-0.965,9,0.6,0,8.0,0.0,0,,,35.0,90.0,4,538.14,52,8.6356,0.0,0.06,1
16,33.02,0.193,11,2.0,1,73.0,17.0,0,,,48.0,72.0,6,74.56,12,9.9926,0.4997,0.1667,1
9,26.43,0.517,8,2.03,0,6.0,0.0,0,,,36.0,36.0,3,483.48,8,7.6253,0.0,0.2256,1
11,24.65,0.322,7,3.21,0,3.0,0.0,0,,,24.0,79.0,5,230.75,8,8.0624,0.0,0.4012,1
45,49.56,0.487,30,2.18,1,93.0,23.32,0,,,86.0,71.0,13,105.05,24,15.0204,0.4612,0.0703,1
19,11.16,0.226,17,2.17,0,3.0,0.0,0,,,43.0,80.0,11,413.06,8,7.4838,0.0,0.1206,1
11,23.03,-0.873,7,2.79,0,0.0,0.0,0,,,86.0,83.0,4,301.03,24,7.9003,0.0,0.3488,1
19,59.67,0.102,8,2.72,1,85.0,17.27,0,,,23.0,58.0,7,291.75,4,12.2988,0.2847,0.3022,1
13,34.0,-0.01,14,7.06,1,74.0,15.68,0,,,35.0,38.0,2,73.79,12,9.3828,0.448,0.4707,1
13,12.71,0.005,11,2.82,1,67.0,8.67,0,,,43.0,66.0,5,472.95,8,6.9094,0.6324,0.235,1
25,55.04,0.046,24,5.89,0,3.0,0.0,1,0.667,6.1,74.0,64.0,6,628.9,4,13.1173,0.0,0.2356,0
13,41.76,-0.288,12,2.94,1,73.0,23.81,0,,,46.0,60.0,3,231.91,12,9.9113,0.5568,0.2262,1
10,44.44,-1.327,10,1.36,0,4.0,0.0,0,,,18.0,37.0,1,548.94,24,9.1513,0.0,0.1236,1
15,23.06,-0.794,16,1.85,0,16.0,0.0,0,,,43.0,82.0,3,154.64,12,8.8184,0.0,0.1088,1
11,26.52,0.71,17,2.41,0,9.0,0.0,1,0.915,6.6,54.0,63.0,10,213.65,8,8.2372,0.0,0.1339,0
20,36.93,-0.275,20,3.63,1,56.0,46.1,0,,,70.0,54.0,8,206.75,12,11.0691,1.2154,0.1729,1
14,25.73,-0.02,13,3.52,1,46.0,15.82,0,,,50.0,26.0,10,191.1,8,8.8981,0.5918,0.2514,1
6,43.74,-0.485,8,1.81,0,10.0,0.0,1,0.684,3.5,44.0,46.0,1,298.71,8,7.3961,0.0,0.2011,0
20,89.8,-0.171,18,3.67,0,12.0,0.0,0,,,67.0,54.0,6,397.27,24,13.7267,0.0,0.1932,1
22,32.21,0.568,25,3.99,0,12.0,0.0,0,,,20.0,93.0,13,1202.1,12,10.9832,0.0,0.1535,1
15,48.84,0.508,17,1.02,0,2.0,0.0,0,,,72.0,88.0,5,263.54,8,10.8375,0.0,0.0567,1
7,47.76,0.117,11,4.99,1,38.0,23.96,0,,,28.0,84.0,1,47.62,4,8.0826,0.4914,0.4158,1
22,28.98,0.367,17,5.78,1,65.0,22.94,0,,,44.0,49.0,4,716.56,4,10.6623,0.7652,0.3211,1
36,270.28,-0.575,21,1.95,1,21.0,35.73,0,,,53.0,53.0,14,1027.92,12,20.2325,0.1317,0.0886,1
26,104.34,-0.102,16,3.81,1,78.0,22.99,1,0.832,10.2,60.0,46.0,13,441.72,24,15.3493,0.2182,0.2241,0
30,108.57,0.549,26,4.42,0,7.0,0.0,0,,,50.0,94.0,9,629.92,4,16.1279,0.0,0.1637,1
7,48.54,0.348,10,1.83,0,7.0,0.0,1,0.483,19.1,29.0,11.0,3,208.8,8,8.1156,0.0,0.1664,0
14,18.93,0.417,11,3.24,1,75.0,33.38,1,0.834,0.5,26.0,91.0,7,361.61,4,8.1031,1.6749,0.27,0
3,18.39,0.041,13,1.03,1,66.0,6.79,1,0.569,6.2,49.0,48.0,2,64.2,12,4.11,0.3502,0.0736,0
20,33.79,0.514,16,1.42,0,5.0,0.0,0,,,28.0,41.0,3,359.76,8,10.806,0.0,0.0835,1
12,16.35,-0.054,11,1.13,1,93.0,9.67,0,,,42.0,89.0,5,260.78,12,7.3193,0.5573,0.0942,1
27,25.39,1.155,23,3.23,1,62.0,41.17,0,,,33.0,45.0,3,117.35,4,10.9063,1.5601,0.1346,1
15,29.42,1.065,15,3.83,1,93.0,24.6,0,,,56.0,73.0,9,394.84,4,9.4687,0.8087,0.2394,1
6,106.8,0.788,16,2.64,0,13.0,0.0,1,0.691,14.3,29.0,54.0,1,97.96,24,9.1074,0.0,0.1553,0
12,12.93,-0.157,11,1.96,1,42.0,35.89,0,,,48.0,64.0,2,515.5,4,6.7562,2.5765,0.1633,1
13,71.88,0.785,26,1.13,1,86.0,40.85,1,0.827,6.9,67.0,54.0,7,144.97,24,11.3184,0.5605,0.0419,0
25,39.68,1.453,21,2.34,0,3.0,0.0,1,0.813,28.0,45.0,78.0,11,1061.52,24,12.0736,0.0,0.1064,0
9,18.74,-0.357,10,2.58,1,60.0,18.53,0,,,56.0,70.0,4,249.16,8,6.8678,0.9387,0.2345,1
18,34.12,0.164,12,2.89,1,77.0,43.69,0,,,64.0,91.0,7,364.46,8,10.4786,1.244,0.2223,1
20,49.41,0.746,14,4.91,0,7.0,0.0,1,0.596,2.8,66.0,82.0,10,1857.28,12,11.9351,0.0,0.3273,0
26,90.92,-0.016,9,7.19,1,64.0,36.76,1,0.569,24.9,72.0,98.0,10,559.5,24,14.9002,0.3999,0.719,0
22,87.66,1.029,18,0.98,0,2.0,0.0,0,,,63.0,76.0,12,657.87,4,14.0621,0.0,0.0516,1
19,23.86,-1.051,13,3.75,0,3.0,0.0,1,0.718,22.3,37.0,31.0,6,415.06,12,9.6261,0.0,0.2679,0
11,25.42,1.506,15,2.26,0,4.0,0.0,0,,,60.0,81.0,7,325.28,12,8.1359,0.0,0.1412,1
16,170.45,0.154,18,2.15,0,2.0,0.0,1,0.889,7.8,88.0,79.0,11,820.52,12,14.5749,0.0,0.1132,0
23,93.8,0.772,24,4.72,1,81.0,17.86,0,,,44.0,62.0,12,2247.62,8,14.4658,0.1884,0.1888,1
23,228.46,0.272,22,3.87,1,88.0,31.84,0,,,55.0,80.0,7,183.85,24,17.275,0.1388,0.1683,1
30,74.82,-0.837,19,2.75,0,5.0,0.0,0,,,32.0,67.0,7,77.21,8,14.8635,0.0,0.1375,1
19,108.57,0.408,17,1.57,0,7.0,0.0,0,,,54.0,65.0,3,302.51,4,14.0696,0.0,0.0872,1
12,108.79,0.144,6,1.7,0,8.0,0.0,0,,,11.0,79.0,4,315.36,24,12.0516,0.0,0.2429,1
9,42.23,-1.32,11,2.34,1,92.0,14.52,0,,,36.0,64.0,3,127.8,12,8.6728,0.3359,0.195,1
17,30.85,-0.34,8,4.39,0,6.0,0.0,0,,,61.0,29.0,4,222.99,4,10.0037,0.0,0.4878,1
22,37.9,-0.101,18,2.66,1,77.0,40.59,0,,,34.0,95.0,4,1492.48,24,11.479,1.0434,0.14,1
13,93.84,-0.756,9,6.86,1,36.0,21.98,1,0.88,2.5,40.0,48.0,3,274.71,8,12.0135,0.2318,0.686,0
15,37.16,0.181,17,3.93,0,8.0,0.0,0,,,44.0,45.0,4,253.2,52,10.0972,0.0,0.2183,1
5,24.08,-0.255,8,2.57,1,36.0,14.45,1,0.709,2.4,8.0,7.0,3,531.28,4,5.7732,0.5762,0.2856,0
16,95.01,0.426,8,4.2,0,8.0,0.0,1,0.779,3.2,44.0,73.0,7,82.96,8,12.9321,0.0,0.4667,0
18,62.42,-0.715,11,2.99,0,16.0,0.0,0,,,42.0,18.0,6,695.98,52,12.2188,0.0,0.2492,1
10,12.68,0.377,12,1.25,1,59.0,16.1,0,,,40.0,81.0,2,1729.04,24,6.2727,1.1769,0.0962,1
23,127.77,0.859,19,1.15,0,7.0,0.0,0,,,67.0,64.0,7,420.62,12,15.4391,0.0,0.0575,1
10,84.27,0.959,11,2.59,0,1.0,0.0,1,0.865,4.3,23.0,87.0,4,146.43,4,10.6606,0.0,0.2158,0
9,38.64,-0.716,10,2.59,0,4.0,0.0,1,0.786,24.7,68.0,74.0,5,235.79,12,8.4731,0.0,0.2355,0
13,38.5,0.034,10,1.92,1,69.0,4.98,0,,,40.0,94.0,7,94.85,8,9.702,0.1261,0.1745,1
11,49.09,-0.001,11,1.54,1,77.0,10.43,0,,,59.0,74.0,4,212.17,4,9.7255,0.2082,0.1283,1
24,93.16,0.448,17,8.77,0,1.0,0.0,1,0.917,7.8,69.0,52.0,7,458.6,4,14.6298,0.0,0.4872,0
26,107.83,0.051,16,2.69,0,2.0,0.0,0,,,65.0,76.0,8,100.01,8,15.4568,0.0,0.1582,1
12,184.59,-0.211,12,2.32,1,88.0,11.38,1,0.697,96.7,22.0,73.0,6,178.57,52,13.3981,0.0613,0.1785,0
17,38.33,0.347,12,2.76,1,57.0,23.04,1,0.738,27.5,34.0,39.0,6,443.63,12,10.6134,0.5858,0.2123,0
10,49.85,-0.5,7,0.82,0,5.0,0.0,0,,,63.0,50.0,4,573.26,8,9.421,0.0,0.1025,1
18,36.91,0.256,17,0.81,1,39.0,20.89,0,,,26.0,69.0,7,63.44,4,10.7037,0.551,0.045,1
14,63.58,0.263,11,3.09,1,67.0,18.94,1,0.792,91.7,27.0,76.0,3,467.18,8,11.2869,0.2933,0.2575,0
7,20.17,-0.163,5,1.25,0,9.0,0.0,1,0.951,21.9,49.0,39.0,2,272.46,4,6.3477,0.0,0.2083,0
13,44.03,0.649,10,1.86,0,7.0,0.0,1,0.918,1.4,17.0,56.0,4,398.37,4,10.0478,0.0,0.1691,0
10,30.21,-0.13,19,4.6,0,11.0,0.0,1,0.506,2.9,70.0,41.0,4,594.65,12,8.2505,0.0,0.23,0
8,18.66,0.103,8,2.64,0,11.0,0.0,0,,,37.0,60.0,2,94.24,8,6.5446,0.0,0.2933,1
16,25.91,0.249,8,2.82,1,47.0,16.4,0,,,63.0,91.0,7,187.06,4,9.3283,0.6094,0.3133,1
13,26.24,-0.951,11,1.7,0,19.0,0.0,1,0.63,4.8,63.0,40.0,4,112.97,12,8.7213,0.0,0.1417,0
17,80.72,0.606,14,4.45,0,2.0,0.0,1,0.546,6.5,70.0,59.0,10,704.57,4,12.7272,0.0,0.2967,0
8,102.15,-1.259,13,1.64,1,80.0,4.0,0,,,21.0,78.0,2,116.92,8,10.1867,0.0388,0.1171,1
20,81.53,0.723,16,3.04,0,4.0,0.0,0,,,68.0,49.0,8,586.47,4,13.436,0.0,0.1788,1
25,47.71,1.154,17,5.74,0,4.0,0.0,1,0.853,1.4,46.0,86.0,6,812.87,4,12.6606,0.0,0.3189,0
9,25.26,0.087,7,1.15,0,11.0,0.0,1,0.802,42.2,33.0,66.0,3,309.82,4,7.525,0.0,0.1438,0
12,24.87,0.425,15,1.61,0,6.0,0.0,0,,,46.0,78.0,1,407.96,24,8.344,0.0,0.1006,1
7,21.71,0.678,5,1.6,1,50.0,21.7,0,,,47.0,80.0,3,443.48,8,6.4937,0.9555,0.2667,1
21,37.84,0.715,13,6.78,0,2.0,0.0,0,,,84.0,66.0,4,69.22,52,11.3115,0.0,0.4843,1
9,25.0,0.28,11,2.68,0,13.0,0.0,0,,,68.0,43.0,3,523.82,4,7.502,0.0,0.2233,1
23,31.87,-0.062,16,3.54,0,13.0,0.0,0,,,53.0,80.0,3,300.32,12,11.0995,0.0,0.2082,1
41,187.99,1.507,18,5.21,1,39.0,35.61,1,0.914,11.5,92.0,39.0,13,587.85,8,19.5917,0.1884,0.2742,0
15,124.27,0.886,14,1.78,0,9.0,0.0,0,,,75.0,57.0,7,480.32,52,13.3929,0.0,0.1187,1
17,28.61,0.262,11,2.8,0,9.0,0.0,0,,,66.0,62.0,4,296.76,12,9.7929,0.0,0.2333,1
9,21.78,0.716,15,2.23,0,7.0,0.0,1,0.463,78.1,43.0,78.0,5,115.77,8,7.1976,0.0,0.1394,0
21,50.74,-0.265,15,3.44,0,7.0,0.0,0,,,64.0,64.0,4,498.39,12,12.198,0.0,0.215,1
24,113.81,-0.666,22,2.01,1,67.0,29.26,0,,,67.0,58.0,10,445.39,24,15.268,0.2549,0.0874,1
12,67.28,-0.078,12,1.5,0,3.0,0.0,0,,,8.0,42.0,7,207.44,4,10.8334,0.0,0.1154,1
15,89.31,-0.379,13,3.26,0,8.0,0.0,0,,,32.0,55.0,5,175.7,24,12.4857,0.0,0.2329,1
15,31.7,-0.392,13,4.85,0,5.0,0.0,1,0.66,20.1,47.0,80.0,3,383.76,12,9.6691,0.0,0.3464,0
15,39.86,0.232,19,3.72,1,67.0,28.48,1,0.84,9.9,40.0,82.0,5,372.98,24,10.2867,0.697,0.186,0
10,10.84,-1.307,11,1.25,0,2.0,0.0,0,,,78.0,51.0,1,115.85,12,5.9264,0.0,0.1042,1
11,123.44,0.271,15,4.64,0,0.0,0.0,0,,,58.0,82.0,4,635.66,24,11.9868,0.0,0.29,1
24,37.82,0.736,14,3.6,1,59.0,38.16,1,0.872,10.6,36.0,45.0,4,348.55,12,11.7777,0.983,0.24,0
5,47.07,-0.132,6,1.11,1,76.0,27.37,0,,,37.0,73.0,3,44.73,12,6.9389,0.5694,0.1586,1
4,67.32,-0.156,12,2.21,0,10.0,0.0,1,0.645,0.4,41.0,49.0,0,130.72,8,6.7986,0.0,0.17,0
16,39.54,-0.539,10,3.61,1,73.0,36.3,0,,,26.0,52.0,6,88.43,8,10.4894,0.8954,0.3282,1
8,31.67,0.351,14,6.28,0,10.0,0.0,1,0.525,7.0,49.0,85.0,5,219.95,8,7.6605,0.0,0.4187,0
27,52.74,1.281,21,4.41,0,3.0,0.0,0,,,78.0,88.0,11,644.37,4,13.276,0.0,0.2005,1
26,119.97,0.369,22,3.84,0,10.0,0.0,0,,,7.0,71.0,8,674.6,24,15.8053,0.0,0.167,1
15,32.77,-0.56,5,1.52,1,91.0,29.28,1,0.838,3.3,56.0,72.0,1,682.18,4,9.7583,0.867,0.2533,0
25,27.73,0.994,16,2.3,0,7.0,0.0,0,,,84.0,65.0,7,983.0,8,10.9405,0.0,0.1353,1
17,12.68,0.057,15,1.76,1,40.0,34.97,1,0.67,1.8,29.0,81.0,7,426.42,24,7.561,2.5563,0.11,0
11,58.08,0.134,11,2.54,1,48.0,8.96,0,,,71.0,57.0,2,172.85,4,10.1357,0.1517,0.2117,1
15,64.25,-1.128,13,3.61,1,66.0,32.14,1,0.674,3.3,71.0,26.0,6,483.26,8,11.5845,0.4926,0.2579,0
24,90.07,-0.095,19,3.99,0,18.0,0.0,1,0.626,11.8,47.0,84.0,5,375.4,12,14.5224,0.0,0.1995,0
13,60.8,1.199,16,5.68,0,2.0,0.0,1,0.691,8.9,55.0,46.0,4,126.6,4,10.8832,0.0,0.3341,0
20,77.67,-0.778,16,4.05,1,70.0,24.47,1,0.68,3.0,61.0,62.0,11,255.88,52,13.2901,0.311,0.2382,0
31,36.27,0.148,11,3.88,1,77.0,76.23,0,,,47.0,39.0,6,308.78,8,12.5397,2.0453,0.3233,1
15,41.35,-0.73,15,1.09,0,13.0,0.0,0,,,62.0,47.0,6,114.92,8,10.386,0.0,0.0681,1
12,60.55,-1.399,15,1.5,1,82.0,16.79,1,0.787,31.7,50.0,67.0,3,286.88,8,10.5672,0.2728,0.0938,0
7,18.87,-0.453,15,3.08,0,1.0,0.0,0,,,54.0,79.0,1,123.63,8,6.2159,0.0,0.1925,1
5,42.93,0.185,15,2.25,0,9.0,0.0,1,0.765,0.9,46.0,32.0,2,150.64,24,6.7775,0.0,0.1406,0
14,98.32,-0.441,15,3.54,0,2.0,0.0,0,,,51.0,74.0,5,298.06,24,12.4526,0.0,0.2212,1
13,30.99,0.408,19,6.51,0,4.0,0.0,1,0.895,3.8,55.0,68.0,6,1231.67,8,9.1455,0.0,0.3255,0
21,41.56,-0.744,22,1.22,0,10.0,0.0,0,,,45.0,51.0,6,292.1,52,11.5942,0.0,0.053,1
9,41.7,-0.111,9,1.56,0,2.0,0.0,0,,,32.0,92.0,2,116.63,8,8.6444,0.0,0.156,1
6,28.68,-0.509,8,1.52,0,6.0,0.0,0,,,23.0,62.0,2,206.94,52,6.5976,0.0,0.1689,1
10,46.37,0.117,9,1.84,0,14.0,0.0,1,0.822,0.2,17.0,66.0,3,161.48,4,9.2511,0.0,0.184,0
13,49.67,-0.092,17,2.93,1,63.0,29.89,0,,,47.0,37.0,2,249.49,8,10.3592,0.5899,0.1628,1
26,89.24,-0.174,19,5.85,0,0.0,0.0,1,0.861,9.6,41.0,87.0,8,1556.1,4,14.8394,0.0,0.2925,0
21,48.18,0.342,11,2.88,0,15.0,0.0,0,,,14.0,41.0,7,1009.05,8,12.0411,0.0,0.24,1
20,42.97,-0.273,21,3.56,0,7.0,0.0,1,0.731,1.9,61.0,68.0,8,923.18,8,11.519,0.0,0.1618,0
31,442.8,0.957,10,4.06,1,78.0,17.89,0,,,64.0,81.0,17,430.15,12,21.125,0.0403,0.3691,1
7,12.31,-1.155,11,1.48,0,4.0,0.0,1,0.86,33.7,66.0,47.0,2,259.99,24,5.3827,0.0,0.1233,0
8,19.08,-0.488,9,1.8,0,2.0,0.0,1,0.582,19.1,67.0,72.0,0,190.85,4,6.5911,0.0,0.18,0
22,87.36,0.404,18,2.36,1,54.0,15.9,0,,,50.0,85.0,7,356.61,12,14.0515,0.1799,0.1242,1
8,38.34,0.134,10,0.72,0,8.0,0.0,1,0.641,6.5,32.0,68.0,1,672.75,12,8.0687,0.0,0.0655,0
33,7.87,0.544,14,7.8,1,7.0,25.17,1,0.923,7.8,95.0,98.0,2,190.83,8,7.6969,2.8377,0.52,0
7,21.61,0.367,4,0.85,1,79.0,11.43,1,0.819,68.9,26.0,29.0,6,161.5,12,6.4845,0.5055,0.17,0
23,29.48,0.325,8,3.89,0,9.0,0.0,1,0.795,8.3,76.0,61.0,8,557.17,4,10.8596,0.0,0.4322,0
14,42.72,-0.705,9,3.03,0,1.0,0.0,0,,,15.0,60.0,3,421.48,8,10.2305,0.0,0.303,1
21,71.2,0.861,16,3.96,0,2.0,0.0,0,,,40.0,82.0,4,211.98,12,13.2279,0.0,0.2329,1
22,24.57,0.507,11,2.17,0,6.0,0.0,1,0.76,9.4,43.0,56.0,7,396.69,52,10.1635,0.0,0.1808,0
17,20.63,0.325,18,5.7,0,11.0,0.0,1,0.692,15.7,61.0,85.0,9,235.65,8,8.8852,0.0,0.3,0
34,30.43,0.025,12,8.82,0,3.0,0.0,0,,,24.0,42.0,8,682.46,8,12.258,0.0,0.6785,1
10,27.0,1.674,15,4.1,1,75.0,15.93,0,,,63.0,52.0,4,146.21,4,7.9903,0.5689,0.2562,1
18,23.92,0.495,16,2.66,0,18.0,0.0,1,0.883,10.7,36.0,78.0,4,172.6,4,9.4683,0.0,0.1565,0
12,83.65,0.04,13,2.02,0,3.0,0.0,1,0.345,28.9,23.0,49.0,6,471.48,12,11.3846,0.0,0.1443,0
19,48.26,-1.352,19,1.93,0,4.0,0.0,1,0.681,24.5,29.0,95.0,6,996.77,4,11.6747,0.0,0.0965,0
12,20.93,0.419,13,2.78,1,30.0,12.56,1,0.537,17.7,31.0,51.0,3,320.36,4,7.9202,0.5727,0.1986,0
25,34.4,1.127,20,7.19,0,10.0,0.0,1,0.836,2.3,17.0,76.0,6,360.88,8,11.6207,0.0,0.3424,0
4,38.31,-0.441,13,1.91,0,5.0,0.0,0,,,51.0,44.0,5,101.72,4,5.909,0.0,0.1364,1
16,34.87,-0.468,16,1.84,0,9.0,0.0,1,0.911,8.8,57.0,77.0,2,108.01,12,10.1426,0.0,0.1082,0
25,22.22,-0.392,13,2.07,1,77.0,32.96,0,,,30.0,65.0,6,361.44,12,10.2468,1.4195,0.1479,1
16,23.09,0.618,12,5.27,1,76.0,17.14,0,,,72.0,31.0,9,192.22,52,9.0147,0.7115,0.4054,1
14,13.96,1.015,17,2.3,0,8.0,0.0,1,0.7,13.7,39.0,35.0,4,202.64,24,7.3263,0.0,0.1278,0
23,76.34,0.696,17,10.14,0,2.0,0.0,0,,,63.0,46.0,5,427.65,12,13.8188,0.0,0.5633,1
13,30.39,-1.008,6,1.36,0,1.0,0.0,0,,,24.0,74.0,2,679.99,52,9.0955,0.0,0.1943,1
4,10.26,-0.368,12,1.58,0,1.0,0.0,0,,,35.0,36.0,2,130.42,8,3.8969,0.0,0.1215,1
16,60.49,0.164,16,1.79,1,67.0,39.07,0,,,42.0,58.0,4,528.27,4,11.6697,0.6354,0.1053,1
20,35.1,0.154,14,1.74,0,8.0,0.0,1,0.906,9.5,67.0,64.0,4,578.35,12,10.9185,0.0,0.116,0
7,16.71,-0.857,10,2.41,0,6.0,0.0,0,,,57.0,21.0,3,184.63,24,5.9766,0.0,0.2191,1
10,62.49,-0.398,12,1.85,0,2.0,0.0,0,,,58.0,77.0,3,96.86,4,9.9534,0.0,0.1423,1
13,26.24,0.473,13,3.93,1,44.0,21.67,0,,,72.0,42.0,3,403.04,8,8.7213,0.7955,0.2807,1
7,44.04,0.093,9,5.93,0,5.0,0.0,0,,,76.0,57.0,3,325.07,8,7.9176,0.0,0.593,1
11,44.83,-0.159,11,3.18,0,4.0,0.0,0,,,36.0,71.0,0,141.9,8,9.5046,0.0,0.265,1
21,55.46,0.05,21,5.62,0,9.0,0.0,0,,,84.0,58.0,8,128.64,24,12.4678,0.0,0.2555,1
6,55.86,-0.599,13,1.82,0,4.0,0.0,1,0.835,5.2,43.0,66.0,0,912.59,24,7.8626,0.0,0.13,0
35,74.43,1.181,22,3.4,1,58.0,54.28,0,,,54.0,73.0,12,136.77,8,15.4923,0.7196,0.1478,1
10,31.12,0.312,12,2.34,0,1.0,0.0,1,0.745,4.2,46.0,22.0,0,75.96,8,8.3194,0.0,0.18,0
18,42.79,0.397,20,4.69,1,43.0,24.55,1,0.736,1.6,47.0,64.0,8,258.79,4,11.1282,0.5606,0.2233,0
11,21.54,-0.223,12,0.99,1,37.0,10.81,0,,,21.0,26.0,6,211.1,52,7.7412,0.4796,0.0762,1
17,61.35,0.925,22,4.17,1,65.0,15.13,1,0.923,15.1,49.0,39.0,5,648.45,24,11.9452,0.2427,0.1813,0
15,16.35,-0.027,12,2.49,0,4.0,0.0,1,0.875,1.9,74.0,84.0,4,374.77,12,7.9118,0.0,0.1915,0
11,29.3,-0.33,11,1.21,0,1.0,0.0,0,,,81.0,46.0,4,117.7,8,8.4764,0.0,0.1008,1
16,26.92,-0.123,15,6.08,0,0.0,0.0,0,,,70.0,70.0,9,367.81,8,9.4327,0.0,0.38,1
39,106.91,1.355,26,17.0,1,68.0,39.84,1,0.799,4.6,17.0,87.0,14,773.85,4,17.2687,0.3692,0.6296,0
16,22.07,-0.406,9,1.8,1,22.0,35.4,1,0.931,12.6,43.0,72.0,3,360.62,24,8.8921,1.5345,0.18,0
15,58.31,0.223,15,1.41,0,1.0,0.0,0,,,69.0,60.0,2,151.83,24,11.3199,0.0,0.0881,1
18,66.33,0.743,19,3.36,1,79.0,30.62,1,0.732,8.4,40.0,70.0,9,797.57,8,12.3949,0.4548,0.168,0
8,19.83,-0.474,9,3.74,1,65.0,9.84,1,0.903,16.2,75.0,34.0,3,171.98,8,6.6716,0.4724,0.374,0
26,44.33,0.262,19,3.15,1,43.0,40.81,0,,,72.0,58.0,5,139.6,8,12.5702,0.9003,0.1575,1
26,45.1,0.221,20,4.88,0,3.0,0.0,1,0.866,8.9,48.0,96.0,11,389.94,4,12.6257,0.0,0.2324,0
15,43.88,1.849,16,4.09,0,10.0,0.0,1,0.742,5.2,22.0,28.0,2,133.32,8,10.5469,0.0,0.2406,0
19,43.66,-0.131,11,3.14,1,85.0,9.31,0,,,39.0,58.0,6,257.02,8,11.381,0.2085,0.2617,1
11,95.68,-0.517,10,1.41,0,7.0,0.0,1,0.87,0.4,72.0,39.0,3,467.39,12,11.3595,0.0,0.1282,0
34,36.09,0.518,24,3.77,1,63.0,39.66,0,,,78.0,56.0,13,732.6,24,12.8467,1.0693,0.1508,1
18,82.11,0.829,12,3.86,0,0.0,0.0,0,,,66.0,82.0,2,194.09,8,13.0149,0.0,0.2969,1
29,106.87,-0.405,22,6.97,1,50.0,27.47,1,0.344,1.1,38.0,56.0,4,347.85,8,15.9208,0.2547,0.303,0
14,12.84,-2.452,13,2.27,0,4.0,0.0,1,0.826,33.3,28.0,57.0,0,164.59,12,7.1156,0.0,0.1621,0
15,27.72,-0.193,10,2.38,0,4.0,0.0,1,0.895,47.1,47.0,58.0,3,140.59,8,9.3092,0.0,0.2164,0
21,47.01,-0.271,6,2.31,0,5.0,0.0,1,0.798,3.9,46.0,95.0,2,335.44,4,11.9667,0.0,0.33,0
23,86.03,1.504,15,5.4,0,8.0,0.0,0,,,86.0,68.0,13,357.23,4,14.194,0.0,0.3375,1
20,59.84,-0.278,15,3.35,1,58.0,15.83,1,0.77,12.7,62.0,80.0,4,332.72,12,12.5077,0.2602,0.2094,0
10,18.77,-0.686,14,5.6,0,10.0,0.0,0,,,44.0,79.0,4,197.79,24,7.1557,0.0,0.3733,1
13,24.38,-0.084,14,1.47,0,5.0,0.0,0,,,44.0,85.0,1,189.38,4,8.5346,0.0,0.098,1
21,66.4,-0.153,12,4.47,1,60.0,50.75,1,0.913,18.6,53.0,46.0,6,380.66,4,13.0153,0.753,0.3438,0
10,84.4,-0.108,13,1.05,0,15.0,0.0,1,0.924,5.6,44.0,43.0,7,227.61,12,10.6643,0.0,0.075,0
31,250.35,0.813,17,4.39,0,1.0,0.0,0,,,62.0,73.0,18,1061.99,12,19.1546,0.0,0.2439,1
4,10.46,-0.34,10,0.9,1,95.0,24.68,0,,,50.0,63.0,2,370.35,4,3.9252,2.1536,0.0818,1
13,34.46,-0.281,13,2.65,0,2.0,0.0,1,0.952,2.3,66.0,36.0,3,1442.87,24,9.4172,0.0,0.1893,0
8,25.81,-1.137,12,1.8,0,4.0,0.0,0,,,20.0,62.0,3,300.08,12,7.2262,0.0,0.1385,1
4,20.96,-0.108,11,1.05,0,13.0,0.0,0,,,48.0,75.0,3,275.43,4,4.9719,0.0,0.0875,1
12,54.31,0.941,13,6.5,0,0.0,0.0,1,0.744,3.6,8.0,78.0,1,316.74,4,10.293,0.0,0.4643,0
25,63.65,0.308,17,2.2,0,4.0,0.0,1,0.789,0.9,57.0,43.0,6,245.99,8,13.583,0.0,0.1222,0
11,27.12,-0.349,15,1.17,0,2.0,0.0,1,0.973,1.2,30.0,71.0,1,393.12,4,8.2908,0.0,0.0731,0
8,72.03,0.348,16,2.46,1,66.0,55.88,0,,,27.0,66.0,5,215.15,4,9.428,0.7652,0.1447,1
25,39.56,0.035,18,4.75,1,51.0,78.35,0,,,20.0,90.0,7,727.56,4,12.064,1.9317,0.25,1
15,63.89,0.504,15,2.35,1,85.0,8.57,0,,,63.0,92.0,7,184.75,4,11.5692,0.1321,0.1469,1
3,15.35,0.448,6,2.7,0,9.0,0.0,1,0.545,9.3,69.0,46.0,3,309.55,12,3.8736,0.0,0.3857,0
19,79.76,-0.103,13,2.13,1,71.0,24.34,1,0.663,8.0,26.0,72.0,5,115.63,12,13.1557,0.3014,0.1521,0
11,59.03,0.283,19,3.57,0,8.0,0.0,1,0.806,62.7,62.0,68.0,6,120.42,12,10.1753,0.0,0.1785,0
17,43.33,0.363,8,4.52,0,2.0,0.0,0,,,41.0,60.0,5,393.97,4,10.9593,0.0,0.5022,1
20,97.6,0.797,16,5.36,1,45.0,62.34,1,0.915,5.7,66.0,47.0,15,481.13,24,13.9776,0.6323,0.3153,0
33,74.0,0.881,15,2.3,1,47.0,35.64,1,0.918,17.9,54.0,81.0,6,403.86,12,15.225,0.4752,0.1438,0
17,83.68,0.957,20,2.86,0,2.0,0.0,0,,,70.0,30.0,7,347.43,24,12.83,0.0,0.1362,1
5,44.62,0.027,10,1.82,0,14.0,0.0,1,0.558,17.0,13.0,55.0,3,169.55,12,6.8451,0.0,0.1655,0
15,47.37,0.478,11,1.93,1,67.0,13.03,1,0.661,4.6,53.0,40.0,5,181.18,8,10.7545,0.2694,0.1608,0
23,187.99,-0.183,13,2.92,0,2.0,0.0,0,,,48.0,65.0,10,362.07,4,16.6584,0.0,0.2086,1
11,49.67,0.221,11,3.34,1,52.0,32.49,0,,,40.0,37.0,4,431.8,8,9.7541,0.6412,0.2783,1
17,129.17,0.066,7,3.37,1,39.0,17.98,0,,,34.0,35.0,6,208.02,52,14.0728,0.1381,0.4212,1
12,42.37,-0.607,11,2.18,1,85.0,11.44,0,,,24.0,31.0,4,345.2,4,9.6693,0.2638,0.1817,1
21,99.45,1.404,23,2.68,1,93.0,74.63,0,,,52.0,69.0,9,587.72,8,14.2487,0.743,0.1117,1
6,51.82,0.2,10,6.67,1,43.0,19.53,1,0.583,40.7,59.0,57.0,5,308.11,24,7.7192,0.3697,0.6064,0
30,64.28,0.913,13,2.97,0,2.0,0.0,1,0.348,14.8,35.0,87.0,7,65.7,8,14.3496,0.0,0.2121,0
7,13.94,-0.803,5,1.52,1,31.0,19.02,1,0.72,13.2,39.0,79.0,3,503.51,8,5.6229,1.2731,0.2533,0
11,25.33,-0.212,7,4.14,0,3.0,0.0,1,0.919,10.7,41.0,58.0,1,198.72,12,8.1274,0.0,0.5175,0
12,60.77,-0.548,8,3.73,0,8.0,0.0,1,0.699,1.0,35.0,35.0,5,295.02,4,10.5764,0.0,0.4144,0
12,28.06,-0.392,18,1.71,0,10.0,0.0,1,0.779,11.6,41.0,76.0,4,744.65,24,8.6422,0.0,0.09,0
19,91.61,0.426,18,10.31,1,45.0,29.31,0,,,49.0,71.0,7,1979.06,8,13.5659,0.3165,0.5426,1
13,56.81,1.23,11,1.41,1,92.0,8.62,0,,,50.0,27.0,6,288.9,8,10.7071,0.1491,0.1175,1
8,43.88,0.462,5,1.5,1,36.0,38.42,1,0.687,4.5,31.0,69.0,5,181.91,8,8.3582,0.8561,0.25,0
2,39.42,-1.233,9,1.65,1,44.0,9.31,0,,,21.0,59.0,2,54.9,8,4.0641,0.2303,0.165,1
5,17.29,-1.385,4,1.4,0,0.0,0.0,1,0.671,2.8,49.0,73.0,1,298.29,24,5.2075,0.0,0.28,0
17,42.96,0.369,14,2.16,1,58.0,42.59,1,0.903,0.3,79.0,35.0,6,38.56,52,10.9351,0.9688,0.144,0
25,56.5,0.236,12,10.92,1,86.0,41.35,0,,,51.0,82.0,7,1510.25,4,13.2011,0.7191,0.84,1
19,64.27,0.012,15,1.29,0,4.0,0.0,1,0.77,18.0,33.0,71.0,3,297.38,12,12.5178,0.0,0.0806,0
9,54.82,-1.433,9,0.87,0,11.0,0.0,0,,,13.0,56.0,1,323.42,4,9.2613,0.0,0.087,1
15,12.26,-0.804,11,4.81,0,10.0,0.0,1,0.807,24.0,36.0,95.0,2,451.42,8,7.1665,0.0,0.4008,0
31,60.8,0.197,23,1.61,1,50.0,20.19,0,,,15.0,77.0,6,182.09,24,14.2924,0.3267,0.0671,1
4,70.73,0.893,8,0.98,1,85.0,11.16,0,,,36.0,48.0,2,777.78,8,6.877,0.1556,0.1089,1
8,22.42,-0.734,13,1.13,0,5.0,0.0,0,,,17.0,79.0,1,103.49,12,6.9291,0.0,0.0807,1
6,37.82,-0.09,7,2.13,0,4.0,0.0,1,0.783,20.7,50.0,57.0,3,87.85,24,7.12,0.0,0.2662,0
8,43.42,0.557,14,2.33,1,64.0,21.68,0,,,73.0,63.0,6,481.27,4,8.3356,0.4881,0.1553,1
17,54.42,0.093,14,1.32,0,16.0,0.0,1,0.816,14.4,22.0,45.0,7,189.73,12,11.6047,0.0,0.088,0
3,20.23,0.651,10,1.7,1,79.0,16.06,1,0.772,12.8,56.0,17.0,3,149.77,4,4.2357,0.7565,0.1545,0
17,48.44,0.682,19,3.02,0,10.0,0.0,1,0.576,10.5,33.0,78.0,8,720.92,24,11.2746,0.0,0.151,0
24,36.11,1.281,18,2.54,0,3.0,0.0,0,,,39.0,58.0,13,456.54,8,11.6327,0.0,0.1337,1
27,55.25,0.217,20,3.0,0,1.0,0.0,1,0.752,24.1,52.0,75.0,12,222.01,24,13.4281,0.0,0.1429,0
8,19.22,0.27,7,2.83,0,1.0,0.0,0,,,20.0,42.0,4,320.9,8,6.6063,0.0,0.3538,1
36,26.87,0.44,22,3.47,0,2.0,0.0,1,0.66,1.5,76.0,96.0,12,305.57,24,12.0155,0.0,0.1509,0
19,32.84,-0.458,10,1.38,0,1.0,0.0,0,,,54.0,67.0,2,136.45,8,10.5499,0.0,0.1255,1
11,30.81,0.345,14,3.5,0,7.0,0.0,1,0.648,8.8,53.0,55.0,5,189.4,8,8.5972,0.0,0.2333,0
30,110.03,0.798,15,10.32,0,10.0,0.0,1,0.661,14.0,80.0,91.0,11,274.8,8,16.1734,0.0,0.645,0
15,14.3,-0.347,10,1.17,1,76.0,5.97,1,0.883,1.1,44.0,67.0,5,160.27,24,7.5632,0.3902,0.1064,0
8,27.95,0.278,9,3.73,0,0.0,0.0,1,0.793,42.7,20.0,44.0,1,159.5,4,7.3949,0.0,0.373,0
31,25.99,1.095,15,3.02,0,5.0,0.0,1,0.854,2.1,86.0,50.0,5,300.02,4,11.4212,0.0,0.1888,0
6,19.63,-1.23,8,2.17,1,31.0,13.87,0,,,19.0,58.0,1,236.93,8,5.8898,0.6723,0.2411,1
4,17.93,0.121,4,2.07,0,10.0,0.0,0,,,39.0,74.0,1,119.14,52,4.733,0.0,0.414,1
28,72.21,1.243,14,4.8,1,84.0,22.51,0,,,59.0,58.0,9,177.66,12,14.4569,0.3075,0.32,1
21,176.08,1.027,14,1.49,0,3.0,0.0,0,,,57.0,79.0,5,183.99,12,16.0011,0.0,0.0993,1
8,18.64,0.962,11,0.85,0,1.0,0.0,0,,,12.0,44.0,1,401.69,8,6.5424,0.0,0.0708,1
19,81.38,0.409,5,19.83,1,70.0,27.95,1,0.912,12.5,45.0,87.0,8,545.97,12,13.2152,0.3393,3.305,0
39,94.62,1.557,25,5.95,1,47.0,52.14,0,,,21.0,68.0,10,357.27,4,16.8227,0.5453,0.2288,1
13,60.36,-1.047,13,1.25,0,5.0,0.0,0,,,47.0,52.0,2,775.3,4,10.8644,0.0,0.0893,1
12,43.21,-0.332,14,3.95,0,8.0,0.0,0,,,28.0,50.0,4,569.36,52,9.7185,0.0,0.2633,1
28,83.61,-0.88,12,2.78,0,6.0,0.0,1,0.942,0.2,75.0,36.0,5,340.02,8,14.9442,0.0,0.2138,0
34,175.04,-0.705,13,4.18,0,12.0,0.0,0,,,51.0,84.0,10,325.4,4,18.3837,0.0,0.2986,1
8,21.03,-0.211,9,2.62,0,12.0,0.0,1,0.85,1.8,33.0,92.0,2,199.79,8,6.7947,0.0,0.262,0
11,17.51,-0.234,15,4.38,0,1.0,0.0,1,0.563,6.0,16.0,78.0,6,284.95,4,7.2517,0.0,0.2738,0
22,34.29,0.45,9,3.92,1,68.0,20.03,0,,,79.0,8.0,7,344.17,8,11.1736,0.5676,0.392,1
15,175.85,0.327,14,1.73,0,0.0,0.0,1,0.961,15.1,33.0,47.0,7,370.6,4,14.349,0.0,0.1153,0
7,30.19,-1.293,10,1.75,1,92.0,21.62,1,0.666,24.2,41.0,36.0,1,548.14,4,7.1535,0.6932,0.1591,0
15,48.57,1.04,13,1.11,1,56.0,45.47,0,,,68.0,80.0,6,300.49,4,10.8225,0.9173,0.0793,1
22,28.07,-0.232,20,3.11,1,89.0,26.27,1,0.722,8.8,65.0,89.0,5,69.61,12,10.5657,0.9037,0.1481,0
17,27.31,-0.803,15,4.71,0,10.0,0.0,1,0.74,0.2,17.0,37.0,5,415.02,12,9.6631,0.0,0.2944,0
8,40.95,-0.742,11,2.63,0,1.0,0.0,1,0.866,8.4,53.0,74.0,1,316.25,8,8.2099,0.0,0.2192,0
20,38.21,0.074,16,4.1,0,7.0,0.0,1,0.671,0.2,50.0,50.0,6,343.51,24,11.1701,0.0,0.2412,0
13,22.21,0.726,13,3.36,0,6.0,0.0,1,0.925,5.1,39.0,93.0,7,2025.05,8,8.2987,0.0,0.24,0
15,83.33,-0.214,13,3.8,0,13.0,0.0,0,,,67.0,73.0,8,153.77,52,12.2957,0.0,0.2714,1
17,90.54,0.479,27,1.16,0,11.0,0.0,0,,,52.0,38.0,9,414.1,8,13.0552,0.0,0.0414,1
11,29.95,0.069,11,2.17,0,2.0,0.0,1,0.87,25.3,16.0,57.0,2,411.23,12,8.5291,0.0,0.1808,0
19,183.74,0.218,26,3.29,1,91.0,28.25,1,0.911,29.8,86.0,74.0,7,77.16,12,15.6346,0.1529,0.1219,0
8,58.89,-0.013,19,3.32,0,4.0,0.0,1,0.777,18.3,58.0,78.0,7,202.1,8,8.9922,0.0,0.166,0
24,51.7,-0.165,17,5.66,0,2.0,0.0,1,0.889,4.4,47.0,62.0,13,586.54,4,12.7616,0.0,0.3144,0
32,33.0,0.642,19,1.47,1,86.0,40.57,1,0.821,6.8,39.0,56.0,14,324.81,24,12.3299,1.1932,0.0735,0
20,45.22,0.447,26,4.59,0,0.0,0.0,0,,,34.0,72.0,6,384.37,8,11.6709,0.0,0.17,1
14,26.12,0.182,20,4.7,1,60.0,14.97,1,0.754,2.0,44.0,44.0,2,405.89,24,8.9373,0.552,0.2238,0
20,26.86,-0.489,16,1.42,0,13.0,0.0,0,,,29.0,83.0,9,336.11,4,10.1297,0.0,0.0835,1
17,33.42,-0.328,17,1.54,0,5.0,0.0,0,,,65.0,62.0,4,212.53,8,10.228,0.0,0.0856,1
9,45.48,0.306,13,1.71,1,50.0,11.25,0,,,27.0,82.0,10,61.25,12,8.8397,0.242,0.1221,1
28,31.74,0.636,20,4.52,0,10.0,0.0,0,,,75.0,52.0,15,1462.82,12,11.7471,0.0,0.2152,1
10,34.76,-0.336,9,2.89,0,5.0,0.0,1,0.887,5.9,73.0,72.0,8,296.26,8,8.5769,0.0,0.289,0
13,42.9,0.656,7,3.0,0,2.0,0.0,0,,,31.0,68.0,2,906.14,8,9.9807,0.0,0.375,1
11,23.3,0.128,18,1.52,0,2.0,0.0,1,0.89,40.3,19.0,88.0,4,207.03,4,7.928,0.0,0.08,0
8,37.34,-0.324,7,2.07,0,3.0,0.0,1,0.61,8.5,35.0,63.0,2,68.92,8,8.0122,0.0,0.2588,0
20,33.45,0.748,23,2.78,1,70.0,33.89,0,,,79.0,71.0,4,104.47,12,10.7761,0.9837,0.1158,1
16,92.53,0.711,9,3.69,1,63.0,57.18,1,0.767,0.1,30.0,94.0,4,369.85,4,12.8579,0.6114,0.369,0
6,91.94,-0.506,10,3.67,0,1.0,0.0,0,,,25.0,62.0,2,809.0,24,8.8188,0.0,0.3336,1
14,117.49,1.021,6,3.81,0,1.0,0.0,1,0.541,0.5,29.0,65.0,1,308.27,8,12.9305,0.0,0.5443,0
9,79.03,-0.252,8,3.52,0,14.0,0.0,0,,,59.0,51.0,5,120.92,12,10.0909,0.0,0.3911,1
23,41.71,0.553,20,2.36,0,4.0,0.0,1,0.814,5.0,87.0,97.0,3,136.36,8,11.9318,0.0,0.1124,0
7,19.62,-1.117,7,1.05,0,1.0,0.0,0,,,12.0,18.0,1,96.15,8,6.2929,0.0,0.1312,1
18,95.16,-1.396,13,3.19,0,0.0,0.0,0,,,71.0,53.0,1,124.3,52,13.4443,0.0,0.2279,1
6,31.56,0.288,10,1.02,1,41.0,27.12,0,,,30.0,76.0,1,186.79,4,6.7778,0.8329,0.0927,1
14,174.45,-1.05,11,3.36,1,21.0,25.43,0,,,23.0,79.0,5,280.84,8,13.9935,0.1449,0.28,1
11,47.0,0.478,16,4.83,0,4.0,0.0,0,,,54.0,45.0,7,240.78,4,9.6196,0.0,0.2841,1
18,46.86,-0.619,5,1.74,0,2.0,0.0,1,0.713,6.1,78.0,93.0,3,264.37,24,11.3899,0.0,0.29,0
18,55.51,-0.839,6,2.03,0,6.0,0.0,0,,,80.0,71.0,2,214.37,8,11.8791,0.0,0.29,1
22,46.6,1.038,15,2.23,0,5.0,0.0,0,,,65.0,94.0,10,363.45,8,12.1119,0.0,0.1394,1
5,46.07,-0.672,10,2.12,0,8.0,0.0,0,,,48.0,35.0,2,160.49,24,6.9012,0.0,0.1927,1
28,79.44,0.901,17,3.63,1,93.0,32.06,1,0.507,10.1,81.0,94.0,12,421.94,8,14.774,0.3986,0.2017,0
16,30.3,-1.052,22,2.33,0,3.0,0.0,1,0.739,9.9,65.0,27.0,9,125.21,4,9.7565,0.0,0.1013,0
16,42.87,0.299,10,4.26,1,52.0,36.48,1,0.963,19.5,44.0,78.0,6,253.91,52,10.713,0.8315,0.3873,0
10,60.09,0.862,7,1.53,1,76.0,9.07,1,0.386,20.0,4.0,15.0,2,366.82,8,9.861,0.1485,0.1912,0
12,16.43,1.24,12,1.45,0,1.0,0.0,1,0.641,10.7,14.0,65.0,4,542.86,12,7.3311,0.0,0.1115,0
22,113.92,0.166,8,3.63,1,66.0,39.58,1,0.947,72.5,69.0,73.0,3,117.76,4,14.8755,0.3444,0.4033,0
23,125.53,0.719,20,2.69,1,46.0,66.28,0,,,33.0,70.0,3,185.73,4,15.3833,0.5238,0.1281,1
24,52.46,-0.46,12,5.25,1,63.0,32.57,0,,,30.0,93.0,6,330.6,12,12.8077,0.6092,0.4038,1
23,101.15,0.627,12,2.31,0,2.0,0.0,0,,,49.0,80.0,7,336.64,12,14.7031,0.0,0.1777,1
17,119.84,-0.079,28,7.8,0,11.0,0.0,0,,,77.0,84.0,9,568.02,12,13.8578,0.0,0.269,1
27,108.02,1.159,10,3.77,0,13.0,0.0,1,0.898,0.3,91.0,72.0,9,890.74,4,15.6331,0.0,0.3427,0
13,41.88,-0.283,16,3.68,0,2.0,0.0,0,,,43.0,45.0,10,734.06,4,9.9186,0.0,0.2165,1
27,184.84,0.341,13,2.29,0,20.0,0.0,1,0.741,12.6,75.0,85.0,9,531.66,8,17.4104,0.0,0.1636,0
11,17.39,0.506,14,2.18,0,5.0,0.0,1,0.825,3.9,39.0,70.0,2,252.73,8,7.2356,0.0,0.1453,0
17,39.82,-0.12,12,4.16,1,35.0,129.26,1,0.839,2.6,42.0,84.0,5,194.82,4,10.7209,3.1666,0.32,0
7,36.94,-0.865,14,2.72,0,9.0,0.0,0,,,22.0,51.0,4,157.31,12,7.5609,0.0,0.1813,1
23,197.46,0.597,30,5.25,0,8.0,0.0,0,,,66.0,40.0,6,206.26,12,16.8138,0.0,0.1694,1
22,32.9,0.254,18,5.84,1,58.0,27.44,1,0.683,1.5,22.0,96.0,9,319.25,8,11.0476,0.8094,0.3074,0
11,38.36,0.33,15,2.62,0,19.0,0.0,1,0.955,9.3,97.0,86.0,6,619.73,8,9.1264,0.0,0.1638,0
15,23.34,0.017,14,1.58,1,64.0,27.57,0,,,51.0,81.0,5,95.51,24,8.8504,1.1327,0.1053,1
17,79.19,0.24,22,2.94,0,3.0,0.0,0,,,13.0,73.0,8,1485.21,4,12.6725,0.0,0.1278,1
22,55.02,0.889,13,1.34,1,62.0,23.83,1,0.685,2.8,35.0,59.0,9,247.04,4,12.6226,0.4254,0.0957,0
22,53.36,1.021,21,5.57,0,3.0,0.0,0,,,34.0,78.0,6,257.65,12,12.5283,0.0,0.2532,1
10,43.95,-1.069,8,2.92,0,5.0,0.0,1,0.848,10.7,88.0,71.0,3,107.88,8,9.1253,0.0,0.3244,0
13,24.81,-1.32,6,2.11,1,58.0,20.88,0,,,68.0,76.0,5,137.09,12,8.5789,0.809,0.3014,1
16,41.68,-0.129,15,3.4,1,69.0,47.52,1,0.734,11.2,58.0,59.0,5,176.12,12,10.6351,1.1134,0.2125,0
24,93.34,-0.443,19,2.23,1,61.0,25.51,1,0.837,7.3,73.0,81.0,10,502.26,24,14.6359,0.2704,0.1115,0
7,25.2,-0.888,11,1.19,1,54.0,8.83,0,,,74.0,80.0,3,195.44,4,6.791,0.337,0.0992,1
12,26.55,0.643,10,1.06,1,33.0,17.49,0,,,38.0,58.0,1,458.23,4,8.5054,0.6348,0.0964,1
19,48.07,0.074,12,6.09,1,83.0,36.1,1,0.73,3.0,62.0,91.0,11,357.92,8,11.6631,0.7357,0.4685,0
10,36.65,0.562,21,5.93,0,8.0,0.0,1,0.725,35.5,50.0,19.0,5,793.66,24,8.7004,0.0,0.2695,0
26,51.24,0.41,21,8.91,0,8.0,0.0,0,,,28.0,77.0,6,641.89,4,13.0378,0.0,0.405,1
14,34.58,-1.184,6,1.9,0,8.0,0.0,0,,,46.0,23.0,0,125.14,4,9.6726,0.0,0.2714,1
18,45.71,0.781,11,3.68,0,14.0,0.0,1,0.754,6.2,55.0,71.0,10,419.48,8,11.3183,0.0,0.3067,0
12,45.66,1.246,16,3.18,1,17.0,32.96,1,0.698,11.7,50.0,39.0,2,240.65,12,9.8568,0.7064,0.1871,0
18,99.54,-0.28,14,2.8,1,93.0,37.95,1,0.755,9.6,18.0,85.0,5,168.0,12,13.5755,0.3775,0.1867,0
27,48.72,0.73,18,1.62,0,1.0,0.0,0,,,45.0,67.0,8,507.03,4,13.0169,0.0,0.0853,1
13,25.89,0.213,13,2.93,0,2.0,0.0,1,0.808,7.1,26.0,72.0,1,538.93,4,8.6871,0.0,0.2093,0
3,25.67,-0.269,8,1.51,0,1.0,0.0,0,,,37.0,36.0,1,52.16,12,4.552,0.0,0.1678,1
9,8.03,0.007,12,1.91,1,78.0,54.09,1,0.75,14.3,40.0,54.0,1,334.56,8,5.067,5.99,0.1469,0
10,21.7,-0.356,18,2.65,1,78.0,29.6,1,0.376,9.1,30.0,55.0,2,250.22,4,7.4871,1.304,0.1395,0
37,97.24,0.686,30,15.19,1,90.0,36.4,1,0.873,7.3,57.0,75.0,5,1536.73,8,16.6871,0.3705,0.49,0
26,33.7,0.008,21,2.7,0,0.0,0.0,1,0.882,7.2,39.0,76.0,5,247.53,52,11.6895,0.0,0.1227,0
8,56.14,-0.535,9,4.76,0,0.0,0.0,1,0.567,5.8,35.0,37.0,0,83.24,24,8.8889,0.0,0.476,0
30,49.65,1.85,16,4.74,1,22.0,42.79,0,,,53.0,99.0,2,629.05,12,13.4782,0.8448,0.2788,1
25,53.87,-1.382,23,3.94,0,24.0,0.0,0,,,39.0,52.0,9,413.43,4,13.0486,0.0,0.1642,1
13,51.95,-0.311,13,3.57,0,3.0,0.0,0,,,34.0,40.0,3,95.12,8,10.4753,0.0,0.255,1
13,45.01,-1.158,9,1.29,0,4.0,0.0,0,,,33.0,64.0,2,488.25,12,10.1046,0.0,0.129,1
16,19.08,-0.617,14,3.98,0,14.0,0.0,0,,,54.0,81.0,10,170.08,8,8.4989,0.0,0.2653,1
28,66.98,1.695,15,1.8,1,45.0,22.99,0,,,9.0,74.0,9,165.36,8,14.2073,0.3382,0.1125,1
17,67.99,0.921,11,2.14,1,47.0,22.17,1,0.96,17.1,58.0,70.0,9,283.01,4,12.2377,0.3214,0.1783,0
23,61.83,1.221,20,3.95,1,68.0,32.24,0,,,78.0,15.0,9,494.33,4,13.1585,0.5131,0.1881,1
1,36.9,1.066,8,1.67,1,83.0,11.18,0,,,52.0,67.0,1,63.37,24,2.5196,0.295,0.1856,1
16,40.46,0.499,19,3.44,1,69.0,56.94,1,0.961,8.2,34.0,48.0,7,1062.72,8,10.553,1.3734,0.172,0
19,50.75,-0.722,8,3.14,0,0.0,0.0,1,0.619,45.1,75.0,72.0,3,369.49,4,11.8224,0.0,0.3489,0
38,131.72,0.897,22,2.46,1,78.0,53.81,0,,,21.0,69.0,11,832.51,4,17.9084,0.4054,0.107,1
11,46.55,-0.443,13,2.68,1,57.0,28.88,0,,,66.0,58.0,2,667.51,4,9.5962,0.6074,0.1914,1
16,39.97,-0.311,15,5.21,0,7.0,0.0,1,0.48,0.3,57.0,60.0,5,154.62,8,10.5193,0.0,0.3256,0
7,21.37,-0.457,13,2.5,0,3.0,0.0,0,,,23.0,59.0,1,1429.88,24,6.4623,0.0,0.1786,1
6,26.84,-0.457,6,2.65,1,21.0,7.24,0,,,22.0,75.0,4,19.58,8,6.473,0.2601,0.3786,1
12,40.0,-0.248,13,1.97,1,67.0,16.31,0,,,14.0,88.0,3,132.06,8,9.5251,0.3978,0.1407,1
11,32.19,-0.381,11,1.16,0,12.0,0.0,0,,,25.0,33.0,0,88.17,8,8.7028,0.0,0.0967,1
29,40.6,-0.113,21,2.46,0,2.0,0.0,0,,,90.0,47.0,6,200.81,8,12.68,0.0,0.1118,1
5,63.16,-0.292,15,1.48,1,78.0,11.58,0,,,5.0,61.0,0,322.78,12,7.4562,0.1805,0.0925,1
13,18.71,0.493,9,3.03,0,3.0,0.0,0,,,48.0,87.0,3,571.01,52,7.8674,0.0,0.303,1
12,12.33,-0.512,6,2.79,0,15.0,0.0,1,0.674,14.4,15.0,48.0,5,515.44,4,6.6433,0.0,0.3986,0
6,23.79,0.395,12,2.42,0,11.0,0.0,0,,,62.0,39.0,4,723.5,8,6.2472,0.0,0.1862,1
19,56.26,0.171,12,10.57,0,2.0,0.0,1,0.69,5.2,49.0,71.0,4,923.29,12,12.1255,0.0,0.8131,0
13,65.2,0.186,11,3.28,0,13.0,0.0,1,0.569,0.1,35.0,59.0,4,176.47,8,11.0647,0.0,0.2733,0
7,20.22,-1.257,14,1.76,1,63.0,16.05,0,,,47.0,52.0,2,143.71,12,6.3526,0.7564,0.1173,1
10,89.69,-1.429,12,1.94,0,7.0,0.0,0,,,46.0,23.0,3,195.13,12,10.8084,0.0,0.1492,1
9,24.5,0.101,11,1.15,0,3.0,0.0,1,0.756,2.3,81.0,72.0,1,96.88,8,7.4573,0.0,0.0958,0
28,33.25,1.736,20,1.98,0,4.0,0.0,0,,,88.0,82.0,6,133.15,8,11.899,0.0,0.0943,1
31,43.01,0.905,21,3.11,0,2.0,0.0,0,,,43.0,67.0,8,365.39,8,13.1158,0.0,0.1414,1
21,51.25,-0.797,9,4.21,0,7.0,0.0,0,,,57.0,93.0,7,1005.3,4,12.2283,0.0,0.421,1
27,59.42,0.917,19,5.51,1,69.0,50.21,0,,,67.0,57.0,5,319.51,4,13.6664,0.831,0.2755,1
28,39.78,0.035,21,3.47,1,61.0,18.87,1,0.935,5.3,75.0,26.0,10,156.11,12,12.4866,0.4627,0.1577,0
17,57.4,0.488,15,2.09,0,17.0,0.0,0,,,59.0,58.0,8,173.19,8,11.7561,0.0,0.1306,1
23,48.61,1.17,18,12.2,1,72.0,24.28,0,,,44.0,89.0,5,539.63,24,12.4077,0.4894,0.6421,1
22,61.35,-0.25,27,4.6,0,4.0,0.0,1,0.922,4.2,55.0,83.0,9,384.27,12,12.9583,0.0,0.1643,0
22,39.25,-0.591,11,3.15,0,1.0,0.0,0,,,31.0,59.0,7,334.23,24,11.586,0.0,0.2625,1
17,41.33,-0.546,16,1.58,0,2.0,0.0,0,,,50.0,47.0,6,279.52,24,10.8259,0.0,0.0929,1
22,91.23,0.227,15,3.03,1,69.0,54.32,0,,,70.0,52.0,9,950.67,8,14.1859,0.589,0.1894,1
17,57.59,-0.281,15,3.3,0,14.0,0.0,1,0.946,6.9,31.0,66.0,7,240.18,4,11.7654,0.0,0.2062,0
11,45.51,-0.599,13,2.39,0,3.0,0.0,0,,,34.0,65.0,2,619.94,12,9.5412,0.0,0.1707,1
28,61.75,1.048,19,3.27,0,1.0,0.0,1,0.491,41.5,37.0,74.0,8,782.45,24,13.9378,0.0,0.1635,0
24,113.93,0.923,20,4.01,1,88.0,12.55,0,,,29.0,83.0,7,135.31,4,15.2714,0.1092,0.191,1
7,75.99,-0.889,12,2.31,1,79.0,7.21,1,0.638,58.9,30.0,74.0,2,97.9,8,9.0324,0.0936,0.1777,0
19,116.49,-0.601,12,2.12,0,3.0,0.0,1,0.878,6.9,33.0,42.0,7,439.33,52,14.2787,0.0,0.1631,0
11,35.65,0.131,10,2.7,1,44.0,28.72,1,0.809,1.7,43.0,64.0,4,50.4,8,8.9492,0.7836,0.2455,0
20,43.17,1.042,14,8.05,0,2.0,0.0,0,,,15.0,74.0,8,301.19,8,11.5328,0.0,0.5367,1
7,16.17,-1.891,14,1.76,0,1.0,0.0,0,,,41.0,55.0,4,362.49,24,5.9122,0.0,0.1173,1
26,48.8,0.147,22,1.88,1,78.0,45.64,0,,,62.0,70.0,13,424.06,8,12.8802,0.9165,0.0817,1
20,18.33,0.724,18,3.43,0,11.0,0.0,1,0.798,21.7,39.0,34.0,3,187.09,24,9.0168,0.0,0.1805,0
3,78.16,-0.703,7,1.85,1,69.0,19.03,0,,,54.0,61.0,3,471.13,12,6.0601,0.2404,0.2312,1
15,82.61,1.365,12,3.87,1,76.0,28.86,1,0.75,0.4,45.0,59.0,5,1164.25,8,12.2719,0.3452,0.2977,0
15,40.63,-0.12,13,2.23,1,90.0,12.69,0,,,69.0,35.0,5,328.75,4,10.3385,0.3048,0.1593,1
25,72.25,0.03,21,3.48,1,37.0,26.02,0,,,66.0,66.0,9,266.95,12,13.9899,0.3552,0.1582,1
8,57.3,0.388,13,1.02,1,94.0,14.87,0,,,34.0,45.0,6,228.69,4,8.933,0.2551,0.0729,1
10,69.71,-0.113,16,2.13,1,67.0,12.82,0,,,38.0,73.0,4,606.09,52,10.2116,0.1813,0.1253,1
15,50.1,-0.225,13,4.7,0,4.0,0.0,1,0.751,3.9,43.0,65.0,9,234.26,12,10.9068,0.0,0.3357,0
14,57.1,-0.71,22,3.27,1,46.0,12.61,1,0.922,20.4,45.0,78.0,6,219.45,24,11.0005,0.217,0.1422,0
11,21.95,-0.017,13,1.14,0,4.0,0.0,1,0.635,3.4,30.0,75.0,2,396.38,8,7.786,0.0,0.0814,0
13,41.07,0.669,17,4.73,0,12.0,0.0,0,,,42.0,34.0,5,556.57,24,9.8683,0.0,0.2628,1
16,127.79,-0.202,10,2.22,1,35.0,19.23,0,,,55.0,73.0,6,593.76,4,13.7643,0.1493,0.2018,1
16,63.17,-0.462,13,1.69,0,2.0,0.0,1,0.627,38.8,31.0,83.0,3,363.83,12,11.7905,0.0,0.1207,0
18,89.95,0.765,20,3.37,0,12.0,0.0,1,0.862,12.4,43.0,88.0,7,757.08,12,13.2803,0.0,0.1605,0
15,37.71,-0.126,13,2.59,0,1.0,0.0,0,,,67.0,30.0,9,178.09,8,10.1369,0.0,0.185,1
12,61.78,-0.621,13,3.57,1,70.0,11.85,1,0.654,7.0,64.0,69.0,5,77.69,12,10.618,0.1888,0.255,0
8,63.6,-0.009,8,5.13,1,85.0,13.31,0,,,76.0,40.0,1,275.08,4,9.1585,0.206,0.57,1
15,106.51,-0.065,10,2.67,1,57.0,41.77,0,,,59.0,49.0,9,151.99,4,12.969,0.3885,0.2427,1
15,82.14,-0.19,11,1.47,0,13.0,0.0,0,,,43.0,67.0,8,206.69,8,12.2563,0.0,0.1225,1
22,68.65,0.949,21,4.83,0,7.0,0.0,0,,,64.0,67.0,11,891.69,8,13.3054,0.0,0.2195,1
22,51.81,-0.252,9,7.19,0,2.0,0.0,1,0.621,22.0,54.0,78.0,11,515.18,52,12.4376,0.0,0.719,0
9,42.59,-0.461,13,1.57,1,52.0,52.76,1,0.53,3.0,17.0,57.0,2,177.8,24,8.6919,1.2104,0.1121,0
35,53.06,1.696,20,2.75,1,69.0,44.59,0,,,53.0,94.0,12,316.74,24,14.2986,0.8248,0.131,1
11,36.5,-0.037,8,1.77,0,3.0,0.0,1,0.78,17.2,47.0,72.0,0,156.5,4,9.0061,0.0,0.1967,0
9,17.72,0.286,11,1.7,0,1.0,0.0,0,,,48.0,86.0,3,311.81,12,6.7456,0.0,0.1417,1
25,43.36,-0.005,15,5.33,0,8.0,0.0,0,,,62.0,55.0,9,319.43,12,12.3558,0.0,0.3331,1
13,28.47,0.187,13,2.62,0,10.0,0.0,0,,,60.0,58.0,3,129.09,8,8.9289,0.0,0.1871,1
14,68.57,0.687,14,2.37,0,12.0,0.0,0,,,47.0,76.0,11,113.74,8,11.4885,0.0,0.158,1
8,36.9,-0.401,10,1.1,1,66.0,18.52,0,,,13.0,2.0,0,127.44,12,7.9868,0.4887,0.1,1
19,25.82,0.969,11,1.13,0,4.0,0.0,0,,,35.0,55.0,6,187.19,4,9.8534,0.0,0.0942,1
21,35.14,1.025,14,3.38,1,76.0,13.25,1,0.897,12.1,74.0,70.0,17,1221.88,4,11.0888,0.3666,0.2253,0
23,20.19,-0.021,14,6.23,0,2.0,0.0,0,,,66.0,76.0,3,261.44,52,9.7043,0.0,0.4153,1
11,45.46,-0.458,12,1.47,0,7.0,0.0,1,0.827,38.2,27.0,51.0,8,273.17,4,9.5385,0.0,0.1131,0
20,28.9,0.348,11,1.67,0,5.0,0.0,1,0.913,3.8,45.0,74.0,4,330.8,8,10.3449,0.0,0.1392,0
16,67.89,-0.082,15,3.2,0,9.0,0.0,0,,,73.0,76.0,6,379.78,8,11.9916,0.0,0.2,1
14,40.17,0.582,13,1.94,1,14.0,13.74,1,0.756,9.8,35.0,87.0,7,326.63,24,10.0677,0.3337,0.1386,0
8,30.22,-0.836,12,2.96,1,68.0,17.74,1,0.791,0.5,71.0,48.0,4,245.58,24,7.5608,0.5682,0.2277,0
29,77.81,-0.353,31,3.22,1,75.0,18.53,0,,,54.0,78.0,11,237.72,12,14.8532,0.2351,0.1006,1
27,35.78,-0.001,14,2.99,0,7.0,0.0,0,,,77.0,39.0,11,376.46,24,12.0124,0.0,0.1993,1
24,37.23,-0.17,11,1.81,1,84.0,32.25,0,,,48.0,81.0,2,120.43,12,11.7284,0.8436,0.1508,1
20,205.42,0.311,24,2.48,0,6.0,0.0,0,,,61.0,83.0,12,326.58,12,16.227,0.0,0.0992,1
10,52.04,-0.29,7,5.05,0,2.0,0.0,0,,,29.0,61.0,1,310.14,4,9.5222,0.0,0.6312,1
13,39.85,0.064,14,2.37,1,52.0,15.72,0,,,37.0,57.0,14,334.56,12,9.7907,0.3848,0.158,1
18,31.61,1.064,23,2.74,1,45.0,13.3,1,0.661,9.1,29.0,49.0,13,592.4,4,10.2602,0.4079,0.1142,0
33,113.86,0.155,24,4.73,0,6.0,0.0,0,,,51.0,90.0,6,699.85,12,16.728,0.0,0.1892,1
21,16.42,0.229,14,2.47,1,20.0,24.86,0,,,56.0,40.0,15,368.02,24,8.833,1.4271,0.1647,1
18,27.02,0.126,13,4.88,1,87.0,14.38,1,0.752,7.2,23.0,36.0,6,179.0,8,9.8136,0.5132,0.3486,0
21,42.05,-0.514,12,1.81,0,1.0,0.0,1,0.895,46.0,79.0,27.0,1,113.95,12,11.6296,0.0,0.1392,0
12,30.74,2.098,16,3.98,0,1.0,0.0,0,,,55.0,86.0,4,223.13,4,8.8685,0.0,0.2341,1
21,110.36,-0.362,16,3.36,0,4.0,0.0,0,,,35.0,93.0,5,221.82,4,14.5674,0.0,0.1976,1
17,57.25,-1.008,19,2.22,0,15.0,0.0,1,0.608,6.8,50.0,71.0,7,167.31,4,11.7486,0.0,0.111,0
10,52.85,-0.201,8,1.02,0,2.0,0.0,0,,,41.0,19.0,3,320.58,4,9.5585,0.0,0.1133,1
24,76.37,0.413,17,2.18,1,41.0,16.07,1,0.717,2.8,27.0,48.0,8,620.78,4,13.9976,0.2077,0.1211,0
10,122.67,0.064,10,4.81,1,87.0,38.17,0,,,87.0,41.0,8,322.22,12,11.5521,0.3086,0.4373,1
10,91.37,-0.128,8,1.2,0,7.0,0.0,1,0.773,1.3,39.0,65.0,0,542.21,4,10.8524,0.0,0.1333,0
18,218.98,-0.967,15,3.55,0,3.0,0.0,1,0.86,23.3,40.0,75.0,10,264.44,4,15.8809,0.0,0.2219,0
20,28.68,1.011,8,1.79,0,7.0,0.0,0,,,33.0,73.0,8,579.87,4,10.3224,0.0,0.1989,1
22,27.81,0.517,21,2.84,1,74.0,52.74,0,,,58.0,59.0,5,148.85,4,10.5375,1.8306,0.1291,1
8,19.12,0.371,7,2.75,0,7.0,0.0,1,0.912,8.9,28.0,46.0,5,51.22,12,6.5954,0.0,0.3438,0
9,28.6,-0.54,9,3.36,1,50.0,16.3,0,,,53.0,80.0,3,545.29,8,7.8006,0.5507,0.336,1
10,22.0,0.677,11,1.33,0,1.0,0.0,0,,,66.0,32.0,1,128.23,8,7.5186,0.0,0.1108,1
25,106.08,0.703,17,6.14,0,1.0,0.0,1,0.713,1.7,38.0,26.0,7,682.39,4,15.227,0.0,0.3411,0
17,29.7,-0.713,12,1.7,0,16.0,0.0,0,,,54.0,77.0,5,288.35,12,9.8974,0.0,0.1308,1
14,157.27,-0.121,21,3.08,0,2.0,0.0,0,,,57.0,51.0,6,354.34,12,13.7144,0.0,0.14,1
17,78.35,0.919,14,1.9,1,56.0,38.12,0,,,19.0,60.0,7,354.61,8,12.6421,0.4804,0.1267,1
15,41.53,0.227,14,1.55,0,6.0,0.0,1,0.697,5.2,15.0,59.0,7,161.95,24,10.3978,0.0,0.1033,0
9,50.83,-0.25,13,2.19,0,4.0,0.0,1,0.8,13.6,55.0,18.0,3,86.43,24,9.0905,0.0,0.1564,0
24,64.18,-0.749,27,6.7,0,6.0,0.0,0,,,66.0,89.0,8,187.79,24,13.4457,0.0,0.2393,1
10,51.52,0.734,13,3.12,0,14.0,0.0,0,,,18.0,22.0,2,273.63,4,9.4985,0.0,0.2229,1
16,16.39,-0.111,9,2.41,0,6.0,0.0,0,,,62.0,82.0,3,115.76,12,8.0914,0.0,0.241,1
26,65.1,0.441,23,7.62,0,13.0,0.0,0,,,46.0,83.0,11,528.95,52,13.8134,0.0,0.3175,1
17,35.98,-0.222,9,2.39,0,1.0,0.0,1,0.903,1.8,72.0,66.0,3,270.1,24,10.4353,0.0,0.239,0
13,42.74,-0.541,11,3.18,1,77.0,43.16,0,,,86.0,71.0,4,183.74,8,9.9711,0.9867,0.265,1
20,50.02,0.997,14,2.2,0,16.0,0.0,1,0.797,17.3,82.0,62.0,3,223.8,12,11.9717,0.0,0.1467,0
6,22.58,-0.165,11,1.3,1,98.0,21.2,1,0.578,11.2,51.0,56.0,0,411.01,24,6.1499,0.8991,0.1083,0
8,18.98,-0.6,10,1.62,0,7.0,0.0,0,,,22.0,86.0,7,198.08,24,6.5801,0.0,0.1473,1
25,127.64,0.685,21,1.06,0,8.0,0.0,1,0.695,0.4,39.0,89.0,8,199.22,4,15.8246,0.0,0.0482,0
10,47.58,0.045,8,2.21,0,9.0,0.0,0,,,26.0,94.0,2,89.39,24,9.3115,0.0,0.2456,1
13,31.19,-0.22,10,2.17,0,5.0,0.0,1,0.89,12.8,40.0,75.0,3,73.0,4,9.1619,0.0,0.1973,0
17,108.44,-0.106,13,5.34,1,32.0,21.02,0,,,78.0,63.0,7,300.62,8,13.5714,0.1921,0.3814,1
16,61.41,0.478,11,1.85,0,12.0,0.0,1,0.734,7.2,55.0,71.0,4,466.38,4,11.7117,0.0,0.1542,0
8,16.43,-0.917,12,2.24,1,56.0,18.18,1,0.413,12.3,34.0,56.0,0,200.0,8,6.2801,1.043,0.1723,0
14,17.94,-0.229,11,1.12,0,10.0,0.0,0,,,49.0,68.0,1,139.55,4,7.9651,0.0,0.0933,1
21,19.67,0.286,16,1.6,0,3.0,0.0,1,0.807,16.6,37.0,46.0,6,264.15,52,9.3618,0.0,0.0941,0
14,39.79,0.339,9,1.46,1,38.0,48.1,1,0.828,15.4,60.0,71.0,4,227.84,8,10.0426,1.1792,0.146,0
22,94.39,2.365,17,4.37,0,6.0,0.0,0,,,51.0,95.0,8,359.51,24,14.2915,0.0,0.2428,1
18,89.95,-0.348,9,1.66,0,9.0,0.0,0,,,49.0,63.0,3,149.92,52,13.2803,0.0,0.166,1
14,59.43,0.398,15,2.14,0,7.0,0.0,0,,,28.0,27.0,6,169.25,24,11.107,0.0,0.1338,1
11,16.48,1.323,12,2.48,0,6.0,0.0,1,0.77,6.4,43.0,52.0,7,205.07,12,7.1095,0.0,0.1908,0
24,37.25,0.675,12,3.95,1,80.0,19.78,0,,,47.0,76.0,7,899.26,12,11.73,0.5171,0.3038,1
10,199.0,-0.519,19,2.33,1,72.0,21.94,0,,,33.0,31.0,9,555.01,52,12.7048,0.1097,0.1165,1
30,55.92,1.792,18,3.19,0,10.0,0.0,1,0.823,1.5,84.0,81.0,10,314.93,12,13.879,0.0,0.1679,0
30,84.15,-0.326,27,2.68,1,54.0,54.08,1,0.699,16.4,58.0,65.0,5,789.63,8,15.2621,0.6351,0.0957,0
19,85.34,0.005,17,5.29,1,15.0,90.98,1,0.654,5.4,83.0,79.0,3,1025.79,12,13.3559,1.0537,0.2939,0
15,74.41,0.51,17,1.28,0,4.0,0.0,1,0.855,6.6,35.0,84.0,4,253.39,8,11.9857,0.0,0.0711,0
10,11.98,-0.453,10,2.2,0,3.0,0.0,0,,,69.0,64.0,4,134.87,4,6.1468,0.0,0.2,1
18,31.08,0.053,18,2.53,0,3.0,0.0,0,,,25.0,78.0,8,245.36,8,10.212,0.0,0.1332,1
6,25.34,-0.477,11,2.13,0,4.0,0.0,1,0.728,6.6,45.0,60.0,6,179.58,4,6.3652,0.0,0.1775,0
24,22.28,-0.293,16,1.95,1,89.0,26.1,1,0.786,3.7,25.0,52.0,8,234.88,24,10.1317,1.1211,0.1147,0
20,92.05,-0.033,14,2.98,0,5.0,0.0,0,,,70.0,46.0,8,162.23,8,13.8012,0.0,0.1987,1
14,50.1,-0.121,12,3.38,0,5.0,0.0,0,,,25.0,57.0,10,501.22,8,10.6529,0.0,0.26,1
21,52.47,0.201,17,7.29,0,13.0,0.0,1,0.984,28.5,73.0,72.0,5,1606.45,4,12.2996,0.0,0.405,0
22,50.07,-0.493,20,7.16,0,7.0,0.0,0,,,55.0,79.0,9,243.95,12,12.3325,0.0,0.341,1
10,30.69,-0.634,14,2.32,0,2.0,0.0,0,,,36.0,85.0,2,82.89,8,8.2871,0.0,0.1547,1
6,67.73,0.267,8,1.59,0,4.0,0.0,1,0.686,5.7,28.0,69.0,3,261.07,12,8.2316,0.0,0.1767,0
32,70.46,0.358,24,8.77,1,30.0,10.21,1,0.733,16.5,82.0,40.0,6,324.22,4,14.9271,0.1429,0.3508,0
13,125.9,-1.423,11,2.46,1,73.0,26.24,0,,,41.0,46.0,5,263.19,8,12.782,0.2068,0.205,1
9,24.99,0.418,5,3.21,0,8.0,0.0,0,,,8.0,30.0,1,208.08,8,7.5012,0.0,0.535,1
3,32.63,-0.657,12,4.1,1,92.0,12.22,0,,,35.0,80.0,2,78.69,24,4.8734,0.3634,0.3154,1
23,93.59,0.251,9,5.4,1,28.0,21.16,1,0.863,5.3,43.0,74.0,6,369.05,8,14.4587,0.2237,0.54,0
10,50.87,-0.94,11,1.95,1,39.0,34.41,0,,,47.0,85.0,3,212.89,8,9.4687,0.6634,0.1625,1
29,24.35,1.858,23,3.89,0,1.0,0.0,0,,,82.0,79.0,9,697.94,8,10.9953,0.0,0.1621,1
21,74.07,0.124,8,3.83,1,50.0,8.72,0,,,73.0,74.0,5,1441.53,8,13.3484,0.1162,0.4256,1
25,63.96,0.015,26,5.13,1,29.0,36.21,0,,,71.0,78.0,13,535.53,8,13.5986,0.5574,0.19,1
10,102.93,-0.642,11,3.75,0,16.0,0.0,1,0.684,1.9,18.0,85.0,3,168.06,24,11.1351,0.0,0.3125,0
22,53.87,-1.452,12,2.35,0,8.0,0.0,1,0.761,26.3,75.0,77.0,5,606.64,8,12.5576,0.0,0.1808,0
21,61.92,1.241,22,2.89,1,40.0,21.25,0,,,37.0,76.0,8,462.32,8,12.8027,0.3377,0.1257,1
12,79.05,0.237,12,1.19,0,2.0,0.0,0,,,18.0,27.0,3,254.17,8,11.2413,0.0,0.0915,1
24,57.26,0.653,19,4.12,1,45.0,42.0,0,,,21.0,90.0,8,243.58,4,13.0845,0.7209,0.206,1
18,28.79,1.018,10,7.07,1,63.0,60.31,1,0.508,6.5,66.0,86.0,3,96.28,8,9.9939,2.0245,0.6427,0
17,45.95,-0.635,18,3.29,1,74.0,14.07,1,0.791,1.2,69.0,30.0,6,294.9,24,11.1253,0.2997,0.1732,0
25,34.68,0.38,18,3.23,1,47.0,24.95,1,0.667,1.1,61.0,94.0,5,1556.63,12,11.6464,0.6993,0.17,0
21,38.18,-0.147,12,1.96,0,0.0,0.0,1,0.691,8.0,25.0,81.0,3,207.55,4,11.3385,0.0,0.1508,0
14,64.69,-0.245,16,3.15,1,75.0,21.3,1,0.761,21.8,70.0,86.0,2,380.02,12,11.333,0.3243,0.1853,0
9,20.85,0.065,12,1.87,0,1.0,0.0,0,,,51.0,56.0,8,177.38,4,7.1016,0.0,0.1438,1
9,24.18,0.906,10,2.44,0,1.0,0.0,0,,,53.0,18.0,3,510.66,12,7.4283,0.0,0.2218,1
5,32.89,-0.708,8,2.81,0,12.0,0.0,1,0.909,16.6,20.0,68.0,5,293.49,4,6.3126,0.0,0.3122,0
18,19.8,-1.122,13,2.17,0,5.0,0.0,1,0.925,14.6,41.0,41.0,3,144.18,12,8.9362,0.0,0.155,0
6,39.71,-0.125,9,2.44,0,1.0,0.0,1,0.372,25.5,33.0,80.0,1,37.56,4,7.2125,0.0,0.244,0
35,98.04,0.557,26,4.39,1,35.0,76.31,0,,,70.0,62.0,16,406.8,4,16.4681,0.7705,0.1626,1
10,14.46,0.094,12,1.87,0,2.0,0.0,1,0.77,17.9,14.0,58.0,4,530.33,8,6.5661,0.0,0.1438,0
22,76.15,0.593,9,3.17,1,70.0,10.99,0,,,32.0,85.0,4,450.47,4,13.6261,0.1424,0.317,1
16,44.26,1.459,13,5.43,0,4.0,0.0,0,,,36.0,27.0,4,183.68,4,10.8014,0.0,0.3879,1
21,21.82,0.399,14,2.14,0,0.0,0.0,0,,,54.0,88.0,3,418.75,4,9.6677,0.0,0.1427,1
10,18.54,-0.624,9,1.29,0,9.0,0.0,0,,,7.0,66.0,1,137.43,24,7.1277,0.0,0.129,1
16,45.03,0.774,12,1.8,0,9.0,0.0,0,,,31.0,57.0,3,387.72,8,10.8492,0.0,0.1385,1
13,33.94,-0.023,11,1.29,1,61.0,18.9,1,0.693,8.5,44.0,54.0,3,584.02,4,9.3782,0.5409,0.1075,0
30,136.85,0.995,11,3.12,0,0.0,0.0,1,0.64,25.1,82.0,37.0,4,141.18,52,16.9164,0.0,0.26,0
3,85.64,-0.581,5,2.5,1,25.0,7.82,1,0.559,14.4,36.0,40.0,2,209.76,8,6.1853,0.0903,0.4167,0
11,35.88,0.223,13,0.85,0,7.0,0.0,1,0.683,2.3,57.0,87.0,1,428.51,8,8.9647,0.0,0.0607,0
15,75.64,-0.643,11,3.31,1,69.0,28.87,1,0.735,2.7,41.0,48.0,8,37.35,8,12.0306,0.3767,0.2758,0
13,80.83,0.329,21,4.07,1,65.0,56.6,1,0.676,5.2,35.0,48.0,1,973.69,12,11.6241,0.6917,0.185,0
15,42.48,-0.019,11,2.43,0,9.0,0.0,0,,,13.0,81.0,3,174.92,4,10.459,0.0,0.2025,1
12,31.85,0.316,11,3.29,1,35.0,66.1,0,,,59.0,77.0,9,42.63,8,8.9567,2.0122,0.2742,1
12,24.73,-1.025,15,4.69,1,20.0,18.2,1,0.866,0.3,50.0,83.0,6,195.11,8,8.3301,0.7073,0.2931,0
28,71.83,1.263,9,3.02,0,4.0,0.0,1,0.836,14.8,72.0,41.0,7,352.69,4,14.4394,0.0,0.302,0
19,32.04,-0.808,7,1.36,0,5.0,0.0,0,,,14.0,69.0,0,134.38,8,10.4782,0.0,0.17,1
6,37.48,-1.073,11,2.14,1,73.0,4.92,1,0.402,37.8,39.0,35.0,0,264.76,12,7.1028,0.1279,0.1783,0
17,15.64,-0.332,12,5.12,1,15.0,25.19,0,,,63.0,95.0,3,357.64,4,8.1272,1.5138,0.3938,1
17,56.14,-0.939,9,1.6,0,5.0,0.0,0,,,44.0,72.0,3,307.35,8,11.693,0.0,0.16,1
5,45.88,-0.623,10,1.09,1,46.0,16.33,1,0.82,7.8,55.0,74.0,2,238.55,12,6.894,0.3483,0.0991,0
24,75.49,0.031,20,8.01,1,80.0,13.01,1,0.948,9.0,50.0,57.0,9,52.73,8,13.9608,0.1701,0.3814,0
17,77.82,-0.686,13,1.39,0,1.0,0.0,0,,,7.0,35.0,7,1211.09,12,12.6227,0.0,0.0993,1
9,58.07,-0.247,5,0.75,1,63.0,29.31,0,,,17.0,48.0,1,293.41,8,9.3916,0.4962,0.125,1
18,31.95,-0.376,16,5.24,0,9.0,0.0,0,,,58.0,80.0,10,485.78,8,10.2908,0.0,0.3082,1
32,143.52,1.218,18,2.72,1,22.0,114.56,1,0.532,16.0,41.0,68.0,10,513.06,8,17.3896,0.7927,0.1432,0
15,15.86,0.053,8,5.25,0,18.0,0.0,0,,,51.0,80.0,3,168.84,12,7.8324,0.0,0.5833,1
8,46.2,-0.091,17,1.84,0,6.0,0.0,1,0.728,0.8,78.0,83.0,0,291.39,12,8.469,0.0,0.1022,0
15,82.8,-0.824,10,0.7,1,92.0,6.82,0,,,12.0,22.0,4,111.69,52,12.2782,0.0814,0.0636,1
23,131.93,0.235,17,6.83,1,76.0,37.78,1,0.895,6.7,65.0,43.0,9,203.18,12,15.5401,0.2842,0.3794,0
5,13.31,1.205,8,1.47,0,17.0,0.0,0,,,47.0,27.0,3,245.65,4,4.7678,0.0,0.1633,1
35,89.5,0.384,13,3.53,1,65.0,62.53,0,,,36.0,59.0,5,224.11,24,16.145,0.6909,0.2521,1
9,56.62,0.437,10,5.93,0,5.0,0.0,0,,,57.0,98.0,3,57.62,24,9.3344,0.0,0.5391,1
10,62.35,-0.827,16,3.19,1,55.0,16.31,0,,,66.0,57.0,2,97.56,24,9.9481,0.2575,0.1876,1
2,41.59,-0.483,8,3.06,0,8.0,0.0,1,0.676,23.0,50.0,13.0,4,494.8,8,4.1216,0.0,0.34,0
11,47.69,-0.655,11,1.45,0,11.0,0.0,0,,,75.0,59.0,3,251.79,8,9.655,0.0,0.1208,1
11,35.09,-0.492,16,1.28,0,16.0,0.0,0,,,75.0,31.0,4,242.24,24,8.9109,0.0,0.0753,1
6,39.84,-0.102,11,0.7,1,70.0,20.34,0,,,57.0,59.0,1,393.98,12,7.2187,0.498,0.0583,1
11,23.6,0.275,8,1.12,0,3.0,0.0,0,,,50.0,91.0,2,151.21,24,7.9585,0.0,0.1244,1
20,81.11,0.104,19,3.31,1,29.0,59.52,0,,,24.0,66.0,6,299.01,8,13.4204,0.7249,0.1655,1
25,178.09,0.594,24,3.5,0,5.0,0.0,0,,,64.0,87.0,12,535.69,8,16.9026,0.0,0.14,1
14,32.37,-0.315,16,2.3,0,7.0,0.0,1,0.646,51.7,12.0,76.0,4,81.14,8,9.4989,0.0,0.1353,0
10,11.6,1.012,16,3.03,1,79.0,37.6,1,0.802,16.2,76.0,42.0,9,1188.51,8,6.0755,2.9841,0.1782,0
10,42.87,-0.493,11,3.05,1,63.0,26.61,1,0.956,3.6,52.0,11.0,4,147.99,8,9.067,0.6066,0.2542,0
24,86.57,-0.016,15,3.97,0,2.0,0.0,1,0.602,1.5,29.0,61.0,3,144.55,52,14.3962,0.0,0.2481,0
11,59.35,-0.162,12,1.54,0,2.0,0.0,0,,,32.0,56.0,3,236.44,8,10.1885,0.0,0.1185,1
5,29.64,-0.448,13,1.75,1,34.0,9.5,1,0.952,26.0,26.0,89.0,1,67.73,8,6.1319,0.3101,0.125,0
11,45.51,-0.515,15,2.34,1,67.0,27.49,0,,,59.0,70.0,2,519.9,12,9.5412,0.5911,0.1462,1
11,60.17,-0.275,11,1.14,0,12.0,0.0,1,0.671,8.0,47.0,38.0,5,1130.44,4,10.2221,0.0,0.095,0
12,63.12,-0.184,6,1.4,1,75.0,22.91,0,,,87.0,69.0,5,281.04,12,10.6721,0.3573,0.2,1
14,97.6,0.707,20,4.78,1,35.0,39.62,1,0.819,5.9,49.0,49.0,10,186.88,4,12.4329,0.4018,0.2276,0
10,24.83,-0.048,11,1.05,1,57.0,17.14,1,0.602,26.7,11.0,52.0,4,641.55,8,7.7968,0.6636,0.0875,0
4,21.59,0.316,6,0.73,1,71.0,5.59,1,0.644,4.1,30.0,68.0,0,289.0,4,5.0174,0.2475,0.1043,0
13,24.2,0.277,7,3.26,1,48.0,14.2,1,0.327,14.1,28.0,37.0,2,347.53,8,8.5158,0.5635,0.4075,0
6,28.33,-0.283,11,2.42,0,9.0,0.0,1,0.261,3.5,44.0,39.0,2,450.94,12,6.5745,0.0,0.2017,0
18,49.28,0.66,15,4.03,1,31.0,15.79,0,,,48.0,83.0,2,85.1,12,11.5352,0.314,0.2519,1
12,109.82,-0.743,10,1.48,0,9.0,0.0,0,,,14.0,51.0,1,216.43,4,12.0755,0.0,0.1345,1
11,37.62,0.788,12,2.11,1,95.0,37.21,0,,,21.0,26.0,4,329.12,8,9.0793,0.9635,0.1623,1
24,101.52,0.405,13,2.3,1,72.0,55.46,1,0.829,0.6,32.0,75.0,7,361.5,24,14.9036,0.541,0.1643,0
12,22.85,-1.401,17,3.06,1,79.0,35.43,0,,,59.0,77.0,4,95.55,12,8.1355,1.4855,0.17,1
29,52.03,-0.211,9,3.24,1,38.0,31.27,0,,,17.0,72.0,8,121.64,8,13.5057,0.5897,0.324,1
10,28.88,-0.634,7,7.23,1,32.0,26.9,1,0.782,40.1,52.0,53.0,1,184.67,12,8.1461,0.9003,0.9038,0
24,92.38,1.216,19,6.16,1,31.0,32.72,1,0.519,1.1,16.0,75.0,10,301.81,12,14.603,0.3504,0.308,0
9,20.71,0.088,6,2.96,1,78.0,19.46,1,0.776,30.2,42.0,93.0,1,240.7,52,7.0868,0.8964,0.4229,0
7,97.74,0.098,22,2.17,0,7.0,0.0,1,0.604,3.5,62.0,54.0,3,377.67,8,9.5498,0.0,0.0943,0
28,68.0,0.619,21,4.75,0,12.0,0.0,1,0.898,0.8,47.0,77.0,11,248.02,12,14.2575,0.0,0.2159,0
15,30.95,-1.235,12,2.62,1,58.0,34.67,1,0.735,0.8,27.0,45.0,3,177.9,4,9.6047,1.0851,0.2015,0
11,58.35,-0.837,8,2.11,0,9.0,0.0,1,0.814,8.3,20.0,64.0,1,356.71,4,10.147,0.0,0.2344,0
10,43.59,-0.864,21,2.58,0,5.0,0.0,0,,,51.0,19.0,6,184.73,4,9.106,0.0,0.1173,1
40,31.65,1.492,15,9.92,0,4.0,0.0,0,,,50.0,84.0,15,527.63,24,12.9449,0.0,0.62,1
13,14.13,0.295,5,1.12,0,1.0,0.0,0,,,39.0,38.0,3,174.68,52,7.1695,0.0,0.1867,1
18,56.36,-0.768,9,3.8,1,98.0,9.66,1,0.704,11.6,69.0,62.0,4,170.59,12,11.9231,0.1684,0.38,0
15,50.7,0.701,17,0.97,0,6.0,0.0,0,,,60.0,27.0,5,163.99,4,10.9391,0.0,0.0539,1
12,102.83,0.331,19,4.44,0,5.0,0.0,1,0.604,2.6,3.0,50.0,4,351.57,12,11.9084,0.0,0.222,0
11,19.19,0.222,20,6.0,1,42.0,17.1,0,,,71.0,69.0,6,129.58,8,7.4676,0.847,0.2857,1
7,18.43,-0.68,16,1.11,0,5.0,0.0,1,0.932,7.0,49.0,34.0,0,147.76,12,6.1693,0.0,0.0653,0
16,160.2,1.021,15,3.2,0,7.0,0.0,0,,,78.0,46.0,3,426.63,8,14.4002,0.0,0.2,1
12,12.25,1.019,8,1.77,0,3.0,0.0,0,,,42.0,87.0,2,137.59,12,6.6278,0.0,0.1967,1
20,42.14,0.088,11,4.22,0,5.0,0.0,0,,,31.0,86.0,9,607.41,8,11.461,0.0,0.3517,1
12,25.8,-0.036,17,1.81,0,7.0,0.0,0,,,48.0,67.0,5,201.73,8,8.4346,0.0,0.1006,1
26,39.6,0.667,17,3.71,1,63.0,21.33,1,0.762,6.7,42.0,78.0,4,287.77,8,12.207,0.5254,0.2061,0
17,55.7,-0.08,17,2.86,1,45.0,22.09,1,0.855,2.1,55.0,57.0,4,397.47,4,11.6707,0.3896,0.1589,0
19,42.34,1.102,9,3.47,0,2.0,0.0,0,,,62.0,62.0,5,238.44,4,11.2911,0.0,0.347,1
14,36.64,-0.026,25,2.7,0,1.0,0.0,0,,,55.0,42.0,2,395.54,12,9.825,0.0,0.1038,1
21,108.61,0.839,12,0.95,1,44.0,22.41,1,0.924,14.6,49.0,87.0,8,481.14,52,14.5184,0.2045,0.0731,0
11,72.79,-0.242,16,1.77,1,84.0,29.85,0,,,36.0,55.0,10,200.42,12,10.6881,0.4045,0.1041,1
25,54.94,0.491,11,1.68,0,2.0,0.0,0,,,55.0,80.0,9,392.95,52,13.1115,0.0,0.14,1
16,44.43,0.831,12,12.52,1,82.0,42.24,1,0.894,11.6,22.0,53.0,8,1050.43,8,10.812,0.9298,0.9631,0
17,189.89,-0.507,16,3.67,1,58.0,12.28,1,0.688,5.6,46.0,93.0,4,51.44,8,15.1794,0.0643,0.2159,0
7,21.31,0.649,12,3.75,0,5.0,0.0,0,,,63.0,31.0,7,37.0,8,6.4567,0.0,0.2885,1
14,38.7,-0.904,10,3.36,1,48.0,19.96,0,,,68.0,13.0,1,115.8,12,9.9693,0.5028,0.3055,1
7,35.43,0.074,17,3.85,1,17.0,17.57,0,,,33.0,80.0,4,207.1,8,7.4764,0.4823,0.2139,1
11,40.1,-0.402,15,6.37,0,2.0,0.0,1,0.73,20.0,82.0,70.0,12,206.33,8,9.2339,0.0,0.3981,0
25,48.48,0.696,19,3.06,1,31.0,27.15,0,,,57.0,60.0,7,1113.48,12,12.7117,0.5487,0.153,1
2,22.99,-0.446,13,0.9,0,3.0,0.0,0,,,21.0,62.0,0,213.48,52,3.491,0.0,0.0643,1
28,61.06,1.618,17,5.07,1,87.0,62.06,0,,,79.0,86.0,12,356.65,24,13.9005,1.0,0.2817,1
15,69.95,-0.322,14,1.62,0,5.0,0.0,1,0.714,7.0,61.0,91.0,3,76.25,12,11.8167,0.0,0.108,0
16,30.69,0.151,12,4.16,0,10.0,0.0,1,0.581,4.4,75.0,51.0,6,163.79,12,9.7916,0.0,0.32,0
13,63.98,-0.635,10,1.96,1,72.0,9.64,1,0.837,7.2,64.0,70.0,5,619.94,12,11.0156,0.1484,0.1782,0
37,168.26,0.69,16,7.56,0,2.0,0.0,1,0.841,4.2,69.0,38.0,5,217.94,4,18.666,0.0,0.4447,0
19,100.79,0.004,19,5.61,1,34.0,36.43,1,0.858,54.9,92.0,48.0,8,1023.71,12,13.849,0.3579,0.2805,0
27,88.32,0.291,12,6.68,0,0.0,0.0,1,0.925,11.6,59.0,79.0,12,92.13,8,14.969,0.0,0.5138,0
8,48.89,-0.368,16,4.97,0,6.0,0.0,0,,,53.0,27.0,1,409.35,12,8.5908,0.0,0.2924,1
22,42.63,-0.076,16,1.72,0,2.0,0.0,0,,,67.0,61.0,5,599.1,4,11.8388,0.0,0.1012,1
10,78.75,-0.233,14,2.0,0,2.0,0.0,0,,,47.0,26.0,4,556.8,4,10.5001,0.0,0.1333,1
22,38.8,0.947,10,2.58,1,18.0,18.78,1,0.579,0.5,46.0,10.0,5,239.88,8,11.5507,0.4719,0.2345,0
8,9.34,-0.693,14,6.99,1,43.0,17.81,1,0.535,13.7,38.0,70.0,4,158.55,4,5.1328,1.7224,0.466,0
13,24.78,-0.13,16,3.27,0,0.0,0.0,1,0.603,10.2,63.0,90.0,5,279.61,12,8.5759,0.0,0.1924,0
17,52.43,-0.2,17,1.32,0,2.0,0.0,0,,,25.0,80.0,2,141.74,12,11.499,0.0,0.0733,1
27,91.98,1.208,20,8.14,0,3.0,0.0,0,,,83.0,39.0,9,329.66,12,15.1028,0.0,0.3876,1
10,75.2,-1.055,15,2.05,0,0.0,0.0,0,,,66.0,70.0,5,414.03,12,10.3909,0.0,0.1281,1
15,29.8,0.078,20,5.03,1,81.0,11.84,0,,,44.0,94.0,3,155.64,24,9.5031,0.3844,0.2395,1
13,152.2,-0.063,13,3.89,0,7.0,0.0,0,,,93.0,98.0,4,954.57,24,13.2791,0.0,0.2779,1
36,34.84,0.116,27,7.0,1,71.0,22.78,0,,,47.0,71.0,3,199.49,12,12.9237,0.6356,0.25,1
7,45.04,0.402,12,1.86,0,9.0,0.0,1,0.886,40.4,36.0,64.0,0,62.99,4,7.9632,0.0,0.1431,0
15,18.7,-0.069,14,1.78,0,12.0,0.0,0,,,16.0,93.0,3,268.53,24,8.264,0.0,0.1187,1
23,21.73,1.064,23,4.82,0,0.0,0.0,0,,,80.0,72.0,12,911.83,8,9.9272,0.0,0.2008,1
25,156.92,0.848,19,6.41,1,90.0,21.51,0,,,52.0,41.0,12,769.23,8,16.4928,0.1362,0.3205,1
24,52.27,0.251,22,3.74,1,62.0,16.98,0,,,67.0,90.0,3,538.5,4,12.7962,0.3188,0.1626,1
17,40.09,-0.214,11,2.1,0,3.0,0.0,0,,,54.0,54.0,8,1216.16,8,10.7399,0.0,0.175,1
20,47.13,0.777,16,3.81,1,81.0,37.85,1,0.647,8.2,66.0,72.0,5,331.46,8,11.7942,0.7864,0.2241,0
32,35.24,0.497,16,5.7,1,86.0,28.33,1,0.87,11.3,44.0,88.0,10,420.17,12,12.553,0.7817,0.3353,0
14,43.22,0.068,9,4.76,1,45.0,19.0,1,0.7,20.9,73.0,59.0,4,132.99,12,10.2613,0.4297,0.476,0
13,142.31,0.591,9,2.69,0,3.0,0.0,1,0.588,5.1,33.0,73.0,6,938.55,24,13.1029,0.0,0.269,0
35,118.4,-0.061,22,4.41,1,63.0,33.7,1,0.889,1.9,90.0,78.0,9,1886.22,12,17.1381,0.2822,0.1917,0
34,144.54,0.349,21,2.6,1,71.0,42.38,0,,,53.0,80.0,12,287.41,12,17.7072,0.2912,0.1182,1
8,86.73,-0.298,10,3.51,1,97.0,25.26,0,,,41.0,69.0,3,259.03,8,9.831,0.2879,0.3191,1
13,28.03,-0.574,13,1.74,0,18.0,0.0,1,0.98,9.7,39.0,45.0,2,449.59,8,8.8892,0.0,0.1243,0
8,43.94,0.04,12,1.42,0,19.0,0.0,0,,,36.0,81.0,6,192.0,4,8.3612,0.0,0.1092,1
9,45.37,-0.902,10,2.3,0,2.0,0.0,0,,,65.0,66.0,2,87.18,8,8.8342,0.0,0.2091,1
24,29.38,0.261,14,3.18,1,58.0,22.07,1,0.795,2.0,28.0,90.0,5,233.46,4,10.9885,0.7265,0.212,0
14,51.81,-0.374,16,3.23,0,14.0,0.0,1,0.798,0.2,61.0,50.0,5,944.87,52,10.742,0.0,0.19,0
10,31.11,0.161,9,1.76,1,70.0,14.61,1,0.933,26.2,40.0,68.0,5,156.9,52,8.3187,0.455,0.176,0
21,38.32,1.178,13,4.62,1,82.0,21.48,1,0.652,2.5,65.0,86.0,8,87.27,52,11.3495,0.5463,0.33,0
6,34.86,0.702,18,1.53,1,63.0,28.24,1,0.983,15.5,23.0,43.0,2,273.91,24,6.9656,0.7875,0.0805,0
13,53.16,0.421,9,2.99,1,61.0,17.23,1,0.851,9.2,74.0,69.0,2,108.01,52,10.535,0.3181,0.299,0
21,141.86,-1.114,14,2.49,0,5.0,0.0,1,0.774,23.0,45.0,84.0,7,81.72,4,15.3373,0.0,0.166,0
20,45.96,-0.75,13,1.68,1,31.0,20.2,1,0.563,0.9,28.0,45.0,4,459.41,8,11.7193,0.4302,0.12,0
22,97.01,0.189,21,6.52,0,9.0,0.0,1,0.856,11.1,59.0,68.0,11,712.52,12,14.3765,0.0,0.2964,0
13,17.06,0.213,13,1.25,0,13.0,0.0,1,0.711,5.7,80.0,55.0,2,211.2,4,7.6366,0.0,0.0893,0
12,4.53,-0.659,6,2.38,0,10.0,0.0,0,,,23.0,41.0,3,156.82,8,4.3865,0.0,0.34,1
15,40.55,-0.163,8,3.61,1,31.0,21.03,0,,,35.0,50.0,7,172.76,4,10.3332,0.5061,0.4011,1
8,30.16,-1.525,9,0.85,0,3.0,0.0,0,,,69.0,67.0,3,93.45,24,7.5566,0.0,0.085,1
15,29.03,0.172,12,2.36,1,54.0,14.82,0,,,25.0,47.0,4,163.97,4,9.4329,0.4935,0.1815,1
19,270.98,0.18,22,2.46,0,1.0,0.0,0,,,57.0,60.0,8,81.05,4,16.7933,0.0,0.107,1
8,21.67,-1.605,12,2.93,0,3.0,0.0,0,,,12.0,76.0,5,812.25,24,6.8576,0.0,0.2254,1
29,75.95,1.423,22,4.78,0,7.0,0.0,1,0.817,0.3,58.0,70.0,9,1416.12,4,14.7719,0.0,0.2078,0
12,35.82,0.149,13,3.21,0,6.0,0.0,0,,,56.0,50.0,5,239.01,8,9.2493,0.0,0.2293,1
9,45.2,-0.315,11,2.07,0,5.0,0.0,0,,,58.0,88.0,4,297.45,8,8.8258,0.0,0.1725,1
18,87.01,1.522,15,5.51,1,58.0,24.6,0,,,25.0,46.0,4,1282.91,12,13.1836,0.2795,0.3444,1
24,86.37,0.313,17,3.36,0,8.0,0.0,1,0.874,0.8,34.0,67.0,9,670.78,12,14.3889,0.0,0.1867,0
14,171.71,-0.082,11,5.3,1,82.0,18.56,0,,,78.0,44.0,10,1002.37,52,13.9508,0.1075,0.4417,1
21,43.86,1.078,13,4.26,1,36.0,37.51,1,0.947,2.6,86.0,85.0,11,721.33,52,11.7569,0.8362,0.3043,0
8,24.69,-1.113,10,2.55,0,2.0,0.0,0,,,33.0,32.0,4,71.84,12,7.1324,0.0,0.2318,1
18,57.76,0.222,11,3.94,1,70.0,36.95,0,,,72.0,53.0,5,120.95,8,11.9941,0.6288,0.3283,1
4,34.09,-0.751,16,1.27,1,95.0,21.33,1,0.885,19.9,41.0,44.0,1,197.55,4,5.7262,0.6079,0.0747,0
11,36.86,0.839,7,1.99,0,14.0,0.0,0,,,56.0,24.0,1,254.07,24,9.0299,0.0,0.2488,1
8,14.06,-0.616,10,0.73,0,4.0,0.0,0,,,16.0,28.0,3,377.25,8,5.959,0.0,0.0664,1
7,55.97,0.059,11,1.06,0,2.0,0.0,0,,,78.0,31.0,2,40.08,12,8.4062,0.0,0.0883,1
32,33.79,0.184,23,3.66,1,96.0,22.37,0,,,57.0,77.0,9,258.87,24,12.4103,0.643,0.1525,1
15,94.47,-0.784,12,3.23,0,14.0,0.0,1,0.495,47.9,57.0,58.0,3,305.23,4,12.6397,0.0,0.2485,0
29,33.38,-0.649,12,2.5,0,14.0,0.0,0,,,58.0,57.0,6,564.71,24,12.0317,0.0,0.1923,1
24,94.1,1.421,26,6.22,0,1.0,0.0,1,0.841,11.0,23.0,69.0,8,253.12,8,14.6618,0.0,0.2304,0
15,132.68,-0.242,14,1.91,0,2.0,0.0,0,,,69.0,97.0,6,564.82,52,13.5731,0.0,0.1273,1
9,84.02,0.636,9,4.45,1,23.0,12.99,0,,,20.0,81.0,2,280.41,8,10.2301,0.1528,0.445,1
12,162.69,0.447,12,6.05,0,4.0,0.0,1,0.841,2.2,54.0,36.0,6,330.82,24,13.076,0.0,0.4654,0
13,45.13,0.574,9,3.65,0,2.0,0.0,0,,,45.0,43.0,4,1013.14,4,10.1115,0.0,0.365,1
7,26.42,0.23,12,3.02,0,3.0,0.0,0,,,24.0,55.0,4,474.86,4,6.8856,0.0,0.2323,1
14,101.21,0.33,17,8.62,0,12.0,0.0,0,,,17.0,84.0,10,475.17,4,12.5302,0.0,0.4789,1
28,32.18,0.234,32,1.15,1,24.0,19.5,0,,,73.0,92.0,11,1194.16,24,11.7921,0.5877,0.0348,1
10,58.6,-0.977,13,0.68,0,14.0,0.0,0,,,69.0,18.0,2,559.25,24,9.8018,0.0,0.0486,1
6,31.94,-0.777,8,1.46,1,65.0,11.99,1,0.809,20.6,82.0,71.0,0,474.8,24,6.8003,0.364,0.1622,0
19,124.53,-0.275,11,3.78,1,81.0,15.61,0,,,31.0,51.0,6,384.25,4,14.477,0.1244,0.315,1
12,31.79,0.495,13,3.44,0,4.0,0.0,1,0.418,15.2,78.0,17.0,5,110.39,8,8.952,0.0,0.2457,0
17,60.68,-0.531,9,1.75,0,12.0,0.0,0,,,37.0,34.0,6,289.06,8,11.914,0.0,0.175,1
14,81.81,0.064,13,3.17,0,6.0,0.0,0,,,80.0,28.0,2,207.07,4,11.9602,0.0,0.2264,1
7,143.51,0.141,11,1.25,0,6.0,0.0,0,,,38.0,76.0,4,136.12,4,10.3418,0.0,0.1042,1
13,31.21,0.238,9,3.02,1,99.0,42.3,1,0.934,4.5,18.0,47.0,1,173.85,52,9.1635,1.3133,0.302,0
14,30.47,0.061,11,1.78,1,92.0,20.64,0,,,30.0,21.0,7,219.1,12,9.3402,0.6559,0.1483,1
10,25.1,-0.569,14,3.6,0,2.0,0.0,0,,,51.0,97.0,5,134.77,52,7.8218,0.0,0.24,1
16,22.01,-0.509,15,1.79,1,54.0,33.84,0,,,36.0,53.0,6,307.63,24,8.8848,1.4707,0.1119,1
10,69.98,1.342,10,1.96,1,78.0,9.44,0,,,56.0,53.0,2,405.94,12,10.2208,0.133,0.1782,1
6,26.97,0.179,11,3.77,1,72.0,31.85,1,0.563,14.0,59.0,27.0,3,484.74,12,6.4821,1.1387,0.3142,0
22,110.99,0.781,16,2.41,1,71.0,17.32,0,,,50.0,88.0,4,463.11,8,14.7945,0.1547,0.1418,1
20,77.95,-0.043,18,2.26,0,12.0,0.0,0,,,67.0,49.0,9,171.48,24,13.301,0.0,0.1189,1
8,56.89,-0.771,17,2.78,0,12.0,0.0,0,,,64.0,73.0,2,107.83,24,8.9175,0.0,0.1544,1
22,18.22,0.483,13,3.18,0,7.0,0.0,0,,,54.0,58.0,13,52.88,8,9.2684,0.0,0.2271,1
18,44.9,0.057,17,3.5,0,6.0,0.0,1,0.561,5.9,43.0,77.0,4,420.35,4,11.2668,0.0,0.1944,0
18,19.77,0.085,14,1.56,1,80.0,15.78,0,,,47.0,89.0,3,313.88,4,8.932,0.7597,0.104,1
15,18.76,-1.031,13,1.97,0,2.0,0.0,1,0.763,7.4,21.0,37.0,4,333.31,12,8.2725,0.0,0.1407,0
23,144.39,0.361,18,6.2,0,12.0,0.0,0,,,36.0,83.0,14,300.22,52,15.8249,0.0,0.3263,1
15,53.8,0.994,14,3.36,0,2.0,0.0,0,,,19.0,43.0,8,91.03,12,11.1006,0.0,0.224,1
26,63.11,-0.686,13,1.62,0,1.0,0.0,0,,,48.0,76.0,5,163.25,24,13.7127,0.0,0.1157,1
32,77.43,0.36,17,7.34,0,4.0,0.0,0,,,80.0,81.0,5,436.64,12,15.2525,0.0,0.4078,1
18,88.87,0.169,17,4.58,1,75.0,13.01,0,,,70.0,51.0,6,949.32,8,13.2452,0.1448,0.2544,1
4,25.26,0.467,6,0.9,1,80.0,10.93,1,0.686,16.3,24.0,42.0,2,256.48,12,5.2597,0.4162,0.1286,0
17,20.24,0.585,9,2.52,0,1.0,0.0,1,0.519,1.1,58.0,64.0,4,466.53,12,8.8326,0.0,0.252,0
5,30.27,-0.731,7,1.83,0,6.0,0.0,0,,,53.0,53.0,0,464.63,24,6.1684,0.0,0.2288,1
10,24.11,0.373,10,1.92,0,2.0,0.0,0,,,72.0,32.0,2,190.49,12,7.7291,0.0,0.1745,1
28,18.4,0.059,12,2.67,0,10.0,0.0,0,,,64.0,70.0,5,324.61,4,9.985,0.0,0.2054,1
25,92.05,0.179,17,7.03,0,8.0,0.0,0,,,61.0,91.0,11,718.55,4,14.7694,0.0,0.3906,1
15,132.19,-0.313,12,2.98,0,5.0,0.0,1,0.823,43.6,49.0,82.0,7,324.19,12,13.5629,0.0,0.2292,0
11,21.75,-0.131,4,1.39,0,8.0,0.0,1,0.829,25.1,49.0,85.0,0,277.4,4,7.7643,0.0,0.278,0
6,67.46,-0.713,17,2.63,1,33.0,24.12,0,,,65.0,64.0,9,982.93,12,8.2239,0.3523,0.1461,1
11,39.5,-0.751,10,3.26,0,5.0,0.0,1,0.777,1.0,73.0,92.0,2,1072.65,4,9.1974,0.0,0.2964,0
25,401.86,0.652,17,5.72,1,51.0,25.76,1,0.715,14.3,19.0,72.0,10,926.35,12,19.544,0.0639,0.3178,0
16,36.43,-1.321,13,2.42,0,5.0,0.0,0,,,66.0,69.0,4,469.6,4,10.2632,0.0,0.1729,1
6,38.51,-0.104,7,1.4,1,76.0,11.32,0,,,19.0,62.0,1,289.25,24,7.1542,0.2865,0.175,1
7,34.28,-0.377,9,2.11,0,10.0,0.0,0,,,44.0,45.0,4,277.15,24,7.4097,0.0,0.211,1
17,115.66,-0.016,18,2.85,1,58.0,39.72,0,,,89.0,45.0,3,532.91,4,13.756,0.3405,0.15,1
31,35.57,-0.016,22,4.21,1,74.0,32.06,1,0.823,11.4,28.0,87.0,9,98.76,24,12.474,0.8767,0.183,0
37,68.16,0.463,17,22.2,0,7.0,0.0,0,,,60.0,97.0,8,245.6,12,15.4104,0.0,1.2333,1
14,56.17,-0.244,14,2.96,1,45.0,44.01,0,,,67.0,33.0,10,789.54,8,10.9569,0.7698,0.1973,1
17,44.49,0.273,12,2.18,0,5.0,0.0,0,,,53.0,93.0,2,159.01,12,11.034,0.0,0.1677,1
31,125.03,0.363,23,4.34,0,16.0,0.0,1,0.865,2.6,63.0,74.0,3,937.58,4,16.7621,0.0,0.1808,0
17,26.98,0.385,11,2.11,1,32.0,47.67,0,,,25.0,84.0,8,240.53,4,9.6292,1.7037,0.1758,1
40,33.11,1.402,17,6.41,0,6.0,0.0,1,0.729,0.4,68.0,59.0,4,274.49,8,13.1074,0.0,0.3561,0
6,51.18,-0.046,13,1.88,1,30.0,38.85,0,,,53.0,58.0,4,123.42,4,7.6955,0.7445,0.1343,1
17,51.82,-0.838,16,4.45,1,56.0,33.05,1,0.947,9.0,18.0,55.0,5,271.35,12,11.4658,0.6257,0.2618,0
23,36.87,0.385,12,3.48,0,7.0,0.0,0,,,44.0,67.0,2,742.08,52,11.5496,0.0,0.2677,1
9,15.73,-0.795,10,2.49,1,88.0,6.97,1,0.633,35.4,22.0,25.0,2,376.92,8,6.4869,0.4166,0.2264,0
4,41.9,-0.993,4,1.03,1,51.0,28.31,1,0.712,5.0,9.0,67.0,3,108.82,8,6.0497,0.6599,0.206,0
34,23.98,-0.275,19,4.42,0,4.0,0.0,0,,,51.0,50.0,8,997.69,4,11.4414,0.0,0.221,1
18,264.99,0.451,18,7.34,1,29.0,23.38,1,0.795,7.4,20.0,28.0,8,206.43,12,16.4402,0.0879,0.3863,0
36,108.49,1.185,25,16.0,1,33.0,46.65,1,0.86,2.9,67.0,55.0,8,361.72,8,16.9563,0.4261,0.6154,0
9,22.71,-1.582,7,1.37,0,13.0,0.0,1,0.733,4.8,76.0,55.0,1,256.51,12,7.2897,0.0,0.1713,0
8,19.63,0.878,10,1.99,0,1.0,0.0,1,0.718,3.1,38.0,71.0,5,426.99,12,6.6504,0.0,0.1809,0
15,145.19,-0.262,16,1.85,1,49.0,36.36,0,,,48.0,82.0,5,693.22,4,13.8211,0.2487,0.1088,1
13,102.97,-0.442,17,0.95,0,11.0,0.0,0,,,45.0,42.0,6,189.75,4,12.2561,0.0,0.0528,1
4,33.67,-0.23,7,1.25,0,1.0,0.0,0,,,38.0,50.0,2,226.94,4,5.7069,0.0,0.1562,1
14,67.17,-0.479,8,2.67,0,6.0,0.0,1,0.739,21.6,45.0,23.0,4,377.67,4,11.4334,0.0,0.2967,0
15,47.69,1.009,14,2.89,1,81.0,35.88,0,,,44.0,54.0,4,99.91,8,10.7728,0.7369,0.1927,1
19,36.98,1.284,19,2.96,1,51.0,52.69,1,0.783,6.2,48.0,88.0,9,213.15,12,10.8957,1.3873,0.148,0
11,18.84,0.556,9,1.2,1,73.0,16.45,1,0.803,11.1,34.0,36.0,1,414.69,12,7.4242,0.8291,0.12,0
17,27.72,0.087,12,1.32,1,42.0,44.33,0,,,20.0,39.0,2,190.53,12,9.7047,1.5435,0.1015,1
15,94.19,0.609,13,2.8,0,20.0,0.0,0,,,77.0,81.0,6,163.75,4,12.6316,0.0,0.2,1
18,62.65,0.588,10,3.47,0,0.0,0.0,0,,,88.0,44.0,2,295.98,24,12.2294,0.0,0.3155,1
36,47.11,1.195,13,2.26,0,2.0,0.0,0,,,70.0,32.0,11,241.35,24,13.9869,0.0,0.1614,1
10,61.17,-1.228,7,1.51,0,2.0,0.0,0,,,17.0,70.0,1,197.22,8,9.903,0.0,0.1888,1
14,192.6,-0.532,10,2.53,0,2.0,0.0,1,0.516,10.5,30.0,50.0,3,192.43,24,14.26,0.0,0.23,0
13,157.82,0.822,12,2.53,0,15.0,0.0,1,0.755,12.2,7.0,87.0,4,152.1,24,13.3741,0.0,0.1946,0
14,33.38,0.306,9,2.02,0,8.0,0.0,0,,,22.0,79.0,6,408.89,24,9.5797,0.0,0.202,1
17,121.56,-0.15,9,2.27,0,3.0,0.0,0,,,55.0,70.0,4,344.36,12,13.8986,0.0,0.227,1
25,108.9,0.116,22,6.96,1,50.0,73.33,0,,,64.0,71.0,10,1653.85,4,15.3117,0.6672,0.3026,1
23,62.6,1.054,18,6.77,0,0.0,0.0,1,0.721,5.3,50.0,80.0,4,540.23,8,13.1972,0.0,0.3563,0
17,184.01,0.825,14,1.0,0,6.0,0.0,0,,,28.0,66.0,5,307.84,8,15.0889,0.0,0.0667,1
3,26.78,-0.668,5,2.26,0,15.0,0.0,1,0.588,5.6,62.0,55.0,2,138.82,52,4.6085,0.0,0.3767,0
17,24.12,-0.036,15,2.87,0,2.0,0.0,1,0.815,12.9,62.0,52.0,5,120.48,4,9.3176,0.0,0.1794,0
13,16.89,-0.477,5,0.85,1,42.0,23.8,1,0.866,4.2,68.0,7.0,6,371.78,8,7.6117,1.3304,0.1417,0
11,24.83,0.095,5,4.11,0,3.0,0.0,1,0.769,4.1,24.0,25.0,2,130.03,52,8.0798,0.0,0.685,0
2,24.91,-0.573,12,0.82,0,7.0,0.0,0,,,30.0,56.0,0,120.29,12,3.5756,0.0,0.0631,1
22,42.22,1.636,18,6.57,0,3.0,0.0,0,,,35.0,84.0,6,164.24,12,11.8092,0.0,0.3458,1
15,46.34,0.625,10,3.81,0,3.0,0.0,0,,,50.0,90.0,2,151.97,4,10.6949,0.0,0.3464,1
25,53.16,1.028,22,4.14,1,46.0,22.76,0,,,54.0,67.0,6,668.62,8,13.0061,0.4202,0.18,1
31,168.34,0.069,23,4.59,0,2.0,0.0,1,0.932,0.3,79.0,60.0,8,586.67,8,17.7858,0.0,0.1912,0
32,13.71,0.964,22,2.38,0,3.0,0.0,0,,,51.0,97.0,7,331.28,12,9.4005,0.0,0.1035,1
12,101.75,0.514,11,4.1,0,11.0,0.0,0,,,29.0,49.0,3,360.87,8,11.8816,0.0,0.3417,1
14,98.72,1.168,21,2.84,0,8.0,0.0,0,,,72.0,87.0,3,1478.38,8,12.4634,0.0,0.1291,1
13,64.86,0.42,8,1.75,0,0.0,0.0,0,,,33.0,61.0,2,549.05,8,11.0511,0.0,0.1944,1
28,22.59,0.727,18,2.43,1,57.0,57.78,0,,,48.0,58.0,7,619.09,8,10.6434,2.4493,0.1279,1
34,33.65,1.031,14,2.26,0,9.0,0.0,0,,,68.0,87.0,13,352.5,4,12.6048,0.0,0.1507,1
10,90.76,0.839,16,3.97,0,6.0,0.0,0,,,17.0,50.0,3,221.91,52,10.8365,0.0,0.2335,1
12,56.56,0.869,12,3.29,1,23.0,10.91,0,,,69.0,36.0,2,121.99,12,10.3953,0.1895,0.2531,1
18,47.79,0.699,22,3.2,0,8.0,0.0,1,0.68,5.1,58.0,51.0,11,714.48,52,11.4466,0.0,0.1391,0
30,145.05,1.313,17,8.23,1,84.0,85.44,0,,,81.0,63.0,14,267.29,12,17.1148,0.585,0.4572,1
4,27.56,-0.241,12,0.78,1,81.0,23.21,0,,,16.0,90.0,2,212.17,4,5.3948,0.8127,0.06,1
17,56.66,0.159,14,2.54,0,10.0,0.0,1,0.555,4.7,36.0,47.0,4,822.48,8,11.7192,0.0,0.1693,0
17,33.63,1.006,21,3.31,0,1.0,0.0,0,,,24.0,88.0,5,114.28,8,10.2456,0.0,0.1505,1
7,70.22,0.201,11,1.7,0,1.0,0.0,0,,,25.0,86.0,3,489.99,12,8.8704,0.0,0.1417,1
10,55.05,0.04,19,2.75,0,12.0,0.0,1,0.892,1.2,45.0,51.0,6,165.83,12,9.6545,0.0,0.1375,0
21,28.6,-0.577,10,1.58,0,9.0,0.0,0,,,26.0,51.0,5,208.84,4,10.4718,0.0,0.1436,1
16,45.01,0.141,18,2.13,0,9.0,0.0,0,,,34.0,44.0,7,110.42,4,10.848,0.0,0.1121,1
18,82.26,0.432,12,3.22,0,3.0,0.0,1,0.689,4.8,45.0,95.0,2,347.96,24,13.0202,0.0,0.2477,0
14,37.92,1.233,12,3.33,1,65.0,46.45,1,0.418,4.7,22.0,86.0,5,295.9,24,9.9155,1.1935,0.2562,0
9,9.65,-1.235,11,1.56,0,13.0,0.0,0,,,24.0,92.0,6,158.89,8,5.4469,0.0,0.13,1
21,147.74,0.113,13,2.37,0,5.0,0.0,0,,,67.0,87.0,4,198.98,52,15.462,0.0,0.1693,1
8,27.63,-0.371,8,0.9,0,9.0,0.0,0,,,22.0,52.0,1,182.9,8,7.3705,0.0,0.1,1
10,27.14,0.279,3,2.45,1,52.0,13.84,1,0.839,10.9,18.0,50.0,4,307.84,8,8.0022,0.4918,0.6125,0
21,67.69,0.567,12,4.4,0,8.0,0.0,1,0.749,4.4,64.0,65.0,13,682.79,4,13.0739,0.0,0.3385,0
20,63.39,-0.939,17,1.25,1,59.0,30.45,0,,,80.0,69.0,10,455.14,12,12.6803,0.4729,0.0694,1
30,75.64,0.656,21,7.73,0,10.0,0.0,1,0.738,3.2,25.0,32.0,10,444.61,4,14.9005,0.0,0.3514,0
14,41.29,-0.112,7,3.09,0,4.0,0.0,1,0.686,6.8,36.0,78.0,4,197.28,8,10.1404,0.0,0.3862,0
21,55.89,0.906,13,4.03,1,75.0,52.72,1,0.816,8.0,70.0,79.0,13,109.76,8,12.4913,0.9267,0.2879,0
10,51.74,0.095,8,2.57,1,57.0,24.19,1,0.937,14.0,56.0,80.0,6,175.67,8,9.5086,0.4587,0.2856,0
6,11.78,-1.222,6,1.3,0,7.0,0.0,1,0.634,0.4,68.0,40.0,3,41.04,4,4.9579,0.0,0.1857,0
22,64.84,0.112,5,2.85,0,5.0,0.0,1,0.894,18.0,64.0,72.0,3,468.45,8,13.129,0.0,0.475,0
17,114.71,-0.29,10,3.2,1,88.0,24.41,0,,,47.0,76.0,8,137.05,4,13.7324,0.211,0.2909,1
17,51.92,-0.435,8,1.07,0,11.0,0.0,0,,,24.0,77.0,2,386.89,8,11.4713,0.0,0.1189,1
14,16.33,-0.244,11,3.15,1,44.0,16.72,0,,,25.0,9.0,4,290.66,4,7.7245,0.9648,0.2625,1
13,42.33,-0.183,9,5.23,1,63.0,8.54,1,0.557,20.9,71.0,71.0,6,257.96,12,9.9462,0.1971,0.523,0
17,107.16,0.241,16,4.23,1,50.0,23.27,0,,,59.0,37.0,8,1331.77,4,13.5374,0.2151,0.2488,1
19,28.5,-0.137,15,2.26,0,1.0,0.0,0,,,64.0,75.0,3,441.56,8,10.1387,0.0,0.1412,1
36,581.35,0.825,27,3.59,0,8.0,0.0,1,0.723,2.9,83.0,85.0,12,1240.4,4,22.991,0.0,0.1282,0
26,8.08,0.722,21,2.45,0,1.0,0.0,0,,,49.0,93.0,9,730.88,4,7.2709,0.0,0.1114,1
12,20.98,1.005,9,3.11,1,58.0,39.51,1,0.797,13.7,65.0,46.0,8,203.68,8,7.926,1.7975,0.311,0
12,38.77,-0.186,17,0.91,0,5.0,0.0,1,0.63,3.3,35.0,55.0,2,1336.1,8,9.447,0.0,0.0506,0
16,18.28,-0.332,9,1.49,1,91.0,18.27,0,,,55.0,61.0,2,711.51,4,8.3837,0.9476,0.149,1
13,73.03,-0.398,13,4.23,0,0.0,0.0,1,0.642,11.0,12.0,91.0,3,420.07,24,11.3597,0.0,0.3021,0
9,37.99,-0.454,12,4.03,0,12.0,0.0,1,0.719,14.0,64.0,29.0,2,268.02,52,8.4351,0.0,0.31,0
10,20.45,0.93,11,2.73,0,12.0,0.0,0,,,42.0,81.0,1,288.68,8,7.3513,0.0,0.2275,1
8,31.54,-0.028,13,2.81,0,7.0,0.0,1,0.921,22.9,71.0,49.0,7,318.12,8,7.6518,0.0,0.2007,0
15,24.86,-0.17,19,2.78,0,8.0,0.0,1,0.794,1.1,62.0,56.0,2,158.36,8,9.0184,0.0,0.139,0
16,164.62,1.543,27,6.65,1,35.0,36.98,0,,,32.0,56.0,10,244.38,4,14.4769,0.2233,0.2375,1
22,154.36,0.426,20,4.16,0,7.0,0.0,1,0.798,13.5,68.0,96.0,15,137.72,8,15.8209,0.0,0.1981,0
26,37.23,-1.008,16,3.35,1,55.0,22.61,0,,,24.0,55.0,4,180.22,24,12.0088,0.5914,0.1971,1
20,33.82,1.054,9,4.15,0,1.0,0.0,1,0.939,11.7,58.0,84.0,3,812.83,4,10.8086,0.0,0.415,0
22,34.59,-0.534,16,3.59,1,56.0,19.06,0,,,36.0,65.0,7,221.94,12,11.2002,0.5355,0.2112,1
26,82.62,1.033,19,9.12,1,93.0,14.29,1,0.502,20.1,28.0,76.0,6,536.05,24,14.5883,0.1709,0.456,0
19,111.97,1.307,14,2.78,1,35.0,13.1,1,0.729,4.0,54.0,67.0,4,354.7,24,14.1612,0.116,0.1853,0
18,38.24,-0.572,18,3.81,0,6.0,0.0,0,,,45.0,42.0,9,175.88,8,10.8052,0.0,0.2005,1
30,222.49,0.725,19,6.69,1,81.0,54.57,0,,,45.0,95.0,9,1034.23,4,18.5757,0.2442,0.3345,1
22,138.76,0.086,12,2.04,0,5.0,0.0,1,0.561,10.2,47.0,46.0,2,331.05,8,15.4891,0.0,0.1569,0
33,27.37,0.863,20,2.8,1,44.0,24.95,1,0.745,5.3,56.0,65.0,9,196.39,12,11.7968,0.8795,0.1333,0
35,61.97,1.625,19,2.78,1,54.0,98.76,0,,,37.0,82.0,13,917.96,52,14.8453,1.5684,0.139,1
14,97.79,-0.402,15,1.75,0,5.0,0.0,0,,,81.0,41.0,4,112.06,8,12.4381,0.0,0.1094,1
27,37.12,0.818,13,2.65,1,56.0,39.61,0,,,48.0,89.0,8,665.38,8,12.1317,1.0391,0.1893,1
17,39.78,0.013,19,5.1,1,69.0,33.07,0,,,48.0,62.0,5,134.93,8,10.7181,0.8109,0.255,1
15,12.28,0.127,18,4.2,0,9.0,0.0,0,,,45.0,67.0,4,138.24,8,7.1706,0.0,0.2211,1
30,109.73,-0.655,20,4.3,0,25.0,0.0,1,0.622,10.6,48.0,76.0,12,859.32,52,16.1641,0.0,0.2048,0
17,29.4,1.002,18,3.56,1,88.0,39.63,0,,,58.0,81.0,8,158.62,12,9.869,1.3036,0.1874,1
24,73.16,0.895,20,3.02,0,11.0,0.0,1,0.95,1.9,15.0,52.0,14,285.28,8,13.8612,0.0,0.1438,0
29,43.18,1.266,19,2.46,1,40.0,27.09,0,,,56.0,57.0,13,122.21,12,12.8847,0.6132,0.123,1
20,7.37,-0.365,17,4.33,1,71.0,50.86,1,0.776,0.1,58.0,68.0,13,427.14,24,6.4686,6.0765,0.2406,0
22,50.43,1.278,15,5.6,1,31.0,12.18,0,,,53.0,81.0,7,274.56,12,12.3545,0.2368,0.35,1
21,40.19,0.621,19,3.79,0,6.0,0.0,0,,,33.0,90.0,4,1339.78,24,11.4931,0.0,0.1895,1
5,26.59,-0.014,15,2.45,0,21.0,0.0,1,0.687,12.4,76.0,68.0,1,425.82,4,5.9441,0.0,0.1531,0
29,40.98,0.544,21,4.56,1,76.0,54.15,0,,,40.0,84.0,5,376.28,12,12.7109,1.2899,0.2073,1
18,27.51,0.13,10,1.81,0,1.0,0.0,0,,,38.0,65.0,7,465.92,8,9.8646,0.0,0.1645,1
19,55.31,0.539,18,2.15,0,13.0,0.0,0,,,21.0,72.0,7,151.92,4,12.0754,0.0,0.1132,1
16,102.85,1.224,14,3.97,0,4.0,0.0,0,,,42.0,46.0,6,367.35,4,13.1545,0.0,0.2647,1
11,50.44,-0.55,12,1.16,1,76.0,15.68,0,,,51.0,96.0,1,240.7,24,9.7916,0.3048,0.0892,1
14,24.39,0.137,11,9.3,0,9.0,0.0,1,0.72,5.1,58.0,65.0,6,322.45,8,8.7588,0.0,0.775,0
9,23.86,0.048,17,2.71,1,81.0,9.0,0,,,54.0,83.0,4,1039.87,8,7.3988,0.362,0.1506,1
9,42.14,-0.417,11,4.78,0,1.0,0.0,0,,,40.0,84.0,2,105.74,4,8.668,0.0,0.3983,1
14,24.46,-0.508,20,3.25,0,2.0,0.0,0,,,4.0,52.0,4,221.85,12,8.7663,0.0,0.1548,1
14,32.28,-0.787,17,2.81,1,87.0,10.57,0,,,64.0,35.0,5,480.7,24,9.4916,0.3176,0.1561,1
14,68.31,0.565,12,1.91,0,7.0,0.0,1,0.786,5.2,21.0,22.0,5,117.96,24,11.4783,0.0,0.1469,0
9,13.23,-0.879,13,0.96,1,67.0,27.69,0,,,57.0,73.0,2,263.02,8,6.1142,1.9459,0.0686,1
30,156.72,0.931,11,3.04,0,5.0,0.0,1,0.751,3.9,76.0,70.0,5,199.76,4,17.3788,0.0,0.2533,0
19,51.22,-0.41,14,4.99,0,2.0,0.0,1,0.942,5.0,53.0,83.0,6,208.17,24,11.8495,0.0,0.3327,0
31,67.58,0.422,23,10.2,1,83.0,19.52,0,,,23.0,74.0,9,136.43,52,14.6531,0.2846,0.425,1
15,30.52,0.378,16,0.84,0,18.0,0.0,1,0.466,6.0,31.0,83.0,4,104.26,12,9.5672,0.0,0.0494,0
29,58.06,0.778,21,2.39,1,56.0,16.52,0,,,31.0,34.0,7,350.92,12,13.872,0.2797,0.1086,1
5,16.04,0.041,6,1.21,0,0.0,0.0,1,0.883,13.5,54.0,46.0,1,48.93,8,5.0806,0.0,0.1729,0
15,17.89,-0.816,15,3.69,0,4.0,0.0,0,,,8.0,74.0,5,196.2,12,8.1476,0.0,0.2306,1
22,75.1,-0.173,15,4.16,1,81.0,50.9,0,,,11.0,88.0,12,114.52,24,13.5831,0.6689,0.26,1
24,49.25,-0.292,29,10.91,1,69.0,15.71,1,0.824,3.9,62.0,58.0,10,100.36,24,12.6084,0.3126,0.3637,0
18,38.37,0.363,11,5.02,0,8.0,0.0,1,0.84,0.2,52.0,71.0,5,133.12,12,10.8149,0.0,0.4183,0
9,18.55,-0.396,11,1.34,0,1.0,0.0,0,,,67.0,28.0,3,74.84,12,6.8455,0.0,0.1117,1
9,29.86,-1.173,11,1.38,0,8.0,0.0,0,,,40.0,71.0,2,95.19,12,7.8966,0.0,0.115,1
22,64.45,2.077,21,8.03,0,11.0,0.0,0,,,35.0,58.0,4,2390.49,24,13.1104,0.0,0.365,1
17,114.96,0.468,13,1.4,1,19.0,44.65,1,0.798,17.0,13.0,92.0,8,544.67,24,13.7386,0.385,0.1,0
34,138.51,0.655,19,3.26,0,8.0,0.0,0,,,39.0,68.0,4,144.3,24,17.5568,0.0,0.163,1
5,18.36,0.929,8,2.3,0,4.0,0.0,1,0.45,23.1,32.0,61.0,7,542.56,8,5.3094,0.0,0.2556,0
19,40.1,0.466,22,3.59,1,72.0,38.35,0,,,31.0,72.0,6,690.31,12,11.1322,0.9331,0.1561,1
7,26.22,-1.404,8,1.8,1,96.0,21.34,1,0.766,2.5,73.0,46.0,5,248.29,8,6.8704,0.784,0.2,0
24,76.92,0.713,14,5.05,1,67.0,31.32,0,,,16.0,73.0,16,627.52,4,14.0204,0.402,0.3367,1
17,302.68,-0.18,17,3.38,0,1.0,0.0,0,,,29.0,58.0,4,81.29,8,16.5213,0.0,0.1878,1
22,117.81,0.692,8,16.63,0,3.0,0.0,1,0.909,4.0,77.0,94.0,11,220.36,12,14.9799,0.0,1.8478,0
16,56.91,0.81,11,3.12,1,34.0,40.2,0,,,64.0,79.0,2,105.55,24,11.4997,0.6942,0.26,1
13,106.86,-0.972,13,3.31,1,69.0,14.32,0,,,60.0,55.0,3,67.13,12,12.353,0.1328,0.2364,1
25,111.12,0.136,13,4.95,0,6.0,0.0,0,,,32.0,82.0,9,315.33,12,15.3768,0.0,0.3536,1
19,38.25,1.431,10,3.43,0,11.0,0.0,0,,,66.0,43.0,7,503.13,12,10.9942,0.0,0.3118,1
12,21.53,-0.011,15,4.19,0,1.0,0.0,1,0.583,7.8,59.0,56.0,5,53.49,12,7.9894,0.0,0.2619,0
28,88.05,0.095,9,7.15,1,64.0,50.05,0,,,70.0,88.0,11,488.07,12,15.1165,0.562,0.715,1
13,15.93,0.536,12,6.81,0,6.0,0.0,0,,,31.0,72.0,1,312.71,4,7.4661,0.0,0.5238,1
17,50.87,0.704,14,4.3,1,28.0,11.96,0,,,88.0,82.0,6,200.73,8,11.4133,0.2306,0.2867,1
24,82.13,1.1,12,2.61,1,31.0,54.23,1,0.705,57.4,47.0,41.0,9,529.3,8,14.2287,0.6524,0.2008,0
16,15.64,0.526,13,2.67,1,38.0,39.03,1,0.585,6.6,53.0,72.0,4,182.39,24,7.9665,2.3456,0.1907,0
11,50.79,0.562,10,1.4,0,1.0,0.0,0,,,39.0,65.0,6,374.54,52,9.8084,0.0,0.1273,1
20,57.19,-0.113,12,0.85,0,0.0,0.0,0,,,58.0,66.0,1,271.8,12,12.3721,0.0,0.0654,1
12,49.96,-0.044,17,1.71,1,31.0,40.67,1,0.827,3.6,69.0,72.0,4,563.27,8,10.0829,0.7981,0.095,0
21,62.77,0.452,15,3.13,0,2.0,0.0,0,,,72.0,54.0,11,340.14,12,12.8442,0.0,0.1956,1
11,21.12,0.679,11,2.12,0,1.0,0.0,1,0.816,12.1,60.0,66.0,2,192.31,8,7.6945,0.0,0.1767,0
17,56.2,0.214,14,1.13,1,68.0,22.99,0,,,30.0,65.0,2,69.82,4,11.696,0.4019,0.0753,1
15,33.58,0.473,12,3.68,0,9.0,0.0,1,0.996,42.2,58.0,48.0,2,249.1,8,9.824,0.0,0.2831,0
6,17.27,-1.614,7,3.28,0,1.0,0.0,0,,,73.0,37.0,2,180.07,12,5.6534,0.0,0.41,1
28,95.8,0.873,9,2.61,0,0.0,0.0,0,,,87.0,72.0,10,223.3,8,15.3975,0.0,0.261,1
10,34.26,0.713,9,5.4,0,4.0,0.0,1,0.552,0.1,21.0,57.0,2,401.05,24,8.5431,0.0,0.54,0
33,162.19,1.412,18,6.44,1,46.0,114.42,1,0.724,2.6,68.0,85.0,6,597.91,24,17.9665,0.7011,0.3389,0
29,37.34,-0.004,14,7.96,0,12.0,0.0,0,,,59.0,68.0,3,424.65,12,12.4024,0.0,0.5307,1
16,113.58,-0.56,15,2.47,0,6.0,0.0,0,,,61.0,78.0,4,433.3,8,13.433,0.0,0.1544,1
7,33.55,-0.275,19,6.08,0,0.0,0.0,0,,,49.0,41.0,3,124.87,4,7.3662,0.0,0.304,1
38,93.75,1.06,16,6.12,0,11.0,0.0,1,0.465,13.7,73.0,91.0,8,109.18,12,16.6738,0.0,0.36,0
40,48.85,0.832,21,20.73,1,61.0,29.13,0,,,56.0,80.0,13,212.36,4,14.5164,0.5844,0.9423,1
20,40.31,-0.659,11,1.21,0,16.0,0.0,1,0.787,7.1,57.0,67.0,4,221.18,8,11.329,0.0,0.1008,0
21,75.0,1.119,24,4.29,1,40.0,20.17,0,,,79.0,37.0,9,460.62,8,13.3865,0.2654,0.1716,1
13,66.2,-0.039,17,2.0,0,9.0,0.0,0,,,19.0,40.0,4,373.68,24,11.1043,0.0,0.1111,1
21,94.32,-0.435,19,2.61,1,83.0,27.02,0,,,82.0,60.0,6,986.62,4,14.0866,0.2835,0.1305,1
20,61.21,0.295,15,4.49,1,63.0,24.42,0,,,36.0,81.0,4,338.42,4,12.5754,0.3925,0.2806,1
20,151.83,1.389,15,1.87,0,8.0,0.0,0,,,29.0,65.0,6,130.64,8,15.3119,0.0,0.1169,1
9,11.33,-0.785,11,4.26,0,3.0,0.0,1,0.796,31.2,33.0,53.0,1,221.54,8,5.7842,0.0,0.355,0
8,68.61,0.727,18,1.95,0,2.0,0.0,1,0.857,4.7,22.0,97.0,9,262.77,8,9.3226,0.0,0.1026,0
4,91.92,-1.106,9,2.22,1,88.0,10.58,0,,,23.0,58.0,2,1981.33,4,7.2936,0.1139,0.222,1
28,139.36,0.12,22,2.39,0,2.0,0.0,0,,,45.0,71.0,12,229.0,12,16.6486,0.0,0.1039,1
8,111.32,-0.675,7,0.93,0,3.0,0.0,1,0.91,38.6,62.0,20.0,0,164.03,8,10.3739,0.0,0.1162,0
10,26.44,1.218,7,1.31,0,3.0,0.0,1,0.956,5.4,22.0,49.0,2,269.34,8,7.9418,0.0,0.1638,0
20,29.48,0.895,15,7.91,1,48.0,50.65,0,,,53.0,96.0,7,484.49,24,10.4033,1.6617,0.4944,1
16,91.13,0.271,19,2.93,1,59.0,45.18,0,,,42.0,48.0,14,974.34,4,12.8152,0.4904,0.1465,1
13,80.92,0.781,14,1.21,1,82.0,49.08,0,,,37.0,56.0,5,115.13,4,11.627,0.5991,0.0807,1
15,29.21,-0.089,12,3.52,1,56.0,6.56,1,0.828,8.7,77.0,55.0,5,315.5,8,9.4495,0.2171,0.2708,0
26,160.87,0.347,12,4.46,0,9.0,0.0,0,,,73.0,57.0,7,152.91,8,16.7652,0.0,0.3431,1
14,35.97,0.476,17,0.51,0,3.0,0.0,0,,,19.0,73.0,3,503.99,8,9.7764,0.0,0.0283,1
10,20.28,0.243,13,2.99,0,0.0,0.0,0,,,50.0,57.0,6,263.48,12,7.3322,0.0,0.2136,1
10,28.68,-0.138,15,1.71,0,3.0,0.0,1,0.54,6.2,43.0,60.0,3,59.56,8,8.13,0.0,0.1069,0
9,22.16,-0.616,10,1.38,0,4.0,0.0,0,,,47.0,28.0,2,197.34,4,7.2357,0.0,0.1255,1
32,23.01,1.366,21,4.06,0,0.0,0.0,0,,,51.0,60.0,14,419.71,24,11.1135,0.0,0.1845,1
13,24.37,0.201,10,2.66,0,2.0,0.0,1,0.617,11.8,44.0,56.0,3,299.44,4,8.5336,0.0,0.2418,0
21,92.53,0.405,18,2.85,1,79.0,19.01,0,,,35.0,66.0,3,189.26,4,14.028,0.2033,0.15,1
21,28.57,-0.535,15,5.86,0,7.0,0.0,1,0.765,6.8,28.0,56.0,6,602.96,4,10.4686,0.0,0.3662,0
2,23.66,0.06,10,1.91,1,52.0,17.34,1,0.97,13.5,47.0,75.0,1,261.84,52,3.5213,0.7032,0.1736,0
23,32.55,-1.194,19,1.86,0,12.0,0.0,0,,,62.0,58.0,4,871.71,8,11.1646,0.0,0.093,1
15,43.96,-0.003,9,5.34,1,66.0,66.22,0,,,40.0,58.0,8,445.29,12,10.5518,1.4729,0.534,1
20,91.1,-0.126,18,3.31,0,16.0,0.0,1,0.798,15.7,25.0,34.0,6,409.78,12,13.77,0.0,0.1742,0
14,23.47,-0.145,7,2.06,1,68.0,20.87,0,,,22.0,77.0,8,1206.54,4,8.6588,0.8529,0.2575,1
15,76.66,-0.1,9,4.25,1,83.0,18.08,0,,,67.0,34.0,6,361.35,8,12.0672,0.2328,0.425,1
19,42.08,0.923,21,3.13,0,2.0,0.0,0,,,87.0,79.0,4,1132.33,8,11.2731,0.0,0.1423,1
7,12.61,-0.51,7,1.06,0,2.0,0.0,1,0.435,23.3,44.0,34.0,1,126.92,8,5.429,0.0,0.1325,0
13,18.1,0.162,9,1.17,0,3.0,0.0,1,0.717,9.9,41.0,22.0,3,262.14,12,7.7844,0.0,0.117,0
17,62.57,0.541,11,3.82,1,55.0,46.31,1,0.764,1.9,63.0,8.0,6,146.36,8,12.0012,0.7285,0.3183,0
18,76.22,1.073,19,3.9,1,68.0,61.69,0,,,54.0,83.0,9,323.13,8,12.7985,0.7989,0.195,1
12,39.83,0.579,7,3.76,0,5.0,0.0,0,,,37.0,58.0,4,1404.3,24,9.5145,0.0,0.47,1
10,10.81,-0.307,6,5.14,1,70.0,10.84,0,,,30.0,81.0,2,38.33,8,5.9203,0.9179,0.7343,1
19,44.8,2.203,22,9.26,0,17.0,0.0,1,0.805,4.9,44.0,61.0,9,416.17,12,11.4565,0.0,0.4026,0
29,208.56,0.745,18,3.25,0,20.0,0.0,0,,,38.0,73.0,7,586.75,24,18.1794,0.0,0.1711,1
12,29.51,-0.328,12,4.61,0,1.0,0.0,1,0.96,5.8,70.0,23.0,3,100.92,4,8.7671,0.0,0.3546,0
10,36.42,-0.43,10,1.81,0,9.0,0.0,0,,,85.0,51.0,2,174.34,8,8.6857,0.0,0.1645,1
21,56.48,0.537,11,1.35,0,12.0,0.0,0,,,53.0,42.0,2,621.93,24,12.5232,0.0,0.1125,1
28,26.66,0.673,18,2.96,1,92.0,12.97,0,,,45.0,74.0,11,414.91,24,11.1794,0.4689,0.1558,1
20,107.69,1.444,18,3.7,1,37.0,18.89,1,0.802,0.4,60.0,82.0,4,166.26,12,14.2742,0.1738,0.1947,0
5,40.79,-0.246,6,1.11,0,1.0,0.0,0,,,14.0,54.0,4,301.43,8,6.688,0.0,0.1586,1
9,20.91,-0.338,7,1.59,0,2.0,0.0,0,,,15.0,51.0,1,232.03,8,7.1079,0.0,0.1988,1
17,48.53,-0.053,15,2.35,0,20.0,0.0,1,0.916,19.2,55.0,69.0,4,307.56,12,11.2799,0.0,0.1469,0
11,42.58,-0.296,9,2.01,0,12.0,0.0,1,0.828,50.2,32.0,91.0,3,127.43,8,9.3795,0.0,0.201,0
13,76.12,-1.056,8,3.3,0,3.0,0.0,1,0.538,8.3,86.0,33.0,6,408.72,8,11.4677,0.0,0.3667,0
10,86.87,0.402,16,4.06,1,82.0,69.86,0,,,35.0,43.0,6,295.09,12,10.7326,0.795,0.2388,1
25,55.02,-0.245,9,2.42,0,7.0,0.0,1,0.792,18.5,68.0,84.0,6,194.12,12,13.1161,0.0,0.242,0
13,55.15,-0.214,12,2.31,0,15.0,0.0,0,,,44.0,70.0,5,383.84,12,10.6302,0.0,0.1777,1
3,53.23,0.173,10,5.59,0,2.0,0.0,0,,,51.0,23.0,2,281.97,12,5.5358,0.0,0.5082,1
15,58.26,-0.21,17,2.19,0,3.0,0.0,1,0.951,0.9,36.0,49.0,6,57.3,8,11.3175,0.0,0.1217,0
22,35.69,0.594,15,6.48,0,9.0,0.0,1,0.969,2.6,57.0,81.0,9,223.53,4,11.2956,0.0,0.405,0
8,12.74,0.524,11,2.24,0,2.0,0.0,0,,,52.0,74.0,1,129.82,52,5.7574,0.0,0.1867,1
16,122.98,-0.641,11,2.36,0,12.0,0.0,1,0.884,4.5,76.0,67.0,1,475.03,8,13.6564,0.0,0.1967,0
34,121.46,1.087,13,2.8,1,68.0,33.61,0,,,79.0,94.0,9,295.95,8,17.0933,0.2745,0.2,1
8,23.55,-0.326,11,3.43,0,13.0,0.0,1,0.625,15.6,25.0,59.0,2,155.97,12,7.0327,0.0,0.2858,0
16,60.04,-0.097,19,2.94,0,11.0,0.0,1,0.798,7.3,57.0,45.0,5,737.18,12,11.6488,0.0,0.147,0
12,42.42,-0.056,16,1.03,0,4.0,0.0,0,,,32.0,73.0,5,324.4,8,9.6722,0.0,0.0606,1
28,40.14,-0.191,15,3.27,1,75.0,44.78,1,0.625,1.4,31.0,72.0,5,673.43,8,12.5162,1.0885,0.2044,0
22,46.38,0.283,21,4.11,0,3.0,0.0,1,0.575,0.7,62.0,61.0,10,857.2,4,12.0974,0.0,0.1868,0
27,60.47,0.27,12,1.84,0,11.0,0.0,0,,,55.0,68.0,5,121.39,8,13.7238,0.0,0.1415,1
7,55.88,-0.277,8,7.24,0,5.0,0.0,0,,,63.0,74.0,2,658.97,8,8.4029,0.0,0.8044,1
20,59.01,0.744,24,6.43,0,2.0,0.0,0,,,76.0,81.0,9,337.54,24,12.4658,0.0,0.2572,1
10,22.56,-0.594,12,1.17,1,73.0,13.66,0,,,88.0,69.0,1,146.43,4,7.5763,0.5798,0.09,1
9,22.69,-0.474,17,4.75,0,5.0,0.0,0,,,56.0,76.0,7,623.19,12,7.2878,0.0,0.2639,1
5,72.0,1.012,11,1.13,0,1.0,0.0,1,0.607,1.3,33.0,88.0,3,82.92,4,7.6875,0.0,0.0942,0
22,65.37,0.41,24,4.58,1,85.0,51.91,0,,,52.0,83.0,4,447.23,12,13.1542,0.7821,0.1832,1
15,48.1,-0.022,10,5.23,1,88.0,20.57,1,0.799,3.3,47.0,80.0,3,394.14,8,10.7961,0.4189,0.4755,0
20,45.2,0.776,22,6.44,0,8.0,0.0,1,0.707,18.9,59.0,93.0,11,108.13,12,11.6696,0.0,0.28,0
10,75.03,-0.251,9,2.86,1,29.0,7.2,0,,,8.0,32.0,8,239.13,12,10.3856,0.0947,0.286,1
16,187.85,1.085,11,2.52,1,67.0,12.95,1,0.234,39.8,78.0,77.0,5,261.28,8,14.8487,0.0686,0.21,0
18,23.22,0.333,20,3.57,0,20.0,0.0,1,0.663,10.4,88.0,40.0,10,237.07,4,9.3845,0.0,0.17,0
22,55.44,-0.132,17,2.01,0,1.0,0.0,0,,,56.0,48.0,5,490.92,8,12.646,0.0,0.1117,1
5,19.55,-0.303,13,2.3,0,1.0,0.0,0,,,44.0,86.0,3,77.39,4,5.4162,0.0,0.1643,1
12,39.16,0.909,14,3.43,0,1.0,0.0,0,,,18.0,37.0,4,512.23,12,9.472,0.0,0.2287,1
34,46.45,0.529,22,2.58,1,31.0,91.8,0,,,41.0,90.0,10,951.26,12,13.7225,1.9347,0.1122,1
21,168.54,-0.436,18,3.95,0,2.0,0.0,0,,,49.0,83.0,8,147.07,4,15.8666,0.0,0.2079,1
12,60.39,0.057,14,1.62,0,5.0,0.0,0,,,15.0,38.0,5,939.16,12,10.5605,0.0,0.108,1
22,40.19,-0.371,17,3.08,0,2.0,0.0,1,0.656,0.4,49.0,73.0,5,337.61,12,11.6584,0.0,0.1711,0
37,36.91,2.049,19,3.06,1,30.0,25.63,1,0.877,2.3,70.0,48.0,12,5558.88,4,13.2234,0.6761,0.153,0
21,56.83,0.721,18,3.71,0,14.0,0.0,0,,,57.0,48.0,6,259.53,12,12.5419,0.0,0.1953,1
5,33.65,0.052,11,1.73,0,4.0,0.0,1,0.799,1.4,36.0,56.0,3,707.53,12,6.3523,0.0,0.1442,0
16,67.57,0.203,10,3.77,0,4.0,0.0,0,,,55.0,56.0,10,110.35,12,11.9784,0.0,0.3427,1
28,41.22,0.153,16,2.24,0,11.0,0.0,0,,,52.0,53.0,8,617.11,4,12.6034,0.0,0.1318,1
17,48.38,-0.741,17,3.61,1,91.0,19.09,1,0.486,7.4,67.0,72.0,4,488.34,24,11.2711,0.3866,0.2006,0
11,42.71,-0.941,13,2.66,0,1.0,0.0,0,,,35.0,73.0,6,115.72,12,9.3869,0.0,0.19,1
21,90.05,1.003,13,8.0,1,66.0,31.01,1,0.615,19.7,86.0,88.0,6,910.74,8,13.945,0.3406,0.5714,0
15,24.83,0.409,8,3.2,0,0.0,0.0,1,0.858,8.3,17.0,90.0,3,389.55,4,9.0152,0.0,0.3556,0
16,27.68,1.315,15,2.21,1,50.0,18.33,0,,,36.0,70.0,6,434.65,8,9.5088,0.6391,0.1381,1
10,23.4,-0.216,6,4.82,1,57.0,8.69,0,,,57.0,54.0,4,147.44,4,7.6603,0.3561,0.6886,1
33,100.27,0.243,18,7.55,1,65.0,18.15,0,,,42.0,60.0,17,733.49,8,16.284,0.1792,0.3974,1
11,21.29,0.044,13,3.2,0,4.0,0.0,1,0.756,30.9,14.0,41.0,2,97.24,8,7.7135,0.0,0.2286,0
30,120.31,1.086,29,5.1,1,76.0,77.98,0,,,70.0,74.0,9,278.37,4,16.4775,0.6428,0.17,1
19,52.87,0.112,17,3.34,0,6.0,0.0,0,,,11.0,78.0,10,763.6,4,11.9427,0.0,0.1856,1
21,162.71,0.925,16,3.22,1,71.0,39.85,0,,,58.0,95.0,14,507.22,8,15.7584,0.2434,0.1894,1
16,34.97,0.622,12,3.22,0,7.0,0.0,1,0.651,10.5,37.0,67.0,7,194.1,12,10.1505,0.0,0.2477,0
14,27.64,1.464,11,2.39,0,9.0,0.0,0,,,47.0,55.0,1,53.13,24,9.085,0.0,0.1992,1
10,26.25,-0.445,18,4.62,1,70.0,27.84,1,0.531,15.9,43.0,32.0,3,296.36,8,7.9252,1.0217,0.2432,0
26,35.0,0.338,13,6.1,1,65.0,25.27,0,,,16.0,28.0,8,413.64,12,11.8107,0.7019,0.4357,1
27,136.52,-0.852,21,3.51,1,26.0,24.84,0,,,50.0,78.0,6,494.65,8,16.407,0.1806,0.1595,1
15,69.14,0.927,21,2.75,1,30.0,27.47,1,0.817,13.5,83.0,36.0,5,258.26,12,11.7849,0.3916,0.125,0
14,166.32,-0.069,12,4.17,0,9.0,0.0,0,,,39.0,49.0,3,279.92,4,13.865,0.0,0.3208,1
25,125.68,0.055,18,6.22,0,9.0,0.0,0,,,69.0,79.0,4,470.72,12,15.7746,0.0,0.3274,1
21,133.37,0.225,11,4.84,1,86.0,53.5,1,0.918,20.9,61.0,72.0,14,309.96,24,15.148,0.3982,0.4033,0
4,16.37,-0.705,9,2.53,0,3.0,0.0,0,,,24.0,45.0,2,318.98,12,4.5945,0.0,0.253,1
12,88.21,-1.767,16,2.68,0,7.0,0.0,0,,,24.0,77.0,6,249.6,12,11.5192,0.0,0.1576,1
10,25.44,0.65,14,1.96,1,44.0,18.74,0,,,65.0,47.0,10,242.76,8,7.8528,0.7088,0.1307,1
32,39.21,1.345,12,4.25,0,4.0,0.0,1,0.868,5.0,26.0,85.0,12,182.54,24,12.9165,0.0,0.3269,0
16,39.53,1.468,12,2.85,0,1.0,0.0,0,,,53.0,87.0,4,90.26,52,10.4887,0.0,0.2192,1
18,47.51,0.047,21,0.97,1,48.0,30.26,1,0.801,6.3,54.0,65.0,9,131.58,24,11.4296,0.6238,0.0441,0
24,232.01,0.595,23,3.27,1,85.0,32.44,0,,,41.0,36.0,3,718.47,4,17.5464,0.1392,0.1362,1
14,37.12,-1.456,13,3.67,1,83.0,22.27,1,0.709,11.3,58.0,71.0,3,346.78,8,9.8593,0.5842,0.2621,0
2,42.0,-0.97,8,1.04,1,35.0,13.39,1,0.397,6.9,32.0,41.0,3,136.53,8,4.1321,0.3114,0.1156,0
14,32.99,0.219,9,2.63,0,10.0,0.0,0,,,72.0,52.0,1,178.42,8,9.5488,0.0,0.263,1
26,50.33,1.293,18,9.75,1,59.0,44.94,0,,,69.0,82.0,13,509.78,8,12.9799,0.8755,0.5132,1
20,54.28,0.705,10,2.52,0,7.0,0.0,1,0.91,13.4,48.0,50.0,6,142.37,8,12.2159,0.0,0.2291,0
15,98.71,-0.148,18,10.58,0,7.0,0.0,1,0.706,2.2,51.0,45.0,5,276.13,12,12.7602,0.0,0.5568,0
14,67.12,-0.231,11,2.3,0,21.0,0.0,0,,,26.0,67.0,7,592.08,12,11.4314,0.0,0.1917,1
19,45.21,-0.295,9,5.18,1,64.0,28.62,1,0.861,55.2,50.0,83.0,4,879.4,24,11.4832,0.6193,0.518,0
11,35.97,-1.275,12,3.68,0,15.0,0.0,0,,,46.0,54.0,3,301.9,4,8.9708,0.0,0.2831,1
22,49.65,0.744,16,2.77,1,37.0,34.53,0,,,42.0,85.0,6,1087.11,8,12.3066,0.6817,0.1629,1
10,31.63,-0.046,7,2.36,0,3.0,0.0,0,,,24.0,20.0,5,145.69,8,8.3572,0.0,0.295,1
6,19.99,-0.239,4,0.42,0,15.0,0.0,0,,,61.0,41.0,0,180.01,52,5.9234,0.0,0.084,1
6,47.64,0.347,12,3.42,1,63.0,18.69,0,,,42.0,67.0,6,222.52,4,7.5588,0.3843,0.2631,1
15,34.31,-0.903,9,5.34,1,77.0,21.44,1,0.906,2.3,58.0,39.0,6,265.33,8,9.882,0.6072,0.534,0
10,82.15,0.082,13,4.24,0,5.0,0.0,0,,,17.0,67.0,8,93.81,8,10.6002,0.0,0.3029,1
37,37.16,0.507,18,8.39,1,73.0,26.35,1,0.875,7.6,62.0,91.0,12,301.26,4,13.2473,0.6905,0.4416,0
20,95.97,0.161,21,14.57,1,52.0,66.1,1,0.714,4.9,71.0,53.0,3,301.73,12,13.9269,0.6817,0.6623,0
16,47.84,-0.281,17,3.19,0,7.0,0.0,0,,,21.0,46.0,7,197.28,24,11.0171,0.0,0.1772,1
11,36.38,0.03,13,5.01,0,9.0,0.0,1,0.891,16.0,69.0,53.0,2,238.68,4,8.9982,0.0,0.3579,0
26,186.83,-0.423,19,10.12,1,77.0,45.58,1,0.737,14.0,49.0,53.0,12,368.14,24,17.2555,0.2427,0.506,0
11,17.66,0.155,6,1.29,1,72.0,10.09,1,0.541,6.2,72.0,58.0,1,323.29,4,7.2718,0.5407,0.1843,0
11,16.22,-0.809,11,2.14,0,2.0,0.0,1,0.481,12.8,37.0,79.0,3,89.17,4,7.0722,0.0,0.1783,0
29,40.22,1.204,26,4.18,1,50.0,20.06,0,,,37.0,92.0,7,417.26,12,12.6488,0.4867,0.1548,1
5,57.12,-0.175,8,2.04,0,8.0,0.0,1,0.741,4.3,46.0,13.0,1,302.49,8,7.279,0.0,0.2267,0
21,91.15,0.914,28,6.85,1,54.0,31.24,1,0.584,21.5,46.0,71.0,10,244.65,12,13.9821,0.339,0.2362,0
14,196.69,0.069,18,3.75,0,3.0,0.0,0,,,63.0,95.0,11,428.6,24,14.3166,0.0,0.1974,1
8,67.67,-0.793,13,0.95,1,49.0,26.88,0,,,77.0,70.0,3,241.7,12,9.2927,0.3914,0.0679,1
30,20.9,-0.42,12,2.38,0,0.0,0.0,0,,,53.0,63.0,3,408.33,12,10.599,0.0,0.1831,1
6,11.27,-0.788,11,3.13,0,9.0,0.0,1,0.721,4.1,61.0,20.0,4,191.3,4,4.8787,0.0,0.2608,0
11,27.28,-0.645,11,1.27,1,72.0,20.5,1,0.452,7.3,73.0,46.0,2,56.13,8,8.3049,0.7249,0.1058,0
11,10.33,-0.329,15,1.61,0,10.0,0.0,0,,,64.0,89.0,3,172.21,8,6.032,0.0,0.1006,1
23,43.03,1.455,18,3.94,0,12.0,0.0,0,,,67.0,83.0,11,833.67,12,12.0285,0.0,0.2074,1
8,22.48,0.203,6,1.4,0,2.0,0.0,1,0.696,32.5,67.0,39.0,2,430.38,8,6.9348,0.0,0.2,0
13,19.01,0.717,21,1.15,0,3.0,0.0,1,0.817,25.9,46.0,54.0,5,235.16,4,7.9072,0.0,0.0523,0
24,25.97,0.75,17,2.87,0,1.0,0.0,0,,,66.0,81.0,1,101.93,12,10.6053,0.0,0.1594,1
22,246.06,-0.25,17,1.35,1,75.0,34.76,1,0.892,0.4,83.0,63.0,7,793.41,12,17.2754,0.1407,0.075,0
16,36.83,0.03,9,0.98,0,11.0,0.0,1,0.704,1.5,58.0,55.0,5,352.25,12,10.2934,0.0,0.098,0
17,54.01,0.057,8,6.04,1,73.0,30.04,0,,,38.0,60.0,3,335.62,4,11.5832,0.5461,0.6711,1
17,65.03,0.752,15,3.64,0,5.0,0.0,1,0.738,3.7,57.0,30.0,8,97.58,8,12.111,0.0,0.2275,0
12,64.58,0.253,14,2.84,1,65.0,14.35,1,0.678,9.7,52.0,64.0,6,574.32,4,10.7299,0.2188,0.1893,0
18,58.43,0.477,12,6.39,1,72.0,37.44,0,,,38.0,36.0,7,486.3,4,12.0274,0.63,0.4915,1
17,18.17,0.193,21,1.88,0,6.0,0.0,0,,,47.0,47.0,6,102.73,4,8.5363,0.0,0.0855,1
8,60.44,0.895,16,1.83,0,1.0,0.0,0,,,68.0,14.0,3,379.1,12,9.0483,0.0,0.1076,1
12,77.38,-0.305,17,1.59,0,10.0,0.0,1,0.834,18.1,40.0,97.0,5,571.08,24,11.1872,0.0,0.0883,0
36,123.48,-0.261,22,7.83,0,8.0,0.0,0,,,66.0,91.0,13,1329.18,12,17.4196,0.0,0.3404,1
5,34.26,-0.851,6,2.35,1,81.0,15.1,0,,,43.0,71.0,3,101.32,8,6.3836,0.4282,0.3357,1
15,47.72,0.546,16,3.36,0,2.0,0.0,0,,,65.0,94.0,5,203.16,8,10.7745,0.0,0.1976,1
8,55.29,-0.697,10,4.57,0,7.0,0.0,1,0.655,42.0,42.0,49.0,8,213.04,8,8.856,0.0,0.4155,0
39,239.58,1.289,19,7.53,1,70.0,28.26,1,0.86,0.0,46.0,39.0,17,1089.97,12,20.2263,0.1175,0.3765,0
20,27.6,0.282,22,1.59,1,47.0,46.59,1,0.748,0.6,59.0,72.0,5,116.58,12,10.2095,1.629,0.0691,0
20,20.04,0.792,12,4.29,0,3.0,0.0,1,0.665,18.6,48.0,80.0,4,88.3,24,9.2749,0.0,0.33,0
30,107.48,0.731,17,5.36,1,84.0,28.46,0,,,39.0,89.0,12,428.97,4,16.0936,0.2624,0.2978,1
18,50.34,0.952,10,1.89,0,12.0,0.0,0,,,48.0,90.0,4,370.08,4,11.5966,0.0,0.1718,1
30,41.68,0.884,15,2.35,1,57.0,46.31,0,,,53.0,66.0,7,173.92,4,12.8903,1.0851,0.1469,1
26,23.82,1.018,15,2.72,0,16.0,0.0,0,,,43.0,46.0,3,223.32,8,10.5851,0.0,0.17,1
11,26.35,-0.48,9,2.12,0,5.0,0.0,1,0.615,3.1,37.0,29.0,3,206.8,8,8.2219,0.0,0.212,0
8,22.06,0.154,11,3.69,0,2.0,0.0,0,,,60.0,73.0,3,183.9,52,6.8951,0.0,0.3075,1
8,37.2,0.112,7,1.41,1,91.0,18.07,0,,,56.0,71.0,4,219.18,8,8.0041,0.473,0.1762,1
25,47.22,0.344,10,3.49,0,1.0,0.0,1,0.72,3.5,41.0,26.0,11,465.39,12,12.6276,0.0,0.3173,0
10,56.71,-0.023,10,3.37,1,69.0,67.42,0,,,46.0,60.0,5,97.47,24,9.7245,1.1683,0.3064,1
40,178.13,0.796,28,10.14,1,79.0,25.09,1,0.935,27.2,39.0,73.0,9,1218.75,8,19.2664,0.1401,0.3497,0
6,16.86,0.712,12,2.82,1,77.0,22.56,0,,,67.0,60.0,6,537.26,8,5.6092,1.2632,0.2169,1
31,25.99,-0.078,12,4.68,1,79.0,41.96,1,0.785,5.8,73.0,64.0,8,439.42,8,11.4212,1.5546,0.36,0
21,85.38,0.318,24,4.89,1,72.0,69.41,0,,,2.0,87.0,7,1657.16,4,13.7822,0.8035,0.1956,1
22,34.38,0.323,13,2.82,0,0.0,0.0,0,,,59.0,74.0,4,356.08,12,11.1816,0.0,0.2014,1
8,242.85,-0.72,8,4.81,0,9.0,0.0,1,0.763,1.4,57.0,84.0,3,416.04,8,12.0772,0.0,0.5344,0
13,245.43,-0.065,17,1.75,0,0.0,0.0,0,,,83.0,41.0,4,317.59,24,14.5335,0.0,0.0972,1
20,128.14,1.229,15,4.02,0,5.0,0.0,0,,,29.0,78.0,6,202.61,4,14.7991,0.0,0.2512,1
7,108.39,0.554,9,2.34,0,3.0,0.0,0,,,54.0,29.0,3,74.14,8,9.7628,0.0,0.234,1
37,29.62,-0.325,18,3.15,0,3.0,0.0,1,0.753,24.6,84.0,59.0,6,992.55,8,12.4466,0.0,0.1658,0
20,10.67,0.524,12,3.18,1,70.0,25.62,1,0.639,50.8,51.0,76.0,10,323.88,12,7.4805,2.1954,0.2446,0
8,41.58,0.746,13,3.06,0,8.0,0.0,0,,,47.0,56.0,1,522.03,12,8.2426,0.0,0.2186,1
11,28.45,-0.259,7,1.49,0,2.0,0.0,0,,,70.0,83.0,4,298.18,24,8.4057,0.0,0.1862,1
20,141.87,-0.483,15,2.8,0,5.0,0.0,0,,,59.0,41.0,5,264.55,12,15.1067,0.0,0.175,1
14,20.69,-0.253,9,4.78,1,17.0,12.65,0,,,32.0,65.0,3,175.53,12,8.3323,0.5832,0.478,1
4,27.65,-0.615,5,1.99,0,13.0,0.0,1,0.626,13.4,32.0,54.0,4,134.11,52,5.3999,0.0,0.3317,0
10,21.97,0.401,15,5.48,1,36.0,16.84,0,,,59.0,22.0,5,935.85,8,7.5155,0.7331,0.3425,1
16,30.78,-0.142,15,2.6,1,75.0,32.64,1,0.832,2.9,44.0,89.0,10,244.87,8,9.7996,1.0271,0.1625,0
32,32.05,1.194,24,5.39,1,83.0,78.41,0,,,59.0,52.0,14,357.18,4,12.2309,2.3725,0.2156,1
12,41.04,0.627,10,2.89,0,7.0,0.0,0,,,67.0,73.0,0,235.59,52,9.5894,0.0,0.2627,1
7,23.55,-1.596,10,1.9,0,2.0,0.0,0,,,71.0,82.0,2,78.32,8,6.6557,0.0,0.1727,1
11,403.29,-1.595,5,1.48,0,1.0,0.0,1,0.704,6.5,45.0,68.0,3,125.13,12,14.9147,0.0,0.2467,0
37,81.67,-0.122,13,3.09,0,13.0,0.0,0,,,67.0,47.0,8,968.52,24,16.0594,0.0,0.2207,1
16,42.63,0.492,11,2.53,1,27.0,22.19,0,,,16.0,63.0,5,56.84,12,10.6975,0.5086,0.2108,1
19,26.06,-0.77,19,4.45,0,11.0,0.0,1,0.573,6.6,61.0,49.0,5,333.53,4,9.8801,0.0,0.2225,0
26,87.67,0.052,18,9.47,1,77.0,34.57,1,0.818,11.4,53.0,46.0,8,740.39,24,14.7816,0.3899,0.4984,0
31,24.9,0.912,13,4.88,0,22.0,0.0,1,0.618,3.9,30.0,76.0,10,1467.9,12,11.2783,0.0,0.3486,0
18,10.3,-1.025,15,2.33,1,57.0,13.14,1,0.844,18.3,34.0,86.0,4,498.78,12,7.1397,1.1628,0.1456,0
23,129.06,-0.577,21,4.01,0,22.0,0.0,0,,,23.0,84.0,14,159.53,12,15.4708,0.0,0.1823,1
32,32.68,1.079,19,3.76,0,4.0,0.0,0,,,34.0,82.0,8,228.52,12,12.2969,0.0,0.188,1
14,71.68,1.168,13,3.07,0,11.0,0.0,1,0.78,3.0,52.0,71.0,6,273.79,24,11.6069,0.0,0.2193,0
26,75.01,0.851,13,3.89,1,73.0,29.33,1,0.88,63.1,36.0,85.0,4,134.75,12,14.2738,0.3859,0.2779,0
8,27.8,-1.406,11,1.04,1,66.0,12.08,1,0.569,21.0,7.0,63.0,2,165.81,12,7.3835,0.4194,0.0867,0
9,19.36,0.7,8,2.29,0,3.0,0.0,0,,,69.0,72.0,6,148.4,24,6.939,0.0,0.2544,1
34,230.44,-0.033,27,2.2,1,59.0,43.29,1,0.888,0.2,37.0,93.0,5,816.1,4,19.3565,0.187,0.0786,0
24,62.57,0.183,15,3.75,1,42.0,44.88,1,0.564,0.7,58.0,44.0,9,321.73,8,13.3652,0.706,0.2344,0
14,41.62,-0.206,12,1.31,0,5.0,0.0,0,,,68.0,87.0,2,557.64,24,10.1615,0.0,0.1008,1
15,13.09,0.224,9,1.2,0,2.0,0.0,0,,,29.0,63.0,3,205.97,24,7.3348,0.0,0.12,1
20,70.14,0.449,16,2.08,1,48.0,59.22,0,,,42.0,51.0,13,404.51,12,12.9838,0.8324,0.1224,1
14,24.0,-0.581,12,3.22,0,4.0,0.0,1,0.905,7.7,59.0,52.0,2,466.48,24,8.7169,0.0,0.2477,0
14,39.54,0.199,15,2.09,0,3.0,0.0,1,0.739,1.9,9.0,11.0,8,649.46,12,10.026,0.0,0.1306,0
16,35.84,0.943,11,3.3,0,3.0,0.0,0,,,57.0,30.0,8,269.48,8,10.2182,0.0,0.275,1
17,51.81,0.573,14,2.95,0,1.0,0.0,1,0.746,5.7,42.0,79.0,5,782.92,4,11.4652,0.0,0.1967,0
19,45.87,0.135,15,5.09,1,66.0,42.38,0,,,74.0,29.0,2,228.67,8,11.5257,0.9042,0.3181,1
21,106.8,0.64,18,6.11,0,1.0,0.0,0,,,86.0,65.0,10,141.05,8,14.4669,0.0,0.3216,1
16,44.98,-0.525,17,2.19,0,1.0,0.0,0,,,90.0,60.0,6,1495.44,52,10.8461,0.0,0.1217,1
18,119.99,-1.23,12,1.66,1,80.0,11.94,0,,,60.0,38.0,3,351.3,12,14.1207,0.0987,0.1277,1
11,81.85,-0.252,13,2.17,0,11.0,0.0,0,,,13.0,26.0,5,471.87,8,10.9759,0.0,0.155,1
13,31.68,-0.236,8,1.97,1,40.0,7.33,0,,,46.0,38.0,0,179.19,4,9.2018,0.2243,0.2189,1
12,67.48,0.849,14,1.49,0,4.0,0.0,0,,,36.0,24.0,3,271.64,8,10.8409,0.0,0.0993,1
20,37.53,0.632,14,6.72,0,2.0,0.0,0,,,28.0,48.0,3,321.87,24,11.1169,0.0,0.448,1
31,51.4,0.516,21,7.73,0,2.0,0.0,1,0.929,1.4,82.0,82.0,6,129.62,24,13.7205,0.0,0.3514,0
21,51.73,1.159,17,2.22,0,5.0,0.0,0,,,49.0,78.0,4,374.7,8,12.2566,0.0,0.1233,1
19,15.52,-0.095,15,4.15,0,4.0,0.0,0,,,72.0,74.0,3,136.59,24,8.4017,0.0,0.2594,1
8,19.6,-0.013,11,2.41,1,17.0,30.92,1,0.856,19.0,48.0,57.0,7,90.1,24,6.6472,1.501,0.2008,0
29,164.7,1.66,15,4.48,0,6.0,0.0,0,,,65.0,20.0,9,1354.51,4,17.3807,0.0,0.28,1
17,18.46,1.111,14,3.66,1,64.0,16.46,0,,,39.0,46.0,5,343.73,4,8.5797,0.8458,0.244,1
12,41.76,0.018,11,1.8,1,93.0,36.97,1,0.935,6.8,21.0,68.0,1,78.85,24,9.6329,0.8646,0.15,0
9,22.09,-0.964,11,2.76,0,2.0,0.0,0,,,50.0,58.0,4,90.31,4,7.2287,0.0,0.23,1
21,104.28,-0.206,11,9.36,1,32.0,30.62,1,0.964,7.3,61.0,79.0,9,747.68,12,14.3938,0.2908,0.78,0
12,16.04,0.04,12,2.47,1,88.0,16.09,0,,,52.0,77.0,4,194.12,4,7.2731,0.9442,0.19,1
12,170.22,-0.361,12,2.88,0,4.0,0.0,0,,,81.0,22.0,2,998.27,8,13.1914,0.0,0.2215,1
29,75.49,0.738,13,3.65,0,4.0,0.0,1,0.942,21.2,68.0,32.0,7,149.55,52,14.7515,0.0,0.2607,0
25,78.27,0.514,22,2.11,1,62.0,23.31,0,,,22.0,82.0,3,434.97,12,14.2472,0.2941,0.0917,1
5,20.52,-0.688,9,2.5,0,6.0,0.0,1,0.706,39.4,42.0,74.0,2,136.69,4,5.4989,0.0,0.25,0
9,32.67,0.552,11,1.74,1,38.0,22.2,0,,,53.0,92.0,8,263.95,24,8.0973,0.6593,0.145,1
6,34.11,-0.857,9,1.27,0,6.0,0.0,0,,,52.0,33.0,0,580.98,4,6.9245,0.0,0.127,1
12,38.09,-0.023,9,3.24,0,10.0,0.0,0,,,55.0,47.0,3,259.12,12,9.4028,0.0,0.324,1
25,51.78,0.747,19,4.4,0,11.0,0.0,0,,,33.0,90.0,5,464.42,8,12.922,0.0,0.22,1
18,34.86,0.145,14,2.21,1,78.0,15.27,0,,,32.0,89.0,5,234.7,8,10.54,0.4258,0.1473,1
35,125.14,1.024,24,7.23,1,22.0,90.95,0,,,42.0,51.0,10,981.61,8,17.3349,0.721,0.2892,1
12,29.64,-0.513,8,4.43,1,76.0,20.71,1,0.72,11.1,28.0,74.0,7,143.18,24,8.778,0.6759,0.4922,0
23,103.95,0.655,18,1.72,0,9.0,0.0,1,0.794,5.3,47.0,46.0,8,2610.86,8,14.789,0.0,0.0905,0
22,164.54,0.744,15,6.65,0,11.0,0.0,0,,,93.0,38.0,5,161.4,8,16.0199,0.0,0.4156,1
16,138.62,0.644,22,1.6,1,63.0,22.93,0,,,74.0,79.0,2,181.86,24,13.993,0.1642,0.0696,1
25,183.53,0.943,16,7.36,0,0.0,0.0,1,0.935,2.4,48.0,72.0,3,310.58,12,17.0001,0.0,0.4329,0
22,107.49,-0.103,14,3.74,1,30.0,22.44,1,0.852,1.5,43.0,64.0,5,233.88,52,14.695,0.2068,0.2493,0
10,23.93,-0.527,13,1.77,0,12.0,0.0,1,0.893,4.6,75.0,33.0,3,89.32,12,7.7118,0.0,0.1264,0
8,47.03,-0.194,5,2.37,0,2.0,0.0,1,0.37,52.1,31.0,83.0,2,133.96,4,8.5073,0.0,0.395,0
24,48.59,0.904,17,4.37,0,9.0,0.0,0,,,50.0,84.0,8,156.09,12,12.5658,0.0,0.2428,1
22,57.61,0.496,15,2.81,0,1.0,0.0,0,,,20.0,66.0,11,445.61,52,12.7643,0.0,0.1756,1
3,12.09,-1.158,13,2.46,1,49.0,4.27,1,0.606,2.1,54.0,65.0,3,146.35,12,3.5653,0.3262,0.1757,0
23,107.81,0.188,15,3.58,0,7.0,0.0,0,,,59.0,87.0,10,107.68,12,14.9038,0.0,0.2238,1
14,65.77,0.503,5,2.43,0,12.0,0.0,0,,,74.0,68.0,4,198.56,4,11.3772,0.0,0.405,1
13,78.72,-0.719,13,1.86,1,19.0,36.28,0,,,42.0,61.0,6,470.95,8,11.5552,0.4551,0.1329,1
19,24.78,1.148,13,2.99,1,22.0,9.97,0,,,47.0,40.0,4,253.69,4,9.7349,0.3867,0.2136,1
25,161.28,-0.003,19,4.56,1,47.0,27.32,1,0.925,9.3,41.0,87.0,7,291.12,24,16.5815,0.1684,0.228,0
16,24.42,0.176,17,4.56,0,4.0,0.0,1,0.825,19.6,28.0,52.0,4,343.34,8,9.167,0.0,0.2533,0
25,138.49,1.472,21,3.66,0,6.0,0.0,1,0.864,20.0,22.0,78.0,8,555.52,4,16.0885,0.0,0.1664,0
13,32.43,-0.288,15,3.93,0,2.0,0.0,0,,,63.0,85.0,4,656.77,4,9.2616,0.0,0.2456,1
21,18.4,-0.548,15,4.63,0,14.0,0.0,0,,,64.0,17.0,5,402.9,8,9.1658,0.0,0.2894,1
15,92.16,-0.654,10,3.2,1,48.0,32.03,1,0.59,9.8,70.0,41.0,0,99.22,4,12.5718,0.3438,0.2909,0
9,32.04,-0.364,12,2.23,0,2.0,0.0,0,,,30.0,43.0,2,121.75,52,8.0538,0.0,0.1715,1
12,26.85,-0.376,8,3.72,0,0.0,0.0,0,,,47.0,42.0,4,201.72,12,8.5332,0.0,0.4133,1
16,18.82,-0.755,16,3.31,0,4.0,0.0,1,0.692,7.7,31.0,51.0,2,216.83,24,8.4619,0.0,0.1947,0
11,43.37,-0.513,14,1.73,1,25.0,13.59,1,0.934,16.6,72.0,54.0,2,217.46,24,9.4242,0.3063,0.1153,0
13,57.81,0.009,11,4.66,0,1.0,0.0,1,0.833,1.7,43.0,94.0,5,377.19,12,10.7523,0.0,0.3883,0
14,84.48,-0.157,10,1.9,1,47.0,45.93,1,0.96,29.0,47.0,29.0,2,181.07,8,12.0462,0.5373,0.1727,0
11,51.22,0.26,9,3.38,0,7.0,0.0,1,0.739,0.1,32.0,96.0,4,270.05,12,9.829,0.0,0.338,0
22,42.19,-0.008,8,2.38,0,8.0,0.0,0,,,64.0,76.0,10,1207.26,8,11.807,0.0,0.2644,1
15,47.19,-0.581,10,3.92,0,2.0,0.0,1,0.642,0.4,40.0,75.0,4,152.57,4,10.7442,0.0,0.3564,0
17,24.93,-0.547,13,2.2,0,3.0,0.0,0,,,15.0,98.0,2,121.64,12,9.4093,0.0,0.1571,1
14,69.35,-0.649,12,2.19,1,53.0,31.01,1,0.862,22.9,67.0,55.0,2,230.23,8,11.5186,0.4408,0.1685,0
7,28.95,0.062,8,2.36,0,11.0,0.0,0,,,49.0,44.0,1,453.7,24,7.0691,0.0,0.2622,1
41,43.04,0.767,15,5.63,0,17.0,0.0,1,0.537,4.4,65.0,91.0,7,337.61,12,14.1474,0.0,0.3519,0
25,84.33,1.478,9,3.6,0,11.0,0.0,1,0.883,0.3,42.0,74.0,7,161.61,4,14.4872,0.0,0.36,0
7,113.21,-1.657,3,3.94,0,2.0,0.0,1,0.962,8.0,60.0,53.0,2,201.01,12,9.8525,0.0,0.985,0
17,99.37,0.287,16,3.75,0,14.0,0.0,1,0.933,25.7,70.0,35.0,6,177.93,4,13.3213,0.0,0.2206,0
13,150.32,0.116,10,2.24,0,5.0,0.0,0,,,56.0,42.0,8,239.7,8,13.2465,0.0,0.2036,1
24,54.42,-0.149,10,1.88,1,69.0,10.31,0,,,38.0,54.0,10,168.47,12,12.9236,0.186,0.1709,1
31,28.07,-0.225,13,3.11,0,2.0,0.0,0,,,48.0,48.0,6,152.72,24,11.6785,0.0,0.2221,1
12,30.53,-0.643,13,3.01,0,0.0,0.0,1,0.647,2.6,55.0,60.0,2,153.21,12,8.8515,0.0,0.215,0
15,41.33,0.581,24,3.12,0,1.0,0.0,0,,,82.0,68.0,6,306.41,4,10.3847,0.0,0.1248,1
26,64.66,-0.329,21,3.22,1,84.0,46.91,1,0.5,12.7,30.0,82.0,8,585.56,12,13.7914,0.7144,0.1464,0
13,29.61,-0.597,12,4.24,0,0.0,0.0,0,,,67.0,80.0,4,101.85,8,9.0291,0.0,0.3262,1
27,57.72,0.526,19,3.38,0,4.0,0.0,0,,,76.0,59.0,18,505.06,8,13.5713,0.0,0.169,1
16,39.23,-0.332,14,2.39,0,0.0,0.0,0,,,19.0,80.0,6,203.18,12,10.4676,0.0,0.1593,1
19,40.45,0.421,14,4.54,1,35.0,9.73,1,0.56,1.1,64.0,66.0,7,182.63,4,11.1576,0.2347,0.3027,0
6,61.03,1.435,10,3.8,1,49.0,37.71,0,,,44.0,34.0,2,199.3,4,8.032,0.6079,0.3455,1
11,45.11,-0.821,13,2.28,1,37.0,21.77,1,0.723,6.6,41.0,69.0,3,241.24,4,9.5198,0.4721,0.1629,0
10,26.12,0.664,8,2.17,0,6.0,0.0,1,0.684,2.4,52.0,70.0,0,173.01,24,7.9137,0.0,0.2411,0
8,15.74,-1.018,10,2.7,0,1.0,0.0,0,,,4.0,65.0,3,127.03,12,6.1913,0.0,0.2455,1
14,25.45,0.785,8,7.12,0,1.0,0.0,1,0.947,27.6,64.0,28.0,0,176.07,12,8.8696,0.0,0.7911,0
21,27.19,0.408,21,1.69,1,73.0,38.18,0,,,81.0,85.0,14,177.53,12,10.3209,1.3544,0.0768,1
25,68.3,0.694,9,4.07,1,37.0,15.16,1,0.803,15.9,48.0,35.0,7,41.92,12,13.8093,0.2188,0.407,0
21,58.56,-0.133,14,3.12,0,0.0,0.0,1,0.735,16.4,14.0,73.0,6,888.04,8,12.633,0.0,0.208,0
24,115.61,-0.827,18,8.74,1,51.0,75.58,1,0.826,8.8,56.0,77.0,12,873.28,8,15.3181,0.6481,0.46,0
12,46.84,0.471,11,1.93,1,81.0,8.24,0,,,71.0,66.0,3,293.69,12,9.9209,0.1722,0.1608,1
15,30.79,-0.356,10,0.94,1,70.0,10.37,0,,,33.0,42.0,0,656.52,8,9.5908,0.3262,0.0855,1
21,38.63,-0.08,17,3.82,1,82.0,47.87,1,0.618,13.0,84.0,64.0,6,308.17,12,11.3738,1.2079,0.2122,0
6,27.48,-0.276,10,0.72,1,77.0,17.55,0,,,44.0,50.0,0,410.72,8,6.5172,0.6162,0.0655,1
11,88.56,0.082,8,3.2,1,58.0,25.4,0,,,54.0,41.0,5,77.39,8,11.1694,0.2836,0.3556,1
9,40.38,-0.206,16,1.32,0,15.0,0.0,1,0.916,27.6,48.0,47.0,8,224.47,4,8.5721,0.0,0.0776,0
5,36.8,-0.881,14,2.03,1,72.0,7.96,1,0.809,0.1,34.0,37.0,1,209.52,4,6.5082,0.2106,0.1353,0
6,14.6,0.221,11,2.52,0,8.0,0.0,0,,,47.0,49.0,3,150.15,8,5.3459,0.0,0.21,1
19,27.2,0.041,19,3.97,0,4.0,0.0,0,,,47.0,52.0,1,177.19,8,10.0037,0.0,0.1985,1
19,12.78,-0.238,9,1.43,0,8.0,0.0,1,0.544,6.7,74.0,25.0,1,116.99,8,7.8585,0.0,0.143,0
12,37.39,-1.884,10,1.06,0,1.0,0.0,1,0.695,1.5,34.0,43.0,3,116.42,4,9.3564,0.0,0.0964,0
5,30.2,0.116,9,2.02,0,16.0,0.0,0,,,60.0,48.0,2,438.82,24,6.1644,0.0,0.202,1
6,29.58,-0.86,10,2.0,0,9.0,0.0,1,0.824,22.1,49.0,71.0,3,248.19,4,6.6557,0.0,0.1818,0
22,47.08,0.071,15,3.19,1,27.0,26.97,1,0.717,36.2,40.0,70.0,13,379.06,8,12.1433,0.5609,0.1994,0
9,29.91,-0.563,11,2.04,0,1.0,0.0,1,0.735,21.3,38.0,73.0,2,167.94,8,7.9004,0.0,0.17,0
27,95.8,0.726,20,6.51,0,2.0,0.0,0,,,69.0,69.0,3,806.98,24,15.237,0.0,0.31,1
27,60.35,0.45,13,11.14,1,50.0,20.21,0,,,60.0,82.0,7,293.27,24,13.7173,0.3294,0.7957,1
9,31.35,-0.395,11,1.38,1,83.0,9.42,0,,,74.0,73.0,6,335.35,4,8.0052,0.2912,0.115,1
11,51.96,-0.066,8,2.27,0,9.0,0.0,0,,,27.0,34.0,1,193.01,8,9.8639,0.0,0.2522,1
13,61.45,0.69,17,3.23,1,35.0,16.94,1,0.835,61.1,32.0,55.0,3,302.96,8,10.9108,0.2713,0.1794,0
20,24.6,-0.998,12,5.65,0,6.0,0.0,0,,,26.0,68.0,8,847.56,8,9.8721,0.0,0.4346,1
29,136.37,1.459,21,3.9,0,12.0,0.0,1,0.595,2.6,53.0,86.0,10,549.72,12,16.743,0.0,0.1773,0
24,93.98,1.496,23,2.25,0,2.0,0.0,1,0.586,1.9,30.0,32.0,7,529.48,8,14.6577,0.0,0.0938,0
11,32.46,-0.21,13,3.77,0,1.0,0.0,0,,,54.0,60.0,9,553.59,8,8.7229,0.0,0.2693,1
21,160.24,0.792,17,3.33,0,1.0,0.0,1,0.671,16.2,17.0,42.0,4,170.89,8,15.7114,0.0,0.185,0
11,37.62,-1.025,7,2.56,0,9.0,0.0,0,,,38.0,41.0,2,287.36,8,9.0793,0.0,0.32,1
29,175.69,-0.082,14,13.42,1,27.0,21.25,1,0.959,12.2,22.0,89.0,4,536.66,8,17.5991,0.1203,0.8947,0
23,99.49,1.014,13,3.44,0,4.0,0.0,1,0.686,15.8,53.0,18.0,8,556.6,12,14.651,0.0,0.2457,0
11,113.55,0.232,11,3.85,1,13.0,15.42,1,0.682,25.0,44.0,26.0,7,451.69,8,11.781,0.1346,0.3208,0
7,32.66,-0.091,12,1.84,0,12.0,0.0,1,0.938,2.8,36.0,74.0,2,277.64,12,7.312,0.0,0.1415,0
24,63.89,-0.346,22,4.53,1,84.0,18.14,1,0.628,0.1,25.0,26.0,5,183.15,4,13.4314,0.2796,0.197,0
22,97.22,-0.109,21,3.44,1,71.0,31.66,1,0.796,3.8,70.0,59.0,6,463.47,24,14.3832,0.3223,0.1564,0
30,145.75,-0.329,19,3.01,1,48.0,47.16,0,,,71.0,85.0,4,965.01,4,17.1312,0.3214,0.1505,1
8,43.19,1.142,13,2.32,0,10.0,0.0,1,0.792,1.9,83.0,75.0,10,163.18,24,8.3242,0.0,0.1657,0
15,29.68,-0.211,8,2.43,0,10.0,0.0,0,,,71.0,85.0,9,187.11,4,9.4923,0.0,0.27,1
19,52.64,0.246,16,2.72,0,11.0,0.0,0,,,62.0,74.0,7,473.29,12,11.9299,0.0,0.16,1
37,136.62,0.859,20,11.73,0,18.0,0.0,0,,,46.0,78.0,14,265.72,4,17.9133,0.0,0.5586,1
17,86.7,-0.513,15,4.14,0,7.0,0.0,0,,,66.0,41.0,3,1025.59,8,12.9313,0.0,0.2588,1
14,28.73,-0.62,13,2.99,0,2.0,0.0,1,0.907,8.7,73.0,31.0,1,188.14,4,9.1861,0.0,0.2136,0
3,13.25,-0.77,4,2.53,0,3.0,0.0,0,,,62.0,58.0,2,138.12,4,3.683,0.0,0.506,1
23,122.81,-0.17,13,3.47,0,10.0,0.0,0,,,55.0,80.0,9,634.97,24,15.3142,0.0,0.2479,1
19,43.3,-0.542,16,2.63,0,7.0,0.0,1,0.894,1.1,67.0,85.0,11,245.0,52,11.3568,0.0,0.1547,0
7,34.6,-0.329,4,1.87,1,93.0,24.18,1,0.791,3.6,16.0,46.0,3,137.54,24,7.4285,0.6792,0.374,0
14,48.9,-0.392,9,6.24,1,60.0,38.38,0,,,64.0,82.0,5,196.21,8,10.5885,0.7691,0.624,1
12,34.39,0.134,15,2.26,0,4.0,0.0,0,,,35.0,44.0,3,609.63,24,9.1477,0.0,0.1412,1
13,27.63,-0.395,16,1.45,0,1.0,0.0,0,,,34.0,59.0,2,147.7,12,8.8526,0.0,0.0853,1
24,24.17,0.73,16,7.73,1,41.0,28.35,0,,,48.0,73.0,8,1044.25,8,10.383,1.1263,0.4547,1
10,113.02,-0.05,13,3.4,0,13.0,0.0,1,0.769,8.6,4.0,90.0,4,119.14,12,11.3573,0.0,0.2429,0
6,30.63,0.079,10,1.28,0,9.0,0.0,1,0.647,24.8,33.0,17.0,1,141.72,52,6.7214,0.0,0.1164,0
7,15.45,-0.347,13,1.27,1,58.0,11.01,0,,,24.0,46.0,4,469.2,4,5.8231,0.6693,0.0907,1
30,51.95,1.259,17,8.53,1,59.0,102.39,1,0.871,4.7,51.0,60.0,15,922.84,8,13.6307,1.9337,0.4739,0
14,29.14,0.129,12,1.82,0,10.0,0.0,1,0.494,23.9,59.0,27.0,3,247.68,24,9.2232,0.0,0.14,0
8,26.22,-0.375,20,1.51,0,5.0,0.0,0,,,11.0,44.0,5,220.74,8,7.2595,0.0,0.0719,1
5,12.63,0.851,12,1.34,0,5.0,0.0,1,0.805,8.3,40.0,67.0,1,146.92,8,4.6806,0.0,0.1031,0
22,36.11,-0.104,11,3.56,1,46.0,30.26,0,,,62.0,71.0,8,366.15,8,11.3313,0.8154,0.2967,1
16,87.27,1.75,13,3.2,0,3.0,0.0,0,,,44.0,55.0,10,332.74,12,12.6939,0.0,0.2286,1
34,157.12,0.355,20,3.73,1,72.0,26.23,0,,,51.0,77.0,6,446.9,8,18.002,0.1659,0.1776,1
27,233.97,1.317,16,7.03,1,49.0,24.24,1,0.688,3.0,50.0,46.0,7,562.19,12,18.192,0.1032,0.4135,0
9,49.26,-0.475,12,3.3,1,16.0,9.15,1,0.944,82.4,4.0,92.0,2,334.23,4,9.0197,0.1821,0.2538,0
32,161.9,0.412,15,2.07,1,23.0,40.29,1,0.866,0.0,43.0,83.0,8,224.03,12,17.8082,0.2473,0.1294,0
8,66.82,-0.127,10,2.19,0,8.0,0.0,0,,,57.0,52.0,5,545.4,4,9.2654,0.0,0.1991,1
14,34.9,-0.399,16,2.01,0,0.0,0.0,0,,,27.0,48.0,5,158.57,8,9.6968,0.0,0.1182,1
43,32.0,1.072,19,5.09,0,6.0,0.0,0,,,31.0,86.0,11,513.4,8,13.2314,0.0,0.2545,1
6,6.06,-1.153,12,2.08,1,43.0,20.87,1,0.46,33.8,37.0,81.0,2,151.26,8,3.8032,2.9561,0.16,0
37,97.6,0.344,24,6.97,0,4.0,0.0,0,,,67.0,59.0,15,615.53,8,16.7004,0.0,0.2788,1
29,85.78,1.428,27,6.03,1,79.0,55.32,0,,,83.0,51.0,12,373.71,12,15.1808,0.6375,0.2154,1
26,165.42,1.331,13,2.98,1,39.0,54.7,0,,,83.0,93.0,7,409.06,4,16.8566,0.3287,0.2129,1
25,157.24,0.885,18,1.98,1,75.0,31.89,0,,,63.0,53.0,6,552.1,12,16.4994,0.2015,0.1042,1
31,88.6,1.036,17,4.76,0,5.0,0.0,0,,,47.0,68.0,6,1312.14,24,15.5797,0.0,0.2644,1
14,21.46,-0.651,10,1.8,1,74.0,18.39,1,0.7,2.2,17.0,72.0,7,232.4,8,8.4267,0.8188,0.1636,0
22,244.01,0.953,16,4.24,0,14.0,0.0,0,,,81.0,87.0,8,739.64,8,17.2493,0.0,0.2494,1
12,25.16,0.282,18,2.64,0,5.0,0.0,0,,,80.0,76.0,4,147.7,4,8.3726,0.0,0.1389,1
18,42.52,0.146,10,2.85,0,8.0,0.0,0,,,70.0,98.0,4,483.19,12,11.11,0.0,0.2591,1
18,57.86,1.35,18,1.45,1,36.0,26.99,1,0.711,3.4,87.0,44.0,12,331.03,8,11.9991,0.4585,0.0763,0
13,36.17,-0.414,11,1.7,1,71.0,15.27,1,0.907,0.7,90.0,89.0,2,202.03,8,9.5415,0.4108,0.1417,0
10,64.56,-0.051,8,2.36,0,8.0,0.0,0,,,75.0,50.0,2,162.76,8,10.0303,0.0,0.2622,1
21,41.06,1.113,23,2.16,0,14.0,0.0,1,0.524,19.6,69.0,95.0,7,89.44,12,11.5577,0.0,0.09,0
13,13.19,0.53,17,3.21,1,84.0,25.28,0,,,58.0,76.0,3,573.08,24,7.0002,1.7815,0.1783,1
12,51.0,-1.09,14,1.25,1,75.0,13.82,1,0.58,3.5,69.0,95.0,9,228.67,8,10.1347,0.2658,0.0833,0
12,49.56,-1.056,12,6.08,0,1.0,0.0,1,0.763,15.0,65.0,41.0,9,736.18,12,10.0627,0.0,0.4677,0
5,18.63,-1.408,7,3.23,1,62.0,10.23,1,0.838,9.0,21.0,74.0,3,57.08,52,5.3342,0.5211,0.4038,0
29,27.25,0.82,16,3.8,0,6.0,0.0,1,0.52,4.2,23.0,85.0,8,560.76,52,11.3637,0.0,0.2235,0
19,59.49,0.524,18,4.2,1,76.0,18.35,1,0.755,3.2,57.0,96.0,5,221.64,4,12.2899,0.3034,0.2211,0
13,17.76,0.074,14,2.38,0,5.0,0.0,1,0.786,9.2,40.0,38.0,5,171.28,12,7.737,0.0,0.1587,0
17,79.81,0.727,22,4.68,0,4.0,0.0,1,0.909,0.1,46.0,80.0,5,398.11,8,12.6948,0.0,0.2035,0
13,70.93,1.119,8,4.22,0,8.0,0.0,0,,,27.0,62.0,5,474.14,4,11.2838,0.0,0.4689,1
15,29.62,-0.917,11,2.87,0,6.0,0.0,1,0.825,7.9,30.0,62.0,7,58.78,4,9.4868,0.0,0.2392,0
25,182.84,1.205,13,3.34,0,3.0,0.0,0,,,48.0,68.0,9,333.9,24,16.9879,0.0,0.2386,1
17,20.51,-0.993,7,4.81,0,4.0,0.0,0,,,58.0,41.0,7,230.78,12,8.8692,0.0,0.6012,1
9,55.97,-0.217,12,1.02,1,41.0,21.01,1,0.776,16.2,22.0,45.0,3,297.7,8,9.3083,0.3688,0.0785,0
14,13.72,0.016,11,2.1,0,2.0,0.0,0,,,66.0,76.0,2,321.25,8,7.2825,0.0,0.175,1
9,26.44,-1.247,10,2.01,1,93.0,13.61,0,,,44.0,9.0,2,205.13,8,7.6262,0.496,0.1827,1
25,98.85,0.704,18,2.74,1,58.0,41.23,1,0.763,56.5,51.0,86.0,3,423.39,8,14.9992,0.4129,0.1442,0
14,66.23,0.38,10,1.17,1,36.0,10.01,0,,,12.0,90.0,7,407.69,4,11.3958,0.1489,0.1064,1
8,59.02,-1.381,13,4.53,1,46.0,9.38,0,,,44.0,42.0,1,149.04,8,8.9969,0.1563,0.3236,1
20,41.64,0.864,17,2.03,0,13.0,0.0,1,0.708,3.2,21.0,80.0,4,359.34,8,11.4255,0.0,0.1128,0
9,38.13,1.361,8,2.89,0,3.0,0.0,0,,,64.0,19.0,3,106.44,4,8.4433,0.0,0.3211,1
14,45.16,-0.221,14,3.37,1,85.0,35.68,1,0.835,18.4,78.0,80.0,4,169.25,8,10.3776,0.773,0.2247,0
34,87.28,0.743,31,4.59,0,3.0,0.0,1,0.963,8.4,81.0,51.0,10,790.8,12,15.9298,0.0,0.1434,0
14,16.22,-0.473,5,6.74,1,84.0,39.18,1,0.675,2.2,62.0,61.0,1,268.0,8,7.7073,2.2753,1.1233,0
20,245.53,1.331,17,4.16,1,96.0,29.17,1,0.66,19.9,49.0,75.0,6,203.71,24,16.7677,0.1183,0.2311,0
9,79.97,-0.435,11,1.78,1,76.0,17.9,1,0.592,45.6,52.0,72.0,3,214.72,24,10.1177,0.2211,0.1483,0
25,12.69,-0.314,12,2.82,0,1.0,0.0,0,,,86.0,92.0,3,657.68,8,8.5253,0.0,0.2169,1
7,154.79,-1.408,11,2.13,1,75.0,11.09,1,0.649,7.6,58.0,64.0,3,187.55,8,10.4981,0.0712,0.1775,0
13,15.67,0.064,9,2.2,0,12.0,0.0,1,0.54,19.2,47.0,38.0,4,406.68,8,7.4253,0.0,0.22,0
16,83.89,-0.8,16,8.82,0,5.0,0.0,0,,,67.0,80.0,6,922.52,8,12.5833,0.0,0.5188,1
14,56.75,-0.432,9,1.65,0,7.0,0.0,0,,,54.0,33.0,4,445.89,8,10.9842,0.0,0.165,1
12,27.27,-0.961,7,2.15,1,75.0,9.18,0,,,37.0,74.0,4,316.95,4,8.5716,0.3247,0.2688,1
18,66.9,-0.387,17,1.87,0,4.0,0.0,0,,,76.0,88.0,5,426.65,12,12.4197,0.0,0.1039,1
6,26.7,-0.437,7,2.22,0,1.0,0.0,1,0.544,28.6,25.0,84.0,3,181.09,8,6.4632,0.0,0.2775,0
5,37.15,-0.421,9,1.91,1,22.0,27.16,1,0.382,87.2,9.0,18.0,2,73.74,4,6.5247,0.7119,0.191,0
9,67.74,-0.851,13,2.75,0,3.0,0.0,0,,,69.0,36.0,4,156.62,24,9.7407,0.0,0.1964,1
21,89.18,-1.114,13,3.05,0,4.0,0.0,0,,,46.0,72.0,5,237.27,4,13.9153,0.0,0.2179,1
16,19.66,0.383,18,2.3,1,52.0,55.86,1,0.799,9.1,42.0,73.0,4,96.14,8,8.5795,2.7038,0.1211,0
20,40.39,-0.603,10,2.25,1,32.0,13.36,1,0.609,9.1,68.0,92.0,5,617.58,12,11.3349,0.3228,0.2045,0
16,39.55,-0.198,17,2.72,1,44.0,18.17,0,,,61.0,75.0,9,422.74,4,10.4901,0.4481,0.1511,1
18,31.36,-0.345,12,3.16,0,4.0,0.0,0,,,53.0,24.0,2,135.76,8,10.2376,0.0,0.2431,1
23,39.61,-1.096,12,3.2,0,8.0,0.0,0,,,46.0,46.0,2,166.52,12,11.7716,0.0,0.2462,1
15,72.03,-0.3,10,4.33,0,7.0,0.0,0,,,11.0,42.0,5,220.93,8,11.8968,0.0,0.3936,1
32,57.81,-0.199,16,2.23,0,8.0,0.0,0,,,74.0,59.0,11,479.15,8,14.2459,0.0,0.1312,1
9,28.99,0.812,13,2.4,1,56.0,22.2,1,0.71,29.1,50.0,45.0,6,129.89,12,7.8308,0.7402,0.1714,0
10,11.82,0.49,10,3.33,1,63.0,17.43,0,,,36.0,76.0,0,95.99,4,6.117,1.3596,0.3027,1
7,36.43,0.261,13,4.18,0,9.0,0.0,0,,,68.0,54.0,5,223.73,12,7.5327,0.0,0.2986,1
10,8.98,-1.284,7,3.69,0,7.0,0.0,0,,,18.0,41.0,5,126.79,12,5.5166,0.0,0.4612,1
8,20.25,0.094,14,0.98,0,2.0,0.0,1,0.974,5.4,50.0,83.0,8,261.2,4,6.7155,0.0,0.0653,0
37,36.61,-0.67,18,3.67,0,6.0,0.0,0,,,60.0,73.0,14,366.03,24,13.1945,0.0,0.1932,1
10,32.71,-0.909,13,1.82,0,0.0,0.0,1,0.826,15.0,44.0,55.0,5,140.48,8,8.4353,0.0,0.13,0
8,57.64,-0.236,14,8.35,0,3.0,0.0,1,0.443,10.1,14.0,90.0,3,132.63,12,8.9458,0.0,0.5567,0
13,93.43,0.325,14,3.7,0,1.0,0.0,1,0.994,5.1,74.0,60.0,2,119.01,4,12.0021,0.0,0.2467,0
26,44.03,0.176,22,2.29,0,12.0,0.0,0,,,68.0,47.0,9,497.09,24,12.5483,0.0,0.0996,1
10,6.88,-0.518,9,2.68,1,49.0,21.92,1,0.69,2.2,34.0,49.0,3,488.49,4,4.95,2.7817,0.268,0
17,38.05,-0.546,12,1.85,0,2.0,0.0,1,0.711,40.7,19.0,64.0,2,408.68,24,10.5928,0.0,0.1423,0
14,19.26,-0.354,14,4.83,0,1.0,0.0,1,0.756,3.5,40.0,38.0,2,1178.55,4,8.1476,0.0,0.322,0
10,11.04,0.579,8,2.23,0,2.0,0.0,1,0.577,11.5,28.0,84.0,2,1337.28,52,5.9665,0.0,0.2478,0
21,39.16,0.509,23,1.69,1,53.0,37.14,0,,,15.0,44.0,4,485.94,24,11.4148,0.9248,0.0704,1
10,16.82,-0.511,13,2.57,1,57.0,13.14,0,,,45.0,90.0,2,384.79,8,6.9067,0.7374,0.1836,1
12,98.92,-0.343,5,2.09,0,2.0,0.0,0,,,70.0,29.0,5,181.0,4,11.81,0.0,0.3483,1
11,28.26,-0.054,6,3.72,0,3.0,0.0,1,0.542,36.3,28.0,35.0,3,597.24,8,8.3896,0.0,0.5314,0
5,33.83,-0.687,14,1.45,0,16.0,0.0,1,0.683,14.0,40.0,52.0,0,90.64,4,6.3616,0.0,0.0967,0
11,38.55,0.47,6,1.9,1,60.0,20.5,0,,,81.0,45.0,4,511.29,8,9.1384,0.5183,0.2714,1
16,63.11,1.429,17,1.23,0,2.0,0.0,0,,,58.0,59.0,1,388.45,8,11.7879,0.0,0.0683,1
16,86.02,-0.561,13,2.31,0,10.0,0.0,1,0.806,0.5,29.0,53.0,5,734.84,12,12.6535,0.0,0.165,0
10,21.87,0.139,6,2.98,0,8.0,0.0,0,,,39.0,83.0,2,471.43,12,7.505,0.0,0.4257,1
12,120.16,0.459,7,2.29,1,62.0,11.31,0,,,53.0,48.0,5,324.15,8,12.3043,0.0933,0.2862,1
22,114.1,1.048,17,8.47,1,46.0,40.74,0,,,55.0,63.0,11,1214.48,12,14.8804,0.354,0.4706,1
9,81.88,0.696,9,5.96,0,1.0,0.0,0,,,30.0,35.0,1,181.29,4,10.1714,0.0,0.596,1
15,50.26,-1.079,12,1.61,1,56.0,17.8,1,0.925,21.9,74.0,49.0,5,470.94,4,10.9154,0.3472,0.1238,0
15,43.79,-0.049,15,4.82,1,39.0,22.32,1,0.62,5.6,50.0,69.0,6,1024.62,8,10.5413,0.4983,0.3012,0
15,12.77,-0.695,9,2.31,0,8.0,0.0,0,,,54.0,62.0,6,603.88,4,7.2711,0.0,0.231,1
15,43.35,-0.401,5,1.81,1,71.0,14.82,0,,,53.0,38.0,5,232.35,24,10.514,0.3342,0.3017,1
9,11.98,-0.676,14,1.06,0,5.0,0.0,1,0.348,18.0,41.0,71.0,4,362.03,12,5.9025,0.0,0.0707,0
23,53.64,-1.042,11,2.04,1,56.0,29.1,0,,,60.0,72.0,7,429.18,12,12.7147,0.5326,0.17,1
14,45.39,-0.059,20,2.15,0,11.0,0.0,0,,,60.0,81.0,4,204.46,12,10.391,0.0,0.1024,1
24,49.22,0.111,17,3.17,1,61.0,20.46,1,0.669,6.2,23.0,70.0,5,320.82,12,12.6064,0.4074,0.1761,0
6,35.37,0.1,5,2.02,0,2.0,0.0,0,,,32.0,46.0,3,177.28,12,6.9931,0.0,0.3367,1
20,31.64,0.057,16,5.39,0,3.0,0.0,0,,,54.0,78.0,7,123.05,12,10.6118,0.0,0.3171,1
11,65.67,-0.283,6,1.83,1,56.0,11.9,1,0.604,1.1,2.0,82.0,0,235.83,12,10.436,0.1785,0.2614,0
14,23.36,-0.677,8,2.18,0,6.0,0.0,0,,,49.0,59.0,3,98.91,52,8.6466,0.0,0.2422,1
14,166.01,-0.401,15,1.03,0,7.0,0.0,1,0.784,21.4,22.0,90.0,10,268.07,12,13.8599,0.0,0.0644,0
29,46.2,0.459,22,5.68,1,54.0,36.99,1,0.835,14.0,78.0,92.0,11,375.45,8,13.1096,0.7837,0.247,0
8,59.88,-0.01,5,0.87,0,3.0,0.0,1,0.23,18.1,29.0,78.0,1,313.96,8,9.0282,0.0,0.145,0
6,11.82,-0.994,8,2.69,1,70.0,16.86,1,0.779,5.3,23.0,73.0,3,121.25,8,4.964,1.3151,0.2989,0
13,47.73,-0.146,7,1.22,1,67.0,11.44,1,0.912,28.1,47.0,33.0,3,232.26,4,10.2562,0.2348,0.1525,0
8,142.02,0.02,7,3.27,1,68.0,20.39,1,0.732,51.4,32.0,70.0,2,369.27,4,10.9048,0.1426,0.4088,0
8,89.12,-0.344,18,4.86,0,4.0,0.0,0,,,68.0,68.0,8,326.8,52,9.89,0.0,0.2558,1
6,29.74,-1.031,7,1.06,0,11.0,0.0,0,,,14.0,42.0,1,540.2,12,6.6658,0.0,0.1325,1
8,44.62,1.197,14,1.24,1,66.0,17.24,0,,,26.0,77.0,3,115.18,24,8.3942,0.3779,0.0827,1
7,23.14,-0.895,9,1.92,1,78.0,13.6,1,0.684,5.6,28.0,33.0,2,98.51,12,6.6207,0.5634,0.192,0
23,66.79,-1.003,11,2.71,0,9.0,0.0,0,,,31.0,71.0,8,108.71,4,13.4,0.0,0.2258,1
15,78.0,0.184,10,1.51,0,3.0,0.0,0,,,64.0,57.0,1,172.83,24,12.1147,0.0,0.1373,1
9,15.84,-0.925,9,1.77,0,17.0,0.0,0,,,55.0,57.0,4,130.55,24,6.5019,0.0,0.177,1
21,38.9,0.683,16,3.33,0,15.0,0.0,1,0.721,5.1,32.0,13.0,4,193.37,52,11.3947,0.0,0.1959,0
12,43.25,0.501,15,3.46,1,59.0,34.76,0,,,56.0,83.0,6,49.48,4,9.7208,0.7855,0.2162,1
30,128.89,-0.233,9,7.9,1,58.0,55.69,0,,,50.0,65.0,10,236.62,12,16.7121,0.4287,0.79,1
14,62.85,0.557,19,2.3,0,5.0,0.0,0,,,36.0,48.0,9,271.07,24,11.2561,0.0,0.115,1
7,32.62,-0.274,13,0.9,0,6.0,0.0,1,0.882,19.3,67.0,62.0,2,95.49,12,7.3095,0.0,0.0643,0
7,16.93,-0.066,11,0.83,0,11.0,0.0,0,,,65.0,91.0,0,46.89,12,6.0023,0.0,0.0692,1
23,54.78,0.86,23,3.25,0,3.0,0.0,0,,,45.0,62.0,3,222.64,8,12.7803,0.0,0.1354,1
16,14.39,-0.05,7,3.1,1,43.0,23.31,1,0.716,4.5,52.0,72.0,3,1299.58,24,7.7452,1.5146,0.3875,0
24,35.22,0.902,9,2.07,0,12.0,0.0,0,,,49.0,44.0,3,237.73,12,11.5545,0.0,0.207,1
4,30.9,-0.476,6,0.9,0,9.0,0.0,1,0.749,21.1,43.0,85.0,6,435.67,12,5.5728,0.0,0.1286,0
6,8.62,-0.375,6,3.59,0,10.0,0.0,1,0.844,8.5,40.0,62.0,2,280.56,12,4.4052,0.0,0.5129,0
19,100.7,0.075,16,6.35,0,4.0,0.0,0,,,38.0,54.0,12,269.57,4,13.8464,0.0,0.3735,1
31,62.76,0.883,17,2.79,0,9.0,0.0,1,0.796,6.7,48.0,85.0,10,601.28,24,14.4006,0.0,0.155,0
10,19.48,0.028,11,3.58,0,8.0,0.0,1,0.728,32.6,41.0,41.0,3,123.75,24,7.2403,0.0,0.2983,0
29,58.08,-0.8,12,2.77,0,12.0,0.0,1,0.577,3.0,55.0,24.0,8,818.47,12,13.8731,0.0,0.2131,0
10,15.59,-0.712,12,2.45,0,8.0,0.0,0,,,58.0,57.0,2,359.08,4,6.7352,0.0,0.1885,1
11,16.95,-0.834,9,1.32,0,8.0,0.0,1,0.256,7.0,60.0,40.0,2,278.76,12,7.1754,0.0,0.132,0
17,214.54,-0.072,15,4.95,0,5.0,0.0,1,0.432,16.3,69.0,72.0,9,524.15,24,15.5304,0.0,0.3094,0
22,18.54,1.012,14,1.85,0,9.0,0.0,0,,,35.0,59.0,7,331.66,4,9.3201,0.0,0.1233,1
11,33.04,-0.09,10,0.87,1,67.0,14.1,0,,,82.0,63.0,4,574.52,8,8.7656,0.4142,0.0791,1
22,115.99,0.779,13,8.45,0,1.0,0.0,0,,,62.0,65.0,7,265.21,8,14.9315,0.0,0.6036,1
20,51.31,0.052,11,2.91,0,1.0,0.0,1,0.689,11.2,41.0,37.0,6,301.57,4,12.0477,0.0,0.2425,0
15,18.35,0.225,13,3.62,0,10.0,0.0,1,0.548,1.1,76.0,48.0,7,130.5,8,8.2143,0.0,0.2586,0
12,27.66,0.35,15,2.99,1,71.0,23.84,0,,,44.0,88.0,6,882.83,24,8.6067,0.8318,0.1869,1
16,61.0,0.49,15,0.72,1,78.0,31.91,1,0.66,11.3,22.0,83.0,4,314.29,8,11.6931,0.5147,0.045,0
25,68.26,0.36,7,3.98,1,53.0,46.64,1,0.447,20.0,69.0,69.0,2,84.72,12,13.8074,0.6734,0.4975,0
17,40.57,-1.026,19,3.91,0,9.0,0.0,0,,,40.0,46.0,5,261.68,8,10.7735,0.0,0.1955,1
5,24.9,-0.612,9,2.93,0,1.0,0.0,1,0.872,9.9,58.0,66.0,2,81.21,24,5.8308,0.0,0.293,0
36,261.22,1.788,25,8.45,0,11.0,0.0,0,,,60.0,84.0,12,454.6,24,20.1099,0.0,0.325,1
17,62.73,-0.137,17,3.42,0,1.0,0.0,0,,,59.0,84.0,9,384.79,24,12.0085,0.0,0.19,1
12,15.38,0.057,7,0.91,1,47.0,23.39,0,,,79.0,24.0,3,186.42,24,7.1718,1.428,0.1138,1
18,76.55,-0.277,16,1.86,0,7.0,0.0,1,0.832,18.5,24.0,52.0,7,938.59,8,12.811,0.0,0.1094,0
10,57.09,-0.376,9,2.89,1,51.0,28.07,1,0.541,2.3,46.0,20.0,5,1176.27,12,9.7402,0.4832,0.289,0
12,18.77,-0.68,16,2.94,1,27.0,20.31,0,,,64.0,81.0,3,616.4,12,7.6542,1.0273,0.1729,1
28,48.7,1.001,20,6.3,0,1.0,0.0,1,0.911,6.9,45.0,74.0,6,87.99,24,13.1527,0.0,0.3,0
20,34.83,-0.37,8,1.51,0,14.0,0.0,0,,,56.0,63.0,1,237.61,4,10.8957,0.0,0.1678,1
11,104.63,0.486,14,0.63,1,84.0,8.33,0,,,24.0,44.0,5,117.25,24,11.5795,0.0789,0.042,1
27,55.3,0.037,17,2.13,0,2.0,0.0,1,0.784,4.4,54.0,78.0,7,656.83,4,13.4311,0.0,0.1183,0
23,116.91,-0.763,21,4.91,1,22.0,37.9,1,0.779,12.9,31.0,91.0,11,932.52,4,15.1591,0.3214,0.2232,0
14,40.84,-0.755,13,2.66,0,5.0,0.0,0,,,18.0,82.0,2,1447.62,52,10.1115,0.0,0.19,1
10,75.61,-0.627,12,4.5,0,0.0,0.0,1,0.801,0.6,31.0,80.0,5,108.33,4,10.4038,0.0,0.3462,0
15,48.94,-0.222,18,2.07,0,9.0,0.0,1,0.938,47.2,28.0,59.0,4,255.97,52,10.8431,0.0,0.1089,0
23,49.17,0.664,15,6.87,0,21.0,0.0,1,0.761,13.7,36.0,90.0,14,364.5,4,12.4434,0.0,0.4294,0
15,73.04,-0.259,12,3.07,0,0.0,0.0,0,,,24.0,54.0,7,139.35,8,11.9349,0.0,0.2362,1
17,58.22,-0.655,21,1.53,0,12.0,0.0,1,0.802,12.3,35.0,55.0,5,788.8,4,11.7964,0.0,0.0695,0
5,22.51,-0.235,14,2.01,1,48.0,19.86,1,0.842,48.2,58.0,77.0,5,196.31,52,5.6573,0.8447,0.134,0
19,79.12,0.375,26,4.76,0,18.0,0.0,0,,,64.0,79.0,3,464.57,12,13.1319,0.0,0.1763,1
18,65.95,0.416,11,1.02,0,9.0,0.0,0,,,45.0,56.0,1,149.68,8,12.3783,0.0,0.085,1
16,32.47,-0.966,9,5.77,0,4.0,0.0,1,0.669,11.0,45.0,64.0,2,321.92,4,9.9464,0.0,0.577,0
34,37.87,0.384,19,3.52,1,75.0,23.94,0,,,66.0,52.0,9,478.11,4,13.0134,0.6159,0.176,1
13,19.87,-0.47,12,1.5,1,43.0,12.34,0,,,16.0,57.0,2,490.56,24,8.0183,0.5913,0.1154,1
19,28.95,-0.421,24,2.77,0,5.0,0.0,0,,,21.0,65.0,6,126.15,8,10.1841,0.0,0.1108,1
32,85.1,0.888,25,8.1,0,10.0,0.0,0,,,68.0,83.0,15,325.69,4,15.5787,0.0,0.3115,1
18,83.48,-0.79,17,4.7,0,15.0,0.0,0,,,63.0,33.0,1,82.06,8,13.063,0.0,0.2611,1
9,16.13,-0.109,10,2.32,0,3.0,0.0,1,0.885,1.6,31.0,26.0,6,281.21,52,6.5413,0.0,0.2109,0
16,47.7,-0.745,8,2.46,0,19.0,0.0,0,,,16.0,81.0,3,205.86,4,11.009,0.0,0.2733,1
21,47.58,0.652,22,9.37,0,3.0,0.0,1,0.582,7.4,52.0,51.0,5,458.14,8,12.0032,0.0,0.4074,0
22,97.66,0.155,21,7.95,1,64.0,64.57,1,0.769,0.1,66.0,86.0,6,510.39,12,14.3972,0.6545,0.3614,0
13,34.29,0.744,12,2.37,1,20.0,22.85,0,,,33.0,79.0,6,196.74,12,9.4045,0.6475,0.1823,1
14,21.38,-0.837,14,2.18,1,86.0,17.4,1,0.62,11.1,47.0,55.0,4,88.16,24,8.4171,0.7775,0.1453,0
12,88.44,0.278,19,2.99,0,1.0,0.0,0,,,74.0,78.0,3,88.95,8,11.5258,0.0,0.1495,1
5,63.47,-1.021,13,0.96,0,2.0,0.0,1,0.895,5.9,61.0,42.0,1,78.28,24,7.4648,0.0,0.0686,0
31,70.01,0.634,16,2.98,1,76.0,50.68,1,0.914,0.4,75.0,96.0,8,146.21,8,14.7738,0.7137,0.1753,0
10,23.47,-0.158,14,1.83,0,0.0,0.0,1,0.791,2.4,44.0,43.0,6,352.11,8,7.6671,0.0,0.122,0
28,32.89,-1.158,18,4.93,0,6.0,0.0,1,0.957,10.0,54.0,53.0,9,535.89,52,11.8634,0.0,0.2595,0
30,24.23,-0.478,17,5.15,1,43.0,34.01,0,,,39.0,29.0,6,223.92,8,11.085,1.348,0.2861,1
15,151.74,0.62,15,2.57,0,5.0,0.0,1,0.598,4.2,30.0,69.0,7,795.39,24,13.9426,0.0,0.1606,0
8,51.18,0.2,11,3.11,1,74.0,19.53,1,0.932,3.1,61.0,55.0,7,346.52,12,8.6894,0.3743,0.2592,0
18,91.39,-0.064,16,3.68,0,12.0,0.0,1,0.681,18.0,34.0,44.0,9,504.58,24,13.3266,0.0,0.2165,0
12,94.16,-0.908,17,12.93,1,53.0,23.37,0,,,66.0,63.0,7,410.64,4,11.6848,0.2456,0.7183,1
8,55.25,0.099,6,1.42,0,8.0,0.0,0,,,69.0,36.0,3,306.56,24,8.8544,0.0,0.2029,1
11,34.53,0.314,16,2.63,0,1.0,0.0,1,0.851,2.6,70.0,72.0,1,96.86,12,8.8721,0.0,0.1547,0
16,52.07,-0.092,12,2.32,0,21.0,0.0,0,,,80.0,45.0,3,332.31,24,11.2524,0.0,0.1785,1
4,26.8,-0.407,15,3.52,0,3.0,0.0,0,,,46.0,55.0,4,747.93,24,5.3514,0.0,0.22,1
14,68.5,0.041,13,5.25,1,75.0,32.86,0,,,60.0,40.0,5,186.5,24,11.4857,0.4728,0.375,1
11,121.29,0.647,10,4.02,1,47.0,4.87,1,0.919,1.0,39.0,25.0,3,709.22,12,11.9434,0.0398,0.3655,0
9,61.85,0.355,11,2.65,1,71.0,12.0,0,,,33.0,63.0,6,332.77,12,9.5344,0.1909,0.2208,1
15,78.5,0.005,6,5.22,0,3.0,0.0,0,,,40.0,59.0,6,596.12,8,12.1322,0.0,0.7457,1
25,55.7,1.076,13,1.85,1,49.0,33.66,1,0.535,6.6,38.0,77.0,6,196.9,8,13.1555,0.5937,0.1321,0
16,47.89,-0.441,8,1.98,0,3.0,0.0,1,0.68,6.9,68.0,27.0,3,35.96,8,11.02,0.0,0.22,0
11,66.01,-0.861,13,1.89,0,18.0,0.0,0,,,43.0,39.0,5,816.15,12,10.4486,0.0,0.135,1
14,72.11,-1.267,6,3.36,0,1.0,0.0,0,,,44.0,68.0,3,456.0,12,11.6229,0.0,0.48,1
22,50.31,-0.474,17,2.25,0,3.0,0.0,0,,,18.0,81.0,7,412.45,4,12.3472,0.0,0.125,1
23,50.72,-0.045,14,3.23,0,4.0,0.0,1,0.927,6.7,30.0,54.0,6,434.78,8,12.5401,0.0,0.2153,0
24,34.09,0.302,12,2.72,1,15.0,29.76,0,,,57.0,75.0,6,797.88,8,11.4525,0.8481,0.2092,1
16,78.26,-0.809,19,6.45,1,30.0,36.63,0,,,40.0,31.0,5,781.53,52,12.3889,0.4621,0.3225,1
23,47.12,0.532,16,2.26,0,2.0,0.0,0,,,40.0,35.0,5,284.28,8,12.3108,0.0,0.1329,1
21,78.54,0.118,14,3.98,0,3.0,0.0,0,,,86.0,49.0,9,330.83,12,13.5272,0.0,0.2653,1
9,27.54,0.228,10,2.25,1,6.0,21.75,0,,,81.0,77.0,5,289.89,52,7.7167,0.7621,0.2045,1
26,335.08,-0.751,26,3.62,0,13.0,0.0,1,0.851,8.4,55.0,67.0,7,153.98,4,19.173,0.0,0.1341,0
23,31.07,0.911,20,3.65,0,2.0,0.0,0,,,37.0,74.0,8,173.05,4,11.0212,0.0,0.1738,1
8,26.06,-0.326,16,1.41,0,9.0,0.0,0,,,84.0,67.0,0,55.7,8,7.2466,0.0,0.0829,1
24,99.3,0.52,18,2.7,0,9.0,0.0,0,,,41.0,77.0,11,574.2,4,14.8331,0.0,0.1421,1
29,159.1,0.533,12,1.61,1,58.0,26.34,1,0.692,0.1,37.0,63.0,8,274.88,8,17.2638,0.1645,0.1238,0
25,88.69,0.638,13,3.75,1,53.0,63.7,1,0.842,10.6,45.0,85.0,6,549.53,4,14.6496,0.7102,0.2679,0
29,87.74,-0.025,22,5.61,0,4.0,0.0,0,,,38.0,46.0,10,299.02,8,15.2568,0.0,0.2439,1
7,15.2,0.356,13,2.22,1,58.0,26.42,0,,,41.0,47.0,3,416.77,52,5.7913,1.6309,0.1586,1
8,103.25,0.35,12,1.74,0,6.0,0.0,1,0.92,0.4,39.0,31.0,2,93.59,8,10.21,0.0,0.1338,0
11,36.72,-0.86,8,3.66,0,10.0,0.0,1,0.882,12.0,30.0,93.0,2,352.72,12,9.0207,0.0,0.4067,0
15,134.53,-0.45,13,1.51,0,1.0,0.0,0,,,4.0,50.0,2,71.83,4,13.6112,0.0,0.1079,1
17,16.18,1.142,15,1.96,1,62.0,17.58,0,,,12.0,54.0,5,351.75,4,8.2195,1.0233,0.1225,1
26,64.98,0.2,13,1.64,0,12.0,0.0,0,,,85.0,85.0,11,344.98,8,13.8074,0.0,0.1171,1
10,52.95,0.026,10,1.02,1,73.0,8.06,1,0.631,11.3,47.0,28.0,1,64.72,4,9.5629,0.1494,0.0927,0
12,6.25,-0.128,10,4.78,0,19.0,0.0,0,,,54.0,64.0,2,77.73,4,5.0812,0.0,0.4345,1
22,51.92,0.309,18,1.92,0,2.0,0.0,0,,,43.0,66.0,3,476.92,12,12.4441,0.0,0.1011,1
19,82.06,-0.384,13,3.22,0,6.0,0.0,0,,,38.0,44.0,7,188.92,12,13.2398,0.0,0.23,1
18,71.64,-0.729,14,4.17,0,6.0,0.0,0,,,32.0,61.0,5,300.64,8,12.6184,0.0,0.278,1
14,19.85,0.284,15,3.67,1,86.0,15.82,1,0.922,0.4,46.0,42.0,5,398.6,8,8.2253,0.7588,0.2294,0
24,37.41,0.209,18,7.63,1,40.0,12.55,1,0.522,2.4,44.0,91.0,8,967.54,8,11.7435,0.3267,0.4016,0
15,20.35,0.272,17,2.34,0,6.0,0.0,0,,,26.0,76.0,7,367.98,8,8.487,0.0,0.13,1
14,65.54,-0.262,10,3.39,1,36.0,26.1,1,0.559,0.0,53.0,18.0,12,1050.46,8,11.3679,0.3922,0.3082,0
25,38.89,-0.436,18,2.86,0,2.0,0.0,0,,,77.0,85.0,9,331.1,12,12.0098,0.0,0.1505,1
29,107.88,1.233,19,3.46,0,5.0,0.0,1,0.891,2.6,43.0,98.0,11,523.35,4,15.9525,0.0,0.173,0
12,27.08,-0.184,19,4.07,0,12.0,0.0,1,0.364,5.1,21.0,89.0,9,234.07,8,8.5543,0.0,0.2035,0
15,17.64,0.003,17,3.56,1,37.0,35.63,1,0.957,2.5,72.0,53.0,3,675.6,24,8.1107,1.9115,0.1978,0
4,19.92,0.323,10,1.84,0,1.0,0.0,1,0.367,5.8,31.0,30.0,1,111.66,4,4.8938,0.0,0.1673,0
18,81.01,-0.123,14,6.2,0,11.0,0.0,1,0.985,7.7,65.0,46.0,7,329.22,4,12.9757,0.0,0.4133,0
12,18.3,-0.217,16,0.73,0,14.0,0.0,1,0.78,2.2,62.0,73.0,2,521.58,12,7.5925,0.0,0.0429,0
4,29.86,-0.176,8,1.93,0,6.0,0.0,0,,,27.0,52.0,1,233.65,8,5.5195,0.0,0.2144,1
15,19.43,-0.274,17,2.22,1,53.0,26.16,1,0.847,1.0,49.0,81.0,6,182.81,4,8.3649,1.2805,0.1233,0
18,26.03,-0.808,11,2.95,0,8.0,0.0,1,0.922,12.0,48.0,57.0,2,210.7,12,9.7077,0.0,0.2458,0
8,12.67,-0.323,9,1.65,0,0.0,0.0,1,0.846,19.9,20.0,65.0,1,246.97,52,5.7462,0.0,0.165,0
9,55.14,0.542,17,3.67,0,3.0,0.0,0,,,37.0,71.0,5,171.18,8,9.2745,0.0,0.2039,1
9,42.58,0.164,14,1.46,0,1.0,0.0,0,,,6.0,61.0,4,249.45,8,8.6913,0.0,0.0973,1
15,29.91,0.219,13,4.93,0,10.0,0.0,1,0.973,23.0,43.0,55.0,7,139.48,12,9.513,0.0,0.3521,0
4,46.6,-1.084,4,1.69,1,66.0,17.53,0,,,12.0,34.0,1,704.26,8,6.217,0.3683,0.338,1
11,25.89,0.157,22,1.58,0,9.0,0.0,0,,,58.0,71.0,7,590.69,4,8.1797,0.0,0.0687,1
9,98.11,0.484,14,6.67,0,12.0,0.0,1,0.521,1.8,62.0,31.0,8,145.4,12,10.5832,0.0,0.4447,0
30,22.52,0.133,12,3.36,0,4.0,0.0,0,,,39.0,57.0,2,380.61,4,10.844,0.0,0.2585,1
22,26.65,-0.01,20,3.18,1,12.0,23.24,1,0.866,21.4,63.0,68.0,3,370.08,12,10.4087,0.8405,0.1514,0
9,23.76,0.364,13,2.07,1,46.0,21.37,0,,,62.0,15.0,0,46.93,8,7.3895,0.8631,0.1479,1
32,125.3,0.928,17,5.39,0,15.0,0.0,0,,,70.0,53.0,9,804.08,12,16.9184,0.0,0.2994,1
13,17.38,-0.376,13,1.03,1,24.0,9.91,0,,,50.0,70.0,6,718.28,4,7.683,0.5392,0.0736,1
19,117.29,1.017,12,6.15,1,36.0,27.7,1,0.536,14.2,19.0,45.0,6,848.99,4,14.299,0.2342,0.4731,0
13,56.33,-0.206,16,2.27,0,15.0,0.0,1,0.475,31.7,58.0,70.0,5,294.02,12,10.6851,0.0,0.1335,0
6,47.45,0.525,8,3.39,1,68.0,11.75,0,,,65.0,49.0,0,129.14,4,7.5512,0.2425,0.3767,1
13,77.35,-0.894,12,6.37,1,60.0,13.44,1,0.661,37.4,48.0,4.0,6,128.45,12,11.5094,0.1715,0.49,0
21,213.92,0.16,16,2.36,0,7.0,0.0,1,0.834,2.6,45.0,77.0,2,527.45,4,16.5997,0.0,0.1388,0
7,25.86,-1.056,10,0.78,0,18.0,0.0,0,,,34.0,80.0,3,597.19,24,6.8427,0.0,0.0709,1
20,42.5,-0.366,15,7.6,0,12.0,0.0,1,0.807,18.0,48.0,70.0,7,1475.66,4,11.4863,0.0,0.475,0
11,27.89,-0.15,15,1.41,0,7.0,0.0,0,,,72.0,65.0,4,80.43,4,8.358,0.0,0.0881,1
8,18.66,-0.612,8,1.97,0,4.0,0.0,0,,,35.0,45.0,3,188.74,12,6.5446,0.0,0.2189,1
14,81.05,-0.632,22,4.8,0,8.0,0.0,1,0.767,0.0,56.0,63.0,12,100.57,12,11.9353,0.0,0.2087,0
30,48.71,0.5,11,3.02,0,2.0,0.0,0,,,22.0,63.0,6,433.28,24,13.4139,0.0,0.2517,1
17,81.06,-0.221,19,1.86,0,1.0,0.0,0,,,71.0,42.0,3,128.35,12,12.7392,0.0,0.093,1
29,86.37,1.156,24,3.21,0,6.0,0.0,0,,,29.0,82.0,13,2226.26,8,15.2039,0.0,0.1284,1
10,70.86,0.373,12,1.27,0,11.0,0.0,0,,,65.0,48.0,4,98.88,52,10.2503,0.0,0.0977,1
12,44.19,-0.252,11,3.88,0,4.0,0.0,0,,,22.0,28.0,3,172.31,8,9.7747,0.0,0.3233,1
23,99.22,0.187,20,2.25,0,3.0,0.0,0,,,61.0,76.0,6,259.6,8,14.6425,0.0,0.1071,1
16,51.27,1.456,12,3.95,1,66.0,18.38,0,,,39.0,67.0,5,576.17,8,11.2094,0.3516,0.3038,1
11,54.74,0.654,13,3.38,0,2.0,0.0,1,0.743,3.1,26.0,65.0,5,528.52,4,9.9911,0.0,0.2414,0
21,24.92,-0.1,9,8.79,1,71.0,22.51,0,,,29.0,57.0,4,198.9,52,10.0614,0.8684,0.879,1
7,17.57,-0.36,6,2.18,1,79.0,13.82,0,,,52.0,80.0,2,553.82,4,6.0752,0.7442,0.3114,1
18,34.92,-1.967,12,2.58,0,5.0,0.0,1,0.869,2.7,27.0,32.0,6,506.47,4,10.5449,0.0,0.1985,0
10,9.69,-1.062,13,0.87,0,11.0,0.0,0,,,45.0,19.0,1,175.78,52,5.6814,0.0,0.0621,1
17,51.19,-0.033,9,7.53,0,16.0,0.0,0,,,21.0,63.0,9,556.24,8,11.4311,0.0,0.753,1
10,15.69,1.038,11,1.32,1,86.0,22.59,1,0.894,39.2,72.0,46.0,5,308.43,12,6.7496,1.3535,0.11,0
27,102.0,1.126,15,2.65,0,1.0,0.0,0,,,38.0,70.0,6,197.38,24,15.4439,0.0,0.1656,1
30,50.58,0.324,16,5.57,1,90.0,108.38,0,,,76.0,79.0,10,155.14,8,13.5407,2.1012,0.3276,1
5,50.4,0.94,9,1.05,0,8.0,0.0,1,0.639,4.2,45.0,82.0,2,301.29,52,7.0589,0.0,0.105,0
10,22.43,0.935,11,1.48,0,1.0,0.0,1,0.675,4.2,74.0,73.0,2,205.53,12,7.563,0.0,0.1233,0
10,95.71,-0.115,12,2.17,0,3.0,0.0,0,,,80.0,54.0,5,73.03,4,10.9625,0.0,0.1669,1
4,45.55,-0.338,6,2.28,0,6.0,0.0,1,0.847,5.1,30.0,51.0,6,38.62,8,6.1811,0.0,0.3257,0
3,27.77,-0.044,12,1.24,0,3.0,0.0,1,0.52,4.5,56.0,90.0,0,376.56,4,4.657,0.0,0.0954,0
23,88.9,0.09,19,6.37,0,3.0,0.0,1,0.939,3.6,72.0,37.0,11,950.57,52,14.2971,0.0,0.3185,0
13,54.62,0.415,12,1.67,1,76.0,21.62,1,0.522,6.3,27.0,54.0,4,225.98,8,10.6052,0.3887,0.1285,0
8,41.61,0.558,14,1.84,0,5.0,0.0,1,0.908,15.0,64.0,41.0,1,238.61,24,8.2442,0.0,0.1227,0
6,12.34,0.155,7,0.74,0,8.0,0.0,1,0.445,3.7,8.0,59.0,3,101.89,12,5.0414,0.0,0.0925,0
12,17.54,-0.106,14,2.38,1,40.0,10.43,0,,,75.0,57.0,1,646.08,8,7.4895,0.5626,0.1587,1
18,57.31,-0.369,14,4.82,0,4.0,0.0,0,,,50.0,55.0,2,527.09,4,11.9714,0.0,0.3213,1
11,8.88,-0.275,10,5.55,0,1.0,0.0,0,,,59.0,89.0,6,84.77,12,5.6917,0.0,0.5045,1
16,39.9,0.224,12,2.05,0,1.0,0.0,1,0.581,5.0,59.0,23.0,2,115.58,4,10.5144,0.0,0.1577,0
14,51.29,-0.656,12,3.8,1,49.0,15.32,1,0.649,0.4,50.0,75.0,5,133.09,24,10.7152,0.293,0.2923,0
26,98.62,0.555,18,2.82,0,5.0,0.0,1,0.596,10.3,81.0,32.0,6,169.3,24,15.1653,0.0,0.1484,0
12,97.71,-0.544,13,11.47,0,2.0,0.0,0,,,17.0,52.0,6,323.59,4,11.7787,0.0,0.8193,1
15,27.17,-0.201,17,2.06,0,6.0,0.0,0,,,36.0,55.0,6,153.45,4,9.2556,0.0,0.1144,1
22,30.86,1.46,16,10.7,0,10.0,0.0,1,0.752,25.5,42.0,68.0,6,559.42,8,10.853,0.0,0.6294,0
11,55.23,-0.625,13,4.83,0,11.0,0.0,0,,,65.0,54.0,3,355.09,8,10.0128,0.0,0.345,1
25,58.33,0.97,17,8.39,1,67.0,68.87,0,,,69.0,76.0,10,429.42,12,13.3032,1.1608,0.4661,1
7,35.17,0.361,11,1.08,0,4.0,0.0,0,,,35.0,33.0,4,150.01,4,7.4615,0.0,0.09,1
15,61.96,0.077,14,2.27,1,56.0,37.07,0,,,68.0,60.0,3,275.95,8,11.4854,0.5888,0.1513,1
18,37.06,0.921,18,3.67,0,2.0,0.0,0,,,41.0,63.0,9,732.89,52,10.7153,0.0,0.1932,1
19,150.26,-0.929,11,4.28,0,17.0,0.0,1,0.795,14.7,42.0,52.0,4,106.44,12,15.0356,0.0,0.3567,0
10,41.67,-0.306,24,4.51,0,8.0,0.0,1,0.817,7.4,48.0,81.0,5,404.02,24,9.0005,0.0,0.1804,0
9,63.07,-0.706,13,0.96,0,9.0,0.0,0,,,52.0,84.0,1,178.9,4,9.5787,0.0,0.0686,1
19,38.29,0.28,8,1.68,1,78.0,9.64,0,,,19.0,46.0,4,225.17,24,10.9972,0.2454,0.1867,1
7,28.81,-1.522,7,2.15,0,9.0,0.0,0,,,29.0,55.0,2,492.6,8,7.0594,0.0,0.2688,1
11,12.54,-0.615,11,4.07,1,75.0,19.22,1,0.672,3.1,43.0,66.0,0,195.06,8,6.4748,1.4195,0.3392,0
9,40.68,0.887,15,2.2,1,96.0,29.77,1,0.457,5.1,19.0,66.0,2,326.95,8,8.5887,0.7143,0.1375,0
9,20.09,-0.453,10,3.29,1,78.0,19.34,0,,,24.0,40.0,2,54.79,24,7.0201,0.917,0.2991,1
9,11.83,-0.519,6,1.47,1,26.0,20.27,1,0.793,16.1,8.0,31.0,0,136.22,24,5.8757,1.5799,0.21,0
19,92.56,-0.322,17,9.67,1,56.0,46.58,0,,,52.0,44.0,8,195.63,4,13.5964,0.4979,0.5372,1
16,85.95,0.039,13,2.05,0,8.0,0.0,0,,,46.0,60.0,3,200.66,8,12.6512,0.0,0.1464,1
16,17.77,-0.232,15,2.96,1,80.0,14.03,0,,,43.0,53.0,5,406.62,8,8.3077,0.7475,0.185,1
31,88.85,0.299,20,1.32,0,1.0,0.0,0,,,64.0,84.0,6,285.11,4,15.5894,0.0,0.0629,1
13,43.99,-0.739,9,1.9,0,4.0,0.0,0,,,72.0,70.0,8,234.7,4,10.0454,0.0,0.19,1
27,66.58,0.607,16,8.64,1,33.0,18.86,1,0.839,9.8,29.0,68.0,3,372.97,52,14.0396,0.2791,0.5082,0
19,27.29,1.496,16,1.54,0,2.0,0.0,1,0.309,5.7,6.0,92.0,5,443.24,4,10.0133,0.0,0.0906,0
12,18.83,-0.293,14,0.83,1,72.0,6.21,0,,,65.0,52.0,3,446.19,52,7.662,0.3132,0.0553,1
29,55.28,0.456,25,6.32,1,49.0,28.92,1,0.631,5.3,62.0,90.0,10,492.55,52,13.708,0.5139,0.2431,0
28,22.0,1.19,22,3.75,1,79.0,16.48,1,0.877,13.9,61.0,94.0,7,280.58,52,10.5581,0.7165,0.163,0
11,39.27,0.376,11,4.68,1,50.0,37.13,0,,,37.0,47.0,5,408.88,12,9.1832,0.922,0.39,1
18,17.39,1.549,12,5.04,1,76.0,15.67,1,0.962,16.4,26.0,92.0,2,287.91,24,8.5736,0.8521,0.3877,0
24,87.19,0.556,9,3.92,1,87.0,41.72,1,0.809,11.8,28.0,47.0,6,190.07,24,14.4189,0.4731,0.392,0
17,64.14,0.64,14,3.37,0,10.0,0.0,1,0.323,4.4,62.0,55.0,5,580.6,12,12.0717,0.0,0.2247,0
26,59.83,-0.364,14,5.52,1,78.0,17.52,1,0.709,2.5,34.0,74.0,9,631.43,12,13.5396,0.288,0.368,0
8,30.63,-0.416,6,3.07,0,9.0,0.0,0,,,35.0,54.0,0,132.26,4,7.5894,0.0,0.4386,1
13,42.11,0.084,19,4.67,0,11.0,0.0,0,,,44.0,55.0,4,714.81,12,9.9328,0.0,0.2335,1
11,45.12,-0.384,11,2.43,0,6.0,0.0,0,,,13.0,68.0,1,295.9,4,9.5203,0.0,0.2025,1
16,16.6,0.398,6,5.2,0,8.0,0.0,1,0.632,3.2,41.0,67.0,1,318.89,4,8.1254,0.0,0.7429,0
12,23.69,-1.095,15,1.81,1,51.0,42.27,1,0.692,8.3,82.0,38.0,4,295.42,8,8.2242,1.712,0.1131,0
23,154.69,0.205,9,6.99,0,7.0,0.0,0,,,26.0,96.0,5,394.62,8,16.0424,0.0,0.699,1
8,54.85,-0.141,15,2.77,1,36.0,12.36,0,,,47.0,72.0,3,459.86,4,8.8387,0.2213,0.1731,1
18,55.69,-1.151,16,6.2,1,68.0,23.0,0,,,21.0,71.0,5,272.73,8,11.8885,0.4057,0.3647,1
14,22.84,-0.341,11,3.41,0,5.0,0.0,0,,,60.0,74.0,1,377.95,4,8.5882,0.0,0.2842,1
10,47.53,0.156,18,2.16,0,15.0,0.0,1,0.566,14.3,71.0,86.0,3,89.52,24,9.3091,0.0,0.1137,0
15,132.43,0.001,16,2.56,1,37.0,15.85,0,,,58.0,71.0,8,109.32,12,13.5679,0.1188,0.1506,1
26,94.58,0.703,16,3.38,1,55.0,24.15,1,0.697,5.9,35.0,99.0,11,417.2,24,15.0289,0.2527,0.1988,0
11,50.14,0.088,10,6.17,0,12.0,0.0,1,0.347,3.4,28.0,75.0,6,512.54,8,9.777,0.0,0.5609,0
8,17.07,-0.304,10,3.39,0,10.0,0.0,1,0.807,3.6,57.0,21.0,3,170.67,8,6.3593,0.0,0.3082,0
24,40.48,0.443,14,1.95,1,80.0,35.17,1,0.867,9.2,75.0,75.0,5,413.44,24,11.991,0.8479,0.13,0
16,41.52,-0.444,13,1.79,0,7.0,0.0,1,0.866,4.3,30.0,44.0,5,548.25,4,10.6245,0.0,0.1279,0
12,24.58,-0.442,11,0.85,0,24.0,0.0,1,0.695,0.4,30.0,65.0,3,292.03,4,8.3151,0.0,0.0708,0
18,32.35,0.267,15,1.28,0,10.0,0.0,0,,,52.0,82.0,7,212.67,8,10.3263,0.0,0.08,1
20,131.38,0.485,16,4.2,1,83.0,8.37,1,0.748,3.5,84.0,52.0,4,168.38,12,14.8746,0.0632,0.2471,0
19,33.39,0.21,16,5.65,0,1.0,0.0,0,,,69.0,44.0,7,153.61,4,10.5982,0.0,0.3324,1
18,54.26,0.047,14,2.46,0,3.0,0.0,0,,,67.0,65.0,4,343.46,4,11.8132,0.0,0.164,1
14,25.07,-0.673,12,6.86,1,93.0,20.79,0,,,49.0,60.0,6,448.15,52,8.8304,0.7975,0.5277,1
6,61.2,0.074,10,4.11,0,9.0,0.0,0,,,59.0,36.0,4,172.49,12,8.0373,0.0,0.3736,1
28,73.62,0.897,20,2.73,1,62.0,37.15,1,0.919,5.1,53.0,29.0,10,404.87,4,14.5212,0.4979,0.13,0
6,12.93,-0.527,4,4.38,0,3.0,0.0,1,0.884,11.5,63.0,81.0,5,129.64,8,5.1256,0.0,0.876,0
8,27.65,0.09,12,4.65,0,2.0,0.0,1,0.642,4.8,62.0,55.0,6,101.1,4,7.372,0.0,0.3577,0
22,94.38,0.476,23,2.73,0,17.0,0.0,1,0.889,5.3,64.0,49.0,4,355.19,8,14.2912,0.0,0.1138,0
1,56.06,-1.077,5,0.98,0,2.0,0.0,1,0.873,28.8,49.0,31.0,3,135.97,12,2.8032,0.0,0.1633,0
6,87.62,-1.142,4,6.95,0,10.0,0.0,1,0.794,12.0,58.0,27.0,2,119.14,24,8.7262,0.0,1.39,0
10,124.78,0.242,17,2.09,1,67.0,39.28,0,,,19.0,68.0,1,100.65,8,11.5927,0.3123,0.1161,1
16,107.63,0.532,9,2.68,1,12.0,29.89,0,,,24.0,39.0,4,317.84,8,13.282,0.2752,0.268,1
23,114.16,0.353,16,4.05,0,17.0,0.0,0,,,53.0,48.0,9,256.12,52,15.0841,0.0,0.2382,1
11,22.84,0.044,22,2.4,0,0.0,0.0,0,,,55.0,69.0,0,826.99,8,7.8805,0.0,0.1043,1
14,115.33,0.251,18,10.51,1,75.0,35.64,1,0.89,6.5,68.0,96.0,9,792.99,8,12.8807,0.3064,0.5532,0
31,234.07,1.645,19,4.86,1,67.0,97.38,0,,,57.0,78.0,3,701.21,12,18.9225,0.4143,0.243,1
26,88.44,-0.533,8,4.65,1,64.0,77.51,0,,,55.0,64.0,6,676.89,8,14.8101,0.8666,0.5167,1
15,38.88,0.04,13,1.71,1,54.0,11.81,1,0.778,2.9,6.0,69.0,6,399.33,8,10.2194,0.2961,0.1221,0
13,26.59,-0.476,12,1.08,0,2.0,0.0,0,,,45.0,47.0,5,66.55,24,8.7549,0.0,0.0831,1
19,29.72,-0.474,10,2.43,0,8.0,0.0,1,0.904,29.8,28.0,82.0,3,691.59,4,10.2601,0.0,0.2209,0
14,84.54,0.602,9,2.27,0,1.0,0.0,0,,,25.0,69.0,7,488.42,4,12.0481,0.0,0.227,1
15,41.02,-0.074,12,6.38,0,1.0,0.0,1,0.531,3.3,38.0,55.0,1,196.18,12,10.3643,0.0,0.4908,0
26,184.61,-0.783,20,4.09,0,13.0,0.0,1,0.891,3.9,27.0,61.0,9,437.22,8,17.2163,0.0,0.1948,0
31,81.62,0.168,9,3.69,1,38.0,20.37,1,0.899,13.0,90.0,90.0,4,1070.27,24,15.2986,0.2466,0.369,0
20,51.01,0.817,23,4.01,0,1.0,0.0,1,0.8,0.9,43.0,72.0,4,659.38,8,12.0302,0.0,0.1671,0
25,103.52,0.055,18,4.52,1,86.0,17.92,1,0.905,5.7,39.0,49.0,7,579.39,8,15.1481,0.1715,0.2379,0
28,52.46,0.355,16,2.62,1,77.0,27.56,1,0.935,1.1,30.0,54.0,4,235.51,4,13.3982,0.5155,0.1541,0
6,30.64,-0.721,7,2.87,0,5.0,0.0,0,,,48.0,29.0,1,225.3,24,6.722,0.0,0.3588,1
20,8.46,1.297,14,3.93,0,16.0,0.0,1,0.823,2.9,79.0,61.0,2,112.42,12,6.8413,0.0,0.262,0
25,38.46,0.821,12,8.31,1,41.0,23.97,0,,,78.0,53.0,8,914.08,24,11.9744,0.6075,0.6392,1
17,85.47,-0.5,9,2.5,0,2.0,0.0,0,,,50.0,44.0,8,324.45,4,12.8905,0.0,0.25,1
10,18.16,-0.303,5,2.76,0,0.0,0.0,1,0.833,2.5,9.0,43.0,4,426.24,8,7.0806,0.0,0.46,0
14,18.74,0.412,7,1.9,1,58.0,22.02,0,,,27.0,61.0,6,524.79,4,8.0772,1.1155,0.2375,1
11,17.0,1.063,13,1.98,0,6.0,0.0,1,0.197,8.9,18.0,55.0,0,193.05,24,7.1823,0.0,0.1414,0
25,90.39,0.237,22,3.05,1,49.0,43.07,0,,,66.0,45.0,9,394.69,52,14.7107,0.4713,0.1326,1
29,81.19,-0.278,20,4.18,1,63.0,33.67,0,,,42.0,67.0,6,1970.02,4,14.996,0.4097,0.199,1
12,231.19,1.558,14,2.4,1,51.0,28.47,0,,,58.0,82.0,6,1466.69,8,13.9727,0.1226,0.16,1
23,88.97,-0.205,9,4.22,0,1.0,0.0,0,,,75.0,46.0,11,807.95,24,14.2996,0.0,0.422,1
11,31.84,-0.641,10,2.43,0,9.0,0.0,1,0.796,5.2,37.0,89.0,1,639.92,4,8.6764,0.0,0.2209,0
20,112.31,0.401,18,5.47,0,1.0,0.0,0,,,80.0,69.0,9,180.67,8,14.401,0.0,0.2879,1
24,69.58,-0.852,9,6.67,1,51.0,12.99,1,0.665,18.2,62.0,55.0,10,482.97,4,13.7019,0.184,0.667,0
10,13.39,0.075,10,1.28,0,7.0,0.0,1,0.895,7.6,61.0,49.0,1,465.15,12,6.3941,0.0,0.1164,0
29,168.59,0.638,29,9.03,1,57.0,27.21,1,0.755,1.2,28.0,77.0,9,810.5,8,17.4597,0.1604,0.301,0
8,22.98,0.997,10,3.1,1,39.0,12.93,0,,,66.0,84.0,6,187.4,12,6.9811,0.5392,0.2818,1
12,49.08,-0.57,15,2.22,0,8.0,0.0,0,,,30.0,48.0,5,111.46,4,10.0382,0.0,0.1388,1
9,17.4,-0.233,10,3.2,1,64.0,14.74,0,,,57.0,42.0,1,110.6,24,6.7059,0.8011,0.2909,1
10,128.08,1.016,11,1.86,0,3.0,0.0,0,,,88.0,54.0,4,693.55,8,11.6548,0.0,0.155,1
11,25.8,0.626,6,1.37,0,5.0,0.0,1,0.433,26.0,53.0,19.0,9,488.87,24,8.1714,0.0,0.1957,0
16,50.02,0.879,13,0.76,0,1.0,0.0,1,0.895,44.7,22.0,94.0,4,287.62,8,11.1408,0.0,0.0543,0
13,63.36,-0.864,13,1.24,0,3.0,0.0,1,0.913,5.0,29.0,86.0,0,416.95,12,10.9903,0.0,0.0886,0
15,18.99,-0.7,12,5.38,0,1.0,0.0,0,,,68.0,47.0,7,640.96,4,8.3045,0.0,0.4138,1
14,20.69,-0.39,11,1.52,1,42.0,11.79,1,0.95,15.7,66.0,88.0,3,188.4,4,8.3323,0.5436,0.1267,0
18,45.08,1.117,14,4.72,1,52.0,26.06,0,,,62.0,95.0,8,200.79,12,11.2783,0.5655,0.3147,1
9,24.63,-0.525,14,2.54,0,4.0,0.0,0,,,66.0,22.0,3,275.0,12,7.469,0.0,0.1693,1
12,25.16,-0.253,15,2.54,1,68.0,14.24,1,0.688,11.1,53.0,61.0,2,80.01,8,8.3726,0.5443,0.1588,0
13,57.7,1.284,11,2.97,0,6.0,0.0,0,,,39.0,67.0,5,114.25,12,10.7474,0.0,0.2475,1
1,80.79,-0.319,12,2.04,0,9.0,0.0,0,,,45.0,84.0,2,60.8,8,3.0527,0.0,0.1569,1
26,259.24,1.363,24,2.47,1,71.0,35.1,1,0.835,4.9,29.0,61.0,7,646.26,12,18.3301,0.1349,0.0988,0
9,56.49,0.179,20,2.26,0,0.0,0.0,0,,,34.0,51.0,1,279.53,8,9.3292,0.0,0.1076,1
20,67.38,0.27,10,5.54,1,70.0,24.91,1,0.738,1.2,59.0,67.0,7,437.74,8,12.8634,0.3643,0.5036,0
20,60.62,0.92,12,3.55,0,0.0,0.0,0,,,65.0,61.0,5,622.21,4,12.5464,0.0,0.2731,1
19,122.83,0.618,14,5.05,1,31.0,39.93,1,0.789,0.9,35.0,74.0,8,523.02,4,14.4362,0.3225,0.3367,0
15,54.55,-1.844,19,1.98,1,23.0,18.49,0,,,28.0,51.0,3,133.77,24,11.1383,0.3329,0.099,1
18,20.9,-0.97,13,3.24,0,13.0,0.0,0,,,50.0,59.0,7,78.23,24,9.088,0.0,0.2314,1
16,36.34,-0.657,13,2.74,0,4.0,0.0,1,0.654,4.1,23.0,7.0,5,67.5,12,10.2564,0.0,0.1957,0
10,92.28,-0.306,10,1.58,0,12.0,0.0,1,0.763,15.9,42.0,70.0,0,120.97,8,10.8759,0.0,0.1436,0
26,25.95,0.096,12,3.48,0,13.0,0.0,1,0.922,15.5,36.0,81.0,6,286.35,8,10.8564,0.0,0.2677,0
12,35.87,-1.629,17,3.1,0,6.0,0.0,1,0.896,2.6,39.0,76.0,3,311.25,4,9.2528,0.0,0.1722,0
22,40.58,1.347,17,4.11,0,1.0,0.0,0,,,56.0,91.0,8,95.3,12,11.6879,0.0,0.2283,1
18,30.18,-0.222,22,6.37,1,66.0,34.24,1,0.831,7.0,39.0,74.0,8,406.78,12,10.1282,1.0981,0.277,0
21,62.0,0.936,15,8.28,0,1.0,0.0,0,,,42.0,66.0,15,708.67,4,12.8066,0.0,0.5175,1
14,26.54,0.146,5,2.18,0,10.0,0.0,1,0.786,26.0,47.0,28.0,1,86.04,8,8.9789,0.0,0.3633,0
24,39.08,0.123,16,4.56,1,70.0,26.15,1,0.735,27.7,29.0,91.0,9,563.31,8,11.8805,0.6524,0.2682,0
18,53.66,-0.048,13,2.97,0,12.0,0.0,0,,,43.0,54.0,7,967.64,24,11.7811,0.0,0.2121,1
17,29.58,0.877,16,4.26,0,3.0,0.0,0,,,41.0,35.0,2,89.39,4,9.8861,0.0,0.2506,1
4,52.13,-0.604,9,2.92,1,30.0,5.48,0,,,39.0,90.0,2,226.75,12,6.3939,0.1031,0.292,1
12,34.46,0.818,11,2.12,0,8.0,0.0,0,,,42.0,41.0,10,881.24,12,9.1528,0.0,0.1767,1
8,10.45,0.377,11,1.21,0,3.0,0.0,0,,,59.0,54.0,2,131.36,8,5.3568,0.0,0.1008,1
10,184.4,-0.242,16,2.19,1,66.0,24.35,1,0.764,8.7,40.0,92.0,8,249.21,52,12.523,0.1313,0.1288,0
17,43.48,-0.675,8,2.23,0,9.0,0.0,1,0.925,1.0,82.0,61.0,3,724.98,24,10.9691,0.0,0.2478,0
15,45.05,-0.219,10,0.87,1,77.0,19.45,1,0.729,53.4,16.0,78.0,2,1086.22,4,10.6183,0.4224,0.0791,0
20,42.45,0.443,15,1.86,1,80.0,23.66,1,0.814,3.1,75.0,87.0,8,122.93,12,11.4828,0.5445,0.1162,0
17,61.03,0.062,14,4.91,0,1.0,0.0,0,,,55.0,79.0,2,785.59,24,11.9304,0.0,0.3273,1
35,131.52,0.372,22,4.38,1,84.0,65.31,1,0.886,9.6,61.0,69.0,12,649.34,12,17.5117,0.4928,0.1904,0
15,39.24,-0.178,13,2.64,0,2.0,0.0,0,,,60.0,50.0,1,175.26,12,10.2443,0.0,0.1886,1
15,42.0,-0.925,15,1.63,0,2.0,0.0,1,0.969,17.5,36.0,73.0,7,159.54,4,10.4283,0.0,0.1019,0
15,36.71,0.002,13,2.38,1,82.0,18.46,0,,,42.0,94.0,3,187.52,8,10.0643,0.4895,0.17,1
8,45.41,-0.2,14,2.41,0,3.0,0.0,0,,,60.0,35.0,2,100.08,12,8.4319,0.0,0.1607,1
13,19.56,-0.371,20,1.28,1,61.0,9.09,1,0.753,5.0,37.0,51.0,3,206.37,4,7.9788,0.4421,0.061,0
20,69.56,0.597,23,2.79,0,7.0,0.0,1,0.683,20.7,46.0,57.0,9,1488.58,24,12.9589,0.0,0.1162,0
15,34.86,0.398,17,3.6,0,1.0,0.0,0,,,21.0,70.0,4,221.64,12,9.9248,0.0,0.2,1
14,36.4,0.232,14,1.12,0,3.0,0.0,0,,,25.0,41.0,9,441.35,24,9.8077,0.0,0.0747,1
15,32.85,-0.737,13,2.49,1,79.0,11.85,1,0.845,6.2,45.0,21.0,3,223.89,8,9.7649,0.3501,0.1779,0
14,44.37,-0.568,15,7.08,0,16.0,0.0,1,0.815,2.0,38.0,70.0,6,452.99,24,10.3308,0.0,0.4425,0
8,46.78,-0.456,12,2.49,0,5.0,0.0,1,0.592,3.6,31.0,41.0,0,107.03,12,8.4958,0.0,0.1915,0
19,30.35,0.42,14,4.67,0,4.0,0.0,0,,,50.0,30.0,9,364.84,52,10.3209,0.0,0.3113,1
24,81.82,0.703,16,3.25,0,7.0,0.0,1,0.782,12.9,40.0,15.0,5,171.12,12,14.2167,0.0,0.1912,0
8,68.66,-0.535,11,2.03,0,0.0,0.0,0,,,43.0,65.0,1,214.51,12,9.3242,0.0,0.1692,1
11,56.04,-0.366,12,3.49,0,22.0,0.0,0,,,69.0,50.0,1,210.48,12,10.0483,0.0,0.2685,1
15,68.45,0.078,15,3.08,1,82.0,19.82,0,,,39.0,71.0,4,455.72,8,11.7575,0.2854,0.1925,1
11,66.59,0.077,12,4.06,1,58.0,35.21,1,0.518,30.9,31.0,63.0,4,117.12,24,10.4701,0.5209,0.3123,0
7,32.26,0.733,10,1.13,1,44.0,40.03,0,,,52.0,36.0,2,187.51,24,7.2871,1.2035,0.1027,1
13,46.26,-0.261,6,2.94,1,68.0,9.75,1,0.659,22.1,6.0,74.0,8,1043.11,4,10.1753,0.2063,0.42,0
21,31.1,-0.293,10,3.41,0,12.0,0.0,0,,,76.0,64.0,2,251.64,4,10.7224,0.0,0.31,1
8,50.31,0.249,17,4.33,1,65.0,8.03,0,,,72.0,23.0,4,301.51,4,8.6524,0.1565,0.2406,1
14,50.66,-0.502,12,2.11,1,58.0,12.65,0,,,9.0,55.0,3,39.89,8,10.6824,0.2449,0.1623,1
10,50.95,-0.157,7,1.77,0,10.0,0.0,0,,,41.0,82.0,1,290.38,12,9.4724,0.0,0.2212,1
39,106.32,0.532,19,5.08,0,12.0,0.0,1,0.846,1.2,47.0,33.0,12,216.27,8,17.2485,0.0,0.254,0
13,54.97,0.248,7,2.15,1,12.0,46.97,1,0.48,19.5,76.0,88.0,3,317.68,4,10.6217,0.8392,0.2688,0
22,108.6,0.332,15,8.44,1,88.0,14.33,1,0.753,5.6,84.0,76.0,9,708.46,8,14.7269,0.1307,0.5275,0
11,28.43,0.412,19,3.3,0,8.0,0.0,1,0.728,8.9,24.0,68.0,7,510.93,24,8.404,0.0,0.165,0
31,177.1,0.824,17,2.36,0,6.0,0.0,0,,,41.0,67.0,14,134.37,12,17.9606,0.0,0.1311,1
9,51.57,0.356,13,1.71,1,61.0,24.19,0,,,28.0,32.0,6,205.47,12,9.1232,0.4601,0.1221,1
8,24.78,-0.203,19,1.29,1,49.0,10.76,0,,,68.0,74.0,0,248.33,24,7.1401,0.4174,0.0645,1
17,50.83,1.193,12,4.06,1,90.0,42.05,0,,,33.0,73.0,11,624.74,12,11.4111,0.8113,0.3123,1
19,117.9,-0.231,12,2.53,0,4.0,0.0,1,0.789,27.1,54.0,25.0,2,317.9,8,14.3145,0.0,0.1946,0
18,45.05,1.091,8,2.32,1,58.0,19.5,0,,,38.0,62.0,6,729.81,24,11.2764,0.4235,0.2578,1
8,11.65,-0.235,13,3.46,0,2.0,0.0,0,,,72.0,14.0,1,206.85,24,5.5758,0.0,0.2471,1
5,43.89,0.049,8,1.94,0,7.0,0.0,1,0.541,26.8,44.0,66.0,4,98.15,12,6.8162,0.0,0.2156,0
8,17.57,-0.031,14,0.89,0,2.0,0.0,0,,,76.0,74.0,3,386.47,12,6.4193,0.0,0.0593,1
25,130.84,0.145,19,5.44,1,78.0,48.46,0,,,43.0,51.0,3,322.86,24,15.9047,0.3676,0.272,1
8,48.86,0.313,10,2.88,0,13.0,0.0,0,,,61.0,42.0,3,292.89,4,8.5894,0.0,0.2618,1
16,24.55,0.852,8,2.25,0,3.0,0.0,1,0.9,26.9,39.0,79.0,6,424.2,8,9.1814,0.0,0.25,0
11,48.0,1.323,5,0.93,0,4.0,0.0,0,,,48.0,64.0,5,477.93,8,9.6708,0.0,0.155,1
13,36.4,-0.896,16,3.66,1,61.0,19.05,1,0.579,46.7,60.0,82.0,4,127.47,8,9.5578,0.5094,0.2153,0
17,53.54,-1.176,18,1.54,1,48.0,118.82,0,,,40.0,56.0,5,850.84,12,11.5584,2.1786,0.0811,1
8,21.84,-0.197,7,3.19,1,48.0,8.46,0,,,14.0,56.0,0,61.34,8,6.874,0.3704,0.3988,1
26,45.0,0.287,11,1.75,1,85.0,67.25,0,,,42.0,48.0,11,811.87,24,12.6186,1.462,0.1458,1
13,42.33,-0.122,17,3.87,1,60.0,31.61,1,0.828,10.6,75.0,85.0,4,389.7,12,9.9462,0.7295,0.215,0
20,49.78,1.02,17,3.97,1,86.0,29.38,0,,,78.0,51.0,7,217.43,4,11.9574,0.5786,0.2206,1
10,32.25,-1.152,7,4.95,0,2.0,0.0,1,0.672,44.9,61.0,32.0,1,200.95,12,8.4024,0.0,0.6188,0
13,28.31,-0.21,7,2.51,0,6.0,0.0,1,0.586,39.9,27.0,73.0,5,91.73,4,8.9145,0.0,0.3137,0
4,32.5,-0.721,11,1.74,1,95.0,10.8,1,0.601,4.4,29.0,35.0,3,173.12,8,5.6516,0.3224,0.145,0
11,58.19,0.701,8,1.43,1,61.0,19.42,1,0.825,5.4,31.0,71.0,3,255.68,12,10.1403,0.3281,0.1589,0
24,47.42,1.005,19,4.39,0,5.0,0.0,0,,,21.0,49.0,3,272.18,52,12.489,0.0,0.2195,1
12,22.51,-0.103,11,0.64,0,6.0,0.0,1,0.793,8.7,44.0,37.0,4,158.91,8,8.0986,0.0,0.0533,0
33,142.32,0.418,15,3.66,1,68.0,28.33,1,0.654,4.0,22.0,59.0,8,4045.1,8,17.5087,0.1977,0.2288,0
21,53.78,0.233,18,2.77,0,3.0,0.0,0,,,28.0,66.0,7,824.02,4,12.3744,0.0,0.1458,1
25,53.86,-0.018,24,3.29,1,55.0,58.58,0,,,44.0,64.0,13,488.16,24,13.048,1.0678,0.1316,1
22,71.83,0.346,20,2.49,1,65.0,32.55,0,,,69.0,24.0,8,263.89,12,13.4454,0.4469,0.1186,1
22,28.15,0.94,10,4.3,1,66.0,41.85,1,0.713,29.0,79.0,41.0,8,158.02,24,10.5743,1.4357,0.3909,0
26,148.84,1.771,13,10.64,1,8.0,43.37,1,0.614,4.8,40.0,17.0,10,267.42,4,16.5107,0.2894,0.76,0
14,121.23,0.406,19,12.73,1,66.0,18.67,1,0.504,3.7,59.0,65.0,3,251.65,8,13.0146,0.1527,0.6365,0
15,9.33,0.661,13,1.37,0,20.0,0.0,0,,,62.0,56.0,4,1004.53,4,6.4741,0.0,0.0979,1
12,35.07,0.048,9,1.6,0,4.0,0.0,1,0.887,34.5,75.0,75.0,5,520.6,24,9.1965,0.0,0.16,0
11,50.33,-0.099,12,3.06,0,0.0,0.0,1,0.828,10.3,57.0,70.0,3,123.69,4,9.7862,0.0,0.2354,0
13,23.36,0.689,7,1.83,0,10.0,0.0,0,,,48.0,58.0,1,426.82,12,8.4264,0.0,0.2288,1
41,97.72,1.098,21,5.32,1,48.0,148.41,0,,,32.0,76.0,14,534.49,8,17.1645,1.5033,0.2418,1
7,26.38,-0.559,8,3.64,0,5.0,0.0,0,,,36.0,72.0,4,177.93,4,6.8826,0.0,0.4044,1
10,27.22,0.4,6,2.34,0,1.0,0.0,1,0.518,29.2,41.0,18.0,2,353.3,8,8.009,0.0,0.3343,0
15,25.33,-0.409,14,2.59,0,1.0,0.0,0,,,38.0,77.0,10,594.16,8,9.0683,0.0,0.1727,1
13,21.15,0.313,15,2.82,0,2.0,0.0,0,,,31.0,66.0,5,401.8,24,8.1754,0.0,0.1762,1
12,46.74,0.486,17,1.52,1,43.0,31.51,0,,,16.0,37.0,3,317.87,12,9.9155,0.66,0.0844,1
17,55.63,0.099,16,1.82,1,63.0,36.87,0,,,59.0,65.0,5,924.4,8,11.6671,0.6511,0.1071,1
13,75.41,-1.16,13,2.24,1,75.0,31.77,0,,,47.0,82.0,4,315.42,12,11.4433,0.4158,0.16,1
28,127.77,0.171,19,3.02,1,88.0,29.44,0,,,43.0,97.0,11,341.35,4,16.3584,0.2286,0.151,1
5,95.52,-0.69,3,1.23,0,3.0,0.0,0,,,57.0,40.0,2,206.98,52,8.1879,0.0,0.3075,1
17,53.03,-0.174,19,4.54,0,4.0,0.0,0,,,39.0,61.0,13,377.92,12,11.5313,0.0,0.227,1
20,14.07,0.14,15,1.4,0,10.0,0.0,0,,,76.0,51.0,6,469.63,8,8.2589,0.0,0.0875,1
20,142.62,0.112,15,2.74,0,4.0,0.0,0,,,65.0,64.0,3,168.89,4,15.1227,0.0,0.1713,1
8,42.77,-0.361,10,0.68,0,9.0,0.0,1,0.922,15.2,8.0,30.0,1,433.57,8,8.3032,0.0,0.0618,0
24,103.66,0.213,12,11.61,0,5.0,0.0,0,,,60.0,45.0,17,1375.48,8,14.9701,0.0,0.8931,1
16,89.4,0.264,12,1.36,1,65.0,16.15,0,,,45.0,67.0,2,48.55,8,12.7615,0.1787,0.1046,1
19,50.9,0.41,9,1.5,0,3.0,0.0,0,,,47.0,73.0,5,533.46,8,11.8311,0.0,0.15,1
17,92.18,0.712,24,6.32,0,7.0,0.0,1,0.931,21.0,43.0,80.0,14,226.28,4,13.1065,0.0,0.2528,0
27,24.3,0.651,15,5.17,0,3.0,0.0,1,0.903,2.2,62.0,96.0,4,152.58,4,10.7657,0.0,0.3231,0
34,181.06,1.604,25,6.28,0,5.0,0.0,0,,,63.0,71.0,3,141.97,52,18.5032,0.0,0.2415,1
7,18.08,-0.258,7,0.9,0,9.0,0.0,1,0.62,7.6,41.0,91.0,3,48.16,4,6.1315,0.0,0.1125,0
31,78.11,0.117,23,7.57,1,73.0,59.48,1,0.885,6.7,56.0,87.0,12,119.52,24,15.1482,0.7519,0.3154,0
10,22.67,-0.298,15,1.28,0,5.0,0.0,0,,,34.0,65.0,2,32.01,4,7.5874,0.0,0.08,1
27,21.79,0.784,16,3.72,1,77.0,20.54,0,,,61.0,79.0,5,215.86,4,10.4175,0.9013,0.2188,1
16,108.86,1.018,12,1.15,1,57.0,17.58,1,0.616,11.0,67.0,23.0,8,229.08,8,13.3139,0.16,0.0885,0
11,21.01,-0.521,15,2.41,1,77.0,14.69,0,,,40.0,66.0,3,121.6,4,7.6821,0.6674,0.1506,1
21,85.52,0.445,18,4.15,1,90.0,66.59,1,0.819,2.3,70.0,61.0,5,120.32,8,13.7872,0.7696,0.2184,0
9,33.45,-0.876,8,2.7,1,15.0,75.36,1,0.705,6.2,56.0,85.0,1,77.36,24,8.15,2.1875,0.3,0
28,34.35,1.325,12,3.66,0,11.0,0.0,1,0.852,0.3,31.0,68.0,13,1078.21,8,12.0054,0.0,0.2815,0
15,63.58,0.31,20,3.6,1,78.0,24.5,0,,,67.0,81.0,3,183.23,8,11.5559,0.3794,0.1714,1
14,37.13,0.257,13,1.36,0,2.0,0.0,0,,,29.0,51.0,6,1802.47,4,9.86,0.0,0.0971,1
22,18.87,-0.225,13,5.89,1,58.0,10.27,0,,,54.0,93.0,5,1234.93,12,9.3727,0.5169,0.4207,1
24,44.2,0.311,20,4.95,0,1.0,0.0,0,,,49.0,81.0,10,1231.58,12,12.2674,0.0,0.2357,1
21,151.13,1.098,16,1.02,0,2.0,0.0,0,,,60.0,51.0,7,200.86,24,15.5317,0.0,0.06,1
16,104.61,-0.122,16,1.38,0,2.0,0.0,1,0.592,4.6,45.0,45.0,0,104.66,4,13.2021,0.0,0.0812,0
17,80.36,0.684,15,4.68,0,9.0,0.0,1,0.773,16.9,58.0,31.0,5,319.13,8,12.7144,0.0,0.2925,0
21,118.47,0.771,18,2.88,0,3.0,0.0,0,,,74.0,84.0,8,807.84,8,14.7847,0.0,0.1516,1
32,33.95,0.651,18,5.55,1,65.0,15.39,0,,,32.0,81.0,4,245.04,24,12.4263,0.4403,0.2921,1
7,11.83,-0.641,9,1.36,0,8.0,0.0,1,0.719,35.0,24.0,53.0,2,59.01,4,5.3063,0.0,0.136,0
15,84.03,-0.157,14,1.81,1,70.0,39.87,1,0.589,8.0,69.0,84.0,6,138.09,24,12.3186,0.4689,0.1207,0
15,73.84,-1.312,12,2.03,0,1.0,0.0,1,0.561,2.4,51.0,38.0,2,202.59,8,11.9647,0.0,0.1562,0
23,146.08,-0.329,17,3.87,1,29.0,15.55,0,,,59.0,97.0,6,775.63,8,15.8616,0.1057,0.215,1
12,54.23,-0.136,11,2.29,1,79.0,32.68,0,,,52.0,43.0,9,255.5,4,10.2893,0.5917,0.1908,1
11,61.93,-0.927,12,3.19,0,6.0,0.0,1,0.726,19.0,48.0,62.0,4,248.99,52,10.2925,0.0,0.2454,0
16,12.73,-0.259,11,3.57,1,65.0,14.09,0,,,39.0,59.0,4,454.63,24,7.4218,1.0262,0.2975,1
20,64.19,-0.978,13,2.66,0,14.0,0.0,1,0.881,10.5,48.0,44.0,6,120.13,12,12.7179,0.0,0.19,0
9,32.9,-1.497,13,2.73,0,4.0,0.0,1,0.766,9.1,3.0,67.0,1,506.01,8,8.113,0.0,0.195,0
9,26.38,0.72,9,2.96,1,56.0,28.87,0,,,89.0,3.0,1,142.64,12,7.6211,1.0544,0.296,1
10,93.84,-0.545,15,4.62,1,74.0,29.8,0,,,64.0,86.0,6,258.64,24,10.9157,0.3142,0.2888,1
7,33.12,-0.135,17,1.17,1,48.0,37.56,1,0.891,2.1,80.0,89.0,5,391.77,4,7.3402,1.1008,0.065,0
27,20.53,0.432,12,2.89,1,84.0,38.49,0,,,17.0,43.0,7,471.76,12,10.228,1.7877,0.2223,1
9,51.94,-1.053,13,0.87,0,3.0,0.0,0,,,31.0,51.0,1,123.15,8,9.1393,0.0,0.0621,1
19,62.5,0.402,19,3.87,0,3.0,0.0,0,,,58.0,80.0,5,110.97,8,12.4354,0.0,0.1935,1
24,54.31,0.936,18,2.49,1,28.0,65.26,0,,,20.0,63.0,14,543.48,12,12.9172,1.1799,0.1311,1
19,37.05,0.274,12,1.4,0,1.0,0.0,0,,,52.0,79.0,4,311.26,8,10.9012,0.0,0.1077,1
16,27.08,1.134,12,1.63,0,1.0,0.0,0,,,77.0,56.0,5,502.29,24,9.4489,0.0,0.1254,1
12,50.05,-0.008,14,1.55,0,2.0,0.0,1,0.916,5.7,31.0,69.0,11,225.05,12,10.0874,0.0,0.1033,0
9,95.0,-0.724,13,3.89,1,56.0,9.16,0,,,68.0,24.0,5,303.09,4,10.5098,0.0954,0.2779,1
7,20.38,-0.056,10,3.88,1,94.0,29.72,1,0.75,2.5,69.0,46.0,5,100.06,4,6.3682,1.3901,0.3527,0
10,20.42,0.225,11,1.32,0,1.0,0.0,1,0.869,13.1,58.0,56.0,4,171.56,12,7.3479,0.0,0.11,0
31,95.11,0.12,21,2.71,1,34.0,40.83,1,0.879,3.4,59.0,77.0,12,1047.2,12,15.8228,0.4248,0.1232,0
16,51.2,0.02,10,2.29,1,11.0,16.16,0,,,49.0,70.0,4,172.66,4,11.2056,0.3096,0.2082,1
16,124.27,-0.29,15,1.59,0,2.0,0.0,1,0.596,4.3,70.0,41.0,10,1667.15,24,13.6858,0.0,0.0994,0
18,185.81,0.096,17,1.51,1,61.0,35.31,0,,,45.0,74.0,10,371.38,4,15.3997,0.189,0.0839,1
28,35.21,-0.422,14,7.51,0,14.0,0.0,0,,,47.0,61.0,4,188.62,4,12.0864,0.0,0.5007,1
16,35.85,-1.529,10,2.8,0,6.0,0.0,0,,,44.0,79.0,2,338.71,8,10.219,0.0,0.2545,1
20,75.0,-0.939,15,3.4,0,3.0,0.0,1,0.633,0.3,92.0,62.0,2,314.52,8,13.185,0.0,0.2125,0
13,14.19,-1.215,14,2.86,0,6.0,0.0,0,,,43.0,71.0,2,344.86,12,7.1799,0.0,0.1907,1
24,168.66,-0.002,17,1.69,1,37.0,25.3,0,,,23.0,60.0,5,122.78,8,16.5251,0.1491,0.0939,1
24,61.03,0.378,16,3.1,0,27.0,0.0,0,,,56.0,75.0,11,775.13,8,13.2863,0.0,0.1824,1
23,28.08,0.238,11,2.66,0,1.0,0.0,0,,,48.0,35.0,10,1031.65,4,10.7102,0.0,0.2217,1
21,53.19,0.698,16,3.51,1,78.0,22.84,0,,,94.0,41.0,7,531.54,24,12.341,0.4215,0.2065,1
14,48.77,-0.968,8,1.8,0,6.0,0.0,1,0.891,6.4,48.0,79.0,5,425.15,4,10.5815,0.0,0.2,0
11,114.58,-0.64,10,3.21,0,11.0,0.0,0,,,69.0,78.0,4,592.65,4,11.8032,0.0,0.2918,1
17,61.31,-0.552,13,1.83,0,11.0,0.0,0,,,57.0,80.0,1,261.11,24,11.9434,0.0,0.1307,1
17,30.46,-0.174,12,3.63,0,0.0,0.0,0,,,50.0,77.0,2,259.5,8,9.9681,0.0,0.2792,1
7,13.98,-0.132,12,1.34,0,2.0,0.0,1,0.709,9.6,14.0,34.0,2,80.03,8,5.6285,0.0,0.1031,0
38,85.69,1.993,28,5.66,0,0.0,0.0,1,0.774,17.5,64.0,93.0,12,346.69,4,16.3481,0.0,0.1952,0
10,77.21,0.353,6,1.76,1,73.0,4.49,0,,,24.0,40.0,2,457.7,8,10.4534,0.0574,0.2514,1
12,94.41,-0.273,16,1.38,0,10.0,0.0,0,,,46.0,54.0,3,924.4,4,11.6915,0.0,0.0812,1
8,42.12,0.198,6,1.3,1,35.0,17.61,1,0.847,14.5,81.0,78.0,5,221.09,4,8.2703,0.4084,0.1857,0
9,41.79,0.303,11,1.36,0,10.0,0.0,1,0.937,0.9,51.0,80.0,4,52.9,4,8.6492,0.0,0.1133,0
21,84.36,-0.05,13,4.81,0,10.0,0.0,0,,,61.0,62.0,10,140.24,8,13.7455,0.0,0.3436,1
11,17.13,-0.438,17,2.59,0,5.0,0.0,1,0.642,17.7,56.0,84.0,2,699.11,4,7.2002,0.0,0.1439,0
22,95.95,-1.033,17,2.0,1,45.0,34.0,1,0.802,17.2,60.0,90.0,5,410.29,12,14.3424,0.3507,0.1111,0
24,36.95,-0.318,11,4.27,0,3.0,0.0,1,0.946,12.2,52.0,48.0,9,377.72,8,11.7047,0.0,0.3558,0
11,14.57,-0.192,11,1.3,0,9.0,0.0,0,,,20.0,62.0,2,150.13,12,6.8219,0.0,0.1083,1
12,31.57,-0.363,9,1.92,0,11.0,0.0,0,,,50.0,67.0,3,69.0,4,8.9347,0.0,0.192,1
20,248.57,0.49,18,4.12,1,56.0,19.49,1,0.855,23.5,42.0,58.0,10,500.0,4,16.805,0.0781,0.2168,0
41,57.8,1.185,26,4.01,1,76.0,48.1,0,,,33.0,63.0,10,1258.64,24,15.2278,0.818,0.1485,1
17,105.97,1.693,9,4.64,0,20.0,0.0,1,0.624,7.0,61.0,43.0,6,1995.99,12,13.5054,0.0,0.464,0
13,153.03,0.348,16,3.72,0,1.0,0.0,1,0.788,8.5,77.0,32.0,4,378.85,4,13.2933,0.0,0.2188,0
11,72.94,1.14,11,1.73,1,79.0,10.45,0,,,33.0,81.0,4,416.99,4,10.6932,0.1413,0.1442,1
13,21.26,-0.523,9,2.0,0,2.0,0.0,1,0.731,9.0,27.0,19.0,4,244.64,4,8.1884,0.0,0.2,0
19,79.66,0.407,10,2.09,1,68.0,34.11,1,0.74,0.1,49.0,89.0,5,520.57,8,13.152,0.4229,0.19,0
10,70.18,1.231,10,2.0,0,10.0,0.0,0,,,78.0,74.0,3,121.12,12,10.2275,0.0,0.1818,1
21,57.29,1.055,10,5.22,0,7.0,0.0,1,0.626,7.8,53.0,44.0,6,556.27,8,12.5664,0.0,0.4745,0
7,42.56,-0.473,6,1.07,0,3.0,0.0,0,,,61.0,61.0,3,445.23,8,7.8481,0.0,0.1529,1
9,10.87,-0.55,10,2.55,0,22.0,0.0,0,,,50.0,87.0,5,168.19,4,5.6966,0.0,0.2318,1
15,21.32,-0.008,17,2.24,0,8.0,0.0,1,0.409,20.7,73.0,59.0,5,224.5,4,8.6102,0.0,0.1244,0
12,8.59,0.212,9,2.07,1,69.0,22.83,0,,,18.0,54.0,4,845.88,12,5.7986,2.3806,0.207,1
12,59.28,-0.07,23,2.76,0,18.0,0.0,1,0.838,35.7,30.0,87.0,6,251.48,24,10.5137,0.0,0.115,0
14,50.99,0.849,15,2.83,0,6.0,0.0,0,,,51.0,84.0,2,101.51,12,10.6996,0.0,0.1769,1
26,43.37,-0.216,21,3.86,1,23.0,35.26,1,0.586,2.5,47.0,77.0,7,538.39,24,12.4997,0.7947,0.1755,0
3,6.55,-1.19,2,1.3,0,10.0,0.0,1,0.73,2.5,53.0,22.0,4,233.12,12,2.8025,0.0,0.4333,0
15,30.57,1.308,16,1.66,0,4.0,0.0,0,,,35.0,84.0,4,367.84,12,9.5716,0.0,0.0976,1
6,44.48,-0.734,15,1.3,0,3.0,0.0,1,0.548,21.5,37.0,38.0,0,42.95,12,7.4281,0.0,0.0812,0
18,273.96,1.24,21,3.19,0,16.0,0.0,1,0.888,4.2,76.0,57.0,6,332.04,8,16.5378,0.0,0.145,0
4,58.55,-0.651,14,2.02,0,5.0,0.0,0,,,68.0,50.0,4,157.98,4,6.5775,0.0,0.1347,1
14,41.27,-0.098,14,2.73,0,3.0,0.0,0,,,41.0,33.0,4,1113.47,8,10.1392,0.0,0.182,1
29,100.66,0.727,15,5.83,1,61.0,16.72,0,,,65.0,62.0,10,359.78,24,15.7191,0.1645,0.3644,1
27,109.12,0.43,15,2.02,1,75.0,33.84,1,0.912,19.4,74.0,39.0,10,1784.05,24,15.6666,0.3073,0.1262,0
13,25.18,1.001,15,4.13,0,7.0,0.0,1,0.733,7.4,15.0,73.0,5,102.77,4,8.6165,0.0,0.2581,0
15,70.31,0.178,14,1.92,1,70.0,27.4,0,,,37.0,48.0,9,593.98,8,11.8307,0.3842,0.128,1
33,68.32,0.902,19,6.65,0,9.0,0.0,0,,,40.0,50.0,5,978.51,8,14.9473,0.0,0.3325,1
2,33.1,1.432,13,2.73,0,6.0,0.0,0,,,51.0,83.0,3,330.06,8,3.8773,0.0,0.195,1
8,14.86,-0.792,3,1.65,0,7.0,0.0,0,,,16.0,78.0,1,237.74,8,6.0727,0.0,0.4125,1
15,93.39,-0.084,22,2.43,0,3.0,0.0,1,0.636,0.4,59.0,69.0,7,153.74,8,12.6082,0.0,0.1057,0
24,78.62,1.109,20,6.11,1,78.0,41.69,1,0.842,4.4,67.0,39.0,8,289.21,12,14.0899,0.5236,0.291,0
14,70.68,0.303,14,4.22,0,7.0,0.0,1,0.993,2.2,52.0,63.0,2,139.59,8,11.5694,0.0,0.2813,0
9,33.33,1.449,14,1.16,1,42.0,24.44,0,,,72.0,81.0,6,293.91,12,8.142,0.7119,0.0773,1
26,39.42,0.209,15,1.72,1,26.0,68.78,1,0.457,10.7,15.0,83.0,9,259.93,12,12.1924,1.7016,0.1075,0
19,21.2,-0.597,20,4.19,0,11.0,0.0,0,,,74.0,69.0,7,145.42,24,9.287,0.0,0.1995,1
19,42.65,0.209,24,3.18,0,2.0,0.0,0,,,19.0,85.0,3,295.31,8,11.3125,0.0,0.1272,1
5,46.06,0.336,18,2.94,0,1.0,0.0,0,,,47.0,47.0,2,187.99,4,6.9008,0.0,0.1547,1
17,77.92,0.831,14,2.58,1,64.0,61.94,0,,,70.0,94.0,8,83.95,4,12.6264,0.7848,0.172,1
10,25.01,0.263,5,2.17,0,0.0,0.0,1,0.614,66.5,28.0,83.0,4,305.15,24,7.8135,0.0,0.3617,0
17,64.09,1.153,13,4.21,0,21.0,0.0,0,,,68.0,63.0,3,312.95,8,12.0695,0.0,0.3007,1
16,38.19,-0.715,12,1.64,1,17.0,8.46,0,,,16.0,39.0,4,790.79,4,10.3934,0.2159,0.1262,1
31,122.94,-0.121,17,7.41,1,62.0,97.24,0,,,51.0,49.0,7,876.84,52,16.7041,0.7846,0.4117,1
23,53.4,0.603,13,2.85,0,0.0,0.0,0,,,58.0,88.0,5,102.3,4,12.7007,0.0,0.2036,1
26,76.75,-0.214,19,3.51,0,14.0,0.0,0,,,34.0,71.0,10,273.26,12,14.3484,0.0,0.1755,1
7,29.38,-1.246,9,1.76,1,99.0,16.31,0,,,42.0,88.0,4,117.12,12,7.0988,0.5369,0.176,1
18,101.6,-1.711,6,3.36,0,1.0,0.0,1,0.699,2.3,43.0,38.0,4,34.01,12,13.6352,0.0,0.48,0
15,23.07,-0.314,11,2.1,0,1.0,0.0,0,,,53.0,10.0,1,385.62,12,8.8195,0.0,0.175,1
15,97.55,-0.543,17,7.4,0,5.0,0.0,1,0.653,10.3,84.0,71.0,5,219.57,12,12.7277,0.0,0.4111,0
14,29.3,0.188,16,2.19,1,71.0,36.92,1,0.786,22.1,32.0,87.0,6,830.13,24,9.2376,1.2185,0.1288,0
8,31.15,-0.111,11,2.15,1,52.0,23.27,1,0.655,6.1,72.0,25.0,3,307.85,8,7.6253,0.7238,0.1792,0
18,21.79,-0.424,14,1.92,1,72.0,18.75,1,0.69,14.2,70.0,95.0,4,205.41,12,9.2053,0.8227,0.128,0
14,28.19,0.505,6,1.66,0,2.0,0.0,0,,,61.0,72.0,0,237.14,12,9.1365,0.0,0.2371,1
17,35.09,0.245,12,3.17,0,3.0,0.0,1,0.885,10.3,50.0,95.0,3,129.57,24,10.3649,0.0,0.2438,0
13,52.22,0.13,16,1.26,1,72.0,21.64,1,0.472,4.5,39.0,69.0,7,413.24,12,10.4888,0.4066,0.0741,0
31,143.4,0.025,15,2.99,1,71.0,48.45,0,,,69.0,95.0,11,193.48,12,17.2337,0.3355,0.1869,1
24,42.21,0.69,18,3.19,1,72.0,23.45,0,,,24.0,51.0,7,226.09,4,12.1225,0.5427,0.1679,1
14,40.9,0.239,16,1.85,1,67.0,33.3,0,,,65.0,60.0,4,242.03,12,10.1153,0.7947,0.1088,1
9,32.54,0.717,15,2.49,1,56.0,15.89,1,0.441,28.8,32.0,46.0,3,300.3,8,8.0884,0.4738,0.1556,0
15,18.87,0.827,17,2.05,1,77.0,23.26,0,,,82.0,67.0,7,537.33,24,8.2879,1.1706,0.1139,1
12,71.42,0.312,16,1.84,1,86.0,17.25,0,,,65.0,15.0,2,534.77,12,10.9844,0.2382,0.1082,1
28,42.52,1.056,16,3.46,0,1.0,0.0,1,0.856,2.9,27.0,39.0,6,83.8,12,12.7056,0.0,0.2035,0
13,30.25,0.793,11,2.97,0,2.0,0.0,0,,,37.0,51.0,4,235.12,4,9.0837,0.0,0.2475,1
11,69.63,-0.883,12,1.71,1,52.0,10.65,1,0.856,26.4,71.0,64.0,6,525.69,8,10.5794,0.1508,0.1315,0
17,29.06,-0.906,14,3.74,1,96.0,16.03,1,0.728,2.4,65.0,80.0,5,445.82,12,9.8365,0.5333,0.2493,0
20,59.87,0.424,10,2.54,0,5.0,0.0,1,0.728,6.3,68.0,61.0,10,124.49,12,12.5092,0.0,0.2309,0
25,85.98,-0.408,15,7.42,0,2.0,0.0,0,,,93.0,29.0,14,177.53,8,14.5496,0.0,0.4638,1
19,158.45,1.332,13,2.39,0,1.0,0.0,1,0.836,7.5,56.0,66.0,10,429.86,24,15.1935,0.0,0.1707,0
28,66.91,1.164,16,6.31,0,9.0,0.0,1,0.416,7.5,29.0,89.0,9,540.09,12,14.2039,0.0,0.3712,0
12,40.53,-0.46,8,1.76,1,68.0,8.22,0,,,66.0,9.0,6,271.4,4,9.5581,0.1979,0.1956,1
12,57.4,-0.765,19,5.14,1,49.0,12.71,1,0.741,0.2,55.0,44.0,7,298.14,8,10.4325,0.2176,0.257,0
23,60.47,1.553,14,8.92,0,23.0,0.0,0,,,78.0,68.0,6,513.56,4,13.089,0.0,0.5947,1
8,80.97,0.099,5,2.28,1,79.0,27.53,1,0.974,7.9,9.0,67.0,5,254.38,12,9.6817,0.3359,0.38,0
11,15.82,-0.296,10,5.7,0,6.0,0.0,1,0.41,15.9,59.0,31.0,3,1061.85,4,7.0138,0.0,0.5182,0
6,27.43,-0.064,3,1.25,0,6.0,0.0,0,,,46.0,73.0,0,138.88,4,6.5138,0.0,0.3125,1
20,20.95,0.07,15,3.28,1,54.0,32.92,1,0.701,32.1,44.0,71.0,7,323.57,8,9.4038,1.4998,0.205,0
14,54.83,-0.118,11,2.93,0,1.0,0.0,0,,,38.0,68.0,5,166.65,8,10.8926,0.0,0.2442,1
10,22.3,-0.465,8,1.29,0,7.0,0.0,0,,,64.0,87.0,2,170.43,12,7.5497,0.0,0.1433,1
5,23.38,-1.034,6,3.45,0,11.0,0.0,0,,,16.0,92.0,1,186.12,4,5.7225,0.0,0.4929,1
18,29.8,0.406,9,3.36,0,5.0,0.0,0,,,51.0,49.0,8,241.14,24,10.0921,0.0,0.336,1
16,25.99,-0.771,13,1.53,0,3.0,0.0,1,0.918,21.4,82.0,82.0,3,631.55,4,9.3368,0.0,0.1093,0
10,48.64,0.15,17,1.45,1,58.0,12.35,1,0.956,12.4,24.0,21.0,2,45.88,4,9.3633,0.2488,0.0806,0
28,32.12,1.382,15,6.21,0,0.0,0.0,1,0.716,18.1,61.0,72.0,8,824.97,12,11.786,0.0,0.3881,0
17,69.37,-1.384,14,3.58,0,2.0,0.0,1,0.895,5.1,59.0,75.0,3,349.89,52,12.295,0.0,0.2387,0
18,20.62,-0.121,8,2.12,1,42.0,9.73,0,,,49.0,78.0,5,415.52,24,9.0501,0.45,0.2356,1
15,31.52,-0.335,15,5.46,0,4.0,0.0,0,,,62.0,10.0,5,90.15,8,9.6538,0.0,0.3412,1
11,46.15,-0.496,4,2.66,0,17.0,0.0,0,,,36.0,15.0,3,223.51,24,9.5752,0.0,0.532,1
12,86.12,1.369,17,1.71,1,88.0,30.17,1,0.884,5.9,40.0,8.0,5,222.47,24,11.4584,0.3463,0.095,0
33,79.53,-0.095,24,6.61,0,9.0,0.0,1,0.754,2.9,72.0,65.0,7,921.2,24,15.4759,0.0,0.2644,0
18,38.3,0.074,19,2.26,0,5.0,0.0,1,0.505,37.6,59.0,28.0,7,340.24,24,10.8097,0.0,0.113,0
9,27.51,0.323,11,2.69,1,51.0,15.97,1,0.947,2.4,30.0,56.0,0,342.0,12,7.7142,0.5602,0.2242,0
11,27.9,-0.284,12,5.13,1,60.0,26.12,0,,,46.0,44.0,5,426.62,12,8.3588,0.9038,0.3946,1
22,22.76,0.841,14,4.34,0,6.0,0.0,0,,,50.0,41.0,3,728.01,12,9.9333,0.0,0.2893,1
30,60.78,0.927,17,4.25,1,80.0,55.99,1,0.821,7.6,36.0,26.0,10,236.6,4,14.1603,0.9063,0.2361,0
15,12.25,0.07,14,1.78,0,20.0,0.0,1,0.782,30.9,18.0,77.0,7,190.25,12,7.1644,0.0,0.1187,0
35,301.65,0.603,25,4.83,0,1.0,0.0,1,0.935,2.2,79.0,65.0,16,1525.39,8,20.4711,0.0,0.1858,0
21,130.23,1.338,13,5.32,0,3.0,0.0,1,0.403,2.1,14.0,84.0,8,182.7,24,15.0749,0.0,0.38,0
13,61.72,-0.318,12,3.13,1,72.0,18.39,1,0.942,0.7,63.0,44.0,6,890.08,4,10.9222,0.2932,0.2408,0
7,68.51,-0.862,12,2.84,0,8.0,0.0,1,0.436,2.0,16.0,76.0,2,288.03,4,8.8199,0.0,0.2185,0
14,31.01,0.221,10,2.59,1,75.0,11.55,0,,,35.0,66.0,5,369.36,12,9.3862,0.3608,0.2355,1
20,71.16,0.341,14,1.22,0,8.0,0.0,0,,,68.0,89.0,10,272.68,12,13.0272,0.0,0.0813,1
13,49.98,-0.7,9,4.68,0,0.0,0.0,0,,,39.0,46.0,5,328.83,12,10.3753,0.0,0.468,1
30,107.75,0.691,11,1.56,0,2.0,0.0,0,,,84.0,60.0,10,631.21,8,16.1021,0.0,0.13,1
18,105.42,0.375,9,2.84,1,63.0,69.09,1,0.504,2.0,57.0,68.0,6,359.89,8,13.7429,0.6492,0.284,0
18,84.23,-0.171,11,1.54,0,4.0,0.0,0,,,62.0,47.0,5,665.52,8,13.0891,0.0,0.1283,1
20,67.6,1.094,16,4.53,1,66.0,25.63,0,,,91.0,49.0,3,194.34,24,12.8731,0.3736,0.2665,1
25,96.26,0.802,25,4.21,1,64.0,50.36,0,,,58.0,63.0,7,118.47,12,14.9136,0.5178,0.1619,1
13,31.9,0.848,11,2.86,1,89.0,22.7,0,,,53.0,55.0,2,193.35,8,9.2195,0.69,0.2383,1
22,110.2,0.65,11,2.68,1,45.0,37.68,0,,,59.0,65.0,14,426.13,4,14.7723,0.3388,0.2233,1
19,50.43,0.035,15,3.41,1,65.0,10.33,1,0.647,3.6,65.0,70.0,6,380.09,4,11.8038,0.2009,0.2131,0
8,89.84,-0.446,9,1.69,0,1.0,0.0,0,,,17.0,87.0,3,149.09,8,9.9075,0.0,0.169,1
13,13.74,-0.331,22,3.09,1,44.0,22.79,0,,,45.0,92.0,8,514.13,8,7.1006,1.5461,0.1343,1
22,77.47,1.474,24,6.32,1,49.0,83.93,0,,,61.0,84.0,15,198.11,8,13.6793,1.0696,0.2528,1
12,9.48,-0.734,11,1.79,0,8.0,0.0,0,,,78.0,48.0,1,97.93,4,6.0263,0.0,0.1492,1
15,51.54,-0.068,10,2.5,1,37.0,26.13,0,,,61.0,93.0,9,1126.04,4,10.9838,0.4973,0.2273,1
9,73.71,-1.239,16,2.4,0,7.0,0.0,1,0.797,8.0,21.0,52.0,4,542.49,52,9.9325,0.0,0.1412,0
26,64.41,0.742,23,4.4,0,10.0,0.0,1,0.973,2.8,53.0,50.0,9,1488.79,8,13.7788,0.0,0.1833,0
19,38.7,-0.045,23,6.18,0,1.0,0.0,0,,,68.0,66.0,8,218.32,4,11.0283,0.0,0.2575,1
28,155.49,0.025,18,2.25,0,4.0,0.0,1,0.653,9.7,25.0,89.0,10,76.43,24,17.0149,0.0,0.1184,0
20,167.28,0.505,22,6.41,1,39.0,24.81,0,,,63.0,66.0,8,1179.33,12,15.6051,0.1474,0.2787,1
10,17.88,-0.323,8,1.56,0,1.0,0.0,0,,,33.0,89.0,1,202.85,24,7.0453,0.0,0.1733,1
24,105.37,0.18,18,7.03,1,70.0,49.22,0,,,44.0,86.0,4,273.8,4,15.0222,0.4627,0.37,1
10,41.79,-0.179,12,1.52,0,3.0,0.0,0,,,47.0,71.0,1,207.91,12,9.0072,0.0,0.1169,1
17,38.91,0.482,13,5.12,0,4.0,0.0,0,,,58.0,83.0,7,265.35,4,10.6557,0.0,0.3657,1
15,26.66,-0.172,9,1.92,0,7.0,0.0,1,0.883,14.6,62.0,25.0,1,1043.59,8,9.205,0.0,0.192,0
6,65.11,-0.941,12,1.4,0,6.0,0.0,1,0.799,1.8,55.0,51.0,4,371.8,8,8.1559,0.0,0.1077,0
15,32.73,-0.783,7,3.88,0,1.0,0.0,1,0.639,4.3,65.0,54.0,3,165.74,52,9.755,0.0,0.485,0
11,113.88,0.225,10,7.67,1,51.0,9.92,0,,,66.0,44.0,5,275.59,8,11.7881,0.0864,0.6973,1
14,150.05,0.258,12,1.63,0,8.0,0.0,0,,,53.0,50.0,6,334.32,8,13.5879,0.0,0.1254,1
19,20.96,1.333,11,2.73,1,64.0,17.2,1,0.71,5.4,27.0,60.0,9,688.89,12,9.2545,0.7832,0.2275,0
7,29.94,-0.434,8,0.8,1,30.0,24.94,1,0.856,7.2,46.0,37.0,1,110.2,52,7.1367,0.8061,0.0889,0
17,52.41,0.356,14,5.43,0,10.0,0.0,1,0.858,19.9,55.0,67.0,10,217.61,24,11.4979,0.0,0.362,0
18,41.85,-0.237,14,2.88,1,73.0,21.74,0,,,53.0,71.0,10,535.38,4,11.0643,0.5074,0.192,1
5,76.48,-0.428,9,1.46,1,45.0,16.76,0,,,31.0,58.0,1,76.38,8,7.7942,0.2163,0.146,1
30,44.88,1.344,23,3.53,0,14.0,0.0,0,,,29.0,59.0,9,275.81,8,13.1385,0.0,0.1471,1
13,106.42,-0.127,18,1.63,0,5.0,0.0,0,,,42.0,78.0,9,429.69,8,12.3422,0.0,0.0858,1
26,24.03,-0.195,11,2.79,1,63.0,39.36,0,,,28.0,39.0,11,192.1,8,10.6128,1.5725,0.2325,1
26,62.12,0.487,17,6.88,1,86.0,35.05,0,,,74.0,28.0,6,186.2,12,13.6614,0.5553,0.3822,1
28,55.44,1.268,13,5.18,0,2.0,0.0,1,0.494,3.9,18.0,64.0,7,467.22,4,13.5809,0.0,0.37,0
14,11.35,-1.182,8,2.09,0,20.0,0.0,0,,,42.0,33.0,3,194.14,4,6.8071,0.0,0.2322,1
12,15.62,0.268,16,1.25,1,30.0,21.96,0,,,23.0,89.0,6,518.36,4,7.2091,1.3213,0.0735,1
5,12.17,0.352,13,2.34,0,10.0,0.0,1,0.944,0.1,69.0,62.0,3,132.13,4,4.6191,0.0,0.1671,0
10,14.64,-0.79,8,3.74,1,82.0,14.1,0,,,54.0,43.0,0,1391.34,12,6.5938,0.9015,0.4156,1
18,17.7,-0.107,13,7.33,1,67.0,96.44,0,,,69.0,75.0,3,1108.56,4,8.6229,5.1572,0.5236,1
12,10.67,-0.073,7,4.05,0,0.0,0.0,0,,,38.0,27.0,5,785.04,8,6.3021,0.0,0.5062,1
19,95.67,1.131,18,6.04,0,6.0,0.0,0,,,49.0,49.0,5,170.66,24,13.6944,0.0,0.3179,1
20,43.92,1.005,16,3.04,0,13.0,0.0,1,0.856,5.4,37.0,63.0,7,1325.23,4,11.5841,0.0,0.1788,0
21,68.39,1.056,10,1.79,0,5.0,0.0,1,0.845,3.5,69.0,67.0,13,741.63,8,13.1052,0.0,0.1627,0
34,46.81,1.319,20,5.47,1,51.0,59.11,0,,,52.0,76.0,8,631.68,4,13.7494,1.2364,0.2605,1
4,24.62,-1.322,6,3.73,1,91.0,8.98,1,0.757,44.6,21.0,42.0,1,117.92,4,5.22,0.3505,0.5329,0
7,22.93,-0.88,13,1.96,0,2.0,0.0,0,,,56.0,93.0,3,33.32,4,6.6025,0.0,0.14,1
20,28.93,0.366,11,4.38,0,26.0,0.0,0,,,69.0,83.0,4,320.52,8,10.3479,0.0,0.365,1
13,67.9,-0.924,15,2.98,0,0.0,0.0,0,,,33.0,37.0,4,185.68,24,11.1702,0.0,0.1862,1
5,33.46,-0.232,12,0.94,1,72.0,22.75,1,0.567,5.6,70.0,60.0,5,64.1,52,6.3425,0.6602,0.0723,0
27,60.18,0.956,25,4.16,0,2.0,0.0,1,0.93,12.3,65.0,92.0,13,855.17,12,13.7081,0.0,0.16,0
11,96.39,0.65,15,5.31,0,13.0,0.0,1,0.675,0.4,12.0,74.0,4,260.3,12,11.3777,0.0,0.3319,0
19,28.48,1.183,8,1.07,0,3.0,0.0,1,0.833,9.4,23.0,78.0,4,256.23,12,10.1367,0.0,0.1189,0
17,66.94,0.554,15,4.69,1,49.0,13.4,1,0.74,4.0,26.0,39.0,7,244.78,4,12.1934,0.1972,0.2931,0
8,20.62,-0.696,12,1.07,1,16.0,20.9,1,0.811,26.6,56.0,12.0,3,341.32,4,6.7534,0.9667,0.0823,0
8,90.34,-0.424,12,1.23,1,39.0,18.1,0,,,69.0,62.0,4,172.97,4,9.9196,0.1982,0.0946,1
16,50.2,1.531,13,3.31,0,5.0,0.0,0,,,37.0,60.0,5,173.09,12,11.1508,0.0,0.2364,1
20,11.63,1.064,16,2.97,1,11.0,17.87,1,0.668,23.7,60.0,39.0,2,183.47,12,7.7211,1.4149,0.1747,0
25,69.53,0.65,16,5.7,1,55.0,37.04,0,,,85.0,76.0,5,269.6,4,13.8666,0.5252,0.3353,1
25,90.27,0.072,25,1.94,0,1.0,0.0,0,,,81.0,44.0,6,1433.78,12,14.7065,0.0,0.0746,1
12,25.54,-0.855,12,0.87,1,71.0,13.62,0,,,74.0,36.0,3,227.41,8,8.4096,0.5132,0.0669,1
16,109.05,-0.43,11,3.57,1,46.0,32.0,1,0.712,0.7,57.0,84.0,6,201.86,8,13.3188,0.2908,0.2975,0
18,26.45,-0.279,12,0.79,0,16.0,0.0,1,0.76,12.6,43.0,22.0,3,123.44,4,9.7531,0.0,0.0608,0
20,86.05,1.679,15,2.04,1,56.0,20.76,1,0.822,10.8,26.0,95.0,2,1411.62,12,13.5983,0.2385,0.1275,0
36,51.51,0.663,19,2.54,0,6.0,0.0,1,0.859,7.2,46.0,75.0,12,124.2,12,14.3029,0.0,0.127,0
11,23.66,-0.531,8,2.88,0,7.0,0.0,0,,,59.0,36.0,1,106.87,24,7.9646,0.0,0.32,1
16,99.34,0.664,7,3.61,1,83.0,18.29,1,0.947,2.7,52.0,53.0,7,251.37,8,13.057,0.1823,0.4512,0
18,51.76,-0.292,8,2.8,0,12.0,0.0,1,0.886,11.4,54.0,60.0,4,880.66,24,11.6769,0.0,0.3111,0
12,67.46,0.775,10,4.71,1,85.0,24.48,1,0.591,2.9,78.0,65.0,13,392.06,8,10.8401,0.3576,0.4282,0
30,182.93,1.238,27,3.39,0,3.0,0.0,1,0.896,10.5,50.0,81.0,2,103.94,12,17.9067,0.0,0.1211,0
12,32.21,-0.637,10,1.03,1,88.0,15.15,0,,,26.0,44.0,8,239.75,24,8.9846,0.4562,0.0936,1
9,18.53,-0.08,11,3.17,0,6.0,0.0,0,,,32.0,16.0,1,384.72,52,6.8432,0.0,0.2642,1
37,60.0,0.215,20,4.79,0,13.0,0.0,0,,,39.0,53.0,6,714.78,12,14.9537,0.0,0.2281,1
4,72.86,0.171,15,1.24,1,79.0,7.56,0,,,61.0,38.0,7,586.46,12,6.9241,0.1024,0.0775,1
5,38.85,-1.361,10,4.16,1,70.0,24.66,0,,,55.0,68.0,3,221.93,8,6.6029,0.6188,0.3782,1
12,39.52,-0.789,13,2.37,1,63.0,18.27,1,0.554,15.9,25.0,80.0,4,280.29,8,9.4949,0.4509,0.1693,0
13,97.93,0.113,12,3.01,0,5.0,0.0,1,0.849,0.6,42.0,51.0,5,112.83,12,12.1249,0.0,0.2315,0
32,48.49,-0.007,25,7.33,0,1.0,0.0,0,,,55.0,60.0,13,358.01,4,13.6426,0.0,0.2819,1
10,21.82,-0.517,11,3.26,1,54.0,37.57,1,0.625,46.6,33.0,60.0,4,285.02,4,7.4997,1.6464,0.2717,0
20,156.9,-0.301,16,4.84,0,8.0,0.0,1,0.961,13.8,29.0,79.0,7,89.58,12,15.4113,0.0,0.2847,0
8,13.0,0.079,11,1.88,0,9.0,0.0,1,0.848,4.7,41.0,43.0,4,117.3,8,5.7986,0.0,0.1567,0
14,39.97,0.217,13,1.97,0,10.0,0.0,1,0.953,14.7,67.0,83.0,4,955.31,24,10.0546,0.0,0.1407,0
20,143.82,0.107,22,3.34,1,68.0,58.68,1,0.918,24.5,48.0,49.0,7,212.66,4,15.148,0.4052,0.1452,0
20,53.37,-0.049,10,4.75,0,9.0,0.0,0,,,55.0,96.0,5,487.79,8,12.1653,0.0,0.4318,1
17,68.26,-0.305,16,3.09,1,51.0,18.71,1,0.756,20.0,23.0,83.0,2,505.93,4,12.249,0.2701,0.1818,0
10,54.33,-0.314,10,4.2,1,43.0,25.66,1,0.789,4.4,34.0,21.0,7,78.25,12,9.6235,0.4638,0.3818,0
31,96.39,-0.136,28,1.95,1,30.0,55.57,0,,,76.0,57.0,13,888.64,8,15.8686,0.5706,0.0672,1
12,111.51,-1.137,9,2.41,0,5.0,0.0,0,,,43.0,77.0,4,99.74,12,12.1144,0.0,0.241,1
20,39.57,-0.673,23,3.16,0,15.0,0.0,0,,,71.0,64.0,7,380.84,52,11.274,0.0,0.1317,1
19,62.36,1.144,13,2.74,0,5.0,0.0,1,0.681,14.7,61.0,71.0,7,249.47,8,12.4288,0.0,0.1957,0
11,27.73,-0.934,10,3.79,0,4.0,0.0,1,0.972,1.9,62.0,87.0,7,593.27,8,8.3442,0.0,0.3445,0
32,44.24,-0.049,17,3.63,0,3.0,0.0,0,,,62.0,52.0,13,491.81,8,13.3286,0.0,0.2017,1
14,53.62,0.188,15,2.29,0,4.0,0.0,1,0.633,17.6,73.0,46.0,8,208.19,52,10.8333,0.0,0.1431,0
9,86.62,-0.135,13,1.74,0,3.0,0.0,1,0.682,7.9,69.0,74.0,5,166.48,4,10.2995,0.0,0.1243,0
17,46.59,0.35,10,3.78,1,36.0,22.12,1,0.665,21.9,39.0,68.0,4,231.49,8,11.1644,0.4648,0.3436,0
42,163.56,1.821,17,6.43,0,2.0,0.0,1,0.726,9.3,67.0,64.0,12,577.23,8,19.1944,0.0,0.3572,0
24,69.25,1.454,17,5.84,1,82.0,103.93,0,,,70.0,80.0,7,598.09,4,13.6869,1.4794,0.3244,1
20,31.22,1.075,12,2.58,0,5.0,0.0,1,0.731,3.6,74.0,58.0,9,263.4,8,10.5724,0.0,0.1985,0
13,26.55,-0.184,10,3.41,0,5.0,0.0,0,,,58.0,37.0,5,158.14,4,8.7511,0.0,0.31,1
12,22.07,-1.087,9,2.83,1,28.0,12.97,1,0.637,16.3,78.0,58.0,2,128.16,8,8.0502,0.5622,0.283,0
25,19.26,0.652,17,3.8,1,44.0,31.46,0,,,30.0,57.0,3,355.21,12,9.8025,1.5528,0.2111,1
16,108.62,0.463,7,4.78,1,57.0,15.81,1,0.848,19.6,38.0,73.0,4,796.29,12,13.3077,0.1442,0.5975,0
20,34.35,0.835,9,4.31,0,21.0,0.0,0,,,53.0,65.0,3,1167.1,12,10.8546,0.0,0.431,1
13,25.49,-0.68,15,1.9,0,2.0,0.0,1,0.609,0.5,23.0,61.0,4,179.61,8,8.6476,0.0,0.1188,0
17,63.22,-0.384,8,2.5,0,11.0,0.0,0,,,49.0,22.0,8,297.3,24,12.0306,0.0,0.2778,1
11,36.62,-0.384,9,2.3,0,8.0,0.0,1,0.914,2.7,71.0,84.0,5,955.63,8,9.0141,0.0,0.23,0
8,40.99,-1.176,10,2.82,0,4.0,0.0,0,,,40.0,47.0,3,95.35,12,8.212,0.0,0.2564,1
15,42.78,0.441,9,3.43,0,8.0,0.0,1,0.93,18.3,30.0,77.0,3,379.41,12,10.4781,0.0,0.343,0
15,46.65,-0.29,10,3.78,0,5.0,0.0,1,0.682,6.2,26.0,45.0,3,866.47,8,10.713,0.0,0.3436,0
21,85.04,0.85,8,2.16,0,1.0,0.0,0,,,83.0,79.0,13,312.81,8,13.77,0.0,0.24,1
9,62.13,-0.106,9,1.2,0,8.0,0.0,1,0.416,5.9,35.0,34.0,3,92.48,4,9.5447,0.0,0.12,0
18,48.91,-0.358,15,2.14,0,13.0,0.0,1,0.889,13.9,68.0,80.0,7,2255.64,8,11.5134,0.0,0.1338,0
32,170.13,0.819,20,6.54,0,5.0,0.0,0,,,54.0,78.0,7,3509.18,8,17.9805,0.0,0.3114,1
18,40.97,0.699,23,3.58,1,41.0,44.12,1,0.813,1.2,53.0,73.0,7,344.69,12,11.0032,1.0512,0.1492,0
19,70.3,0.002,15,4.2,1,13.0,15.79,0,,,61.0,43.0,7,305.89,4,12.7825,0.2215,0.2625,1
13,59.55,-0.207,14,3.47,0,0.0,0.0,1,0.737,2.9,15.0,59.0,2,146.96,24,10.8293,0.0,0.2313,0
31,30.91,2.123,15,4.44,0,17.0,0.0,1,0.923,12.6,53.0,70.0,9,1330.99,24,12.0016,0.0,0.2775,0
6,25.86,1.014,13,2.02,1,75.0,11.08,0,,,10.0,30.0,4,83.89,8,6.4033,0.4125,0.1443,1
5,28.2,-0.736,11,2.55,0,0.0,0.0,1,0.563,10.5,52.0,53.0,3,103.94,4,6.0457,0.0,0.2125,0
16,64.19,-0.303,18,4.12,0,2.0,0.0,1,0.923,0.5,48.0,54.0,3,569.6,8,11.8352,0.0,0.2168,0
9,34.94,0.433,11,2.09,0,6.0,0.0,0,,,50.0,46.0,4,125.9,4,8.2475,0.0,0.1742,1
21,30.93,0.868,17,1.04,1,79.0,52.1,1,0.766,0.1,43.0,45.0,14,516.76,12,10.706,1.6317,0.0578,0
13,42.06,0.309,18,2.21,1,45.0,24.22,1,0.804,27.9,92.0,60.0,8,213.01,52,9.9297,0.5625,0.1163,0
11,19.28,-0.539,4,0.52,1,55.0,20.08,0,,,54.0,67.0,2,196.69,24,7.4787,0.9901,0.104,1
7,37.92,0.507,10,1.31,1,88.0,15.86,0,,,37.0,51.0,2,78.77,8,7.6139,0.4075,0.1191,1
8,44.4,-0.616,10,4.01,0,2.0,0.0,0,,,59.0,34.0,3,212.53,8,8.3835,0.0,0.3645,1
7,4.45,-1.118,10,1.22,1,94.0,8.08,0,,,69.0,35.0,4,293.95,4,3.5259,1.4826,0.1109,1
18,64.44,1.647,22,6.0,1,60.0,34.66,1,0.852,1.3,64.0,62.0,7,766.0,24,12.3111,0.5296,0.2609,0
12,41.15,-0.395,16,4.08,0,5.0,0.0,0,,,33.0,66.0,4,136.69,4,9.5961,0.0,0.24,1
13,24.43,-0.602,14,1.08,1,33.0,23.18,1,0.908,13.3,46.0,41.0,4,80.19,8,8.5398,0.9115,0.072,0
16,27.5,-1.301,9,1.2,0,3.0,0.0,1,0.96,11.8,41.0,61.0,2,58.99,24,9.491,0.0,0.12,0
24,50.4,-0.237,24,2.24,0,7.0,0.0,0,,,41.0,68.0,6,369.03,12,12.6812,0.0,0.0896,1
20,93.35,-0.322,12,1.91,0,8.0,0.0,0,,,35.0,57.0,9,396.94,4,13.8435,0.0,0.1469,1
12,101.75,0.76,15,5.13,1,65.0,25.03,1,0.904,1.6,67.0,82.0,5,1288.04,24,11.8816,0.2436,0.3206,0
4,7.53,-0.13,5,1.23,0,0.0,0.0,1,0.779,4.4,20.0,16.0,3,129.75,8,3.45,0.0,0.205,0
7,36.86,-0.269,7,2.81,1,79.0,13.56,0,,,23.0,29.0,1,90.12,12,7.5565,0.3582,0.3512,1
8,17.94,-0.544,10,0.86,1,75.0,20.51,0,,,15.0,76.0,5,363.58,52,6.4626,1.0829,0.0782,1
14,80.19,0.02,12,1.83,1,53.0,33.52,1,0.767,21.1,48.0,31.0,3,100.92,12,11.9067,0.4129,0.1408,0
24,127.96,-0.217,18,5.45,1,62.0,54.25,0,,,24.0,64.0,2,330.8,8,15.6421,0.4207,0.2868,1
10,31.31,-0.118,17,1.46,0,1.0,0.0,0,,,77.0,100.0,5,147.96,4,8.3336,0.0,0.0811,1
13,55.18,-0.31,15,4.02,0,1.0,0.0,0,,,32.0,37.0,4,536.18,8,10.6316,0.0,0.2512,1
9,23.35,-0.188,12,1.06,0,11.0,0.0,0,,,24.0,29.0,2,135.43,12,7.3511,0.0,0.0815,1
16,64.62,0.25,16,2.16,1,36.0,22.98,0,,,73.0,27.0,5,448.97,4,11.8538,0.3502,0.1271,1
13,20.31,0.704,17,4.04,1,49.0,45.91,1,0.791,4.1,37.0,56.0,6,387.35,12,8.0733,2.1544,0.2244,0
21,73.3,0.32,24,2.16,1,81.0,16.19,0,,,86.0,61.0,7,246.77,12,13.3166,0.2179,0.0864,1
9,128.99,1.084,12,3.18,1,63.0,19.12,1,0.683,1.8,74.0,56.0,3,272.84,4,11.2077,0.1471,0.2446,0
15,50.38,-0.533,7,1.27,1,38.0,24.91,1,0.543,18.5,19.0,61.0,6,257.89,12,10.9219,0.4848,0.1588,0
8,56.03,-1.884,14,1.21,0,7.0,0.0,0,,,32.0,22.0,2,104.03,4,8.8846,0.0,0.0807,1
8,50.2,-1.527,15,2.26,0,2.0,0.0,1,0.752,13.1,60.0,26.0,4,324.97,4,8.6477,0.0,0.1412,0
25,96.22,0.43,7,1.64,0,2.0,0.0,0,,,62.0,47.0,3,460.43,24,14.9122,0.0,0.205,1
20,109.9,0.899,18,3.34,1,26.0,35.53,1,0.933,5.2,74.0,71.0,7,337.8,8,14.3355,0.3204,0.1758,0
21,46.39,-0.257,13,2.45,1,66.0,22.12,0,,,36.0,42.0,4,259.92,52,11.9265,0.4668,0.175,1
12,26.51,0.525,11,1.93,0,5.0,0.0,1,0.458,0.6,55.0,81.0,2,153.86,4,8.5017,0.0,0.1608,0
8,59.55,-0.666,19,5.35,0,10.0,0.0,0,,,65.0,37.0,11,291.85,24,9.0162,0.0,0.2675,1
4,49.0,-0.486,13,1.12,1,66.0,17.64,0,,,34.0,29.0,6,622.92,4,6.2962,0.3528,0.08,1
10,87.65,-0.309,9,4.41,1,66.0,22.79,0,,,72.0,77.0,4,154.45,24,10.7538,0.2571,0.441,1
23,26.36,-0.465,15,2.11,0,0.0,0.0,1,0.508,0.6,43.0,30.0,7,58.51,12,10.5164,0.0,0.1319,0
12,22.14,-0.216,10,2.79,1,26.0,17.61,0,,,67.0,44.0,3,212.39,8,8.0579,0.761,0.2536,1
14,32.04,-0.418,13,13.26,0,4.0,0.0,0,,,52.0,19.0,6,291.92,4,9.472,0.0,0.9471,1
11,22.97,-0.16,11,0.43,0,1.0,0.0,1,0.351,10.2,33.0,77.0,4,171.84,4,7.8941,0.0,0.0358,0
29,99.41,0.007,19,4.14,0,6.0,0.0,0,,,29.0,49.0,10,249.3,24,15.677,0.0,0.207,1
14,40.37,0.241,10,3.86,0,2.0,0.0,1,0.791,9.7,49.0,68.0,5,125.28,8,10.0809,0.0,0.3509,0
2,40.42,0.098,7,2.33,1,78.0,13.54,1,0.794,35.4,42.0,60.0,2,166.0,12,4.091,0.3269,0.2912,0
22,58.67,0.457,13,4.19,1,79.0,25.73,1,0.733,35.1,23.0,44.0,5,826.53,8,12.8205,0.4312,0.2993,0
18,45.95,-0.172,18,3.0,0,16.0,0.0,0,,,27.0,60.0,9,129.82,8,11.3334,0.0,0.1579,1
24,55.92,1.119,15,7.37,1,51.0,47.03,1,0.53,23.9,65.0,73.0,6,217.22,8,13.0096,0.8262,0.4606,0
10,30.82,0.035,13,1.44,0,0.0,0.0,1,0.92,24.9,78.0,46.0,5,151.34,12,8.2969,0.0,0.1029,0
11,88.78,-1.156,13,2.43,0,9.0,0.0,0,,,54.0,61.0,2,226.34,8,11.1755,0.0,0.1736,1
20,24.0,-0.379,14,10.45,0,4.0,0.0,0,,,41.0,66.0,7,168.92,8,9.7999,0.0,0.6967,1
15,70.12,0.426,6,6.66,1,91.0,12.11,1,0.408,10.3,88.0,64.0,4,746.68,4,11.8233,0.1703,0.9514,0
12,50.0,0.225,12,1.64,0,3.0,0.0,1,0.62,5.2,49.0,71.0,3,280.65,8,10.0849,0.0,0.1262,0
34,106.1,1.088,16,2.79,1,24.0,41.3,1,0.835,2.6,45.0,52.0,6,378.43,12,16.6169,0.3856,0.1641,0
17,15.62,0.115,9,2.51,0,11.0,0.0,1,0.925,1.3,14.0,74.0,4,202.37,12,8.1237,0.0,0.251,0
21,50.61,0.059,25,3.01,0,7.0,0.0,0,,,79.0,81.0,10,542.14,8,12.1902,0.0,0.1158,1
26,57.21,0.116,14,3.83,0,4.0,0.0,1,0.612,4.3,46.0,46.0,4,693.52,12,13.3945,0.0,0.2553,0
32,141.67,-0.184,20,3.34,0,1.0,0.0,0,,,57.0,59.0,12,871.62,12,17.3445,0.0,0.159,1
3,18.63,0.272,9,1.76,0,7.0,0.0,1,0.565,86.8,43.0,88.0,1,102.21,4,4.1271,0.0,0.176,0
13,21.11,0.374,10,1.62,0,5.0,0.0,1,0.822,2.2,42.0,83.0,4,112.03,12,8.1706,0.0,0.1473,0
20,23.43,0.473,10,2.84,0,1.0,0.0,0,,,44.0,16.0,5,973.31,4,9.7297,0.0,0.2582,1
34,67.15,0.317,21,2.35,1,40.0,13.97,0,,,52.0,82.0,14,392.13,12,15.0097,0.205,0.1068,1
17,50.55,0.736,15,3.53,1,66.0,27.16,0,,,71.0,90.0,5,416.81,12,11.3954,0.5269,0.2206,1
11,28.7,-0.133,5,0.97,1,60.0,17.2,0,,,44.0,84.0,4,963.17,24,8.4267,0.5791,0.1617,1
17,22.58,-0.388,10,5.37,0,2.0,0.0,0,,,25.0,33.0,4,451.93,4,9.1347,0.0,0.4882,1
14,71.74,-0.221,12,6.53,0,3.0,0.0,1,0.847,3.6,44.0,18.0,3,1069.69,4,11.6091,0.0,0.5023,0
17,45.88,1.225,14,2.01,0,3.0,0.0,0,,,36.0,79.0,7,138.19,8,11.121,0.0,0.134,1
15,89.31,0.188,14,2.06,1,85.0,28.17,0,,,67.0,58.0,7,235.87,8,12.4857,0.3119,0.1373,1
18,186.4,0.733,13,5.14,1,62.0,30.23,0,,,49.0,91.0,8,806.22,4,15.409,0.1613,0.3671,1
14,13.91,-0.07,8,0.76,0,9.0,0.0,1,0.855,14.7,50.0,71.0,7,313.7,4,7.3172,0.0,0.0844,0
9,27.08,0.62,9,1.21,0,13.0,0.0,1,0.761,17.8,38.0,82.0,4,309.39,12,7.6793,0.0,0.121,0
16,53.66,0.212,10,2.88,0,5.0,0.0,0,,,62.0,26.0,5,335.49,8,11.3361,0.0,0.2618,1
20,13.28,0.648,24,2.12,0,2.0,0.0,0,,,23.0,56.0,5,1623.88,4,8.095,0.0,0.0848,1
28,41.25,0.503,9,5.84,0,5.0,0.0,0,,,40.0,49.0,4,187.56,8,12.6058,0.0,0.584,1
20,38.67,-0.158,22,2.24,1,47.0,22.37,1,0.553,10.1,65.0,82.0,8,247.04,52,11.2057,0.5639,0.0974,0
29,33.65,0.482,21,3.87,1,66.0,30.44,0,,,31.0,90.0,4,1743.93,4,12.0583,0.8785,0.1759,1
12,80.53,0.21,16,5.38,1,16.0,18.86,1,0.644,20.5,51.0,58.0,8,400.64,12,11.2883,0.2313,0.3165,0
15,69.46,0.142,14,4.05,0,4.0,0.0,0,,,46.0,73.0,6,472.68,12,11.7975,0.0,0.27,1
15,32.27,-0.926,27,7.95,1,82.0,30.81,1,0.519,0.0,54.0,86.0,6,383.84,24,9.717,0.9261,0.2839,0
13,209.97,0.716,8,1.82,1,13.0,45.79,0,,,25.0,49.0,3,267.03,52,14.1235,0.217,0.2022,1
29,22.7,1.29,23,7.73,0,1.0,0.0,0,,,67.0,89.0,10,406.83,8,10.7664,0.0,0.3221,1
3,71.83,-0.194,9,0.8,0,1.0,0.0,0,,,17.0,18.0,1,192.72,24,5.9446,0.0,0.08,1
16,13.93,-0.594,16,2.65,0,13.0,0.0,0,,,35.0,73.0,1,136.49,8,7.6592,0.0,0.1559,1
7,35.17,-1.036,8,0.85,0,8.0,0.0,0,,,49.0,50.0,4,64.4,4,7.4615,0.0,0.0944,1
9,39.45,-0.187,13,5.97,1,51.0,19.87,0,,,42.0,73.0,8,184.89,52,8.5197,0.4912,0.4264,1
10,18.87,-0.555,12,1.26,0,5.0,0.0,0,,,53.0,23.0,0,222.04,24,7.1678,0.0,0.0969,1
8,24.95,-0.1,6,1.15,1,46.0,16.7,1,0.806,2.3,78.0,63.0,2,222.6,4,7.1545,0.6435,0.1643,0
17,71.59,0.19,20,2.46,0,18.0,0.0,0,,,67.0,68.0,6,209.82,12,12.3847,0.0,0.1171,1
10,27.42,-0.629,12,2.65,1,82.0,17.49,1,0.806,4.8,41.0,49.0,2,351.49,8,8.026,0.6154,0.2038,0
12,30.89,-0.502,12,2.53,0,11.0,0.0,1,0.753,5.3,36.0,58.0,5,330.35,24,8.8806,0.0,0.1946,0
6,29.07,-1.066,11,0.97,0,4.0,0.0,1,0.603,2.4,27.0,74.0,2,146.79,24,6.623,0.0,0.0808,0
3,77.4,-1.211,16,4.53,1,84.0,14.26,0,,,61.0,39.0,1,116.64,12,6.0468,0.1819,0.2665,1
26,54.44,0.668,13,4.15,0,12.0,0.0,0,,,27.0,74.0,8,191.97,8,13.2338,0.0,0.2964,1
17,33.2,-0.122,15,2.54,0,4.0,0.0,0,,,59.0,89.0,3,906.65,4,10.2094,0.0,0.1588,1
10,69.41,-0.065,9,2.2,0,0.0,0.0,1,0.536,17.2,14.0,75.0,4,167.01,24,10.2015,0.0,0.22,0
15,60.93,-0.495,26,1.76,1,78.0,28.03,0,,,50.0,32.0,4,611.26,12,11.4397,0.4526,0.0652,1
5,19.6,-0.948,4,1.49,0,9.0,0.0,1,0.66,27.0,56.0,60.0,5,127.99,8,5.4206,0.0,0.298,0
30,62.61,1.124,13,3.08,1,7.0,41.33,0,,,22.0,56.0,10,404.47,4,14.2606,0.6497,0.22,1
22,96.46,-0.851,14,3.24,1,85.0,48.98,1,0.929,11.6,7.0,68.0,5,304.21,8,14.3588,0.5026,0.216,0
9,12.28,-0.93,9,4.41,0,7.0,0.0,1,0.8,14.0,19.0,77.0,5,84.53,24,5.9551,0.0,0.441,0
17,47.34,-1.126,15,1.59,0,2.0,0.0,1,0.811,36.5,32.0,60.0,3,536.15,24,11.2096,0.0,0.0994,0
10,188.93,0.148,9,4.04,1,70.0,6.75,1,0.859,35.1,67.0,34.0,6,329.22,8,12.5809,0.0355,0.404,0
25,44.95,0.944,17,2.74,1,84.0,19.57,0,,,68.0,78.0,10,382.72,4,12.4705,0.4259,0.1522,1
8,25.45,-0.373,11,0.96,1,49.0,14.71,0,,,77.0,24.0,3,411.07,4,7.1965,0.5561,0.08,1
6,10.74,0.162,14,1.92,1,17.0,15.57,0,,,72.0,77.0,3,170.21,24,4.7928,1.3262,0.128,1
16,57.92,-0.153,9,5.84,1,96.0,35.45,0,,,72.0,39.0,12,260.8,8,11.5487,0.6017,0.584,1
22,13.4,0.376,12,5.27,0,5.0,0.0,0,,,66.0,65.0,4,176.61,12,8.3631,0.0,0.4054,1
42,80.31,1.721,21,6.81,1,70.0,81.3,0,,,68.0,82.0,20,742.8,4,16.5428,0.9999,0.3095,1
19,81.95,1.024,20,3.06,1,76.0,57.76,0,,,59.0,78.0,10,967.42,12,13.2359,0.6963,0.1457,1
15,16.16,-1.274,10,3.74,1,64.0,17.59,1,0.832,12.1,44.0,54.0,7,122.45,8,7.8813,1.0251,0.34,0
16,68.72,0.354,13,7.52,0,0.0,0.0,1,0.975,3.0,63.0,92.0,10,718.73,12,12.0255,0.0,0.5371,0
3,49.2,-0.642,8,1.61,1,80.0,16.13,0,,,43.0,49.0,0,73.15,8,5.4287,0.3213,0.1789,1
16,54.25,-0.525,11,6.58,0,5.0,0.0,0,,,32.0,81.0,8,1121.0,8,11.3665,0.0,0.5483,1
21,180.36,-0.205,18,4.34,1,35.0,23.0,1,0.457,1.5,53.0,72.0,11,364.51,4,16.0749,0.1268,0.2284,0
28,168.39,1.593,20,2.49,0,10.0,0.0,1,0.691,8.9,53.0,46.0,4,402.62,24,17.2816,0.0,0.1186,0
12,26.2,-0.541,17,2.23,0,4.0,0.0,0,,,12.0,70.0,1,183.2,24,8.4726,0.0,0.1239,1
14,102.65,-0.929,17,0.56,1,76.0,42.34,1,0.575,14.0,52.0,71.0,4,300.92,12,12.5681,0.4085,0.0311,0
23,45.25,0.635,15,3.94,0,10.0,0.0,0,,,85.0,54.0,9,140.19,4,12.1849,0.0,0.2462,1
31,181.93,0.555,24,5.38,0,6.0,0.0,0,,,53.0,38.0,16,1168.44,4,18.0534,0.0,0.2152,1
10,152.84,-0.933,7,1.32,0,21.0,0.0,1,0.658,0.4,21.0,79.0,3,276.69,4,12.0756,0.0,0.165,0
26,40.8,0.638,12,1.0,1,77.0,46.46,1,0.75,11.9,77.0,38.0,13,132.75,12,12.303,1.1115,0.0769,0
12,39.59,0.82,12,1.59,0,1.0,0.0,0,,,30.0,39.0,1,320.37,4,9.4993,0.0,0.1223,1
10,45.47,-0.333,6,1.77,0,3.0,0.0,0,,,36.0,75.0,6,377.63,4,9.2051,0.0,0.2529,1
32,232.96,0.55,14,3.01,1,79.0,16.72,0,,,26.0,37.0,10,403.92,4,19.074,0.0715,0.2007,1
24,76.35,0.409,7,2.1,0,2.0,0.0,1,0.736,32.2,46.0,51.0,8,1015.97,24,13.9968,0.0,0.2625,0
16,46.2,-0.489,14,7.4,0,3.0,0.0,1,0.862,1.5,16.0,90.0,4,208.31,4,10.9203,0.0,0.4933,0
8,36.65,0.378,9,3.29,0,3.0,0.0,1,0.701,13.2,60.0,85.0,2,213.03,24,7.9723,0.0,0.329,0
29,102.76,0.743,10,3.63,1,93.0,24.85,0,,,55.0,51.0,7,474.1,8,15.7886,0.2395,0.33,1
30,86.29,1.004,23,5.61,0,4.0,0.0,0,,,44.0,81.0,6,333.52,8,15.3473,0.0,0.2338,1
21,51.84,0.159,18,2.21,1,34.0,62.33,1,0.728,26.6,44.0,71.0,11,283.16,4,12.263,1.1796,0.1163,0
9,65.9,-0.243,17,2.47,0,1.0,0.0,1,0.881,14.4,29.0,63.0,1,274.73,4,9.6782,0.0,0.1372,0
5,41.0,0.223,9,1.98,1,67.0,13.49,0,,,13.0,56.0,1,82.09,24,6.697,0.3212,0.198,1
14,68.2,-0.535,11,3.03,1,56.0,19.06,0,,,42.0,18.0,3,430.75,8,11.474,0.2754,0.2525,1
27,214.14,-0.602,26,4.74,1,62.0,70.68,1,0.872,8.2,62.0,54.0,8,724.98,4,17.8982,0.3285,0.1756,0
20,32.87,0.903,14,1.43,0,1.0,0.0,0,,,71.0,46.0,5,384.93,4,10.7244,0.0,0.0953,1
13,44.45,0.069,9,1.13,1,76.0,16.5,1,0.765,5.3,82.0,32.0,6,298.45,8,10.0723,0.363,0.113,0
22,64.66,-0.224,18,8.62,0,4.0,0.0,1,0.695,21.9,66.0,83.0,6,468.62,24,13.1204,0.0,0.4537,0
14,70.05,0.854,17,6.68,1,35.0,50.77,1,0.854,7.4,58.0,27.0,6,848.98,12,11.5455,0.7146,0.3711,0
5,79.91,1.015,13,2.6,0,1.0,0.0,1,0.736,0.8,45.0,83.0,2,121.13,8,7.8718,0.0,0.1857,0
8,27.33,-0.011,15,2.03,0,4.0,0.0,1,0.632,10.8,57.0,68.0,7,574.59,12,7.3473,0.0,0.1269,0
9,35.77,0.198,14,1.8,0,6.0,0.0,0,,,33.0,64.0,3,710.92,8,8.3001,0.0,0.12,1
5,27.67,-0.988,15,1.87,1,70.0,10.76,1,0.469,0.5,43.0,43.0,1,283.37,24,6.0129,0.3753,0.1169,0
17,13.13,-0.617,8,1.55,0,3.0,0.0,0,,,37.0,87.0,3,221.69,12,7.6546,0.0,0.1722,1
9,32.07,-0.718,18,4.77,0,13.0,0.0,0,,,78.0,63.0,5,151.52,4,8.0559,0.0,0.2511,1
1,16.27,-1.095,10,1.15,0,11.0,0.0,1,0.624,53.1,72.0,53.0,2,558.22,8,1.9748,0.0,0.1045,0
23,62.56,0.479,17,3.23,0,9.0,0.0,1,0.745,11.8,22.0,73.0,4,1166.64,8,13.1952,0.0,0.1794,0
28,105.42,-0.533,22,6.29,1,39.0,13.47,1,0.777,8.9,50.0,56.0,7,236.88,4,15.7165,0.1266,0.2735,0
15,65.32,-0.644,17,5.67,1,32.0,32.26,0,,,48.0,70.0,8,223.93,4,11.6296,0.4864,0.315,1
13,32.32,1.584,15,5.12,0,18.0,0.0,1,0.681,20.8,30.0,68.0,8,285.91,12,9.253,0.0,0.32,0
43,76.39,1.022,15,3.64,1,14.0,35.73,0,,,27.0,75.0,16,1083.23,8,16.4569,0.4617,0.2275,1
20,65.79,-0.914,9,1.97,1,20.0,21.74,1,0.975,12.8,62.0,54.0,8,241.57,8,12.7917,0.3255,0.197,0
16,40.71,0.169,16,2.55,0,4.0,0.0,1,0.605,11.8,49.0,51.0,3,227.03,24,10.57,0.0,0.15,0
19,84.87,0.163,20,7.61,0,10.0,0.0,0,,,34.0,52.0,5,160.38,4,13.3395,0.0,0.3624,1
9,97.25,-0.344,6,3.38,0,2.0,0.0,0,,,22.0,70.0,3,118.35,4,10.5631,0.0,0.4829,1
20,32.61,-0.407,14,1.83,1,63.0,15.64,0,,,30.0,40.0,3,299.55,4,10.701,0.4653,0.122,1
19,34.64,-0.873,12,4.24,0,10.0,0.0,1,0.804,12.5,49.0,60.0,10,327.93,4,10.7052,0.0,0.3262,0
13,38.84,-0.536,14,2.07,1,81.0,8.03,0,,,72.0,69.0,3,261.51,12,9.7246,0.2016,0.138,1
21,64.42,0.657,24,1.47,1,40.0,54.48,1,0.647,1.9,53.0,41.0,4,348.44,4,12.9231,0.8328,0.0588,0
13,62.82,0.072,17,2.05,1,60.0,20.98,1,0.551,1.6,25.0,71.0,7,952.91,8,10.9681,0.3287,0.1139,0
9,30.97,0.08,14,1.81,1,74.0,13.65,1,0.907,18.2,38.0,44.0,3,607.01,4,7.978,0.427,0.1207,0
17,20.24,0.247,19,6.81,1,51.0,36.78,1,0.801,8.3,77.0,75.0,15,271.24,24,8.8326,1.7316,0.3405,0
29,112.64,-0.023,15,2.83,1,88.0,43.65,0,,,61.0,76.0,7,877.68,12,16.098,0.3841,0.1769,1
23,83.45,-0.254,23,5.78,1,43.0,51.9,1,0.783,0.9,37.0,79.0,6,631.52,8,14.0984,0.6146,0.2408,0
8,28.22,-1.332,14,1.29,1,52.0,25.06,1,0.814,13.8,16.0,35.0,0,368.17,12,7.4153,0.8576,0.086,0
10,20.99,-1.164,5,2.33,0,3.0,0.0,0,,,17.0,53.0,3,135.23,8,7.4109,0.0,0.3883,1
32,65.13,0.091,24,4.06,1,35.0,161.38,0,,,22.0,54.0,7,539.98,12,14.656,2.4403,0.1624,1
15,41.35,0.477,13,7.7,0,11.0,0.0,0,,,30.0,39.0,2,606.57,24,10.386,0.0,0.55,1
10,37.14,0.486,20,34.53,0,6.0,0.0,1,0.79,4.5,48.0,72.0,5,553.74,24,8.7314,0.0,1.6443,0
16,48.79,0.086,15,2.65,0,9.0,0.0,1,0.726,11.8,69.0,57.0,3,271.28,24,11.0717,0.0,0.1656,0
24,44.38,0.286,13,3.46,1,48.0,42.37,0,,,65.0,76.0,10,354.3,24,12.2802,0.9337,0.2471,1
11,33.85,0.03,15,3.75,0,0.0,0.0,0,,,59.0,80.0,7,274.85,12,8.824,0.0,0.2344,1
27,63.0,0.334,19,1.64,1,64.0,53.96,0,,,58.0,90.0,11,780.37,8,13.8582,0.8431,0.082,1
11,37.66,0.319,15,1.12,1,59.0,9.9,0,,,40.0,55.0,4,209.25,4,9.0819,0.2561,0.07,1
19,135.01,0.048,7,5.29,0,4.0,0.0,0,,,69.0,38.0,1,236.18,12,14.7172,0.0,0.6612,1
10,29.74,-0.42,11,3.26,0,19.0,0.0,1,0.58,4.0,15.0,47.0,5,93.01,4,8.2141,0.0,0.2717,0
9,35.49,-0.424,13,1.31,0,4.0,0.0,1,0.536,3.2,53.0,70.0,1,620.2,8,8.2825,0.0,0.0936,0
14,68.27,0.472,14,5.2,0,8.0,0.0,1,0.818,46.9,33.0,41.0,3,133.77,12,11.4767,0.0,0.3467,0
22,101.06,-0.035,12,2.57,1,24.0,36.27,0,,,75.0,71.0,8,287.06,12,14.5034,0.3554,0.1977,1
11,9.08,-0.026,7,1.84,0,9.0,0.0,0,,,31.0,6.0,2,304.56,8,5.7415,0.0,0.23,1
28,83.05,0.777,17,4.0,0,10.0,0.0,1,0.608,1.3,61.0,78.0,9,293.05,8,14.9219,0.0,0.2222,0
15,35.39,0.308,11,3.72,0,10.0,0.0,1,0.956,7.6,75.0,23.0,5,102.15,8,9.9655,0.0,0.31,0
6,19.74,-0.451,12,0.73,1,72.0,14.85,0,,,66.0,84.0,3,116.03,24,5.9001,0.716,0.0562,1
22,63.32,0.187,15,6.68,0,5.0,0.0,1,0.967,13.8,69.0,79.0,6,449.75,8,13.0558,0.0,0.4175,0
16,53.95,-0.837,11,3.4,1,59.0,38.52,0,,,52.0,67.0,13,428.25,4,11.3511,0.701,0.2833,1
11,19.82,-1.113,11,1.16,0,5.0,0.0,1,0.812,17.9,11.0,79.0,3,80.39,4,7.544,0.0,0.0967,0
15,39.76,0.632,11,1.97,0,10.0,0.0,1,0.946,17.9,15.0,12.0,6,431.49,8,10.2799,0.0,0.1642,0
14,145.6,0.265,13,1.14,0,5.0,0.0,0,,,51.0,40.0,4,466.73,8,13.507,0.0,0.0814,1
6,9.89,-0.311,12,3.08,1,95.0,33.17,1,0.828,6.6,64.0,68.0,4,217.34,12,4.6465,3.0459,0.2369,0
7,26.29,0.288,11,0.84,0,5.0,0.0,1,0.775,0.3,39.0,39.0,9,314.81,8,6.8757,0.0,0.07,0
9,43.16,-0.566,13,2.04,0,5.0,0.0,0,,,54.0,32.0,5,216.04,8,8.7218,0.0,0.1457,1
31,257.99,1.664,13,2.7,1,53.0,31.47,0,,,73.0,70.0,6,89.31,4,19.2584,0.1215,0.1929,1
6,35.95,-1.613,9,1.45,0,0.0,0.0,0,,,48.0,71.0,3,463.17,12,7.0239,0.0,0.145,1
15,17.74,-0.172,18,2.65,0,6.0,0.0,0,,,30.0,13.0,5,291.86,8,8.1255,0.0,0.1395,1
16,73.77,0.178,20,1.56,0,2.0,0.0,0,,,51.0,48.0,2,536.4,24,12.2237,0.0,0.0743,1
10,19.24,0.262,13,1.22,1,48.0,9.66,1,0.773,17.3,22.0,95.0,4,253.96,4,7.2121,0.4773,0.0871,0
16,8.83,0.648,20,6.24,1,58.0,76.95,0,,,75.0,39.0,6,172.27,12,6.4751,7.8281,0.2971,1
17,82.45,0.067,12,5.32,0,4.0,0.0,0,,,66.0,56.0,5,306.49,8,12.7877,0.0,0.4092,1
9,143.47,0.948,14,1.98,0,13.0,0.0,1,0.758,16.9,66.0,35.0,3,608.18,24,11.4509,0.0,0.132,0
12,69.21,0.864,17,1.38,1,59.0,18.31,1,0.853,31.3,78.0,60.0,5,130.0,8,10.9049,0.2608,0.0767,0
24,161.83,1.877,26,4.18,0,4.0,0.0,1,0.79,0.6,58.0,68.0,11,394.15,8,16.3928,0.0,0.1548,0
8,38.66,-0.848,9,1.58,0,10.0,0.0,0,,,64.0,30.0,2,375.03,12,8.0865,0.0,0.158,1
11,46.75,-0.449,7,1.53,1,64.0,17.3,0,,,46.0,8.0,0,481.53,4,9.6066,0.3623,0.1912,1
18,46.9,-1.105,13,1.82,1,53.0,25.44,0,,,63.0,67.0,3,377.32,8,11.3924,0.5311,0.13,1
7,45.53,-0.666,6,1.38,0,5.0,0.0,1,0.669,13.6,23.0,66.0,2,265.75,8,7.9853,0.0,0.1971,0
8,62.31,-0.842,8,1.16,1,44.0,20.92,0,,,8.0,45.0,0,202.63,12,9.1142,0.3304,0.1289,1
17,62.03,0.728,17,3.55,0,18.0,0.0,0,,,48.0,82.0,8,322.37,4,11.9766,0.0,0.1972,1
10,13.83,-0.674,10,1.43,0,8.0,0.0,0,,,76.0,57.0,0,231.59,4,6.4663,0.0,0.13,1
3,16.54,-1.016,9,2.94,0,8.0,0.0,1,0.654,24.9,38.0,72.0,1,298.22,8,3.971,0.0,0.294,0
8,7.14,-0.112,12,2.44,0,1.0,0.0,0,,,42.0,29.0,2,431.63,4,4.6071,0.0,0.1877,1
14,23.42,-0.88,11,1.68,1,90.0,22.82,0,,,16.0,41.0,4,214.31,24,8.6533,0.9345,0.14,1
27,72.19,0.898,25,7.9,1,71.0,37.14,0,,,58.0,71.0,7,766.55,24,14.3053,0.5074,0.3038,1
17,35.01,0.846,14,3.5,0,4.0,0.0,0,,,68.0,70.0,10,622.17,4,10.3585,0.0,0.2333,1
14,28.15,0.538,13,4.94,0,6.0,0.0,1,0.585,11.4,41.0,20.0,3,224.52,52,9.1328,0.0,0.3529,0
9,70.24,-1.274,13,1.97,0,1.0,0.0,0,,,54.0,54.0,0,99.88,4,9.823,0.0,0.1407,1
23,161.63,0.729,12,2.73,1,32.0,36.08,0,,,42.0,91.0,13,372.25,24,16.181,0.2219,0.21,1
7,22.33,0.422,11,1.54,1,35.0,5.52,0,,,73.0,61.0,2,387.12,8,6.5497,0.2366,0.1283,1
15,38.2,0.672,22,2.16,0,3.0,0.0,1,0.95,1.2,56.0,46.0,10,129.41,4,10.1717,0.0,0.0939,0
9,15.9,0.318,9,1.74,0,22.0,0.0,1,0.859,20.3,58.0,15.0,1,164.26,8,6.5101,0.0,0.174,0
12,20.78,0.986,12,7.07,0,0.0,0.0,1,0.627,17.4,19.0,69.0,3,198.26,24,7.9026,0.0,0.5438,0
10,47.11,-0.42,13,1.93,1,75.0,11.62,1,0.654,9.5,40.0,23.0,5,486.22,4,9.2882,0.2415,0.1379,0
17,42.19,-0.884,11,1.45,0,4.0,0.0,1,0.655,3.1,38.0,78.0,2,199.18,24,10.884,0.0,0.1208,0
20,21.46,0.808,6,1.88,0,2.0,0.0,1,0.757,8.3,65.0,76.0,3,175.04,8,9.4737,0.0,0.2686,0
19,103.3,1.27,19,4.75,1,68.0,164.0,0,,,74.0,53.0,5,387.67,8,13.922,1.5724,0.2375,1
9,14.64,-0.88,10,2.34,0,11.0,0.0,0,,,23.0,66.0,2,388.48,12,6.3317,0.0,0.2127,1
17,42.59,0.029,21,1.55,1,69.0,52.28,0,,,53.0,76.0,5,192.1,24,10.9107,1.1994,0.0705,1
13,29.53,1.15,13,7.03,0,5.0,0.0,1,0.39,11.0,55.0,36.0,4,82.76,12,9.0222,0.0,0.5021,0
8,14.1,-0.085,6,1.45,1,65.0,24.94,0,,,52.0,43.0,3,683.15,24,5.9648,1.6517,0.2071,1
8,171.63,-0.609,8,1.52,0,1.0,0.0,0,,,70.0,73.0,3,327.12,12,11.3182,0.0,0.1689,1
19,39.34,0.366,11,3.46,0,4.0,0.0,1,0.93,5.1,50.0,34.0,3,351.15,24,11.0763,0.0,0.2883,0
20,69.24,1.041,11,8.96,0,2.0,0.0,0,,,54.0,80.0,9,207.33,4,12.9451,0.0,0.7467,1
10,37.13,0.266,16,1.19,0,0.0,0.0,0,,,37.0,59.0,3,505.19,4,8.7307,0.0,0.07,1
20,43.36,0.371,9,3.89,0,2.0,0.0,1,0.786,4.7,43.0,14.0,5,217.92,4,11.5459,0.0,0.389,0
34,39.23,0.9,22,4.39,0,0.0,0.0,0,,,17.0,70.0,8,721.19,8,13.1356,0.0,0.1909,1
8,94.22,-0.498,15,3.3,1,42.0,23.66,1,0.441,16.2,42.0,86.0,4,358.4,52,10.011,0.2485,0.2062,0
20,66.08,0.834,18,6.29,1,59.0,64.17,0,,,41.0,20.0,5,190.8,8,12.8049,0.9566,0.3311,1
17,92.98,-0.022,9,3.04,0,7.0,0.0,0,,,59.0,63.0,2,265.98,8,13.1312,0.0,0.304,1
5,32.1,-0.276,10,1.92,1,92.0,14.83,1,0.801,9.8,24.0,54.0,4,216.52,12,6.2703,0.448,0.1745,0
24,113.1,0.647,17,2.36,1,24.0,51.5,0,,,42.0,75.0,8,287.58,8,15.2481,0.4514,0.1311,1
15,14.82,-0.603,9,3.0,1,39.0,38.36,0,,,39.0,53.0,5,187.0,4,7.6559,2.4248,0.3,1
13,61.19,-0.013,22,4.85,0,5.0,0.0,1,0.577,19.9,58.0,76.0,7,352.72,8,10.8998,0.0,0.2109,0
13,17.38,-0.198,15,2.98,1,88.0,14.47,1,0.698,6.3,34.0,94.0,4,83.68,12,7.683,0.7873,0.1862,0
24,80.19,0.844,16,3.82,1,43.0,43.79,0,,,58.0,50.0,8,709.36,4,14.1527,0.5394,0.2247,1
24,52.71,0.722,16,2.6,0,5.0,0.0,1,0.951,5.3,37.0,62.0,6,410.95,8,12.8227,0.0,0.1529,0
20,37.16,-0.279,7,2.02,0,5.0,0.0,1,0.702,40.1,80.0,27.0,6,232.69,8,11.0875,0.0,0.2525,0
15,39.41,0.119,16,2.15,1,35.0,36.0,1,0.777,10.3,17.0,46.0,12,373.57,4,10.256,0.8909,0.1265,0
25,47.94,0.628,17,4.48,1,94.0,82.83,1,0.791,10.4,46.0,67.0,6,834.6,12,12.6759,1.6925,0.2489,0
15,94.61,0.12,15,1.74,1,81.0,52.97,0,,,61.0,55.0,4,219.65,8,12.6438,0.554,0.1088,1
8,20.88,-0.104,8,1.29,0,2.0,0.0,1,0.853,13.4,56.0,56.0,4,131.72,52,6.7797,0.0,0.1433,0
16,46.32,-0.098,7,2.77,0,10.0,0.0,0,,,43.0,87.0,6,135.87,12,10.9275,0.0,0.3462,1
9,17.82,-0.548,12,2.96,0,12.0,0.0,1,0.966,13.8,54.0,38.0,6,396.43,12,6.7579,0.0,0.2277,0
29,49.6,-0.082,22,4.03,0,9.0,0.0,1,0.845,3.1,29.0,97.0,8,202.53,4,13.3461,0.0,0.1752,0
21,79.25,-0.689,14,2.97,0,3.0,0.0,0,,,51.0,77.0,6,374.22,8,13.5547,0.0,0.198,1
10,12.93,-0.99,7,1.35,1,30.0,25.88,1,0.952,17.7,90.0,35.0,0,186.16,4,6.3162,1.8579,0.1688,0
25,10.31,-0.012,19,3.41,1,94.0,40.06,0,,,16.0,53.0,3,158.81,52,7.9031,3.542,0.1705,1
12,72.39,0.592,14,6.73,0,10.0,0.0,0,,,45.0,69.0,5,282.3,12,11.0185,0.0,0.4487,1
5,104.1,-0.788,12,0.93,0,4.0,0.0,1,0.773,9.9,81.0,64.0,1,199.91,24,8.3405,0.0,0.0715,0
8,11.6,-0.489,11,2.76,1,94.0,19.97,1,0.534,44.1,67.0,58.0,0,188.0,12,5.5671,1.5849,0.23,0
12,12.73,0.203,7,2.95,0,3.0,0.0,0,,,43.0,23.0,1,133.54,12,6.7191,0.0,0.3688,1
3,38.68,-0.69,13,1.47,1,48.0,22.61,0,,,15.0,51.0,2,95.04,4,5.1027,0.5698,0.105,1
13,62.18,-0.415,12,1.86,0,1.0,0.0,1,0.793,2.0,47.0,39.0,3,173.13,8,10.9415,0.0,0.1431,0
9,15.97,-0.241,10,0.86,0,2.0,0.0,1,0.663,2.8,10.0,81.0,7,480.2,12,6.5196,0.0,0.0782,0
24,104.57,-0.799,18,6.29,0,2.0,0.0,0,,,69.0,53.0,5,113.29,8,14.9979,0.0,0.3311,1
34,45.65,1.121,20,3.0,1,84.0,82.44,0,,,89.0,57.0,13,442.75,24,13.662,1.7672,0.1429,1
11,70.63,-0.575,13,3.31,1,48.0,32.99,0,,,82.0,90.0,6,271.64,8,10.6143,0.4606,0.2364,1
21,44.58,1.093,13,4.24,1,65.0,39.33,0,,,38.0,88.0,11,511.32,12,11.8061,0.8629,0.3029,1
10,32.23,-0.263,14,1.48,1,85.0,13.59,0,,,20.0,31.0,1,103.35,12,8.4009,0.409,0.0987,1
16,98.11,-0.491,2,2.26,0,3.0,0.0,1,0.74,28.5,89.0,91.0,5,199.05,4,13.0221,0.0,0.7533,0
17,127.85,0.216,21,4.01,0,8.0,0.0,1,0.797,20.4,21.0,59.0,7,1479.83,12,14.0433,0.0,0.1823,0
22,108.48,-0.797,14,0.88,0,4.0,0.0,1,0.889,20.1,56.0,67.0,3,214.21,4,14.7235,0.0,0.0587,0
19,52.63,-0.037,11,2.53,0,10.0,0.0,1,0.786,7.0,41.0,58.0,5,742.05,24,11.9293,0.0,0.2108,0
18,46.06,-0.176,13,6.15,0,2.0,0.0,0,,,73.0,43.0,1,91.22,4,11.3403,0.0,0.4393,1
4,16.6,0.351,3,3.63,1,60.0,7.38,1,0.849,15.8,73.0,24.0,2,308.48,12,4.6157,0.4193,0.9075,0
23,77.97,0.335,24,2.26,1,19.0,18.01,0,,,74.0,64.0,5,378.95,12,13.8851,0.2281,0.0904,1
10,42.3,-1.312,10,3.35,1,88.0,24.26,0,,,5.0,26.0,6,144.74,8,9.0356,0.5603,0.3045,1
18,136.93,0.719,16,5.55,0,2.0,0.0,0,,,85.0,40.0,3,113.77,8,14.5065,0.0,0.3265,1
23,115.56,0.513,19,5.27,1,58.0,35.09,1,0.566,22.6,60.0,43.0,7,447.44,8,15.1225,0.301,0.2635,0
23,27.45,0.547,18,5.51,0,6.0,0.0,0,,,45.0,22.0,7,480.22,8,10.6406,0.0,0.29,1
15,36.89,-0.932,17,4.18,0,1.0,0.0,0,,,54.0,97.0,7,334.4,12,10.0775,0.0,0.2322,1
21,73.5,0.775,8,1.62,1,58.0,27.3,0,,,73.0,77.0,4,885.85,24,13.3249,0.3664,0.18,1
2,39.22,-1.73,10,2.5,0,7.0,0.0,1,0.566,14.7,43.0,40.0,6,205.69,8,4.0587,0.0,0.2273,0
6,42.7,-0.561,6,3.15,0,10.0,0.0,1,0.881,11.8,58.0,43.0,0,150.66,12,7.3504,0.0,0.45,0
29,73.07,0.607,11,3.87,1,28.0,26.08,1,0.934,6.8,61.0,60.0,5,222.95,8,14.6422,0.3521,0.3225,0
7,20.02,0.656,10,1.25,1,78.0,6.86,0,,,33.0,33.0,2,163.81,4,6.3329,0.3264,0.1136,1
11,26.38,-0.298,8,2.66,1,28.0,7.86,0,,,35.0,92.0,5,513.7,8,8.2246,0.2871,0.2956,1
28,42.6,0.072,15,1.26,1,83.0,27.03,0,,,27.0,70.0,11,238.51,8,12.7117,0.62,0.0788,1
19,22.55,1.355,19,4.54,1,47.0,23.34,1,0.806,5.7,69.0,78.0,5,372.72,12,9.4639,0.9911,0.227,0
4,15.63,0.268,7,1.68,0,16.0,0.0,1,0.606,20.5,28.0,76.0,4,267.66,24,4.5245,0.0,0.21,0
29,44.66,1.193,14,9.68,0,10.0,0.0,1,0.712,24.2,35.0,98.0,5,173.21,4,12.9967,0.0,0.6453,0
15,63.24,-0.134,18,3.78,0,8.0,0.0,0,,,29.0,63.0,2,365.95,4,11.5413,0.0,0.1989,1
13,74.2,-0.042,12,2.16,1,86.0,11.81,1,0.9,4.8,78.0,74.0,3,600.5,8,11.4011,0.157,0.1662,0
12,56.8,0.155,12,2.12,0,4.0,0.0,0,,,27.0,55.0,0,98.95,24,10.406,0.0,0.1631,1
21,59.28,0.331,15,1.97,1,53.0,27.23,0,,,60.0,61.0,6,288.53,8,12.6702,0.4517,0.1231,1
11,78.25,-0.666,8,0.81,1,71.0,12.51,0,,,52.0,33.0,4,121.87,8,10.8655,0.1579,0.09,1
23,48.07,1.689,17,6.25,1,58.0,32.96,0,,,48.0,46.0,14,504.08,8,12.373,0.6717,0.3472,1
28,119.06,0.149,26,7.9,0,10.0,0.0,0,,,92.0,65.0,10,257.18,8,16.1226,0.0,0.2926,1
21,28.28,0.779,11,3.17,1,65.0,28.4,0,,,71.0,7.0,7,109.18,4,10.4382,0.9699,0.2642,1
20,39.31,0.558,17,4.78,0,2.0,0.0,1,0.806,3.1,71.0,41.0,6,353.0,4,11.2544,0.0,0.2656,0
18,71.2,0.688,5,5.68,0,3.0,0.0,1,0.773,6.1,74.0,60.0,7,624.25,8,12.6006,0.0,0.9467,0
32,281.6,1.162,22,4.93,1,49.0,27.19,1,0.81,1.6,44.0,82.0,8,332.91,24,19.7344,0.0962,0.2143,0
19,144.36,-0.219,20,6.51,1,48.0,14.56,0,,,76.0,96.0,5,167.2,8,14.9164,0.1002,0.31,1
7,63.6,0.295,11,3.94,0,10.0,0.0,0,,,72.0,43.0,2,435.43,4,8.6676,0.0,0.3283,1
7,37.0,0.16,9,1.64,1,47.0,17.09,0,,,44.0,22.0,3,370.11,24,7.5641,0.4497,0.164,1
20,24.32,-0.234,9,7.98,0,0.0,0.0,0,,,57.0,82.0,5,159.6,8,9.8387,0.0,0.798,1
12,43.06,-0.338,12,4.43,0,4.0,0.0,1,0.523,6.3,65.0,22.0,8,348.98,8,9.7098,0.0,0.3408,0
11,29.23,0.128,11,3.01,1,61.0,24.25,0,,,19.0,86.0,4,120.65,8,8.4706,0.8022,0.2508,1
12,36.43,-0.006,15,4.41,0,3.0,0.0,0,,,54.0,79.0,7,290.75,4,9.2915,0.0,0.2756,1
10,36.69,-0.3,9,2.97,1,58.0,8.14,0,,,56.0,13.0,1,159.55,8,8.7029,0.216,0.297,1
14,13.09,-0.284,12,2.08,0,1.0,0.0,1,0.488,1.8,65.0,72.0,3,38.13,52,7.1641,0.0,0.16,0
20,78.92,-0.065,16,6.61,1,40.0,25.79,0,,,66.0,85.0,4,757.67,8,13.3381,0.3227,0.3888,1
9,24.12,-0.788,12,0.81,0,8.0,0.0,1,0.92,31.4,57.0,56.0,4,324.11,12,7.4228,0.0,0.0623,0
18,161.76,0.506,17,4.92,0,4.0,0.0,0,,,35.0,69.0,7,244.59,12,14.9939,0.0,0.2733,1
12,33.31,0.638,14,2.29,1,70.0,21.19,0,,,53.0,34.0,6,982.68,52,9.0682,0.6176,0.1527,1
24,56.53,0.199,20,1.66,1,31.0,40.19,1,0.586,1.8,68.0,85.0,4,197.6,8,13.0439,0.6986,0.079,0
23,69.47,1.437,8,4.39,1,55.0,82.91,1,0.899,4.9,51.0,71.0,9,115.41,4,13.5232,1.1765,0.4878,0
12,43.17,-0.861,15,6.3,1,76.0,15.68,1,0.725,3.2,49.0,48.0,2,170.6,12,9.7161,0.355,0.3938,0
12,82.72,-0.229,16,1.37,0,2.0,0.0,0,,,71.0,78.0,6,134.28,8,11.3563,0.0,0.0806,1
18,26.26,0.039,19,2.28,0,4.0,0.0,0,,,33.0,57.0,7,218.55,4,9.7326,0.0,0.114,1
11,189.95,1.319,9,2.52,1,69.0,26.05,1,0.725,9.1,72.0,88.0,8,355.69,24,13.0508,0.1364,0.252,0
7,24.86,-0.169,10,1.41,0,6.0,0.0,0,,,10.0,18.0,3,180.9,4,6.7638,0.0,0.1282,1
14,46.54,-0.792,18,5.51,1,54.0,29.35,0,,,43.0,75.0,4,191.23,8,10.4573,0.6174,0.29,1
7,35.75,-1.602,5,1.04,0,3.0,0.0,1,0.388,12.6,11.0,22.0,3,248.33,8,7.4946,0.0,0.1733,0
5,23.22,0.292,11,2.32,0,1.0,0.0,0,,,69.0,60.0,3,89.75,8,5.7107,0.0,0.1933,1
7,16.47,-0.262,7,5.39,0,12.0,0.0,1,0.69,5.3,52.0,66.0,3,57.17,8,5.9482,0.0,0.6738,0
16,57.62,1.042,16,5.95,1,91.0,17.31,1,0.926,8.5,57.0,85.0,5,781.41,4,11.5342,0.2953,0.35,0
11,16.54,-0.679,3,2.22,0,12.0,0.0,0,,,28.0,37.0,5,483.55,24,7.118,0.0,0.555,1
6,14.34,0.908,12,2.68,0,1.0,0.0,0,,,61.0,37.0,3,184.74,52,5.3132,0.0,0.2062,1
22,120.57,0.246,17,0.88,0,4.0,0.0,0,,,35.0,69.0,7,852.97,4,15.0519,0.0,0.0489,1
20,32.55,1.077,27,3.51,1,44.0,58.02,1,0.793,0.6,75.0,94.0,11,433.29,8,10.6955,1.7294,0.1254,0
18,52.18,0.618,12,1.85,0,14.0,0.0,1,0.962,7.0,65.0,50.0,5,235.0,12,11.7003,0.0,0.1423,0
11,70.45,-0.908,14,3.16,1,81.0,17.12,0,,,46.0,84.0,5,133.8,8,10.6081,0.2396,0.2107,1
21,84.02,0.657,11,2.98,0,6.0,0.0,0,,,42.0,38.0,10,567.18,12,13.7332,0.0,0.2483,1
24,128.79,-0.782,16,4.45,1,34.0,29.25,0,,,43.0,77.0,6,610.62,12,15.6628,0.2254,0.2618,1
16,62.76,0.954,15,6.47,1,56.0,10.19,0,,,45.0,60.0,2,689.78,12,11.7724,0.1598,0.4044,1
9,15.41,-1.227,10,1.34,1,47.0,11.83,1,0.649,36.2,23.0,81.0,4,161.61,8,6.4424,0.7209,0.1218,0
15,76.37,0.362,16,7.97,0,10.0,0.0,1,0.922,2.1,85.0,76.0,12,663.23,52,12.0569,0.0,0.4688,0
11,53.29,-0.379,18,1.63,0,1.0,0.0,0,,,51.0,47.0,6,120.69,24,9.9256,0.0,0.0858,1
25,157.71,1.461,22,5.95,0,4.0,0.0,1,0.58,19.6,81.0,88.0,10,549.65,4,16.509,0.0,0.2587,0
17,42.5,0.618,7,7.07,0,1.0,0.0,1,0.935,43.3,69.0,70.0,3,1309.42,12,10.9047,0.0,0.8838,0
13,66.05,0.031,11,2.36,0,3.0,0.0,0,,,79.0,86.0,8,553.89,4,11.0984,0.0,0.1967,1
9,71.11,-0.105,12,1.75,1,75.0,28.96,1,0.681,18.9,18.0,18.0,2,321.3,4,9.8509,0.4016,0.1346,0
16,67.49,1.629,18,3.28,0,5.0,0.0,0,,,63.0,62.0,5,331.26,12,11.9751,0.0,0.1726,1
11,85.04,0.222,12,4.57,0,3.0,0.0,0,,,46.0,50.0,5,511.55,12,11.0698,0.0,0.3515,1
23,36.11,1.036,11,5.85,1,59.0,90.18,0,,,80.0,57.0,8,46.4,12,11.4851,2.4301,0.4875,1
9,43.53,-2.045,12,2.04,0,3.0,0.0,0,,,38.0,75.0,1,513.1,12,8.741,0.0,0.1569,1
12,68.83,0.1,11,1.91,1,58.0,18.27,1,0.828,5.6,60.0,29.0,2,143.78,12,10.8909,0.2616,0.1592,0
12,111.55,-0.21,12,1.87,1,52.0,16.7,1,0.813,7.4,27.0,55.0,5,247.24,8,12.1153,0.1484,0.1438,0
14,71.54,-0.326,14,1.09,0,1.0,0.0,1,0.556,15.4,16.0,58.0,5,183.46,4,11.6017,0.0,0.0727,0
14,19.38,0.177,11,1.98,0,8.0,0.0,0,,,32.0,46.0,2,122.3,4,8.1636,0.0,0.165,1
13,30.02,-1.069,8,1.59,0,5.0,0.0,0,,,72.0,43.0,2,241.99,52,9.0642,0.0,0.1767,1
17,125.4,0.278,17,7.24,0,8.0,0.0,0,,,43.0,48.0,9,194.94,24,13.9878,0.0,0.4022,1
8,55.63,-1.045,12,4.48,0,1.0,0.0,1,0.533,11.1,11.0,46.0,3,129.75,4,8.8692,0.0,0.3446,0
18,41.34,0.249,17,2.34,1,82.0,40.49,1,0.816,5.2,44.0,35.0,4,216.23,8,11.0291,0.9563,0.13,0
12,47.66,-0.154,7,3.07,0,2.0,0.0,1,0.788,6.6,56.0,69.0,9,248.12,4,9.9645,0.0,0.3838,0
12,74.69,-0.345,16,5.57,0,2.0,0.0,0,,,18.0,56.0,2,220.32,8,11.0976,0.0,0.3276,1
21,319.65,1.277,15,3.49,1,62.0,12.42,0,,,71.0,74.0,6,242.85,12,17.8364,0.0387,0.2181,1
32,43.18,1.411,11,3.86,1,38.0,23.55,0,,,31.0,89.0,10,122.44,12,13.2457,0.533,0.3217,1
27,37.5,0.968,21,7.65,1,69.0,53.16,1,0.653,18.9,87.0,73.0,10,317.07,12,12.1647,1.3808,0.3477,0
14,51.94,-0.714,11,3.86,1,88.0,36.7,0,,,64.0,92.0,3,217.82,52,10.7487,0.6932,0.3217,1
12,44.22,0.977,15,9.77,1,38.0,13.66,0,,,67.0,50.0,7,160.45,4,9.7764,0.3021,0.6106,1
17,28.76,-0.249,11,1.12,1,49.0,14.06,0,,,41.0,75.0,8,549.87,8,9.8075,0.4724,0.0933,1
14,98.78,0.5,10,2.73,0,14.0,0.0,1,0.611,22.5,31.0,48.0,2,365.85,4,12.4651,0.0,0.2482,0
17,43.6,0.935,14,8.29,0,9.0,0.0,1,0.666,6.7,49.0,24.0,6,471.66,12,10.9769,0.0,0.5527,0
26,37.66,0.131,20,4.17,1,74.0,10.0,0,,,74.0,81.0,4,234.39,12,12.0456,0.2587,0.1986,1
17,97.9,0.131,12,1.61,1,74.0,62.98,0,,,40.0,42.0,3,294.85,8,13.2787,0.6368,0.1238,1
40,38.29,1.643,17,5.29,1,77.0,23.96,1,0.575,0.4,80.0,80.0,14,890.77,4,13.6324,0.6098,0.2939,0
29,67.79,1.663,21,3.83,1,63.0,106.85,0,,,59.0,66.0,12,249.94,8,14.3907,1.5533,0.1741,1
34,128.02,1.41,22,16.35,1,84.0,41.85,1,0.967,12.0,60.0,49.0,12,516.35,4,17.2789,0.3244,0.7109,0
17,54.13,0.835,16,3.32,0,2.0,0.0,0,,,57.0,51.0,5,429.24,8,11.5895,0.0,0.1953,1
8,14.75,-0.837,8,2.78,1,40.0,13.81,1,0.629,12.3,68.0,10.0,1,604.56,52,6.0574,0.8768,0.3089,0
10,29.5,0.081,9,1.46,0,13.0,0.0,0,,,47.0,37.0,2,198.2,4,8.1954,0.0,0.146,1
20,30.34,0.561,14,5.85,1,83.0,41.49,1,0.716,11.1,27.0,59.0,3,684.66,12,10.4881,1.3239,0.39,0
6,35.05,-0.473,12,3.41,0,3.0,0.0,0,,,61.0,93.0,6,326.11,4,6.9759,0.0,0.2623,1
22,59.23,0.534,29,3.79,0,6.0,0.0,0,,,55.0,68.0,11,424.61,4,12.8498,0.0,0.1263,1
17,86.11,0.389,13,2.43,1,45.0,19.42,0,,,42.0,52.0,2,303.59,4,12.9118,0.2229,0.1736,1
13,17.64,-0.099,14,1.28,0,2.0,0.0,1,0.581,14.1,43.0,64.0,5,455.82,8,7.7201,0.0,0.0853,0
7,38.21,0.105,13,1.71,0,9.0,0.0,0,,,20.0,36.0,1,50.18,24,7.6293,0.0,0.1221,1
18,106.49,0.204,21,1.2,1,87.0,59.81,0,,,27.0,78.0,6,414.18,52,13.7723,0.5564,0.0545,1
11,39.47,-1.09,14,3.74,0,12.0,0.0,0,,,51.0,30.0,5,476.82,24,9.1955,0.0,0.2493,1
23,278.77,0.339,15,4.78,1,49.0,34.87,0,,,46.0,99.0,10,629.63,12,17.9051,0.1246,0.2988,1
17,37.24,0.845,14,2.9,0,3.0,0.0,0,,,39.0,59.0,2,104.81,4,10.5322,0.0,0.1933,1
8,64.81,-0.841,5,5.39,1,93.0,24.08,0,,,28.0,66.0,6,309.87,8,9.1993,0.3659,0.8983,1
13,25.19,-0.668,12,3.46,0,16.0,0.0,0,,,22.0,60.0,5,112.74,8,8.6175,0.0,0.2662,1
34,58.99,0.509,28,7.83,0,8.0,0.0,1,0.898,5.4,68.0,83.0,13,448.77,12,14.5562,0.0,0.27,0
2,53.92,-1.038,14,1.04,1,26.0,6.22,1,0.906,16.9,64.0,41.0,0,128.85,12,4.4009,0.1133,0.0693,0
16,48.78,0.437,9,4.05,0,6.0,0.0,1,0.874,1.6,64.0,59.0,6,462.85,24,11.0711,0.0,0.405,0
18,123.17,0.559,22,1.75,0,8.0,0.0,0,,,56.0,62.0,3,1167.16,8,14.1971,0.0,0.0761,1
14,62.75,0.441,11,3.74,1,83.0,20.67,0,,,19.0,83.0,2,986.11,8,11.2519,0.3242,0.3117,1
11,58.96,-0.637,12,0.94,0,4.0,0.0,1,0.616,9.3,65.0,40.0,2,436.65,8,10.1724,0.0,0.0723,0
14,24.24,-0.991,9,2.31,1,71.0,24.01,0,,,31.0,52.0,4,196.81,8,8.7428,0.9513,0.231,1
14,53.2,0.295,5,6.96,1,8.0,23.05,1,0.94,30.1,79.0,66.0,5,277.61,12,10.8124,0.4253,1.16,0
16,89.71,0.104,22,5.61,1,51.0,18.3,0,,,33.0,76.0,9,176.47,8,12.7712,0.2017,0.2439,1
10,77.33,-0.191,9,1.14,0,1.0,0.0,0,,,21.0,36.0,5,72.65,12,10.4571,0.0,0.114,1
9,36.58,-0.395,9,2.89,0,6.0,0.0,1,0.805,5.3,49.0,23.0,4,376.42,4,8.3503,0.0,0.289,0
19,56.83,0.938,11,4.39,0,6.0,0.0,0,,,94.0,33.0,8,880.94,8,12.1552,0.0,0.3658,1
17,88.36,0.04,22,1.32,0,4.0,0.0,0,,,60.0,53.0,10,714.39,4,12.9855,0.0,0.0574,1
32,156.33,0.116,23,5.39,0,1.0,0.0,0,,,58.0,83.0,14,152.31,4,17.6865,0.0,0.2246,1
9,52.7,0.008,16,0.56,1,21.0,12.7,0,,,66.0,87.0,3,125.02,12,9.1721,0.2365,0.0329,1
10,25.52,-0.943,9,1.94,1,43.0,19.1,0,,,73.0,23.0,2,310.82,8,7.8601,0.7202,0.194,1
12,32.86,-0.323,12,3.22,0,4.0,0.0,0,,,67.0,95.0,4,766.25,24,9.0344,0.0,0.2477,1
9,19.21,-0.398,6,3.93,0,9.0,0.0,0,,,38.0,53.0,1,85.57,4,6.922,0.0,0.5614,1
14,46.26,-0.313,14,1.74,1,34.0,27.53,0,,,67.0,64.0,9,897.21,12,10.4413,0.5825,0.116,1
7,83.45,-0.262,10,0.75,0,13.0,0.0,1,0.698,6.0,24.0,55.0,4,293.21,24,9.2247,0.0,0.0682,0
11,28.19,-0.605,8,1.7,0,5.0,0.0,1,0.699,33.6,53.0,87.0,1,57.11,52,8.3836,0.0,0.1889,0
17,50.32,-0.18,16,1.99,1,22.0,18.54,0,,,56.0,59.0,3,275.74,12,11.3825,0.3613,0.1171,1
23,29.72,-1.722,19,2.37,1,57.0,12.04,1,0.964,1.6,59.0,82.0,11,86.97,8,10.8846,0.3919,0.1185,0
12,102.48,0.461,10,1.8,0,3.0,0.0,0,,,53.0,71.0,0,47.97,8,11.8998,0.0,0.1636,1
18,37.58,-0.963,18,2.94,0,4.0,0.0,1,0.475,12.9,58.0,92.0,3,120.67,24,10.7553,0.0,0.1547,0
29,149.85,2.036,12,4.05,1,67.0,34.09,0,,,90.0,79.0,11,745.56,12,17.0614,0.226,0.3115,1
8,33.02,-0.894,11,1.74,0,21.0,0.0,0,,,52.0,75.0,4,811.22,12,7.7495,0.0,0.145,1
19,135.16,-0.357,18,3.31,1,55.0,23.7,0,,,53.0,53.0,6,170.85,24,14.7205,0.1741,0.1742,1
18,54.59,0.953,11,11.09,0,3.0,0.0,0,,,75.0,70.0,7,999.27,8,11.8308,0.0,0.9242,1
12,112.44,-0.825,8,2.4,0,14.0,0.0,0,,,29.0,55.0,0,95.84,24,12.1355,0.0,0.2667,1
13,64.06,-0.473,14,2.36,0,1.0,0.0,1,0.875,6.9,52.0,52.0,2,511.56,8,11.0189,0.0,0.1573,0
17,28.7,0.389,13,6.31,1,29.0,20.76,0,,,79.0,36.0,5,373.1,4,9.8017,0.699,0.4507,1
17,113.8,-0.104,16,5.54,0,12.0,0.0,1,0.963,26.5,32.0,29.0,4,924.64,8,13.7096,0.0,0.3259,0
16,10.97,-0.132,9,2.25,0,13.0,0.0,1,0.865,6.2,28.0,76.0,7,513.4,12,7.0332,0.0,0.225,0
9,16.05,0.16,9,3.42,0,5.0,0.0,1,0.415,12.3,66.0,27.0,0,193.91,4,6.5305,0.0,0.342,0
8,36.7,0.034,8,3.2,0,10.0,0.0,0,,,32.0,55.0,4,1073.97,8,7.9752,0.0,0.3556,1
31,43.55,0.298,28,4.74,1,78.0,23.67,1,0.731,16.7,66.0,76.0,8,252.44,24,13.1581,0.5313,0.1634,0
14,27.18,0.257,15,3.89,1,61.0,57.27,0,,,44.0,78.0,5,88.68,8,9.0411,2.0323,0.2431,1
15,76.16,0.705,26,6.58,0,0.0,0.0,1,0.781,7.3,14.0,25.0,3,347.03,12,12.0493,0.0,0.2437,0
12,74.21,0.299,6,2.31,0,3.0,0.0,0,,,69.0,82.0,3,182.56,24,11.0813,0.0,0.33,1
13,151.54,0.239,17,4.34,0,8.0,0.0,0,,,13.0,50.0,8,89.31,12,13.2677,0.0,0.2411,1
36,112.65,1.285,22,2.63,0,4.0,0.0,0,,,78.0,80.0,11,2418.0,8,17.0909,0.0,0.1143,1
9,38.13,0.433,7,4.64,0,2.0,0.0,1,0.385,4.4,48.0,75.0,2,98.63,8,8.4433,0.0,0.58,0
26,27.4,1.517,19,4.62,1,70.0,62.12,0,,,78.0,90.0,13,613.68,4,11.0292,2.1873,0.231,1
13,31.57,0.37,19,2.63,0,0.0,0.0,1,0.726,4.9,53.0,55.0,7,373.8,24,9.1929,0.0,0.1315,0
37,114.64,0.711,22,3.1,1,49.0,44.78,1,0.812,26.6,65.0,46.0,7,447.95,8,17.2803,0.3872,0.1348,0
15,27.03,-1.162,12,2.73,1,97.0,20.02,0,,,27.0,72.0,2,96.8,24,9.2418,0.7142,0.21,1
14,58.25,-0.144,14,2.12,1,79.0,14.55,0,,,40.0,56.0,4,290.57,4,11.0536,0.2456,0.1413,1
24,15.98,0.154,15,2.22,1,56.0,18.8,0,,,33.0,85.0,3,381.59,4,9.116,1.1072,0.1388,1
22,96.03,0.176,19,3.9,0,3.0,0.0,0,,,29.0,72.0,10,154.32,24,14.3449,0.0,0.195,1
15,21.6,0.979,11,3.68,1,61.0,14.8,1,0.904,2.4,54.0,68.0,8,155.43,8,8.6448,0.6549,0.3067,0
12,30.95,-0.672,12,3.57,0,5.0,0.0,0,,,68.0,67.0,0,37.73,8,8.8854,0.0,0.2746,1
20,112.44,1.242,15,2.95,0,5.0,0.0,0,,,53.0,54.0,11,473.07,12,14.4045,0.0,0.1844,1
21,86.77,0.793,19,2.33,1,55.0,37.63,0,,,39.0,55.0,6,347.39,12,13.8315,0.4287,0.1165,1
19,52.77,-0.447,20,6.22,0,10.0,0.0,0,,,63.0,70.0,7,270.8,8,11.9371,0.0,0.2962,1
14,49.49,0.027,19,2.88,1,12.0,14.96,0,,,56.0,43.0,7,397.86,4,10.6204,0.2963,0.144,1
23,44.84,-0.526,15,5.76,0,11.0,0.0,1,0.775,8.8,21.0,93.0,6,983.55,12,12.1566,0.0,0.36,0
14,64.79,-0.338,12,1.63,1,84.0,21.75,0,,,49.0,66.0,2,246.17,4,11.3372,0.3306,0.1254,1
16,51.75,0.174,15,3.87,1,38.0,26.13,1,0.627,12.8,76.0,40.0,5,681.22,8,11.2353,0.4954,0.2419,0
18,101.73,0.166,19,11.92,0,9.0,0.0,0,,,63.0,84.0,8,111.92,52,13.6389,0.0,0.596,1
12,85.41,-0.076,8,2.37,1,88.0,11.22,1,0.87,31.6,42.0,82.0,0,177.34,12,11.4374,0.1298,0.2633,0
7,26.65,-0.188,10,2.24,0,10.0,0.0,0,,,62.0,66.0,6,1082.24,4,6.903,0.0,0.2036,1
14,23.72,-1.295,17,5.49,0,13.0,0.0,0,,,18.0,86.0,6,161.44,8,8.6864,0.0,0.305,1
14,61.26,0.595,13,1.03,1,58.0,29.78,0,,,56.0,51.0,6,228.31,4,11.1878,0.4783,0.0736,1
36,67.88,1.831,24,12.39,1,67.0,18.61,1,0.892,0.6,90.0,88.0,9,687.58,12,15.2827,0.2702,0.4956,0
18,37.64,0.175,13,6.45,1,37.0,46.37,1,0.978,13.1,55.0,68.0,8,407.58,4,10.7598,1.2001,0.4607,0
18,22.38,-0.246,10,3.22,0,7.0,0.0,1,0.811,20.4,23.0,68.0,3,120.01,12,9.2805,0.0,0.2927,0
11,52.77,0.501,5,0.92,1,61.0,19.2,0,,,38.0,51.0,1,167.77,12,9.9016,0.3571,0.1533,1
20,43.7,1.022,13,1.82,0,2.0,0.0,0,,,24.0,60.0,4,249.88,12,11.5691,0.0,0.13,1
24,176.5,-0.468,17,6.32,1,96.0,54.81,1,0.869,9.6,91.0,79.0,15,380.5,4,16.6705,0.3088,0.3511,0
6,13.15,-0.472,8,1.55,1,76.0,6.17,1,0.648,5.8,83.0,54.0,1,173.87,12,5.1561,0.436,0.1722,0
19,194.23,-0.82,16,3.49,1,66.0,46.88,0,,,67.0,75.0,7,920.4,12,15.8,0.2401,0.2053,1
17,72.52,-0.488,14,3.39,0,5.0,0.0,0,,,58.0,66.0,11,442.79,12,12.4215,0.0,0.226,1
18,38.06,-0.331,10,12.93,0,2.0,0.0,1,0.943,13.9,83.0,72.0,7,1291.54,4,10.7917,0.0,1.1755,0
23,51.6,1.231,12,3.98,1,45.0,19.48,1,0.711,0.0,35.0,74.0,9,299.52,24,12.5937,0.3703,0.3062,0
6,33.84,-0.187,7,1.59,1,31.0,7.78,1,0.561,5.3,21.0,21.0,1,363.45,4,6.9095,0.2233,0.1988,0
12,45.84,1.052,9,1.51,0,2.0,0.0,0,,,40.0,85.0,3,478.18,24,9.8667,0.0,0.151,1
16,67.7,-0.425,10,4.27,0,7.0,0.0,1,0.543,7.6,77.0,81.0,2,58.25,4,11.9838,0.0,0.3882,0
17,73.99,0.698,7,0.65,0,4.0,0.0,0,,,30.0,30.0,6,435.65,4,12.4788,0.0,0.0812,1
23,25.98,0.181,10,6.81,1,84.0,36.7,1,0.618,8.6,64.0,31.0,4,372.9,8,10.472,1.3603,0.6191,0
6,37.88,-0.211,8,2.96,0,2.0,0.0,0,,,38.0,29.0,2,225.06,4,7.123,0.0,0.3289,1
7,28.62,0.796,9,3.52,0,6.0,0.0,0,,,41.0,75.0,1,460.07,52,7.0461,0.0,0.352,1
10,35.68,-0.574,15,3.68,0,3.0,0.0,0,,,17.0,83.0,2,117.21,4,8.6378,0.0,0.23,1
23,15.69,0.008,19,2.96,1,50.0,45.88,0,,,38.0,52.0,8,365.47,4,8.9456,2.749,0.148,1
19,69.62,-0.075,12,3.67,0,14.0,0.0,1,0.395,5.7,85.0,52.0,3,200.02,8,12.7538,0.0,0.2823,0
16,64.27,0.45,18,4.07,0,4.0,0.0,0,,,80.0,60.0,6,904.25,8,11.8387,0.0,0.2142,1
14,23.67,0.1,15,3.29,1,56.0,19.88,0,,,41.0,53.0,7,159.35,8,8.6809,0.8058,0.2056,1
10,21.11,-0.336,17,5.43,0,3.0,0.0,0,,,32.0,93.0,9,882.54,4,7.424,0.0,0.3017,1
23,92.67,0.653,20,3.88,0,0.0,0.0,1,0.961,0.9,74.0,63.0,10,189.64,12,14.4277,0.0,0.1848,0
19,91.83,-0.336,16,2.77,1,54.0,55.83,1,0.533,6.2,39.0,33.0,3,312.27,12,13.573,0.6014,0.1629,0
12,39.01,-0.389,14,1.97,0,10.0,0.0,1,0.607,14.4,24.0,82.0,5,113.1,12,9.4624,0.0,0.1313,0
27,90.72,-0.544,22,1.87,0,4.0,0.0,0,,,31.0,64.0,7,267.95,4,15.0574,0.0,0.0813,1
20,21.25,0.19,18,3.12,1,30.0,16.28,1,0.674,4.2,52.0,73.0,4,707.65,8,9.4451,0.7317,0.1642,0
10,43.34,-1.397,8,3.5,0,14.0,0.0,0,,,54.0,78.0,4,301.15,4,9.0925,0.0,0.3889,1
13,44.53,-0.415,15,2.5,0,12.0,0.0,1,0.923,11.2,66.0,87.0,4,831.53,24,10.0769,0.0,0.1562,0
15,43.62,-0.569,16,1.82,0,8.0,0.0,1,0.885,2.1,50.0,36.0,2,215.12,12,10.5308,0.0,0.1071,0
20,76.71,0.967,20,4.04,0,6.0,0.0,0,,,21.0,93.0,7,94.88,8,13.2528,0.0,0.1924,1
13,16.21,-0.658,10,0.83,0,3.0,0.0,0,,,77.0,5.0,7,65.22,24,7.5094,0.0,0.0755,1
16,37.31,-0.322,14,2.57,1,53.0,23.42,1,0.894,6.0,45.0,71.0,4,129.13,8,10.3291,0.6113,0.1713,0
10,43.33,0.877,9,3.33,1,67.0,25.11,0,,,62.0,88.0,1,93.49,4,9.092,0.5664,0.333,1
17,171.42,-0.844,8,2.23,0,6.0,0.0,0,,,31.0,79.0,7,152.3,12,14.8852,0.0,0.2478,1
15,25.55,0.154,8,8.89,1,49.0,28.19,0,,,51.0,33.0,11,808.91,8,9.0914,1.0618,0.9878,1
30,74.43,0.508,23,6.3,1,73.0,30.3,0,,,67.0,83.0,8,661.69,12,14.8458,0.4017,0.2625,1
22,57.43,1.101,15,3.4,0,6.0,0.0,1,0.756,9.5,85.0,73.0,4,341.23,24,12.7547,0.0,0.2125,0
16,54.83,-0.143,11,6.49,0,1.0,0.0,1,0.966,0.2,15.0,38.0,5,149.2,52,11.3961,0.0,0.5408,0
10,47.6,0.17,10,3.79,0,2.0,0.0,0,,,59.0,77.0,6,407.55,4,9.3125,0.0,0.3445,1
12,76.13,-0.386,12,5.46,1,73.0,34.0,1,0.865,17.0,48.0,50.0,2,152.12,24,11.146,0.4408,0.42,0
6,30.46,0.51,11,3.7,0,0.0,0.0,1,0.908,17.7,75.0,57.0,3,192.34,12,6.7109,0.0,0.3083,0
12,36.22,0.416,10,3.18,1,31.0,31.92,1,0.953,5.4,61.0,65.0,2,461.7,4,9.277,0.8576,0.2891,0
9,23.54,-0.048,15,1.43,0,4.0,0.0,1,0.672,1.9,61.0,86.0,4,75.07,12,7.369,0.0,0.0894,0
8,47.81,-1.315,6,1.17,0,8.0,0.0,0,,,71.0,16.0,1,127.87,12,8.5427,0.0,0.1671,1
8,13.29,-0.892,10,1.88,1,59.0,15.76,0,,,72.0,31.0,1,407.77,52,5.8437,1.1029,0.1709,1
19,35.59,0.434,22,3.11,0,5.0,0.0,0,,,12.0,29.0,3,349.43,12,10.784,0.0,0.1352,1
10,11.03,-0.481,6,1.76,0,7.0,0.0,0,,,60.0,46.0,0,75.17,24,5.9645,0.0,0.2514,1
18,21.47,-1.494,17,2.36,1,66.0,42.27,1,0.914,10.3,28.0,69.0,3,231.76,24,9.1636,1.8812,0.1311,0
6,39.63,-0.295,12,1.27,0,4.0,0.0,0,,,41.0,55.0,0,183.14,8,7.2086,0.0,0.0977,1
6,18.23,0.363,5,4.18,0,4.0,0.0,1,0.41,2.5,51.0,19.0,4,855.88,8,5.753,0.0,0.6967,0
8,7.58,-0.948,11,1.86,0,15.0,0.0,0,,,47.0,44.0,4,119.62,4,4.7228,0.0,0.155,1
28,89.92,1.241,18,13.35,0,2.0,0.0,1,0.428,9.9,39.0,62.0,3,263.8,8,15.1864,0.0,0.7026,0
16,12.69,0.332,12,3.65,0,8.0,0.0,0,,,56.0,82.0,4,397.39,4,7.4136,0.0,0.2808,1
19,41.11,1.386,14,3.88,1,82.0,71.93,1,0.819,32.1,25.0,99.0,6,252.22,8,11.2049,1.7081,0.2587,0
23,80.26,0.145,9,2.11,0,5.0,0.0,1,0.599,2.9,55.0,21.0,7,244.79,4,13.976,0.0,0.211,0
15,36.87,-0.137,14,1.6,0,14.0,0.0,0,,,27.0,81.0,4,325.56,12,10.076,0.0,0.1067,1
11,42.23,-1.645,15,3.26,0,2.0,0.0,1,0.286,3.0,50.0,51.0,3,155.9,24,9.3595,0.0,0.2037,0
13,50.85,-0.166,14,4.25,0,2.0,0.0,0,,,50.0,96.0,6,133.61,12,10.4199,0.0,0.2833,1
21,75.92,0.938,20,3.86,1,95.0,24.19,0,,,46.0,17.0,4,99.32,4,13.4237,0.3145,0.1838,1
22,66.0,-0.094,23,5.68,0,10.0,0.0,1,0.919,2.4,65.0,54.0,9,1007.69,4,13.1838,0.0,0.2367,0
6,47.2,-0.644,2,2.82,0,1.0,0.0,1,0.774,0.8,40.0,35.0,1,390.72,12,7.5411,0.0,0.94,0
8,11.6,-0.59,4,1.97,1,53.0,10.9,0,,,55.0,31.0,1,124.97,4,5.5671,0.8651,0.394,1
24,48.31,-0.318,19,3.63,1,49.0,42.9,0,,,31.0,79.0,4,299.56,4,12.5476,0.87,0.1815,1
15,89.7,-0.153,12,2.35,0,11.0,0.0,1,0.61,23.2,26.0,95.0,4,407.76,8,12.4976,0.0,0.1808,0
18,21.89,0.846,13,1.5,0,1.0,0.0,1,0.612,14.6,45.0,58.0,3,379.07,12,9.2182,0.0,0.1071,0
9,43.07,-0.07,12,1.62,1,38.0,19.12,0,,,9.0,60.0,7,121.81,24,8.7171,0.4339,0.1246,1
16,59.99,0.936,11,1.95,1,38.0,24.86,0,,,53.0,52.0,9,453.26,12,11.6465,0.4076,0.1625,1
5,47.31,-0.82,6,2.3,1,68.0,8.22,0,,,29.0,62.0,1,119.37,24,6.9478,0.1702,0.3286,1
13,68.04,0.983,8,1.76,1,78.0,14.58,1,0.664,7.2,14.0,68.0,1,127.56,12,11.1756,0.2112,0.1956,0
16,64.84,0.393,11,3.06,1,15.0,20.88,1,0.88,2.6,53.0,38.0,4,416.53,52,11.8633,0.3171,0.255,0
25,97.31,0.377,11,1.85,0,7.0,0.0,1,0.819,2.0,56.0,85.0,8,438.94,12,14.9486,0.0,0.1542,0
14,84.69,0.141,18,3.74,0,0.0,0.0,1,0.828,3.0,46.0,58.0,7,241.41,52,12.0528,0.0,0.1968,0
9,33.18,0.151,9,4.21,0,4.0,0.0,0,,,33.0,75.0,2,158.75,8,8.1319,0.0,0.421,1
9,17.23,-0.226,3,2.35,0,2.0,0.0,0,,,18.0,86.0,7,100.83,8,6.6846,0.0,0.5875,1
12,70.39,-1.324,18,8.31,1,46.0,18.73,0,,,47.0,69.0,7,347.08,24,10.9476,0.2624,0.4374,1
14,57.96,-0.358,6,1.81,0,7.0,0.0,0,,,31.0,41.0,2,70.97,8,11.0403,0.0,0.2586,1
18,118.22,0.61,19,1.89,1,33.0,15.84,1,0.72,7.6,53.0,60.0,5,167.65,24,14.0773,0.1329,0.0945,0
4,24.02,-1.073,9,2.62,1,48.0,9.03,1,0.769,2.0,52.0,62.0,2,430.34,24,5.1819,0.3609,0.262,0
10,70.12,-1.224,11,2.5,0,1.0,0.0,0,,,61.0,44.0,2,343.71,12,10.2255,0.0,0.2083,1
14,41.26,1.164,20,2.6,0,0.0,0.0,1,0.94,7.3,67.0,73.0,10,333.98,4,10.1385,0.0,0.1238,0
14,20.8,-0.531,9,2.84,0,13.0,0.0,0,,,44.0,60.0,2,597.14,24,8.346,0.0,0.284,1
10,50.84,0.336,11,2.81,1,85.0,24.65,1,0.616,8.5,61.0,50.0,8,197.19,12,9.4673,0.4755,0.2342,0
15,31.04,-0.046,14,1.54,0,4.0,0.0,0,,,24.0,67.0,6,342.2,24,9.6125,0.0,0.1027,1
17,29.14,-0.248,12,3.86,0,9.0,0.0,0,,,52.0,93.0,9,726.81,8,9.8442,0.0,0.2969,1
15,40.08,0.11,16,2.57,0,18.0,0.0,0,,,67.0,46.0,3,400.65,12,10.3016,0.0,0.1512,1
13,93.64,0.922,20,3.75,0,2.0,0.0,1,0.59,9.2,83.0,44.0,12,481.86,12,12.0079,0.0,0.1786,0
13,105.14,-0.161,19,1.36,1,53.0,18.18,1,0.727,0.6,79.0,89.0,4,129.41,8,12.3106,0.1713,0.068,0
23,95.63,0.225,16,4.79,0,3.0,0.0,1,0.854,3.7,37.0,87.0,11,241.43,8,14.5265,0.0,0.2818,0
3,30.88,0.205,9,3.58,0,14.0,0.0,1,0.509,20.5,60.0,82.0,1,272.83,4,4.7993,0.0,0.358,0
14,25.07,-0.237,9,0.95,1,33.0,13.81,0,,,48.0,64.0,4,48.84,12,8.8304,0.5297,0.095,1
12,50.77,0.661,14,2.12,0,12.0,0.0,0,,,9.0,40.0,4,985.9,4,10.1234,0.0,0.1413,1
11,35.85,-0.665,11,4.12,1,68.0,22.34,1,0.793,3.6,29.0,64.0,6,357.46,4,8.9627,0.6062,0.3433,0
12,132.69,-0.223,12,2.47,1,45.0,15.38,0,,,42.0,14.0,3,129.16,4,12.5568,0.115,0.19,1
24,69.0,0.19,15,2.34,1,89.0,23.63,1,0.628,8.1,48.0,42.0,8,187.26,4,13.6754,0.3376,0.1462,0
16,33.79,0.756,20,2.24,0,14.0,0.0,0,,,52.0,44.0,6,193.87,24,10.056,0.0,0.1067,1
20,59.97,-0.591,16,1.13,0,3.0,0.0,0,,,59.0,64.0,6,145.14,24,12.5142,0.0,0.0665,1
10,25.82,-0.549,7,0.88,0,5.0,0.0,1,0.72,0.6,1.0,75.0,0,139.81,8,7.887,0.0,0.11,0
10,43.6,-0.306,11,1.7,0,4.0,0.0,1,0.901,15.8,45.0,35.0,2,89.36,8,9.1066,0.0,0.1417,0
11,39.49,0.005,16,2.5,1,84.0,18.03,0,,,67.0,46.0,6,95.5,4,9.1968,0.4453,0.1471,1
29,53.59,0.397,16,3.5,1,74.0,21.03,0,,,45.0,44.0,7,261.38,8,13.6043,0.3852,0.2059,1
6,20.26,-0.074,13,4.46,1,35.0,8.43,1,0.861,1.4,21.0,42.0,2,250.63,8,5.9483,0.3965,0.3186,0
31,16.47,-0.009,25,5.45,0,4.0,0.0,0,,,64.0,71.0,10,952.09,8,9.9137,0.0,0.2096,1
14,59.29,0.22,12,2.09,0,8.0,0.0,1,0.611,26.4,58.0,83.0,3,384.03,24,11.1007,0.0,0.1608,0
17,93.38,0.185,18,4.02,0,1.0,0.0,0,,,76.0,74.0,6,363.37,8,13.1435,0.0,0.2116,1
11,37.79,0.898,14,1.61,0,1.0,0.0,0,,,62.0,98.0,4,334.14,4,9.0902,0.0,0.1073,1
5,17.37,-1.241,14,2.68,1,72.0,13.87,0,,,40.0,54.0,6,432.62,8,5.2153,0.755,0.1787,1
23,37.56,1.102,25,2.34,0,4.0,0.0,1,0.658,0.2,61.0,75.0,9,413.94,8,11.6069,0.0,0.09,0
20,42.36,0.072,16,4.32,1,77.0,50.98,1,0.819,0.6,28.0,79.0,3,240.5,8,11.4764,1.1757,0.2541,0
26,59.9,0.351,20,5.28,0,20.0,0.0,1,0.915,4.2,57.0,38.0,10,613.35,12,13.5434,0.0,0.2514,0
20,54.12,0.986,13,5.61,0,1.0,0.0,1,0.945,4.2,66.0,56.0,6,163.42,8,12.2071,0.0,0.4007,0
7,47.32,-0.462,13,3.38,1,54.0,15.76,0,,,31.0,33.0,9,310.45,4,8.0638,0.3262,0.2414,1
13,46.13,-0.121,10,1.13,0,1.0,0.0,0,,,71.0,69.0,3,152.15,4,10.168,0.0,0.1027,1
23,44.75,0.549,19,2.58,0,9.0,0.0,0,,,87.0,64.0,5,1036.43,24,12.1503,0.0,0.129,1
20,79.56,0.488,16,4.4,0,8.0,0.0,1,0.817,0.6,77.0,50.0,6,775.42,4,13.3624,0.0,0.2588,0
15,41.63,0.32,9,3.81,1,71.0,22.89,1,0.788,74.8,61.0,57.0,3,201.99,12,10.4043,0.5369,0.381,0
17,72.82,-0.446,14,2.32,1,75.0,34.05,1,0.722,21.8,26.0,76.0,3,44.05,12,12.4333,0.4613,0.1547,0
21,216.51,0.763,17,2.38,1,61.0,12.83,0,,,55.0,84.0,7,118.45,4,16.6367,0.059,0.1322,1
27,37.65,-0.704,17,4.27,1,84.0,29.42,1,0.57,11.4,66.0,52.0,8,516.68,52,12.1777,0.7612,0.2372,0
24,111.16,1.892,20,7.26,0,1.0,0.0,1,0.905,12.2,77.0,89.0,17,97.97,24,15.1929,0.0,0.3457,0
31,52.51,0.156,18,2.35,0,6.0,0.0,0,,,27.0,80.0,11,136.97,8,13.7932,0.0,0.1237,1
11,20.62,-0.33,7,1.94,1,86.0,16.6,0,,,72.0,49.0,6,158.39,4,7.6377,0.7678,0.2425,1
11,229.73,0.159,19,3.89,1,71.0,23.38,1,0.833,5.6,79.0,66.0,6,314.48,8,13.521,0.1013,0.1945,0
24,56.16,-0.98,16,2.57,1,40.0,27.99,0,,,45.0,53.0,10,123.24,12,13.0231,0.4897,0.1512,1
7,14.02,-1.555,10,1.92,1,62.0,27.71,1,0.796,2.2,20.0,57.0,4,193.14,4,5.634,1.8449,0.1745,0
10,15.72,-0.741,14,4.56,0,2.0,0.0,1,0.907,1.5,50.0,32.0,2,83.73,24,6.7539,0.0,0.304,0
34,80.85,0.905,10,10.69,0,5.0,0.0,1,0.775,21.3,46.0,61.0,9,207.66,8,15.6609,0.0,0.9718,0
9,19.11,0.754,13,0.92,0,10.0,0.0,1,0.464,17.5,63.0,81.0,3,579.33,12,6.9106,0.0,0.0657,0
12,60.47,-0.161,16,2.15,0,3.0,0.0,0,,,47.0,51.0,7,139.4,52,10.5639,0.0,0.1265,1
13,45.48,-1.013,12,1.21,1,63.0,8.65,1,0.784,20.2,39.0,54.0,4,116.1,24,10.1314,0.1861,0.0931,0
10,62.24,-0.918,22,3.8,0,2.0,0.0,0,,,47.0,76.0,7,497.39,8,9.9439,0.0,0.1652,1
15,33.92,0.687,6,3.93,0,6.0,0.0,0,,,72.0,86.0,5,738.79,8,9.8512,0.0,0.5614,1
15,216.42,0.548,13,4.1,1,76.0,44.02,1,0.786,0.5,42.0,87.0,8,135.43,12,14.9216,0.2025,0.2929,0
18,47.1,-0.045,21,3.52,1,87.0,62.75,1,0.859,14.7,50.0,96.0,4,338.94,4,11.4046,1.3046,0.16,0
33,174.42,0.416,20,4.46,1,98.0,61.05,1,0.854,3.8,14.0,97.0,10,308.14,12,18.2214,0.348,0.2124,0
6,15.69,0.018,11,1.47,1,61.0,11.61,1,0.798,21.0,53.0,54.0,1,270.31,8,5.4774,0.6956,0.1225,0
16,65.04,0.462,12,4.59,0,0.0,0.0,1,0.664,8.8,58.0,41.0,4,796.28,24,11.8719,0.0,0.3531,0
14,66.24,0.056,9,10.81,1,71.0,55.01,0,,,45.0,69.0,10,248.01,12,11.3962,0.8181,1.081,1
27,69.36,-0.034,21,1.63,0,2.0,0.0,0,,,54.0,47.0,8,1054.61,8,14.1739,0.0,0.0741,1
32,51.23,0.979,25,7.35,0,7.0,0.0,0,,,92.0,82.0,7,403.62,12,13.831,0.0,0.2827,1
10,119.06,0.029,8,4.13,0,10.0,0.0,0,,,54.0,52.0,3,370.89,8,11.4811,0.0,0.4589,1
21,83.57,0.426,13,7.83,0,3.0,0.0,0,,,52.0,57.0,7,315.12,12,13.7167,0.0,0.5593,1
27,142.23,0.271,21,3.08,1,47.0,22.27,0,,,49.0,51.0,10,1143.01,24,16.5426,0.1555,0.14,1
10,54.6,-0.085,10,4.67,0,5.0,0.0,1,0.669,4.2,20.0,73.0,2,187.29,4,9.6352,0.0,0.4245,0
14,74.38,-0.241,17,4.4,0,1.0,0.0,0,,,35.0,72.0,5,1200.5,8,11.7057,0.0,0.2444,1
12,31.8,-0.181,10,3.54,0,17.0,0.0,0,,,63.0,23.0,3,602.63,4,8.9528,0.0,0.3218,1
10,20.38,-0.385,8,0.78,0,5.0,0.0,0,,,37.0,22.0,0,117.9,24,7.3434,0.0,0.0867,1
13,17.3,0.603,17,3.0,0,1.0,0.0,1,0.741,17.1,88.0,12.0,5,195.51,4,7.6715,0.0,0.1667,0
11,36.47,-0.332,10,2.74,1,83.0,15.95,0,,,32.0,81.0,1,172.15,8,9.0042,0.4257,0.2491,1
30,53.71,1.036,19,4.59,0,10.0,0.0,0,,,26.0,65.0,5,954.56,52,13.743,0.0,0.2295,1
7,44.33,0.586,15,4.38,0,3.0,0.0,1,0.585,8.0,58.0,72.0,4,251.08,12,7.9309,0.0,0.2738,0
5,19.47,-0.241,11,2.86,0,4.0,0.0,0,,,44.0,64.0,5,245.71,12,5.4093,0.0,0.2383,1
32,47.52,-0.321,13,2.75,0,9.0,0.0,0,,,59.0,74.0,5,325.68,8,13.5734,0.0,0.1964,1
22,59.25,0.817,15,1.41,0,12.0,0.0,0,,,47.0,76.0,6,282.58,12,12.8508,0.0,0.0881,1
17,69.35,-0.583,13,3.27,0,2.0,0.0,1,0.55,49.9,68.0,69.0,6,231.19,12,12.2941,0.0,0.2336,0
25,60.31,-0.27,20,7.37,1,71.0,40.09,1,0.842,22.2,22.0,93.0,6,228.62,8,13.4101,0.6539,0.351,0
39,85.44,-0.29,20,5.56,0,17.0,0.0,1,0.831,1.9,63.0,57.0,4,713.34,12,16.4504,0.0,0.2648,0
11,86.87,-0.142,9,1.04,1,96.0,8.65,0,,,31.0,71.0,3,1563.78,4,11.1221,0.0984,0.104,1
7,13.61,-0.076,12,1.36,0,4.0,0.0,0,,,15.0,44.0,0,98.44,4,5.5765,0.0,0.1046,1
9,32.18,-0.2,15,1.28,0,5.0,0.0,1,0.465,5.6,30.0,64.0,6,97.09,52,8.0635,0.0,0.08,0
5,8.89,-0.376,8,1.45,1,71.0,8.94,1,0.667,11.5,15.0,87.0,1,604.45,8,4.1059,0.9039,0.1611,0
19,29.16,-0.371,9,6.43,0,10.0,0.0,1,0.863,0.5,51.0,92.0,1,352.22,12,10.205,0.0,0.643,0
21,88.63,0.126,16,2.71,1,91.0,16.89,0,,,53.0,69.0,4,108.97,4,13.8964,0.1884,0.1594,1
28,78.49,0.872,30,2.71,1,70.0,78.24,1,0.729,4.6,28.0,42.0,11,1485.4,52,14.734,0.9843,0.0874,0
11,20.72,-0.422,4,2.08,0,3.0,0.0,0,,,47.0,29.0,2,231.19,8,7.6491,0.0,0.416,1
16,14.24,0.873,16,1.62,1,71.0,9.72,0,,,56.0,80.0,4,332.17,12,7.7175,0.6378,0.0953,1
8,17.36,-1.422,8,2.42,0,4.0,0.0,0,,,56.0,54.0,0,664.4,8,6.3943,0.0,0.2689,1
16,23.8,-0.31,11,4.02,0,3.0,0.0,0,,,53.0,70.0,7,229.31,12,9.097,0.0,0.335,1
17,38.73,0.267,16,3.54,1,69.0,12.93,0,,,42.0,93.0,5,353.78,4,10.6427,0.3254,0.2082,1
8,23.0,0.648,9,4.11,0,13.0,0.0,0,,,18.0,84.0,4,168.25,12,6.9829,0.0,0.411,1
10,56.75,0.23,6,2.69,0,8.0,0.0,0,,,47.0,17.0,1,387.3,8,9.7262,0.0,0.3843,1
13,37.54,0.047,11,2.18,1,86.0,49.45,1,0.706,15.1,72.0,81.0,3,148.82,8,9.637,1.2831,0.1817,0
6,47.85,-0.122,10,4.66,0,4.0,0.0,0,,,25.0,48.0,0,236.38,4,7.5672,0.0,0.4236,1
12,113.87,-0.379,15,3.98,0,4.0,0.0,1,0.853,9.2,44.0,35.0,9,297.04,4,12.1676,0.0,0.2488,0
22,40.18,-0.447,12,2.42,0,17.0,0.0,1,0.744,1.3,38.0,46.0,6,209.33,12,11.6576,0.0,0.1862,0
9,41.59,-1.748,8,4.94,1,73.0,43.73,0,,,16.0,58.0,4,890.84,8,8.6384,1.0268,0.5489,1
25,48.45,1.117,12,3.65,1,44.0,30.03,0,,,25.0,66.0,4,288.48,8,12.7097,0.6073,0.2808,1
23,57.14,0.438,13,5.61,0,0.0,0.0,0,,,51.0,83.0,7,250.67,4,12.912,0.0,0.4007,1
28,52.87,0.649,24,4.41,1,58.0,22.87,1,0.717,0.8,28.0,87.0,9,262.29,12,13.424,0.4245,0.1764,0
9,13.75,-1.033,13,4.73,0,6.0,0.0,0,,,52.0,43.0,1,205.64,4,6.1968,0.0,0.3379,1
13,55.71,0.392,8,2.13,0,9.0,0.0,1,0.815,10.8,44.0,40.0,7,213.57,4,10.6564,0.0,0.2367,0
21,44.41,0.091,20,2.73,1,53.0,46.53,0,,,22.0,73.0,9,535.17,24,11.7946,1.0247,0.13,1
34,72.97,0.902,26,4.39,1,96.0,35.6,1,0.919,0.8,88.0,62.0,11,515.71,8,15.301,0.4813,0.1626,0
13,48.54,-0.164,5,1.83,0,3.0,0.0,1,0.866,6.5,76.0,55.0,3,179.86,24,10.2997,0.0,0.305,0
17,180.66,0.695,20,7.99,1,70.0,35.37,0,,,60.0,49.0,7,1241.57,12,15.0361,0.1947,0.3805,1
7,23.11,-0.052,10,2.41,0,3.0,0.0,0,,,41.0,81.0,2,151.25,24,6.6181,0.0,0.2191,1
9,32.46,-1.148,4,2.81,1,43.0,27.56,1,0.707,16.6,25.0,42.0,3,168.83,8,8.0829,0.8237,0.562,0
11,89.49,-0.487,3,2.13,0,1.0,0.0,0,,,46.0,88.0,4,221.14,12,11.1951,0.0,0.5325,1
10,15.34,-0.26,9,5.28,0,15.0,0.0,0,,,30.0,39.0,4,52.87,24,6.6988,0.0,0.528,1
23,22.3,1.038,15,2.29,1,56.0,12.35,0,,,44.0,89.0,8,179.63,52,10.006,0.53,0.1431,1
24,86.0,0.284,23,5.62,0,7.0,0.0,0,,,56.0,75.0,12,314.01,8,14.3752,0.0,0.2342,1
13,70.18,0.06,16,2.58,1,35.0,14.96,1,0.698,3.4,28.0,64.0,5,491.97,12,11.2561,0.2102,0.1518,0
9,26.38,-0.31,9,5.11,0,3.0,0.0,0,,,39.0,70.0,4,202.88,8,7.6211,0.0,0.511,1
21,18.04,0.72,14,2.17,0,2.0,0.0,0,,,73.0,87.0,6,410.65,12,9.1079,0.0,0.1447,1
5,4.43,-0.105,10,2.09,1,72.0,20.29,1,0.595,9.4,32.0,63.0,0,286.71,8,3.0315,3.7366,0.19,0
30,40.33,1.448,16,15.52,0,2.0,0.0,0,,,63.0,77.0,13,422.64,4,12.7799,0.0,0.9129,1
22,34.27,0.284,26,4.33,0,10.0,0.0,0,,,45.0,61.0,4,107.73,52,11.1719,0.0,0.1604,1
5,16.24,-0.618,14,2.04,0,5.0,0.0,0,,,24.0,29.0,5,333.14,12,5.1016,0.0,0.136,1
15,30.03,-1.544,17,4.6,0,2.0,0.0,1,0.761,10.0,65.0,18.0,6,423.49,8,9.5237,0.0,0.2556,0
16,17.65,0.649,14,3.52,0,1.0,0.0,1,0.752,45.6,31.0,60.0,4,694.01,4,8.2895,0.0,0.2347,0
12,71.48,0.991,12,1.54,0,6.0,0.0,1,0.855,1.4,56.0,59.0,3,153.09,4,10.9865,0.0,0.1185,0
11,63.44,-0.416,9,2.36,1,74.0,8.22,0,,,76.0,59.0,4,402.42,8,10.3515,0.1276,0.236,1
13,129.56,0.077,18,3.04,1,48.0,4.84,1,0.814,16.6,72.0,58.0,4,1013.26,52,12.857,0.0371,0.16,0
8,146.99,0.799,12,3.1,1,72.0,32.15,0,,,76.0,69.0,1,394.54,4,10.9798,0.2172,0.2385,1
19,111.34,0.084,17,5.0,1,82.0,28.7,0,,,58.0,64.0,8,319.27,12,14.1444,0.2555,0.2778,1
20,79.98,0.435,18,2.69,1,32.0,12.87,1,0.801,0.0,59.0,81.0,4,354.22,24,13.3782,0.1589,0.1416,0
27,80.66,0.859,19,3.56,1,88.0,41.81,1,0.938,4.7,23.0,50.0,11,363.15,24,14.6702,0.512,0.178,0
19,47.99,-0.591,19,3.14,1,53.0,13.39,0,,,79.0,54.0,6,62.78,24,11.6582,0.2733,0.157,1
11,33.54,-0.229,9,4.23,1,50.0,52.24,1,0.552,1.5,29.0,66.0,2,260.22,12,8.8018,1.5124,0.423,0
12,47.8,-0.141,18,2.38,1,60.0,19.34,0,,,84.0,37.0,2,380.92,24,9.9718,0.3963,0.1253,1
15,20.9,0.471,17,1.76,1,17.0,21.08,0,,,89.0,48.0,5,197.67,4,8.5576,0.9626,0.0978,1
10,105.6,0.129,9,2.51,1,33.0,9.77,1,0.537,20.9,27.0,51.0,5,383.97,52,11.196,0.0917,0.251,0
18,102.22,0.862,12,3.06,1,9.0,27.62,1,0.43,10.3,35.0,73.0,8,156.83,8,13.653,0.2676,0.2354,0
26,27.59,0.891,13,5.9,0,8.0,0.0,1,0.492,14.5,47.0,94.0,7,459.93,8,11.0511,0.0,0.4214,0
18,34.96,0.006,15,2.0,0,7.0,0.0,0,,,91.0,26.0,6,107.46,52,10.5482,0.0,0.125,1
35,83.44,0.762,29,4.83,0,10.0,0.0,0,,,67.0,74.0,5,641.0,8,15.8966,0.0,0.161,1
42,28.49,1.131,25,6.62,1,62.0,82.06,1,0.731,6.6,58.0,82.0,11,431.86,12,12.7281,2.7826,0.2546,0
19,104.73,-0.332,17,1.21,0,10.0,0.0,0,,,61.0,25.0,4,47.11,8,13.9628,0.0,0.0672,1
29,163.61,0.285,16,4.58,1,62.0,64.3,0,,,47.0,41.0,11,382.12,8,17.3583,0.3906,0.2694,1
29,64.57,1.002,24,3.02,1,82.0,32.1,0,,,63.0,56.0,9,469.39,8,14.2276,0.4896,0.1208,1
17,42.93,0.796,11,5.49,0,2.0,0.0,1,0.574,2.8,45.0,69.0,8,512.73,8,10.9331,0.0,0.4575,0
14,74.93,0.633,17,1.5,0,2.0,0.0,0,,,14.0,45.0,5,495.9,52,11.7253,0.0,0.0833,1
33,45.6,1.636,19,2.1,1,78.0,21.31,0,,,75.0,81.0,13,345.91,4,13.5469,0.4573,0.105,1
8,86.76,0.045,17,1.32,0,5.0,0.0,0,,,20.0,74.0,2,50.46,4,9.8317,0.0,0.0733,1
8,11.87,-0.219,14,1.79,0,0.0,0.0,0,,,37.0,62.0,2,337.7,4,5.6137,0.0,0.1193,1
11,35.49,-0.581,13,2.73,1,29.0,30.71,0,,,73.0,70.0,2,413.65,8,8.9383,0.8416,0.195,1
14,30.07,0.136,10,1.8,0,14.0,0.0,0,,,44.0,35.0,7,237.74,4,9.3055,0.0,0.1636,1
16,54.75,0.715,13,3.01,0,1.0,0.0,0,,,37.0,54.0,4,306.4,12,11.392,0.0,0.215,1
33,98.87,0.518,20,3.24,0,2.0,0.0,0,,,16.0,90.0,12,623.72,12,16.2349,0.0,0.1543,1
14,37.85,0.149,8,1.39,0,2.0,0.0,1,0.748,38.4,21.0,79.0,2,323.97,8,9.9107,0.0,0.1544,0
12,32.16,-0.153,11,4.0,1,17.0,8.86,0,,,43.0,61.0,4,245.22,4,8.9808,0.2672,0.3333,1
11,86.88,-0.081,14,3.74,1,87.0,22.55,1,0.919,1.2,51.0,49.0,7,89.84,12,11.1224,0.2566,0.2493,0
21,56.2,0.09,12,2.54,0,4.0,0.0,1,0.941,4.8,36.0,60.0,10,102.06,8,12.5081,0.0,0.1954,0
16,156.59,0.749,12,1.65,1,91.0,32.55,1,0.732,1.2,14.0,44.0,6,703.51,4,14.3361,0.2065,0.1269,0
17,41.63,0.232,14,1.66,1,68.0,29.63,1,0.808,20.7,43.0,68.0,6,170.9,12,10.8463,0.6951,0.1107,0
37,118.69,0.189,22,10.33,1,78.0,16.34,0,,,47.0,33.0,6,295.1,12,17.4055,0.1365,0.4491,1
14,14.93,-0.122,14,1.74,0,21.0,0.0,1,0.543,3.0,8.0,56.0,4,416.85,8,7.4964,0.0,0.116,0
13,17.81,0.792,16,3.54,1,58.0,24.81,1,0.563,2.7,44.0,88.0,4,419.09,8,7.744,1.319,0.2082,0
26,158.83,0.482,17,15.49,1,95.0,56.14,0,,,33.0,90.0,6,847.7,4,16.7234,0.3512,0.8606,1
23,49.86,-0.59,10,3.06,0,4.0,0.0,1,0.788,21.2,32.0,79.0,5,857.58,24,12.4868,0.0,0.2782,0
12,42.74,-0.252,11,3.6,0,4.0,0.0,0,,,55.0,93.0,1,879.7,8,9.6911,0.0,0.3,1
37,67.61,0.133,33,6.37,0,20.0,0.0,1,0.621,6.3,48.0,82.0,9,596.12,8,15.3813,0.0,0.1874,0
9,33.44,-0.408,7,1.84,0,1.0,0.0,1,0.592,22.6,55.0,32.0,3,487.52,4,8.1494,0.0,0.23,0
18,39.53,-0.471,10,0.87,0,0.0,0.0,0,,,59.0,75.0,6,175.58,12,10.9004,0.0,0.0791,1
6,24.22,-0.702,9,2.89,0,6.0,0.0,1,0.695,29.5,71.0,52.0,2,185.66,8,6.2807,0.0,0.289,0
4,16.47,-0.378,9,1.54,1,36.0,28.69,0,,,40.0,81.0,2,145.63,8,4.6038,1.6422,0.154,1
6,45.52,-0.014,12,1.36,1,70.0,5.94,0,,,2.0,63.0,2,2156.54,4,7.4721,0.1277,0.1046,1
15,21.47,0.352,11,1.32,0,13.0,0.0,0,,,37.0,59.0,3,238.94,4,8.6288,0.0,0.11,1
20,83.32,0.538,8,0.78,1,52.0,27.87,0,,,53.0,72.0,2,149.31,12,13.5013,0.3305,0.0867,1
16,145.15,0.374,9,2.67,1,76.0,42.91,0,,,57.0,69.0,2,204.24,4,14.1225,0.2936,0.267,1
13,30.04,-0.259,11,5.93,0,7.0,0.0,1,0.636,3.7,56.0,78.0,3,267.57,4,9.0659,0.0,0.4942,0
11,53.95,0.752,13,1.62,0,0.0,0.0,0,,,53.0,54.0,6,245.52,4,9.9556,0.0,0.1157,1
12,45.78,-0.764,5,2.67,0,1.0,0.0,1,0.962,11.3,32.0,46.0,5,207.86,4,9.8634,0.0,0.445,0
13,14.29,-0.083,9,3.88,0,1.0,0.0,1,0.645,40.4,68.0,44.0,1,387.94,8,7.1972,0.0,0.388,0
6,15.61,0.708,10,2.88,1,83.0,34.35,0,,,48.0,72.0,5,70.95,8,5.468,2.068,0.2618,1
19,58.82,-0.376,9,1.63,1,72.0,12.02,1,0.704,9.3,35.0,61.0,2,218.86,52,12.2566,0.2009,0.163,0
42,93.01,-0.223,25,2.67,1,69.0,54.88,0,,,62.0,55.0,16,1104.44,4,17.0886,0.5838,0.1027,1
5,24.01,-0.456,12,2.18,0,12.0,0.0,1,0.714,5.7,46.0,76.0,2,482.59,24,5.7682,0.0,0.1677,0
20,25.43,0.504,18,2.33,0,3.0,0.0,1,0.757,3.6,45.0,45.0,4,245.0,4,9.9693,0.0,0.1226,0
26,84.03,0.47,14,5.88,1,77.0,41.26,0,,,55.0,84.0,15,1809.64,4,14.6434,0.4852,0.392,1
16,62.27,-0.079,12,2.64,1,71.0,13.66,0,,,33.0,77.0,7,508.7,12,11.7505,0.2159,0.2031,1
13,62.1,0.052,11,3.1,0,2.0,0.0,1,0.646,38.5,14.0,60.0,0,192.36,4,10.9382,0.0,0.2583,0
15,54.27,-0.823,10,1.08,0,13.0,0.0,0,,,41.0,80.0,8,553.06,4,11.1243,0.0,0.0982,1
24,67.46,1.014,10,5.61,0,4.0,0.0,1,0.75,12.8,17.0,51.0,5,300.51,24,13.6038,0.0,0.51,0
28,149.34,1.173,14,3.01,1,47.0,18.09,0,,,84.0,83.0,8,429.39,8,16.8799,0.1203,0.2007,1
11,87.28,0.05,9,1.49,0,1.0,0.0,0,,,42.0,35.0,1,334.54,4,11.1337,0.0,0.149,1
11,23.75,0.011,9,1.84,1,77.0,16.24,1,0.756,5.0,26.0,28.0,2,154.04,12,7.9736,0.6562,0.184,0
39,53.3,0.729,27,3.68,1,75.0,45.24,0,,,21.0,90.0,12,765.47,12,14.7353,0.8331,0.1314,1
11,14.09,-0.389,6,1.37,0,9.0,0.0,0,,,60.0,50.0,0,209.43,8,6.7441,0.0,0.1957,1
7,14.35,-0.892,8,1.34,0,7.0,0.0,0,,,29.0,69.0,3,926.68,4,5.6792,0.0,0.1489,1
14,74.51,0.057,14,1.22,0,3.0,0.0,1,0.916,9.9,22.0,81.0,6,183.34,4,11.7103,0.0,0.0813,0
10,23.23,0.92,8,1.4,1,70.0,25.23,1,0.518,72.3,35.0,45.0,1,245.08,24,7.6435,1.0413,0.1556,0
31,98.72,0.033,24,6.63,1,91.0,32.85,1,0.909,4.5,33.0,58.0,4,142.93,8,15.9506,0.3294,0.2652,0
24,29.28,0.169,19,2.92,1,81.0,33.75,0,,,37.0,63.0,6,224.37,8,10.9779,1.1146,0.146,1
20,16.73,-1.045,17,2.99,0,7.0,0.0,0,,,36.0,87.0,5,334.11,8,8.7538,0.0,0.1661,1
29,109.85,1.433,24,3.92,1,45.0,68.09,1,0.692,25.5,47.0,81.0,10,364.37,12,16.0134,0.6143,0.1568,0
8,40.0,-0.534,17,1.57,0,10.0,0.0,1,0.781,22.8,19.0,87.0,7,668.91,24,8.1596,0.0,0.0872,0
19,33.66,-0.791,25,10.4,1,93.0,43.76,0,,,77.0,75.0,7,493.15,12,10.6216,1.2626,0.4,1
8,14.76,-1.217,8,1.25,0,10.0,0.0,1,0.552,9.3,29.0,35.0,5,57.2,52,6.0588,0.0,0.1389,0
5,45.84,-0.928,6,1.67,0,1.0,0.0,0,,,68.0,42.0,1,298.68,8,6.8924,0.0,0.2386,1
17,78.55,-0.938,11,3.59,1,25.0,20.99,1,0.81,34.4,58.0,32.0,3,2696.18,12,12.6494,0.2639,0.2992,0
15,50.5,0.872,16,2.11,1,78.0,20.21,1,0.655,6.9,61.0,54.0,5,301.45,8,10.9284,0.3924,0.1241,0
13,58.54,-0.26,18,1.55,1,48.0,37.68,1,0.384,1.6,52.0,80.0,1,306.52,12,10.7849,0.6329,0.0816,0
23,157.82,0.089,15,1.34,1,79.0,43.45,1,0.725,20.0,49.0,76.0,6,420.75,12,16.1057,0.2736,0.0838,0
30,23.18,1.198,14,2.6,0,12.0,0.0,0,,,34.0,71.0,9,845.29,8,10.9391,0.0,0.1733,1
18,64.53,0.099,17,12.89,0,4.0,0.0,1,0.524,6.7,26.0,54.0,5,309.0,12,12.3151,0.0,0.7161,0
23,51.35,0.034,9,1.62,0,4.0,0.0,0,,,32.0,75.0,8,281.88,24,12.5786,0.0,0.162,1
25,36.83,0.311,17,4.15,0,5.0,0.0,0,,,21.0,21.0,4,855.38,24,11.837,0.0,0.2306,1
22,124.63,0.864,21,4.56,0,0.0,0.0,0,,,68.0,92.0,11,180.41,12,15.1549,0.0,0.2073,1
11,60.27,-0.868,16,1.5,0,5.0,0.0,1,0.523,0.5,25.0,42.0,1,404.95,12,10.2261,0.0,0.0882,0
30,63.41,0.957,14,4.49,0,10.0,0.0,0,,,66.0,56.0,8,380.48,4,14.3035,0.0,0.2993,1
9,47.54,-1.189,12,2.56,0,24.0,0.0,0,,,61.0,27.0,2,220.98,4,8.9395,0.0,0.1969,1
21,20.73,-0.272,19,11.13,0,16.0,0.0,0,,,55.0,82.0,3,266.89,8,9.5164,0.0,0.5565,1
16,62.26,-0.91,15,1.71,1,70.0,36.57,1,0.93,7.8,29.0,53.0,2,299.02,12,11.7501,0.5781,0.1069,0
25,28.56,0.281,28,1.42,0,9.0,0.0,1,0.835,22.9,31.0,74.0,10,542.96,8,11.0333,0.0,0.049,0
13,37.02,0.166,9,1.49,0,3.0,0.0,0,,,64.0,78.0,4,136.59,12,9.6012,0.0,0.149,1
23,58.53,-0.104,19,4.6,0,1.0,0.0,0,,,61.0,72.0,5,870.83,24,12.9871,0.0,0.23,1
30,66.86,1.221,18,7.76,1,59.0,12.85,0,,,39.0,47.0,7,136.64,24,14.4827,0.1894,0.4084,1
13,51.55,-0.503,14,2.48,0,2.0,0.0,1,0.928,3.9,29.0,78.0,5,132.38,24,10.4553,0.0,0.1653,0
23,51.85,-0.42,17,3.41,0,1.0,0.0,1,0.893,3.6,58.0,89.0,8,366.08,4,12.6088,0.0,0.1894,0
20,49.77,0.843,9,5.05,1,76.0,19.27,1,0.688,4.5,27.0,75.0,11,92.3,4,11.9568,0.3796,0.505,0
23,25.18,0.226,17,1.2,1,76.0,19.55,1,0.768,2.9,32.0,75.0,6,1765.37,4,10.3763,0.7468,0.0667,0
9,64.55,-0.567,10,4.13,0,1.0,0.0,0,,,59.0,53.0,3,277.76,52,9.6313,0.0,0.3755,1
16,104.7,-0.875,17,1.95,1,61.0,16.11,1,0.867,11.8,45.0,79.0,6,268.91,12,13.2045,0.1524,0.1083,0
13,32.3,0.006,12,3.36,1,63.0,47.87,0,,,28.0,65.0,5,430.08,8,9.2514,1.4375,0.2585,1
12,33.56,0.005,14,5.56,1,36.0,11.05,0,,,68.0,57.0,2,351.17,8,9.0868,0.3197,0.3707,1
19,73.03,0.084,19,6.68,0,6.0,0.0,1,0.642,39.3,21.0,69.0,4,256.76,52,12.895,0.0,0.334,0
32,69.58,1.009,28,3.19,0,2.0,0.0,1,0.903,15.2,58.0,57.0,16,3602.15,12,14.8837,0.0,0.11,0
17,30.99,-0.588,12,3.83,0,2.0,0.0,0,,,12.0,60.0,6,276.33,24,10.0164,0.0,0.2946,1
8,9.67,-1.213,11,2.24,0,3.0,0.0,1,0.45,15.1,36.0,61.0,3,68.77,4,5.2018,0.0,0.1867,0
24,26.85,-0.466,15,3.17,1,21.0,38.83,1,0.788,7.1,21.0,90.0,4,596.72,4,10.7087,1.3943,0.1981,0
5,31.2,-0.465,10,5.03,1,77.0,10.76,0,,,47.0,48.0,2,407.29,8,6.2209,0.3342,0.4573,1
32,34.27,1.455,22,8.19,1,67.0,28.5,0,,,64.0,42.0,6,141.19,12,12.4582,0.8081,0.3561,1
10,22.43,0.016,6,5.75,0,9.0,0.0,0,,,40.0,59.0,5,67.15,8,7.563,0.0,0.8214,1
15,57.35,-0.251,20,2.5,0,10.0,0.0,1,0.561,30.9,34.0,50.0,1,63.43,8,11.2746,0.0,0.119,0
20,35.17,0.542,19,2.57,0,2.0,0.0,1,0.756,7.6,47.0,51.0,8,443.37,4,10.9244,0.0,0.1285,0
37,66.16,0.851,17,4.6,0,12.0,0.0,1,0.809,2.7,38.0,69.0,9,511.07,4,15.3036,0.0,0.2556,0
19,42.1,-0.366,13,4.54,0,9.0,0.0,0,,,46.0,80.0,7,299.84,8,11.2745,0.0,0.3243,1
25,19.06,0.769,8,8.19,0,3.0,0.0,1,0.727,6.7,47.0,80.0,6,193.91,8,9.7701,0.0,0.91,0
11,76.87,0.312,11,3.86,1,75.0,16.93,1,0.789,12.0,65.0,62.0,6,718.92,8,10.8219,0.2174,0.3217,0
7,21.83,0.616,9,1.12,1,82.0,24.93,1,0.863,1.8,42.0,77.0,2,49.31,24,6.5047,1.092,0.112,0
22,142.19,-0.074,10,1.22,1,73.0,13.59,0,,,64.0,51.0,7,261.95,12,15.5651,0.0949,0.1109,1
8,27.02,-0.362,11,1.74,0,2.0,0.0,0,,,29.0,57.0,0,691.67,12,7.3232,0.0,0.145,1
19,51.13,0.619,17,1.14,1,76.0,25.3,0,,,44.0,58.0,4,103.14,24,11.8443,0.4853,0.0633,1
20,46.78,0.512,20,2.08,0,4.0,0.0,1,0.792,35.1,64.0,86.0,8,527.16,12,11.772,0.0,0.099,0
17,28.9,0.508,11,1.49,0,3.0,0.0,1,0.853,7.4,66.0,57.0,4,230.02,4,9.8211,0.0,0.1242,0
9,20.92,0.783,12,2.35,1,85.0,24.07,0,,,50.0,57.0,4,251.14,8,7.109,1.0981,0.1808,1
14,28.81,-0.129,16,3.51,1,39.0,50.43,1,0.881,0.5,77.0,64.0,7,453.29,4,9.1934,1.6917,0.2065,0
27,32.2,-0.772,12,2.06,0,3.0,0.0,0,,,15.0,78.0,5,410.39,52,11.6712,0.0,0.1585,1
15,28.61,0.45,16,4.36,0,1.0,0.0,1,0.655,51.8,29.0,26.0,1,704.87,24,9.3938,0.0,0.2565,0
11,33.38,-1.068,9,1.43,0,1.0,0.0,0,,,21.0,75.0,4,259.79,8,8.7903,0.0,0.143,1
17,89.6,0.547,11,3.27,0,4.0,0.0,0,,,36.0,20.0,4,301.49,12,13.0253,0.0,0.2725,1
17,32.9,0.093,15,2.31,1,77.0,20.67,0,,,45.0,41.0,6,1219.34,8,10.184,0.6097,0.1444,1
14,27.79,-0.297,12,4.17,1,62.0,56.41,0,,,30.0,41.0,5,433.87,8,9.0991,1.9594,0.3208,1
11,28.79,-0.776,6,1.92,0,1.0,0.0,1,0.783,25.1,71.0,43.0,5,185.71,12,8.4342,0.0,0.2743,0
17,25.7,-0.497,13,1.57,0,7.0,0.0,0,,,49.0,66.0,3,148.93,4,9.4939,0.0,0.1121,1
12,44.65,0.593,15,3.66,1,25.0,15.52,0,,,23.0,44.0,11,278.48,8,9.8007,0.34,0.2288,1
24,75.14,0.872,15,1.04,1,46.0,11.28,0,,,68.0,69.0,2,281.36,4,13.946,0.1481,0.065,1
27,77.28,-0.491,14,3.61,1,76.0,38.43,1,0.78,27.9,59.0,87.0,4,1079.04,8,14.5294,0.4909,0.2407,0
28,56.35,0.682,20,2.49,0,0.0,0.0,1,0.674,33.9,20.0,71.0,4,744.71,4,13.6348,0.0,0.1186,0
14,37.74,0.251,13,1.64,1,35.0,22.03,0,,,39.0,41.0,4,245.39,8,9.903,0.5687,0.1171,1
27,39.96,2.087,24,4.15,1,88.0,46.39,0,,,68.0,69.0,22,1760.8,8,12.3711,1.1326,0.166,1
27,198.28,1.108,14,2.56,0,0.0,0.0,1,0.873,4.0,44.0,78.0,6,519.58,4,17.6431,0.0,0.1707,0
7,88.29,-0.329,16,3.43,0,11.0,0.0,1,0.97,0.3,11.0,84.0,6,104.91,8,9.3406,0.0,0.2018,0
8,12.67,-0.847,10,1.75,0,1.0,0.0,0,,,24.0,61.0,0,87.74,8,5.7462,0.0,0.1591,1
22,149.77,-0.492,15,2.48,1,69.0,24.35,1,0.614,13.0,43.0,43.0,8,431.36,52,15.7269,0.1615,0.155,0
7,54.07,-1.065,11,2.05,1,67.0,32.33,0,,,75.0,80.0,4,255.42,8,8.3357,0.5871,0.1708,1
26,48.31,0.014,26,4.53,0,1.0,0.0,1,0.859,2.6,26.0,70.0,13,693.01,4,12.8476,0.0,0.1678,0
16,46.07,-0.248,14,0.97,1,29.0,16.9,0,,,73.0,69.0,3,539.02,4,10.9125,0.359,0.0647,1
12,37.32,-0.01,9,2.26,0,6.0,0.0,0,,,76.0,48.0,4,192.29,12,9.3517,0.0,0.226,1
13,21.97,-1.21,15,1.85,0,13.0,0.0,0,,,28.0,20.0,3,154.83,24,8.2713,0.0,0.1156,1
10,31.56,-1.418,13,6.85,0,11.0,0.0,1,0.64,0.8,31.0,75.0,7,198.08,12,8.3521,0.0,0.4893,0
9,67.88,-0.379,17,1.72,0,8.0,0.0,0,,,51.0,39.0,4,246.8,24,9.7454,0.0,0.0956,1
20,48.72,0.719,19,2.23,0,0.0,0.0,0,,,18.0,63.0,6,357.48,8,11.8931,0.0,0.1115,1
38,73.53,0.356,24,3.23,1,55.0,45.26,1,0.885,2.3,50.0,92.0,12,344.63,8,15.7944,0.6073,0.1292,0
10,61.45,0.237,12,1.14,1,79.0,18.72,1,0.77,10.1,47.0,93.0,4,800.17,4,9.9138,0.2998,0.0877,0
7,53.47,-0.194,7,1.39,1,74.0,7.25,0,,,81.0,35.0,0,54.78,4,8.3129,0.1331,0.1737,1
15,19.69,0.309,9,2.1,1,68.0,29.8,0,,,24.0,77.0,1,185.22,12,8.4,1.4403,0.21,1
25,226.15,0.297,26,2.2,0,9.0,0.0,0,,,63.0,66.0,14,341.92,24,17.6772,0.0,0.0815,1
24,65.85,0.314,3,3.2,0,7.0,0.0,0,,,58.0,67.0,4,492.92,24,13.5272,0.0,0.8,1
15,21.7,-0.462,15,2.55,1,71.0,54.67,0,,,56.0,37.0,6,109.77,52,8.657,2.4084,0.1594,1
13,61.49,-0.221,12,0.98,0,7.0,0.0,1,0.863,34.3,38.0,64.0,4,232.33,4,10.9125,0.0,0.0754,0
16,46.61,0.724,13,2.36,0,4.0,0.0,0,,,76.0,65.0,7,250.85,4,10.9448,0.0,0.1686,1
11,41.96,0.63,9,7.72,1,40.0,18.01,1,0.788,7.0,31.0,39.0,7,165.89,4,9.3439,0.4192,0.772,0
12,28.32,-1.205,10,2.4,0,20.0,0.0,1,0.553,8.3,49.0,47.0,4,707.2,8,8.6651,0.0,0.2182,0
40,122.27,0.69,10,4.79,0,2.0,0.0,1,0.898,20.4,35.0,74.0,6,357.6,8,17.8785,0.0,0.4355,0
22,61.97,0.879,19,2.43,0,5.0,0.0,1,0.699,23.2,57.0,83.0,4,282.08,8,12.9893,0.0,0.1215,0
10,46.63,-0.338,11,2.38,0,1.0,0.0,1,0.537,5.3,50.0,33.0,4,556.02,12,9.2642,0.0,0.1983,0
14,78.66,0.152,14,5.43,0,0.0,0.0,0,,,45.0,58.0,3,226.63,12,11.8552,0.0,0.362,1
19,23.47,0.202,13,1.67,1,78.0,55.88,1,0.927,8.3,15.0,76.0,7,195.14,4,9.5787,2.2836,0.1193,0
9,14.76,-0.325,11,1.16,0,17.0,0.0,0,,,49.0,69.0,2,283.08,4,6.3493,0.0,0.0967,1
9,56.56,0.27,14,1.59,0,4.0,0.0,1,0.761,32.7,26.0,47.0,1,252.89,12,9.332,0.0,0.106,0
12,42.98,-0.898,8,6.43,0,4.0,0.0,0,,,57.0,40.0,2,263.95,8,9.7051,0.0,0.7144,1
17,83.45,0.185,17,4.04,0,7.0,0.0,0,,,75.0,81.0,6,211.09,8,12.8222,0.0,0.2244,1
30,97.77,0.905,22,5.31,1,92.0,29.04,0,,,40.0,51.0,11,567.11,24,15.7716,0.294,0.2309,1
15,43.97,-0.626,17,4.66,1,77.0,15.29,1,0.543,21.4,53.0,70.0,8,202.05,12,10.5525,0.34,0.2589,0
18,93.61,-0.661,12,5.32,0,11.0,0.0,1,0.913,12.4,28.0,56.0,5,169.6,24,13.3965,0.0,0.4092,0
18,67.24,-0.839,13,3.57,0,1.0,0.0,0,,,61.0,30.0,3,253.69,52,12.4345,0.0,0.255,1
17,73.46,0.038,20,5.91,0,5.0,0.0,0,,,37.0,34.0,2,801.56,8,12.4583,0.0,0.2814,1
17,10.22,-0.049,13,4.75,0,11.0,0.0,0,,,54.0,67.0,5,142.67,12,6.988,0.0,0.3393,1
24,68.3,0.24,19,2.01,0,13.0,0.0,0,,,90.0,70.0,12,289.69,4,13.643,0.0,0.1005,1
19,141.7,-0.141,21,10.77,1,75.0,17.68,1,0.607,1.6,55.0,89.0,4,209.44,4,14.8611,0.1239,0.4895,0
15,138.96,-0.363,9,4.14,1,54.0,21.69,1,0.772,19.2,42.0,62.0,4,281.03,12,13.7003,0.155,0.414,0
7,43.23,0.036,13,1.24,0,5.0,0.0,0,,,85.0,42.0,4,32.58,8,7.8798,0.0,0.0886,1
21,67.83,-0.508,9,7.13,0,6.0,0.0,0,,,69.0,79.0,9,312.83,8,13.0802,0.0,0.713,1
6,11.52,-1.076,7,3.16,0,4.0,0.0,1,0.84,13.1,15.0,51.0,1,272.66,12,4.918,0.0,0.395,0
6,14.09,-0.585,11,0.77,1,71.0,11.56,1,0.579,37.5,46.0,67.0,0,249.88,12,5.2813,0.7661,0.0642,0
12,18.9,0.232,12,4.71,0,24.0,0.0,0,,,54.0,61.0,1,377.63,8,7.671,0.0,0.3623,1
11,67.56,-0.336,12,1.35,0,4.0,0.0,0,,,37.0,73.0,3,360.86,8,10.5055,0.0,0.1038,1
5,22.69,-0.856,10,2.28,0,8.0,0.0,1,0.673,15.1,29.0,53.0,4,103.93,12,5.671,0.0,0.2073,0
21,33.98,-0.338,19,4.98,0,13.0,0.0,1,0.748,0.5,69.0,65.0,10,870.78,8,10.988,0.0,0.249,0
13,53.19,-0.533,15,1.88,1,67.0,25.2,0,,,27.0,25.0,5,357.72,24,10.5364,0.465,0.1175,1
34,122.53,1.06,9,4.34,1,88.0,40.7,0,,,33.0,69.0,4,304.67,8,17.1243,0.3295,0.434,1
18,17.19,-0.385,17,2.12,0,2.0,0.0,0,,,53.0,70.0,8,836.39,24,8.5414,0.0,0.1178,1
9,5.59,-0.929,8,2.13,0,7.0,0.0,1,0.437,25.6,39.0,50.0,6,234.24,4,4.3416,0.0,0.2367,0
12,7.56,-0.372,17,1.03,0,0.0,0.0,0,,,18.0,46.0,0,217.67,8,5.5072,0.0,0.0572,1
9,43.36,0.897,13,1.97,0,3.0,0.0,0,,,85.0,53.0,4,756.53,12,8.7322,0.0,0.1407,1
7,6.87,-0.51,10,0.89,0,8.0,0.0,0,,,36.0,27.0,0,103.29,8,4.29,0.0,0.0809,1
16,30.24,-0.65,15,1.74,1,65.0,38.51,0,,,36.0,80.0,5,641.11,4,9.7511,1.2327,0.1088,1
23,85.03,0.772,26,9.9,0,2.0,0.0,0,,,37.0,73.0,5,163.29,24,14.1573,0.0,0.3667,1
27,33.35,0.009,10,2.6,0,4.0,0.0,0,,,19.0,75.0,6,456.18,8,11.7847,0.0,0.2364,1
16,68.54,-1.035,12,7.65,1,64.0,63.54,1,0.843,4.9,59.0,78.0,6,295.34,4,12.0182,0.9137,0.5885,0
10,30.57,-0.342,10,2.85,1,62.0,14.53,1,0.572,2.1,35.0,56.0,3,634.42,12,8.278,0.4602,0.2591,0
34,80.88,-0.042,23,4.97,1,95.0,37.91,0,,,59.0,83.0,8,430.45,4,15.6622,0.463,0.2071,1
18,36.58,0.139,13,3.05,0,5.0,0.0,0,,,55.0,86.0,8,826.6,12,10.6779,0.0,0.2179,1
16,55.81,0.123,7,3.21,0,11.0,0.0,1,0.861,5.9,48.0,45.0,4,327.63,12,11.4454,0.0,0.4012,0
21,180.15,-0.161,19,2.39,0,1.0,0.0,1,0.635,10.8,57.0,64.0,6,277.08,8,16.0713,0.0,0.1195,0
18,54.68,-0.077,13,5.97,0,7.0,0.0,1,0.714,8.7,60.0,53.0,8,217.77,12,11.8355,0.0,0.4264,0
18,62.65,0.188,18,4.02,0,15.0,0.0,0,,,65.0,88.0,6,361.76,8,12.2294,0.0,0.2116,1
23,93.48,0.115,18,2.03,1,31.0,17.29,0,,,55.0,49.0,4,219.32,4,14.455,0.183,0.1068,1
17,31.69,-0.259,12,2.3,1,55.0,25.84,0,,,57.0,44.0,6,556.51,24,10.0789,0.7905,0.1769,1
14,26.7,-0.984,16,1.87,1,82.0,54.23,0,,,66.0,46.0,1,203.2,4,8.9946,1.9578,0.11,1
11,100.66,0.945,10,1.76,0,8.0,0.0,0,,,47.0,74.0,2,458.68,4,11.4843,0.0,0.16,1
36,162.06,1.018,11,8.78,1,50.0,94.98,1,0.873,0.2,50.0,73.0,13,638.58,4,18.3944,0.5825,0.7317,0
39,72.77,0.088,25,3.45,1,55.0,75.94,1,0.85,1.1,23.0,39.0,17,227.31,8,15.8657,1.0294,0.1327,0
26,51.18,1.705,27,4.44,1,54.0,56.36,0,,,78.0,98.0,8,1418.23,8,13.034,1.0801,0.1586,1
7,11.6,0.009,6,2.49,0,0.0,0.0,0,,,31.0,28.0,3,46.98,4,5.2687,0.0,0.3557,1
22,79.37,0.269,18,3.46,1,19.0,26.97,1,0.945,33.7,60.0,54.0,4,334.93,8,13.7543,0.3356,0.1821,0
16,65.61,0.866,14,3.83,0,5.0,0.0,0,,,37.0,75.0,10,195.89,4,11.8963,0.0,0.2553,1
14,84.9,0.363,10,2.74,0,1.0,0.0,0,,,76.0,75.0,3,384.3,12,12.0594,0.0,0.2491,1
9,56.53,-0.419,10,1.58,0,4.0,0.0,0,,,43.0,93.0,4,105.12,8,9.3308,0.0,0.1436,1
26,62.62,0.501,11,2.6,1,95.0,19.35,0,,,27.0,15.0,2,88.23,52,13.6874,0.3041,0.2167,1
22,79.3,0.1,14,5.0,1,46.0,34.23,0,,,44.0,83.0,4,603.32,8,13.7516,0.4263,0.3333,1
18,63.93,0.687,17,5.38,0,4.0,0.0,0,,,72.0,86.0,11,255.25,8,12.2881,0.0,0.2989,1
22,58.84,0.194,18,2.95,0,3.0,0.0,0,,,19.0,63.0,9,150.14,4,12.8294,0.0,0.1553,1
17,111.34,1.395,23,1.67,1,31.0,26.64,0,,,63.0,35.0,4,394.09,4,13.647,0.2371,0.0696,1
13,155.4,-0.353,15,2.44,1,71.0,24.09,0,,,54.0,32.0,8,176.09,12,13.3336,0.154,0.1525,1
21,255.44,-0.102,21,2.88,0,4.0,0.0,1,0.661,4.5,29.0,63.0,8,817.82,8,17.1457,0.0,0.1309,0
6,16.83,-0.571,5,2.64,0,4.0,0.0,1,0.916,4.7,45.0,47.0,6,708.87,24,5.6059,0.0,0.44,0
11,20.22,0.969,12,2.01,0,8.0,0.0,0,,,46.0,43.0,2,307.62,12,7.5913,0.0,0.1546,1
17,113.35,-0.648,14,2.87,1,78.0,36.12,0,,,46.0,37.0,9,595.18,12,13.6982,0.3159,0.1913,1
11,64.96,0.039,16,1.59,1,81.0,35.05,0,,,28.0,50.0,2,205.25,12,10.4094,0.5314,0.0935,1
12,71.59,0.21,12,2.03,0,9.0,0.0,1,0.619,24.4,44.0,93.0,2,123.21,8,10.9904,0.0,0.1562,0
14,57.84,-0.778,15,2.37,0,0.0,0.0,1,0.292,25.1,82.0,93.0,2,184.64,24,11.0348,0.0,0.1481,0
16,35.92,-0.545,8,3.38,0,8.0,0.0,1,0.712,10.4,45.0,78.0,5,213.16,8,10.2244,0.0,0.3756,0
13,43.66,0.078,10,6.39,0,4.0,0.0,1,0.633,25.6,70.0,74.0,6,137.85,4,10.026,0.0,0.5809,0
8,47.43,0.189,12,1.92,0,5.0,0.0,0,,,78.0,80.0,2,169.91,52,8.5255,0.0,0.1477,1
12,39.13,-0.089,5,1.55,0,4.0,0.0,1,0.59,46.6,40.0,35.0,6,830.6,24,9.4701,0.0,0.2583,0
3,56.43,-0.794,11,1.32,0,6.0,0.0,0,,,51.0,30.0,3,141.17,52,5.6153,0.0,0.11,1
21,139.81,0.357,22,4.22,0,6.0,0.0,0,,,62.0,38.0,7,500.47,12,15.2927,0.0,0.1835,1
13,133.43,-0.413,11,8.36,1,39.0,19.36,0,,,66.0,46.0,5,317.93,8,12.9341,0.144,0.6967,1
27,92.31,0.315,24,5.1,0,15.0,0.0,0,,,46.0,52.0,8,660.72,12,15.1146,0.0,0.204,1
14,56.14,0.948,12,4.26,1,62.0,9.73,1,0.63,11.2,27.0,32.0,5,398.88,24,10.9554,0.1703,0.3277,0
7,114.95,-0.349,23,2.25,0,13.0,0.0,0,,,39.0,38.0,6,134.32,24,9.8839,0.0,0.0938,1
19,176.11,-0.955,21,3.16,1,69.0,26.59,1,0.758,7.0,54.0,31.0,6,302.72,12,15.5082,0.1501,0.1436,0
18,17.04,0.946,8,4.12,0,4.0,0.0,0,,,63.0,80.0,8,237.03,4,8.5171,0.0,0.4578,1
9,36.66,-0.331,13,2.33,0,3.0,0.0,0,,,30.0,37.0,6,721.65,24,8.3552,0.0,0.1664,1
27,68.52,-0.383,24,1.7,0,2.0,0.0,1,0.47,5.3,74.0,44.0,11,196.46,8,14.1339,0.0,0.068,0
12,91.13,0.05,13,2.62,0,4.0,0.0,1,0.616,13.1,9.0,57.0,6,179.14,52,11.6018,0.0,0.1871,0
18,75.97,-0.86,9,1.76,1,68.0,17.5,1,0.954,15.8,42.0,81.0,4,216.29,4,12.7889,0.2274,0.176,0
10,96.54,1.394,7,1.41,1,83.0,29.03,1,0.602,5.9,53.0,40.0,3,48.68,52,10.983,0.2976,0.1762,0
10,30.8,0.118,9,3.18,0,1.0,0.0,0,,,41.0,97.0,5,237.08,12,8.2954,0.0,0.318,1
8,49.76,-0.162,9,2.14,1,23.0,22.44,0,,,71.0,48.0,3,215.28,52,8.6287,0.4421,0.214,1
9,34.79,-0.25,8,2.01,0,3.0,0.0,1,0.6,24.1,62.0,72.0,3,511.68,24,8.2379,0.0,0.2233,0
30,69.23,0.642,13,2.13,1,61.0,36.1,1,0.606,17.1,49.0,54.0,9,243.88,8,14.6005,0.514,0.1521,0
11,39.87,-0.623,14,4.22,0,7.0,0.0,0,,,53.0,85.0,3,89.51,8,9.22,0.0,0.2813,1
9,64.85,-0.457,20,3.35,0,9.0,0.0,1,0.77,11.6,43.0,72.0,3,539.33,4,9.6418,0.0,0.1595,0
7,14.02,-0.983,16,0.83,1,70.0,30.2,1,0.784,39.0,22.0,36.0,7,693.47,12,5.634,2.0107,0.0488,0
12,54.42,-0.842,11,5.21,1,79.0,17.59,1,0.86,5.0,47.0,80.0,3,269.09,24,10.2981,0.3174,0.4342,0
11,32.07,-0.277,13,4.17,1,24.0,14.37,0,,,41.0,65.0,6,299.31,12,8.6938,0.4345,0.2979,1
12,33.44,0.171,12,2.42,0,2.0,0.0,0,,,51.0,76.0,1,276.75,4,9.0779,0.0,0.1862,1
29,160.69,0.262,18,4.77,1,64.0,28.14,0,,,95.0,91.0,9,1973.24,4,17.2974,0.174,0.2511,1
21,51.42,0.238,19,3.51,0,9.0,0.0,1,0.782,29.1,84.0,75.0,6,284.34,4,12.2383,0.0,0.1755,0
12,25.24,-0.408,11,1.94,0,4.0,0.0,0,,,50.0,86.0,1,207.02,4,8.3804,0.0,0.1617,1
15,39.29,-0.041,11,4.18,1,48.0,15.47,0,,,28.0,85.0,6,257.93,4,10.2478,0.384,0.3483,1
24,40.4,1.054,13,5.9,1,74.0,27.09,1,0.571,4.3,42.0,92.0,11,231.82,12,11.9848,0.6543,0.4214,0
9,18.92,-0.202,12,1.89,0,7.0,0.0,1,0.767,3.1,35.0,99.0,5,447.7,24,6.8887,0.0,0.1454,0
34,100.83,0.563,21,4.4,0,1.0,0.0,1,0.524,15.2,34.0,89.0,9,933.4,12,16.4375,0.0,0.2,0
10,61.06,-0.525,13,2.92,0,8.0,0.0,0,,,78.0,67.0,6,118.97,8,9.8988,0.0,0.2086,1
20,82.76,0.351,21,1.85,1,85.0,42.26,0,,,47.0,79.0,8,659.89,24,13.481,0.5045,0.0841,1
13,21.79,0.73,8,1.32,0,4.0,0.0,0,,,54.0,53.0,6,151.05,24,8.2505,0.0,0.1467,1
17,48.3,-0.007,10,2.49,0,7.0,0.0,1,0.572,15.8,31.0,41.0,3,141.79,8,11.2664,0.0,0.2264,0
14,64.26,0.705,12,6.46,0,3.0,0.0,0,,,67.0,57.0,4,447.04,24,11.3153,0.0,0.4969,1
12,76.3,-0.621,7,2.52,1,57.0,53.09,1,0.807,1.3,63.0,79.0,3,862.83,8,11.1516,0.6868,0.315,0
8,74.27,-1.066,9,1.85,1,50.0,9.82,1,0.532,64.9,37.0,43.0,1,304.03,12,9.4944,0.1305,0.185,0
9,45.87,0.803,10,3.49,0,12.0,0.0,0,,,38.0,86.0,4,390.02,8,8.8589,0.0,0.3173,1
16,53.22,-0.129,16,5.4,0,3.0,0.0,1,0.788,3.7,63.0,88.0,7,168.88,12,11.3132,0.0,0.3176,0
21,141.29,1.254,17,3.15,0,5.0,0.0,1,0.964,21.9,20.0,85.0,9,215.67,12,15.325,0.0,0.175,0
23,96.78,0.219,10,1.21,0,2.0,0.0,0,,,70.0,49.0,3,775.88,4,14.5641,0.0,0.11,1
27,169.66,1.556,12,7.49,0,5.0,0.0,0,,,45.0,58.0,5,285.14,12,17.1264,0.0,0.5762,1
22,54.19,0.428,14,2.06,1,65.0,56.5,1,0.46,7.6,93.0,64.0,5,234.31,8,12.5758,1.0237,0.1373,0
9,43.42,-0.092,15,5.73,0,5.0,0.0,0,,,59.0,70.0,4,64.74,4,8.7353,0.0,0.3581,1
29,49.71,-0.613,20,3.2,0,6.0,0.0,1,0.906,5.5,55.0,53.0,9,411.43,24,13.3535,0.0,0.1524,0
20,65.36,-0.051,14,1.83,0,3.0,0.0,1,0.451,5.2,70.0,31.0,9,120.09,24,12.7721,0.0,0.122,0
24,65.86,-0.293,25,2.51,1,25.0,13.58,1,0.941,5.0,38.0,40.0,8,673.4,12,13.5277,0.2031,0.0965,0
20,77.8,0.808,26,5.12,0,10.0,0.0,1,0.598,0.2,40.0,79.0,5,301.18,24,13.2952,0.0,0.1896,0
6,30.66,0.364,7,1.53,0,7.0,0.0,0,,,67.0,75.0,2,216.01,24,6.7232,0.0,0.1912,1
10,26.12,0.271,18,3.74,0,5.0,0.0,1,0.77,4.9,34.0,50.0,1,158.36,4,7.9137,0.0,0.1968,0
18,55.52,1.065,13,2.14,0,2.0,0.0,1,0.849,5.4,26.0,83.0,5,160.49,4,11.8796,0.0,0.1529,0
8,21.09,-0.757,11,1.39,0,4.0,0.0,1,0.938,9.1,25.0,49.0,3,177.09,8,6.8007,0.0,0.1158,0
20,41.02,0.403,17,3.7,0,2.0,0.0,1,0.489,61.7,85.0,47.0,4,397.07,4,11.3809,0.0,0.2056,0
21,107.25,0.263,12,3.54,0,6.0,0.0,0,,,79.0,80.0,10,334.7,52,14.4798,0.0,0.2723,1
21,68.48,-0.38,14,3.57,1,64.0,22.4,0,,,71.0,34.0,6,120.62,52,13.1092,0.3224,0.238,1
10,78.88,0.613,10,2.09,1,37.0,16.58,0,,,67.0,65.0,2,392.67,24,10.504,0.2076,0.19,1
11,124.01,-0.181,10,4.23,1,84.0,15.41,1,0.91,2.3,68.0,87.0,1,247.62,8,11.9981,0.1233,0.3845,0
26,30.17,-0.877,10,1.62,1,84.0,35.94,1,0.768,36.5,64.0,54.0,4,203.84,12,11.3359,1.153,0.1473,0
22,83.06,0.184,10,2.14,0,1.0,0.0,1,0.843,50.0,62.0,74.0,12,396.62,24,13.895,0.0,0.1945,0
11,83.7,1.18,11,3.36,0,4.0,0.0,0,,,37.0,52.0,7,159.48,12,11.0308,0.0,0.28,1
14,38.38,-0.903,11,3.91,1,44.0,18.11,0,,,71.0,80.0,6,86.98,12,9.9474,0.4599,0.3258,1
17,92.07,1.623,14,2.55,0,2.0,0.0,1,0.771,4.2,48.0,46.0,6,131.22,24,13.1031,0.0,0.17,0
22,95.38,0.278,13,2.6,0,4.0,0.0,0,,,53.0,69.0,8,1130.67,12,14.3239,0.0,0.1857,1
4,45.54,-1.908,7,0.95,1,82.0,10.59,0,,,51.0,42.0,3,37.42,12,6.1807,0.2275,0.1188,1
18,71.72,-0.949,9,3.89,1,70.0,29.92,0,,,81.0,8.0,6,356.5,4,12.6217,0.4114,0.389,1
10,25.48,-0.15,15,2.8,1,28.0,10.82,0,,,77.0,88.0,7,448.06,12,7.8564,0.4086,0.175,1
19,30.53,0.167,11,2.59,0,11.0,0.0,0,,,69.0,53.0,3,1245.39,8,10.3381,0.0,0.2158,1
21,58.23,-0.421,15,2.8,1,62.0,37.76,0,,,29.0,60.0,4,465.46,8,12.6159,0.6375,0.175,1
27,30.83,1.052,22,5.52,0,1.0,0.0,0,,,66.0,80.0,9,1458.22,24,11.5308,0.0,0.24,1
16,30.25,-0.495,13,1.42,0,1.0,0.0,0,,,31.0,60.0,2,125.81,52,9.752,0.0,0.1014,1
35,106.46,-0.366,27,6.4,1,79.0,153.04,0,,,71.0,69.0,9,516.9,52,16.7605,1.4242,0.2286,1
11,12.53,-1.215,9,2.13,1,77.0,11.91,0,,,42.0,61.0,0,79.81,4,6.473,0.8803,0.213,1
18,27.6,0.252,10,4.04,1,69.0,25.83,1,0.626,6.1,28.0,76.0,5,180.44,8,9.8739,0.9031,0.3673,0
20,46.73,0.347,13,8.11,1,39.0,37.34,1,0.68,3.0,53.0,47.0,8,185.11,12,11.7688,0.7823,0.5793,0
23,66.7,-0.036,21,2.05,1,72.0,8.17,0,,,61.0,57.0,5,236.09,12,13.3958,0.1207,0.0932,1
23,36.16,0.944,23,5.15,0,16.0,0.0,0,,,71.0,58.0,6,80.09,24,11.4894,0.0,0.2146,1
40,239.58,0.119,13,3.96,1,51.0,56.77,1,0.747,7.7,51.0,91.0,8,200.88,8,20.3617,0.236,0.2829,0
24,76.0,0.159,15,4.46,0,16.0,0.0,1,0.824,5.3,48.0,67.0,8,313.75,8,13.9822,0.0,0.2788,0
9,28.48,0.404,12,1.37,0,18.0,0.0,0,,,7.0,79.0,2,182.98,4,7.7913,0.0,0.1054,1
8,38.89,-0.418,7,1.61,1,68.0,10.32,1,0.779,32.4,32.0,53.0,1,467.83,24,8.0992,0.2587,0.2013,0
16,33.1,0.849,16,1.64,0,4.0,0.0,1,0.736,18.4,6.0,85.0,10,371.91,8,9.9993,0.0,0.0965,0
13,28.63,0.579,13,1.39,1,44.0,13.89,0,,,41.0,77.0,2,246.95,12,8.9432,0.4688,0.0993,1
11,58.09,0.041,17,2.38,1,76.0,47.04,1,0.658,16.8,46.0,17.0,3,77.19,4,10.1361,0.7961,0.1322,0
12,17.39,-0.515,8,1.45,1,90.0,15.66,1,0.799,21.7,48.0,67.0,2,264.4,12,7.4686,0.8515,0.1611,0
10,21.67,-0.653,7,1.05,0,12.0,0.0,1,0.878,44.6,65.0,71.0,1,214.32,12,7.4839,0.0,0.1312,0
8,27.97,0.13,13,2.13,0,9.0,0.0,0,,,26.0,85.0,5,359.7,8,7.3964,0.0,0.1521,1
7,23.14,-0.582,14,3.05,1,74.0,13.85,0,,,77.0,72.0,3,113.67,8,6.6207,0.5737,0.2033,1
23,96.13,0.058,14,5.38,0,10.0,0.0,0,,,38.0,82.0,8,747.8,4,14.5429,0.0,0.3587,1
14,28.03,-0.189,18,2.19,0,9.0,0.0,0,,,79.0,44.0,6,191.64,24,9.1216,0.0,0.1153,1
11,40.62,0.049,22,4.06,1,64.0,16.06,1,0.71,7.9,34.0,67.0,6,435.82,8,9.2652,0.3859,0.1765,0
17,15.97,-0.133,18,3.55,1,62.0,20.15,1,0.891,20.4,58.0,41.0,7,257.88,8,8.1839,1.1874,0.1868,0
11,56.12,0.698,14,2.49,0,18.0,0.0,0,,,23.0,54.0,5,163.47,8,10.0518,0.0,0.166,1
17,27.45,-0.202,18,1.24,0,0.0,0.0,0,,,47.0,56.0,2,43.88,24,9.6774,0.0,0.0653,1
11,77.59,-0.131,10,3.63,1,88.0,20.2,0,,,49.0,24.0,3,260.05,4,10.8447,0.257,0.33,1
13,26.47,0.416,14,2.32,0,16.0,0.0,1,0.726,33.3,41.0,81.0,4,314.33,8,8.7434,0.0,0.1547,0
17,158.41,-0.377,15,1.49,0,0.0,0.0,0,,,78.0,61.0,4,509.08,8,14.6585,0.0,0.0931,1
11,14.03,0.07,11,4.62,0,23.0,0.0,0,,,38.0,80.0,3,236.84,12,6.7342,0.0,0.385,1
28,40.6,1.206,25,5.3,1,32.0,34.0,1,0.51,11.4,36.0,72.0,12,761.17,12,12.5536,0.8173,0.2038,0
18,57.82,0.437,8,8.36,1,66.0,8.75,0,,,50.0,27.0,5,421.2,12,11.9971,0.1488,0.9289,1
19,37.11,0.024,8,7.53,1,36.0,23.15,1,0.684,4.4,79.0,55.0,3,266.16,8,10.9059,0.6075,0.8367,0
7,27.4,0.09,10,3.19,0,6.0,0.0,1,0.863,14.2,69.0,84.0,1,615.42,4,6.9586,0.0,0.29,0
12,57.9,0.521,16,2.73,0,14.0,0.0,1,0.635,14.2,86.0,95.0,3,155.96,12,10.4543,0.0,0.1606,0
8,44.75,-0.176,10,0.9,1,40.0,25.31,0,,,40.0,84.0,5,204.77,12,8.4004,0.5532,0.0818,1
26,30.36,-0.259,10,2.23,1,69.0,36.14,1,0.758,10.6,40.0,51.0,8,607.92,4,11.3559,1.1524,0.2027,0
12,49.23,1.154,8,5.35,0,9.0,0.0,0,,,50.0,59.0,9,484.35,4,10.0459,0.0,0.5944,1
26,88.76,0.45,19,4.93,0,3.0,0.0,0,,,27.0,63.0,5,217.41,4,14.8218,0.0,0.2465,1
13,19.35,-0.125,9,3.46,1,48.0,22.65,0,,,28.0,45.0,2,413.72,8,7.9517,1.113,0.346,1
12,27.13,0.037,10,2.49,1,13.0,19.31,0,,,27.0,30.0,4,420.4,24,8.5588,0.6865,0.2264,1
17,62.51,0.002,20,2.13,0,9.0,0.0,0,,,66.0,45.0,8,953.55,8,11.9985,0.0,0.1014,1
6,38.12,0.147,8,2.04,0,2.0,0.0,1,0.593,8.5,47.0,71.0,2,135.33,24,7.1349,0.0,0.2267,0
4,72.98,-0.606,8,2.0,1,94.0,22.1,1,0.497,20.0,67.0,33.0,5,155.62,4,6.9267,0.2987,0.2222,0
17,21.29,0.21,13,1.27,1,69.0,56.18,1,0.69,20.6,58.0,91.0,6,409.52,4,8.9721,2.5204,0.0907,0
9,37.09,0.147,14,1.44,1,73.0,7.43,1,0.84,2.0,57.0,48.0,2,135.73,12,8.3813,0.1951,0.096,0
19,76.28,0.32,17,3.42,0,0.0,0.0,0,,,40.0,79.0,9,147.83,12,13.0238,0.0,0.19,1
20,57.35,0.658,15,0.93,0,11.0,0.0,0,,,71.0,98.0,7,93.6,8,12.3804,0.0,0.0581,1
16,76.41,-0.298,15,2.74,1,78.0,23.93,0,,,71.0,82.0,6,112.69,12,12.322,0.3091,0.1713,1
16,44.48,-0.078,13,0.77,1,45.0,7.45,1,0.898,36.0,62.0,59.0,2,119.5,24,10.8151,0.1638,0.055,0
27,67.08,0.261,23,4.13,1,35.0,26.57,1,0.79,19.6,70.0,69.0,8,147.5,52,14.0642,0.3903,0.1721,0
10,11.61,0.37,12,1.49,0,10.0,0.0,0,,,61.0,21.0,2,397.55,8,6.0774,0.0,0.1146,1
16,74.02,-0.42,15,2.36,0,2.0,0.0,1,0.781,3.5,29.0,72.0,7,128.41,8,12.2331,0.0,0.1475,0
26,36.4,0.461,15,1.58,1,45.0,23.2,0,,,28.0,81.0,6,348.51,8,11.9364,0.6203,0.0988,1
42,127.86,1.136,34,9.88,0,4.0,0.0,1,0.593,5.4,51.0,81.0,13,808.93,12,18.2746,0.0,0.2823,0
4,35.4,-0.222,9,2.61,0,9.0,0.0,0,,,24.0,54.0,1,181.34,8,5.7852,0.0,0.261,1
31,45.48,-0.229,13,6.92,0,3.0,0.0,0,,,34.0,86.0,7,532.54,8,13.305,0.0,0.4943,1
8,28.57,-0.123,10,1.09,0,0.0,0.0,1,0.325,4.3,59.0,78.0,6,432.18,52,7.4415,0.0,0.0991,0
10,52.89,-0.58,4,1.6,0,1.0,0.0,0,,,25.0,67.0,0,176.8,8,9.5603,0.0,0.32,1
13,16.19,0.599,20,1.26,0,1.0,0.0,1,0.896,3.0,52.0,25.0,2,217.78,12,7.5063,0.0,0.06,0
14,68.73,0.218,12,2.72,0,1.0,0.0,1,0.9,2.7,53.0,62.0,6,224.42,4,11.4947,0.0,0.2092,0
30,89.03,-0.103,23,3.48,1,88.0,18.03,0,,,13.0,58.0,10,1707.26,12,15.4534,0.2003,0.145,1
9,75.99,0.559,15,3.81,0,9.0,0.0,0,,,19.0,41.0,7,267.33,24,10.0017,0.0,0.2381,1
14,41.39,0.244,10,1.33,1,75.0,15.5,0,,,39.0,62.0,4,138.57,12,10.1468,0.3657,0.1209,1
3,68.09,-0.038,7,1.45,0,3.0,0.0,1,0.911,2.2,48.0,55.0,0,201.06,4,5.8715,0.0,0.1812,0
24,61.22,0.418,22,2.65,0,9.0,0.0,1,0.698,11.7,79.0,73.0,8,304.32,8,13.2961,0.0,0.1152,0
21,67.65,-0.505,15,2.52,0,7.0,0.0,0,,,70.0,76.0,5,381.14,52,13.0721,0.0,0.1575,1
12,29.14,-0.26,16,1.97,0,1.0,0.0,1,0.902,16.5,53.0,89.0,1,197.7,4,8.7358,0.0,0.1159,0
10,49.39,0.851,8,2.32,0,2.0,0.0,0,,,53.0,30.0,8,89.7,12,9.3993,0.0,0.2578,1
13,39.05,0.069,21,3.99,0,2.0,0.0,0,,,26.0,61.0,6,112.61,4,9.7385,0.0,0.1814,1
28,58.29,0.746,15,2.5,1,66.0,9.74,0,,,66.0,75.0,7,602.09,24,13.7468,0.1643,0.1562,1
26,153.21,0.93,22,6.44,1,64.0,15.86,0,,,35.0,79.0,13,2018.54,12,16.6055,0.1028,0.28,1
17,47.52,1.023,14,2.86,1,82.0,23.54,0,,,58.0,50.0,4,317.48,12,11.2204,0.4852,0.1907,1
10,19.38,-0.178,10,1.37,0,14.0,0.0,1,0.77,0.4,75.0,92.0,2,219.55,8,7.2286,0.0,0.1245,0
28,82.82,0.964,12,2.38,1,34.0,21.41,1,0.782,5.2,26.0,49.0,6,286.21,8,14.9126,0.2554,0.1831,0
31,55.3,1.324,20,5.68,1,39.0,40.72,0,,,57.0,88.0,12,363.19,8,13.9693,0.7233,0.2705,1
9,101.89,-0.357,10,1.66,1,82.0,14.81,0,,,52.0,59.0,3,163.5,12,10.6694,0.1439,0.1509,1
19,40.88,-0.822,7,1.27,1,48.0,18.1,0,,,54.0,90.0,4,408.25,4,11.1885,0.4322,0.1588,1
10,132.25,0.461,14,2.95,0,11.0,0.0,0,,,50.0,46.0,6,470.57,24,11.731,0.0,0.1967,1
14,39.03,0.367,21,5.32,1,90.0,20.36,1,0.729,15.4,48.0,74.0,3,368.38,8,9.9917,0.5086,0.2418,0
19,61.68,0.379,15,3.41,0,4.0,0.0,0,,,69.0,90.0,6,476.5,8,12.3965,0.0,0.2131,1
28,32.92,0.698,19,5.13,0,1.0,0.0,0,,,63.0,67.0,11,429.72,12,11.8664,0.0,0.2565,1
16,253.69,0.871,22,1.98,1,47.0,22.94,1,0.488,8.1,50.0,70.0,9,511.87,8,15.6961,0.0901,0.0861,0
17,55.72,-0.849,9,4.17,1,80.0,9.11,0,,,38.0,64.0,3,220.23,24,11.6717,0.1606,0.417,1
14,60.82,-0.157,12,2.83,1,30.0,39.07,0,,,45.0,57.0,5,1170.11,12,11.1686,0.632,0.2177,1
15,57.48,-0.104,10,6.2,1,88.0,20.85,1,0.68,1.1,43.0,49.0,2,483.88,52,11.2808,0.3565,0.5636,0
9,39.41,0.522,10,4.58,1,82.0,20.34,1,0.529,1.7,39.0,80.0,1,321.29,4,8.5174,0.5033,0.4164,0
33,77.17,1.747,24,6.59,1,59.0,59.46,0,,,31.0,57.0,11,291.89,4,15.371,0.7606,0.2636,1
17,96.04,0.523,15,2.47,0,9.0,0.0,1,0.742,4.3,30.0,55.0,9,275.46,4,13.2238,0.0,0.1544,0
