region,gender,age,occupation,monthly_txn_count,avg_txn_amount_usd,wallet_balance_trend,airtime_recharge_freq,airtime_avg_amount_usd,has_savings_account,savings_consistency_score,monthly_savings_usd,has_prior_loan,prior_loan_repayment_rate,days_late_avg,network_diversity_score,bill_payment_regularity,merchant_payment_count,loan_amount_requested_usd,loan_duration_weeks,repaid
Southern Africa,Female,60,Self-employed,20,102.33,0.414,16,1.82,1,43.0,28.81,1,0.963,19.2,54.0,79.0,6,473.73,12,1
East Africa,Female,52,Self-employed,10,56.76,-0.479,14,1.76,0,14.0,0.0,1,0.552,15.9,34.0,69.0,2,121.91,8,0
Central Africa,Male,27,Salaried,4,51.68,-0.486,10,2.71,1,61.0,14.13,0,,,44.0,52.0,1,110.69,8,1
Southern Africa,Male,64,Farmer,9,29.82,-0.455,13,2.38,0,3.0,0.0,0,,,75.0,68.0,2,70.98,24,0
West Africa,Male,64,Farmer,8,37.34,-0.324,7,2.07,0,3.0,0.0,1,0.61,8.5,35.0,63.0,2,68.92,8,1
Central Africa,Male,19,Farmer,11,33.47,-0.064,11,1.51,1,14.0,21.45,1,0.708,31.8,65.0,53.0,3,322.86,8,1
Southern Africa,Male,19,Trader,8,13.09,0.23,10,1.55,1,56.0,21.04,1,0.77,9.4,63.0,48.0,5,39.0,4,1
Southern Africa,Prefer not to say,29,Salaried,28,155.49,0.025,18,2.25,0,4.0,0.0,1,0.653,9.7,25.0,89.0,10,76.43,24,1
West Africa,Male,55,Informal worker,14,81.76,0.346,13,2.84,1,70.0,19.78,1,0.599,0.8,46.0,70.0,3,45.43,8,1
East Africa,Male,46,Informal worker,20,79.33,-0.514,15,5.4,0,6.0,0.0,1,0.676,8.9,25.0,84.0,10,1369.1,4,0
East Africa,Female,42,Trader,13,82.27,0.247,17,6.22,0,7.0,0.0,1,0.162,18.7,90.0,95.0,5,270.12,24,1
Central Africa,Male,37,Trader,11,29.88,-0.538,6,3.89,1,33.0,20.06,1,0.485,0.7,33.0,45.0,2,199.85,8,1
East Africa,Male,40,Salaried,16,30.97,-0.067,18,4.32,1,57.0,30.3,0,,,35.0,13.0,6,66.83,8,1
Southern Africa,Male,47,Trader,9,30.54,0.181,7,2.8,1,33.0,29.2,0,,,38.0,43.0,1,158.74,8,1
East Africa,Female,20,Trader,20,49.78,1.02,17,3.97,1,86.0,29.38,0,,,78.0,51.0,7,217.43,4,1
West Africa,Male,45,Informal worker,5,36.6,-0.353,9,1.92,1,54.0,9.52,0,,,53.0,60.0,5,151.34,12,1
East Africa,Female,28,Informal worker,14,16.86,0.057,17,1.44,1,84.0,18.76,1,0.639,15.0,61.0,85.0,7,39.55,12,1
West Africa,Female,55,Trader,18,12.63,0.033,10,3.72,0,2.0,0.0,0,,,37.0,83.0,9,926.52,4,1
Southern Africa,Male,27,Trader,8,12.36,-1.438,7,4.59,0,1.0,0.0,1,0.901,1.1,68.0,68.0,0,189.59,4,1
East Africa,Female,21,Salaried,27,46.61,0.771,23,3.25,1,77.0,33.89,0,,,66.0,82.0,7,310.43,24,1
Southern Africa,Male,38,Self-employed,13,108.33,1.341,17,2.65,1,50.0,51.82,0,,,63.0,69.0,7,78.84,8,1
East Africa,Male,38,Farmer,10,22.07,1.06,19,4.02,0,10.0,0.0,0,,,62.0,49.0,14,274.46,8,1
Central Africa,Male,42,Salaried,17,80.99,-0.06,10,5.53,0,4.0,0.0,1,0.864,4.8,34.0,83.0,3,166.33,24,1
Central Africa,Prefer not to say,58,Farmer,16,27.39,-0.128,15,3.16,0,3.0,0.0,1,0.717,4.4,44.0,35.0,7,253.99,4,1
Southern Africa,Male,50,Informal worker,18,42.51,-0.165,17,4.22,1,83.0,38.64,0,,,11.0,53.0,4,317.13,24,1
West Africa,Male,35,Informal worker,12,34.8,0.108,12,2.81,0,8.0,0.0,1,0.681,33.0,33.0,75.0,1,137.4,12,0
East Africa,Female,52,Salaried,16,48.35,0.074,15,2.45,0,12.0,0.0,0,,,28.0,62.0,2,148.97,8,1
West Africa,Male,41,Salaried,12,47.98,-1.137,11,2.44,0,19.0,0.0,0,,,13.0,42.0,2,397.45,8,0
West Africa,Female,28,Trader,32,13.71,0.964,22,2.38,0,3.0,0.0,0,,,51.0,97.0,7,331.28,12,1
Southern Africa,Female,19,Trader,15,127.5,0.19,16,6.24,0,6.0,0.0,1,0.505,18.7,65.0,59.0,5,165.26,4,1
Southern Africa,Female,18,Salaried,13,59.55,-0.207,14,3.47,0,0.0,0.0,1,0.737,2.9,15.0,59.0,2,146.96,24,0
Central Africa,Female,28,Trader,19,27.03,0.046,16,5.62,0,13.0,0.0,1,0.54,10.8,60.0,68.0,4,154.93,24,0
West Africa,Female,56,Informal worker,11,45.11,-0.821,13,2.28,1,37.0,21.77,1,0.723,6.6,41.0,69.0,3,241.24,4,1
East Africa,Male,39,Farmer,5,63.45,0.591,12,1.77,1,62.0,11.36,1,0.831,13.4,39.0,19.0,5,43.14,4,1
East Africa,Prefer not to say,39,Trader,28,490.78,-0.357,24,1.8,1,40.0,22.9,1,0.753,2.6,45.0,44.0,11,589.44,8,1
West Africa,Female,36,Informal worker,10,69.71,-0.113,16,2.13,1,67.0,12.82,0,,,38.0,73.0,4,606.09,52,1
West Africa,Female,30,Farmer,9,27.82,-0.272,11,2.08,1,72.0,12.78,1,0.532,0.4,26.0,62.0,2,64.8,4,1
East Africa,Female,51,Salaried,20,37.16,-0.279,7,2.02,0,5.0,0.0,1,0.702,40.1,80.0,27.0,6,232.69,8,0
West Africa,Female,18,Trader,20,37.17,0.622,24,3.11,0,18.0,0.0,0,,,36.0,73.0,11,221.41,12,1
Southern Africa,Female,46,Trader,13,63.36,-0.864,13,1.24,0,3.0,0.0,1,0.913,5.0,29.0,86.0,0,416.95,12,0
East Africa,Male,62,Trader,22,96.03,0.176,19,3.9,0,3.0,0.0,0,,,29.0,72.0,10,154.32,24,1
Southern Africa,Male,59,Trader,7,49.66,-0.792,6,1.38,0,5.0,0.0,1,0.713,11.0,60.0,39.0,5,323.13,52,0
Southern Africa,Female,35,Informal worker,13,46.26,-0.261,6,2.94,1,68.0,9.75,1,0.659,22.1,6.0,74.0,8,1043.11,4,1
West Africa,Female,58,Farmer,10,11.6,1.012,16,3.03,1,79.0,37.6,1,0.802,16.2,76.0,42.0,9,1188.51,8,1
Southern Africa,Male,29,Trader,41,42.07,0.916,16,2.57,0,0.0,0.0,1,0.955,9.9,69.0,61.0,9,231.27,12,0
Southern Africa,Male,29,Self-employed,12,6.15,-0.999,9,4.3,0,9.0,0.0,1,0.955,1.0,24.0,66.0,4,237.83,4,1
East Africa,Female,34,Trader,17,52.96,-0.241,6,3.58,1,92.0,31.79,1,0.806,13.4,45.0,77.0,7,373.13,4,1
West Africa,Male,18,Farmer,24,28.01,-0.068,13,1.9,1,50.0,14.04,1,0.617,22.3,62.0,58.0,6,798.15,12,1
Southern Africa,Prefer not to say,30,Salaried,15,40.91,-0.439,9,1.38,0,4.0,0.0,0,,,19.0,86.0,2,141.7,12,1
West Africa,Female,58,Informal worker,26,80.1,0.657,20,6.16,1,72.0,30.89,1,0.732,1.8,52.0,78.0,11,995.88,12,0
West Africa,Male,53,Farmer,15,149.03,0.843,11,4.52,1,37.0,17.19,1,0.961,7.4,67.0,23.0,1,444.52,12,1
West Africa,Male,33,Self-employed,11,20.21,-1.356,11,1.64,0,1.0,0.0,1,0.344,26.2,72.0,79.0,1,198.39,4,1
Southern Africa,Female,32,Farmer,11,39.27,0.376,11,4.68,1,50.0,37.13,0,,,37.0,47.0,5,408.88,12,0
Southern Africa,Male,34,Trader,37,36.61,-0.67,18,3.67,0,6.0,0.0,0,,,60.0,73.0,14,366.03,24,0
Southern Africa,Female,23,Trader,10,27.78,0.31,15,4.45,0,0.0,0.0,0,,,46.0,74.0,6,597.7,24,1
Southern Africa,Male,25,Self-employed,19,42.1,-0.366,13,4.54,0,9.0,0.0,0,,,46.0,80.0,7,299.84,8,1
East Africa,Male,64,Trader,17,31.59,0.331,13,1.12,1,38.0,12.45,1,0.941,41.9,22.0,92.0,2,374.9,12,1
East Africa,Male,50,Salaried,22,70.71,1.477,28,3.33,0,5.0,0.0,1,0.722,0.5,44.0,72.0,7,229.59,8,1
West Africa,Female,49,Trader,12,16.35,-0.054,11,1.13,1,93.0,9.67,0,,,42.0,89.0,5,260.78,12,1
West Africa,Prefer not to say,31,Trader,15,16.08,0.56,11,2.05,1,72.0,31.15,1,0.492,1.4,20.0,77.0,4,124.36,8,1
Southern Africa,Female,58,Salaried,26,60.64,0.541,8,1.25,0,8.0,0.0,0,,,59.0,84.0,6,408.05,8,1
East Africa,Male,26,Self-employed,12,10.69,-0.162,7,2.24,0,4.0,0.0,0,,,72.0,55.0,1,37.81,4,0
East Africa,Female,63,Trader,16,61.22,-0.217,22,1.74,0,2.0,0.0,0,,,79.0,55.0,5,455.24,12,1
Southern Africa,Male,41,Trader,19,48.59,0.615,12,2.21,0,10.0,0.0,0,,,25.0,63.0,3,433.61,4,1
East Africa,Female,33,Informal worker,14,37.28,0.205,14,2.76,1,79.0,21.11,0,,,36.0,17.0,2,83.54,12,0
East Africa,Female,53,Farmer,23,51.05,-0.301,17,2.03,1,81.0,36.01,1,0.716,2.6,44.0,80.0,9,210.58,4,1
East Africa,Male,37,Farmer,14,55.44,-0.437,5,3.99,1,69.0,11.67,1,0.962,6.1,46.0,64.0,4,665.29,4,1
West Africa,Prefer not to say,30,Trader,6,18.27,-0.609,10,2.49,0,20.0,0.0,0,,,76.0,14.0,3,73.89,12,1
West Africa,Male,50,Self-employed,15,136.66,-0.532,12,2.32,1,15.0,64.88,0,,,44.0,52.0,5,278.76,4,1
East Africa,Male,51,Trader,14,25.6,-0.192,16,3.64,1,78.0,13.62,0,,,71.0,46.0,4,124.6,24,1
West Africa,Female,46,Trader,14,68.73,0.218,12,2.72,0,1.0,0.0,1,0.9,2.7,53.0,62.0,6,224.42,4,1
East Africa,Female,39,Farmer,9,51.23,-0.375,9,2.21,0,8.0,0.0,1,0.566,9.0,74.0,72.0,2,786.56,24,1
Central Africa,Male,33,Trader,27,17.23,0.417,19,3.68,0,6.0,0.0,1,0.862,2.5,57.0,45.0,5,184.16,24,1
West Africa,Female,36,Farmer,21,39.48,-0.024,22,1.99,0,2.0,0.0,1,0.87,0.6,94.0,80.0,5,903.05,8,0
West Africa,Male,59,Farmer,13,81.09,1.035,21,3.74,1,60.0,10.36,0,,,50.0,98.0,6,257.35,24,1
West Africa,Female,34,Informal worker,22,244.01,0.953,16,4.24,0,14.0,0.0,0,,,81.0,87.0,8,739.64,8,1
West Africa,Female,63,Farmer,8,44.01,0.911,10,1.98,1,53.0,18.37,1,0.323,4.2,44.0,30.0,2,226.0,4,1
Southern Africa,Male,24,Trader,9,51.94,-1.053,13,0.87,0,3.0,0.0,0,,,31.0,51.0,1,123.15,8,0
East Africa,Female,25,Salaried,15,34.94,-0.779,11,3.04,1,41.0,19.74,0,,,46.0,29.0,1,357.34,12,1
Southern Africa,Female,33,Farmer,15,129.02,-0.704,12,2.21,1,72.0,25.51,0,,,70.0,28.0,8,199.84,12,1
Southern Africa,Male,18,Farmer,33,162.19,1.412,18,6.44,1,46.0,114.42,1,0.724,2.6,68.0,85.0,6,597.91,24,1
East Africa,Male,59,Trader,7,4.45,-1.118,10,1.22,1,94.0,8.08,0,,,69.0,35.0,4,293.95,4,1
Southern Africa,Male,33,Informal worker,15,31.52,-0.335,15,5.46,0,4.0,0.0,0,,,62.0,10.0,5,90.15,8,0
West Africa,Female,22,Salaried,20,39.57,-0.673,23,3.16,0,15.0,0.0,0,,,71.0,64.0,7,380.84,52,1
West Africa,Female,47,Informal worker,9,15.97,-0.241,10,0.86,0,2.0,0.0,1,0.663,2.8,10.0,81.0,7,480.2,12,1
West Africa,Female,63,Salaried,15,42.48,-0.019,11,2.43,0,9.0,0.0,0,,,13.0,81.0,3,174.92,4,1
Southern Africa,Female,64,Trader,11,103.71,0.188,6,3.7,0,5.0,0.0,1,0.878,2.5,65.0,36.0,2,321.42,24,1
East Africa,Female,23,Self-employed,13,35.27,-0.174,14,1.16,0,6.0,0.0,0,,,32.0,81.0,6,422.66,4,0
West Africa,Male,55,Trader,20,42.97,-0.273,21,3.56,0,7.0,0.0,1,0.731,1.9,61.0,68.0,8,923.18,8,0
East Africa,Male,35,Trader,15,42.74,0.132,17,0.77,0,2.0,0.0,1,0.807,50.0,34.0,65.0,2,51.96,4,1
West Africa,Female,57,Farmer,32,77.43,0.36,17,7.34,0,4.0,0.0,0,,,80.0,81.0,5,436.64,12,1
Southern Africa,Male,46,Trader,16,65.15,0.196,15,3.26,1,67.0,21.09,0,,,47.0,70.0,7,161.0,8,1
East Africa,Male,52,Farmer,10,14.64,-0.79,8,3.74,1,82.0,14.1,0,,,54.0,43.0,0,1391.34,12,1
East Africa,Female,57,Trader,14,74.76,0.038,12,2.92,0,5.0,0.0,0,,,30.0,56.0,4,299.37,12,0
West Africa,Female,60,Informal worker,8,12.1,0.227,15,0.76,0,5.0,0.0,0,,,25.0,13.0,7,655.31,8,0
East Africa,Female,24,Salaried,9,12.92,-0.899,3,1.04,1,55.0,13.3,1,0.501,7.0,36.0,40.0,1,161.76,24,0
East Africa,Male,52,Informal worker,13,78.72,-0.719,13,1.86,1,19.0,36.28,0,,,42.0,61.0,6,470.95,8,1
West Africa,Prefer not to say,24,Farmer,15,102.73,0.499,14,2.18,0,20.0,0.0,1,0.987,20.8,57.0,76.0,5,480.0,24,1
West Africa,Male,62,Farmer,30,56.1,-0.477,20,4.54,1,7.0,40.05,0,,,74.0,74.0,13,530.95,4,1
Central Africa,Male,47,Salaried,9,18.73,-0.959,9,1.15,1,75.0,18.32,0,,,44.0,62.0,1,176.58,8,1
Central Africa,Prefer not to say,27,Farmer,15,28.57,-0.526,7,2.76,1,79.0,20.05,1,0.46,3.9,16.0,72.0,6,948.38,4,0
Southern Africa,Female,31,Farmer,19,22.73,-0.52,12,3.64,0,12.0,0.0,1,0.486,10.5,37.0,51.0,3,159.2,12,1
West Africa,Female,60,Trader,27,35.66,0.558,14,1.85,0,10.0,0.0,0,,,73.0,83.0,1,488.17,52,1
Central Africa,Female,48,Trader,18,36.02,1.051,12,2.6,0,15.0,0.0,0,,,16.0,69.0,9,764.23,52,1
Southern Africa,Female,28,Farmer,20,35.69,0.948,15,7.49,1,33.0,28.77,0,,,90.0,63.0,5,471.93,4,1
Southern Africa,Male,56,Informal worker,24,52.86,-0.168,15,5.19,1,61.0,32.82,1,0.782,10.0,33.0,76.0,5,192.45,4,1
East Africa,Male,51,Salaried,5,35.02,0.656,11,1.69,0,5.0,0.0,0,,,26.0,24.0,2,863.54,4,1
West Africa,Female,21,Self-employed,29,119.07,-0.147,21,7.43,0,8.0,0.0,0,,,33.0,50.0,12,489.85,4,1
West Africa,Female,31,Farmer,28,79.44,0.901,17,3.63,1,93.0,32.06,1,0.507,10.1,81.0,94.0,12,421.94,8,1
Central Africa,Male,57,Farmer,17,42.48,0.071,6,3.14,0,2.0,0.0,0,,,42.0,73.0,4,192.0,24,1
East Africa,Male,34,Salaried,13,38.66,0.924,12,1.3,1,54.0,15.89,1,0.638,5.0,36.0,32.0,6,120.16,4,1
West Africa,Male,19,Farmer,31,41.4,0.828,20,5.67,0,5.0,0.0,0,,,65.0,70.0,10,309.67,8,1
West Africa,Male,46,Farmer,19,49.87,1.193,15,3.11,1,73.0,29.93,0,,,80.0,52.0,4,385.06,4,1
East Africa,Female,60,Informal worker,18,72.62,-0.35,19,3.34,1,65.0,50.51,0,,,42.0,37.0,7,387.12,24,1
West Africa,Male,44,Trader,7,48.54,0.348,10,1.83,0,7.0,0.0,1,0.483,19.1,29.0,11.0,3,208.8,8,1
Central Africa,Male,63,Trader,36,67.88,1.831,24,12.39,1,67.0,18.61,1,0.892,0.6,90.0,88.0,9,687.58,12,1
Southern Africa,Female,23,Farmer,17,43.33,0.363,8,4.52,0,2.0,0.0,0,,,41.0,60.0,5,393.97,4,1
Southern Africa,Female,49,Informal worker,15,106.51,-0.065,10,2.67,1,57.0,41.77,0,,,59.0,49.0,9,151.99,4,1
East Africa,Male,48,Trader,13,43.65,-0.342,12,1.7,0,2.0,0.0,0,,,43.0,35.0,2,176.26,8,1
East Africa,Male,64,Trader,31,44.42,0.843,11,4.44,0,4.0,0.0,1,0.746,3.6,59.0,82.0,9,552.88,24,1
East Africa,Male,42,Trader,34,33.65,1.031,14,2.26,0,9.0,0.0,0,,,68.0,87.0,13,352.5,4,1
East Africa,Male,56,Salaried,28,16.65,0.028,11,4.08,1,57.0,81.77,0,,,70.0,65.0,12,121.95,12,1
West Africa,Male,24,Salaried,19,135.16,-0.357,18,3.31,1,55.0,23.7,0,,,53.0,53.0,6,170.85,24,0
East Africa,Male,20,Self-employed,16,185.62,0.801,13,3.13,1,86.0,16.15,0,,,56.0,64.0,4,285.88,12,1
West Africa,Male,51,Salaried,25,138.49,1.472,21,3.66,0,6.0,0.0,1,0.864,20.0,22.0,78.0,8,555.52,4,1
East Africa,Male,18,Trader,23,31.07,0.911,20,3.65,0,2.0,0.0,0,,,37.0,74.0,8,173.05,4,1
West Africa,Male,59,Trader,5,23.86,0.779,10,1.67,0,1.0,0.0,1,0.848,5.2,34.0,43.0,1,173.46,8,1
West Africa,Female,18,Farmer,22,50.2,0.666,21,4.91,1,35.0,29.01,1,0.481,1.2,65.0,67.0,9,547.64,12,0
West Africa,Male,50,Farmer,19,34.39,-0.995,9,2.58,0,2.0,0.0,1,0.891,22.4,24.0,40.0,4,474.89,52,0
East Africa,Male,39,Informal worker,18,60.45,0.975,13,2.87,0,3.0,0.0,1,0.711,50.2,43.0,78.0,3,362.83,12,1
West Africa,Female,48,Trader,6,30.24,-0.52,9,1.65,0,2.0,0.0,0,,,67.0,83.0,1,221.87,24,1
Central Africa,Male,47,Self-employed,15,30.29,1.212,15,1.46,0,7.0,0.0,1,0.863,8.8,30.0,83.0,2,170.06,52,1
East Africa,Male,38,Farmer,19,55.1,-0.485,12,1.87,1,77.0,18.33,0,,,28.0,76.0,7,419.38,8,1
West Africa,Female,40,Informal worker,20,9.25,0.608,10,2.25,0,1.0,0.0,0,,,59.0,60.0,5,119.58,52,1
East Africa,Female,41,Salaried,7,75.99,-0.889,12,2.31,1,79.0,7.21,1,0.638,58.9,30.0,74.0,2,97.9,8,0
West Africa,Male,49,Farmer,27,25.39,1.155,23,3.23,1,62.0,41.17,0,,,33.0,45.0,3,117.35,4,1
Central Africa,Female,51,Salaried,16,33.21,-1.182,15,3.15,1,59.0,15.57,1,0.673,25.4,13.0,78.0,5,236.6,4,1
East Africa,Female,39,Informal worker,18,64.53,0.099,17,12.89,0,4.0,0.0,1,0.524,6.7,26.0,54.0,5,309.0,12,1
Southern Africa,Male,34,Salaried,19,52.63,-0.037,11,2.53,0,10.0,0.0,1,0.786,7.0,41.0,58.0,5,742.05,24,1
West Africa,Male,20,Salaried,25,76.85,-0.156,15,4.07,1,44.0,18.41,0,,,90.0,40.0,5,190.62,8,1
East Africa,Male,54,Farmer,15,95.99,-0.028,7,3.44,1,30.0,22.5,1,0.728,6.8,73.0,69.0,5,528.51,4,1
East Africa,Female,28,Farmer,14,32.04,-0.418,13,13.26,0,4.0,0.0,0,,,52.0,19.0,6,291.92,4,1
Central Africa,Male,38,Salaried,14,54.83,-0.118,11,2.93,0,1.0,0.0,0,,,38.0,68.0,5,166.65,8,1
East Africa,Male,64,Informal worker,19,37.05,0.274,12,1.4,0,1.0,0.0,0,,,52.0,79.0,4,311.26,8,0
East Africa,Male,54,Informal worker,23,122.81,-0.17,13,3.47,0,10.0,0.0,0,,,55.0,80.0,9,634.97,24,1
West Africa,Female,34,Farmer,20,45.25,0.028,22,0.92,0,10.0,0.0,0,,,52.0,48.0,3,758.84,4,0
West Africa,Male,40,Trader,33,68.09,1.001,14,2.95,0,5.0,0.0,0,,,39.0,41.0,10,241.29,12,1
East Africa,Male,33,Farmer,14,38.64,-0.55,14,2.25,0,5.0,0.0,1,0.847,2.2,39.0,52.0,4,423.99,4,1
East Africa,Male,47,Self-employed,10,42.55,-0.149,6,1.78,1,43.0,8.41,1,0.561,6.4,32.0,19.0,1,180.68,24,1
West Africa,Female,25,Trader,27,77.88,0.095,19,14.23,1,64.0,78.74,0,,,75.0,62.0,9,130.27,8,1
Southern Africa,Male,62,Trader,35,56.74,1.28,20,10.08,1,76.0,17.06,1,0.649,1.5,70.0,55.0,7,205.15,12,1
Central Africa,Female,64,Trader,15,40.23,0.365,11,3.89,1,59.0,24.15,1,0.832,0.0,44.0,82.0,5,120.23,24,1
West Africa,Male,32,Farmer,17,42.6,-0.699,18,7.92,0,1.0,0.0,0,,,61.0,81.0,8,100.99,4,1
East Africa,Male,28,Trader,9,42.22,1.002,15,3.21,0,1.0,0.0,0,,,35.0,40.0,5,429.8,52,1
West Africa,Male,43,Informal worker,4,49.91,-0.137,7,4.16,1,85.0,11.7,1,0.645,16.5,31.0,24.0,3,223.02,8,1
Southern Africa,Male,48,Trader,31,95.11,0.12,21,2.71,1,34.0,40.83,1,0.879,3.4,59.0,77.0,12,1047.2,12,1
West Africa,Male,48,Trader,31,58.18,2.124,31,4.63,0,1.0,0.0,0,,,73.0,42.0,11,120.21,8,1
Southern Africa,Female,19,Trader,6,23.86,-0.386,9,2.74,0,3.0,0.0,0,,,46.0,40.0,4,221.28,12,0
Southern Africa,Male,51,Trader,26,186.83,-0.423,19,10.12,1,77.0,45.58,1,0.737,14.0,49.0,53.0,12,368.14,24,1
Southern Africa,Female,21,Salaried,21,23.65,1.033,10,6.54,1,85.0,96.13,0,,,57.0,79.0,6,177.92,12,1
West Africa,Male,34,Self-employed,8,14.1,-0.085,6,1.45,1,65.0,24.94,0,,,52.0,43.0,3,683.15,24,1
Central Africa,Female,51,Salaried,15,28.71,0.825,12,3.82,0,5.0,0.0,1,0.648,3.2,34.0,42.0,8,325.31,12,1
West Africa,Male,59,Salaried,14,59.98,-0.002,10,2.11,0,3.0,0.0,0,,,14.0,54.0,5,628.04,8,1
West Africa,Female,47,Trader,4,26.8,-0.407,15,3.52,0,3.0,0.0,0,,,46.0,55.0,4,747.93,24,0
East Africa,Male,25,Salaried,12,22.73,-0.826,9,3.3,0,2.0,0.0,1,0.783,0.2,60.0,75.0,6,392.32,4,1
East Africa,Female,49,Farmer,15,60.42,-0.684,10,3.1,0,0.0,0.0,1,0.714,70.5,36.0,79.0,5,284.55,4,0
Southern Africa,Female,19,Salaried,12,19.05,-0.403,14,3.86,0,11.0,0.0,1,0.669,18.7,36.0,61.0,4,636.83,4,1
Southern Africa,Female,28,Informal worker,24,83.99,-0.758,16,3.14,0,8.0,0.0,0,,,52.0,66.0,5,132.72,24,0
West Africa,Female,23,Farmer,17,83.51,-0.564,12,2.42,1,79.0,20.21,1,0.453,1.6,35.0,67.0,4,157.29,24,1
Central Africa,Male,64,Trader,32,131.47,0.69,20,7.41,1,60.0,94.75,0,,,71.0,73.0,7,1589.0,8,1
West Africa,Male,35,Trader,18,59.24,-0.038,11,1.1,0,5.0,0.0,0,,,50.0,96.0,10,116.1,4,0
East Africa,Male,44,Farmer,26,115.71,-1.317,22,2.99,1,92.0,43.0,1,0.541,3.4,61.0,81.0,8,263.94,8,0
West Africa,Female,55,Farmer,10,152.84,-0.933,7,1.32,0,21.0,0.0,1,0.658,0.4,21.0,79.0,3,276.69,4,1
Central Africa,Male,63,Self-employed,12,34.23,-0.332,10,3.73,0,1.0,0.0,0,,,58.0,86.0,1,89.25,8,0
West Africa,Male,64,Trader,9,44.12,-0.449,11,2.79,1,27.0,58.26,0,,,60.0,44.0,5,212.45,4,1
West Africa,Female,25,Informal worker,22,245.12,0.774,23,4.93,0,15.0,0.0,0,,,69.0,30.0,3,461.28,12,1
East Africa,Male,36,Farmer,27,36.7,-0.218,17,2.52,0,14.0,0.0,0,,,22.0,83.0,4,1646.03,12,1
Central Africa,Female,37,Trader,21,62.15,0.474,12,5.42,0,2.0,0.0,1,0.934,5.8,96.0,68.0,8,195.3,12,0
Central Africa,Male,55,Farmer,3,71.83,-0.194,9,0.8,0,1.0,0.0,0,,,17.0,18.0,1,192.72,24,1
Southern Africa,Female,33,Farmer,22,89.45,0.686,13,5.66,0,2.0,0.0,0,,,44.0,68.0,9,132.37,4,0
Central Africa,Female,28,Farmer,46,49.67,1.234,24,2.55,0,11.0,0.0,0,,,77.0,73.0,14,1173.72,24,1
Central Africa,Female,53,Trader,12,31.27,-1.366,12,3.61,1,76.0,11.54,0,,,40.0,96.0,2,325.5,12,1
East Africa,Male,41,Trader,18,72.71,0.865,9,0.81,0,4.0,0.0,1,0.905,4.3,42.0,77.0,9,321.29,8,1
West Africa,Male,53,Trader,13,40.74,0.546,14,1.68,0,0.0,0.0,0,,,70.0,75.0,5,75.02,4,1
Southern Africa,Male,35,Salaried,24,40.45,-0.65,9,1.78,1,45.0,33.7,1,0.778,8.6,60.0,43.0,7,267.75,4,1
Southern Africa,Male,40,Salaried,8,11.65,-0.235,13,3.46,0,2.0,0.0,0,,,72.0,14.0,1,206.85,24,0
East Africa,Female,18,Trader,28,119.06,0.149,26,7.9,0,10.0,0.0,0,,,92.0,65.0,10,257.18,8,1
West Africa,Male,18,Informal worker,15,134.53,-0.45,13,1.51,0,1.0,0.0,0,,,4.0,50.0,2,71.83,4,1
Southern Africa,Male,18,Self-employed,8,37.42,0.108,7,5.39,1,57.0,28.8,1,0.868,11.9,51.0,31.0,1,56.95,8,1
West Africa,Male,26,Trader,14,59.13,-0.123,9,1.58,1,67.0,19.87,1,0.868,13.6,40.0,43.0,3,222.27,8,1
Central Africa,Female,34,Trader,9,18.53,-0.08,11,3.17,0,6.0,0.0,0,,,32.0,16.0,1,384.72,52,0
West Africa,Male,20,Trader,14,15.93,-0.039,8,1.54,0,4.0,0.0,0,,,30.0,26.0,2,159.53,24,0
West Africa,Male,25,Trader,18,28.19,0.844,15,5.11,0,5.0,0.0,0,,,73.0,79.0,3,631.26,8,0
Southern Africa,Male,57,Salaried,23,78.65,0.81,16,3.14,0,5.0,0.0,0,,,50.0,42.0,10,658.08,4,0
West Africa,Male,58,Salaried,25,67.26,0.365,16,3.46,0,2.0,0.0,1,0.565,7.6,75.0,46.0,11,219.33,8,1
West Africa,Female,31,Farmer,15,14.3,-0.347,10,1.17,1,76.0,5.97,1,0.883,1.1,44.0,67.0,5,160.27,24,1
East Africa,Male,62,Farmer,8,38.12,-0.06,10,2.14,0,1.0,0.0,0,,,51.0,90.0,3,450.38,4,1
Central Africa,Female,23,Salaried,13,41.76,-0.288,12,2.94,1,73.0,23.81,0,,,46.0,60.0,3,231.91,12,0
West Africa,Female,19,Trader,15,49.82,-0.04,13,0.85,1,34.0,49.34,1,0.405,32.0,71.0,48.0,1,336.4,8,1
West Africa,Female,34,Trader,6,29.25,-1.128,14,1.64,0,12.0,0.0,0,,,59.0,70.0,2,75.01,12,0
Southern Africa,Female,30,Trader,12,60.44,-0.175,15,3.05,0,1.0,0.0,1,0.815,12.7,52.0,63.0,2,334.78,4,1
Central Africa,Female,21,Salaried,19,20.26,0.766,20,5.54,0,2.0,0.0,1,0.554,11.2,45.0,61.0,6,295.25,52,1
East Africa,Male,57,Informal worker,17,140.31,0.05,11,3.45,0,2.0,0.0,1,0.752,5.1,68.0,54.0,6,582.44,12,1
West Africa,Male,64,Informal worker,22,21.26,0.492,15,3.68,0,8.0,0.0,0,,,35.0,21.0,6,758.02,12,1
West Africa,Female,30,Informal worker,28,126.17,-0.614,14,6.6,1,29.0,42.42,1,0.641,16.5,72.0,68.0,4,1019.35,52,1
West Africa,Female,32,Trader,20,141.87,-0.483,15,2.8,0,5.0,0.0,0,,,59.0,41.0,5,264.55,12,1
West Africa,Male,51,Farmer,25,32.86,-0.5,12,3.24,1,29.0,38.5,1,0.423,12.7,70.0,50.0,8,269.31,8,1
Southern Africa,Male,61,Salaried,14,157.27,-0.121,21,3.08,0,2.0,0.0,0,,,57.0,51.0,6,354.34,12,1
West Africa,Male,31,Self-employed,37,80.97,0.618,22,3.07,1,88.0,51.72,0,,,21.0,93.0,9,545.42,4,1
East Africa,Male,50,Farmer,23,58.58,0.089,12,3.73,1,41.0,27.08,1,0.77,12.3,29.0,31.0,9,254.98,12,0
Southern Africa,Male,19,Trader,7,55.1,-0.234,9,1.77,1,69.0,10.92,0,,,68.0,71.0,1,328.73,4,1
East Africa,Male,44,Self-employed,8,41.61,0.558,14,1.84,0,5.0,0.0,1,0.908,15.0,64.0,41.0,1,238.61,24,1
West Africa,Male,64,Farmer,15,49.5,0.787,19,2.98,0,3.0,0.0,1,0.752,15.2,82.0,80.0,8,277.38,4,1
Southern Africa,Female,40,Farmer,8,23.0,0.648,9,4.11,0,13.0,0.0,0,,,18.0,84.0,4,168.25,12,1
Southern Africa,Female,48,Trader,18,54.2,-0.916,10,3.46,0,20.0,0.0,1,0.808,34.7,53.0,61.0,4,68.32,4,1
Southern Africa,Female,50,Trader,25,36.79,0.278,17,2.49,0,4.0,0.0,1,0.489,5.3,84.0,89.0,4,590.05,24,1
West Africa,Female,47,Informal worker,40,122.27,0.69,10,4.79,0,2.0,0.0,1,0.898,20.4,35.0,74.0,6,357.6,8,1
West Africa,Male,50,Informal worker,29,62.45,1.155,21,3.36,1,62.0,15.01,0,,,21.0,79.0,11,279.03,12,0
Central Africa,Male,59,Trader,17,33.16,-0.469,22,3.51,0,3.0,0.0,0,,,50.0,83.0,8,383.75,12,1
East Africa,Female,18,Trader,12,17.52,-0.375,4,2.14,0,4.0,0.0,1,0.796,1.6,45.0,32.0,2,76.37,4,1
West Africa,Female,59,Farmer,22,16.0,-0.138,18,3.88,1,93.0,17.89,0,,,69.0,82.0,7,128.32,4,1
East Africa,Female,60,Farmer,4,18.24,-0.217,7,1.32,0,12.0,0.0,0,,,83.0,67.0,0,70.2,4,0
Southern Africa,Female,60,Farmer,10,30.36,0.314,2,5.48,0,6.0,0.0,0,,,0.0,82.0,0,352.89,24,0
Central Africa,Female,35,Trader,19,101.74,-1.367,12,1.91,1,71.0,39.19,1,0.564,23.3,74.0,88.0,9,108.2,8,1
West Africa,Female,45,Salaried,1,55.23,-0.7,12,1.04,1,85.0,8.73,1,0.689,8.9,38.0,56.0,1,173.6,24,1
Central Africa,Female,34,Self-employed,12,33.89,0.798,14,1.98,0,2.0,0.0,0,,,21.0,13.0,4,94.87,4,1
West Africa,Female,57,Farmer,17,61.35,0.925,22,4.17,1,65.0,15.13,1,0.923,15.1,49.0,39.0,5,648.45,24,1
East Africa,Male,37,Informal worker,9,26.98,0.251,7,1.47,1,83.0,22.11,0,,,45.0,66.0,3,281.34,12,0
East Africa,Male,32,Salaried,13,73.77,-0.486,12,2.17,0,2.0,0.0,1,0.832,6.8,51.0,66.0,5,116.26,12,1
West Africa,Male,50,Trader,5,14.9,-0.716,10,2.25,1,51.0,10.38,1,0.93,33.8,21.0,63.0,1,85.9,24,1
West Africa,Female,20,Self-employed,15,41.33,0.581,24,3.12,0,1.0,0.0,0,,,82.0,68.0,6,306.41,4,0
East Africa,Female,35,Farmer,30,22.52,0.133,12,3.36,0,4.0,0.0,0,,,39.0,57.0,2,380.61,4,1
Central Africa,Male,27,Informal worker,8,28.7,-0.985,5,1.4,1,55.0,10.52,1,0.886,21.2,70.0,31.0,3,853.1,8,0
East Africa,Male,35,Farmer,17,48.75,-0.324,8,3.35,0,3.0,0.0,1,0.696,13.5,25.0,29.0,4,26.08,8,1
Central Africa,Female,39,Trader,22,27.24,1.627,11,2.24,1,49.0,24.02,1,0.83,0.2,31.0,69.0,5,1152.1,4,1
Southern Africa,Male,20,Salaried,3,16.82,-0.058,10,3.13,0,0.0,0.0,1,0.807,0.7,59.0,69.0,4,242.93,4,1
East Africa,Female,58,Informal worker,10,38.44,-1.284,9,0.92,0,4.0,0.0,1,0.694,31.5,65.0,18.0,3,738.18,4,1
Southern Africa,Male,37,Trader,9,26.38,0.72,9,2.96,1,56.0,28.87,0,,,89.0,3.0,1,142.64,12,1
West Africa,Male,34,Informal worker,45,49.56,0.487,30,2.18,1,93.0,23.32,0,,,86.0,71.0,13,105.05,24,1
West Africa,Male,25,Self-employed,11,25.06,0.929,9,3.85,0,1.0,0.0,0,,,17.0,48.0,1,486.66,12,1
Southern Africa,Male,64,Salaried,9,50.07,0.326,6,3.54,0,5.0,0.0,0,,,43.0,63.0,1,215.66,12,1
Southern Africa,Male,58,Informal worker,9,43.53,-2.045,12,2.04,0,3.0,0.0,0,,,38.0,75.0,1,513.1,12,0
West Africa,Male,40,Trader,17,30.38,-1.494,4,1.74,0,17.0,0.0,0,,,32.0,71.0,1,211.3,8,1
East Africa,Male,33,Farmer,15,20.25,-0.15,7,2.43,0,8.0,0.0,0,,,31.0,86.0,7,322.5,24,1
East Africa,Male,39,Trader,9,12.65,-0.084,10,1.15,0,6.0,0.0,1,0.775,20.5,28.0,20.0,2,167.69,8,1
Central Africa,Female,63,Salaried,42,28.49,1.131,25,6.62,1,62.0,82.06,1,0.731,6.6,58.0,82.0,11,431.86,12,1
East Africa,Male,28,Salaried,9,17.36,0.299,13,3.79,0,6.0,0.0,0,,,39.0,70.0,5,408.92,12,0
East Africa,Male,50,Self-employed,14,60.36,-0.179,6,1.98,0,5.0,0.0,0,,,11.0,94.0,7,367.04,4,1
East Africa,Male,60,Trader,5,16.68,-1.257,13,1.63,1,75.0,14.05,0,,,32.0,59.0,0,132.76,8,1
East Africa,Female,53,Self-employed,6,16.08,-0.54,11,0.91,0,1.0,0.0,0,,,31.0,75.0,2,102.99,8,1
Southern Africa,Female,58,Self-employed,5,18.63,-1.408,7,3.23,1,62.0,10.23,1,0.838,9.0,21.0,74.0,3,57.08,52,1
Central Africa,Prefer not to say,62,Informal worker,42,76.88,0.898,19,4.24,1,77.0,50.34,0,,,87.0,82.0,12,634.28,12,1
East Africa,Female,20,Salaried,14,72.92,0.604,12,2.78,0,7.0,0.0,1,0.451,12.1,73.0,36.0,7,202.67,24,0
West Africa,Male,29,Farmer,7,16.61,0.583,12,2.01,0,1.0,0.0,0,,,50.0,84.0,2,70.23,8,1
West Africa,Female,24,Farmer,13,39.98,-0.045,10,2.75,1,32.0,25.08,1,0.69,19.9,29.0,87.0,5,891.92,8,1
Southern Africa,Male,44,Trader,28,31.74,0.636,20,4.52,0,10.0,0.0,0,,,75.0,52.0,15,1462.82,12,0
Southern Africa,Female,37,Trader,18,93.61,-0.661,12,5.32,0,11.0,0.0,1,0.913,12.4,28.0,56.0,5,169.6,24,0
West Africa,Male,19,Trader,6,29.25,0.262,12,1.37,0,1.0,0.0,1,0.812,13.9,46.0,64.0,0,297.89,8,0
West Africa,Male,44,Informal worker,8,11.08,-0.85,3,2.33,0,18.0,0.0,1,0.912,0.8,64.0,53.0,2,367.78,4,0
East Africa,Female,22,Farmer,20,31.53,0.041,15,2.47,1,51.0,19.63,1,0.799,10.7,64.0,86.0,6,851.38,24,1
West Africa,Female,37,Trader,23,76.34,0.696,17,10.14,0,2.0,0.0,0,,,63.0,46.0,5,427.65,12,1
Southern Africa,Prefer not to say,35,Trader,4,48.16,-0.656,8,0.87,1,70.0,6.48,0,,,60.0,57.0,0,79.38,52,1
West Africa,Male,59,Informal worker,7,16.67,-0.132,8,2.6,1,41.0,16.87,1,0.559,36.7,39.0,81.0,0,121.72,12,0
West Africa,Male,50,Self-employed,15,74.18,-0.12,13,1.85,1,70.0,23.06,1,0.754,5.4,20.0,71.0,7,313.5,8,1
Central Africa,Male,47,Farmer,12,41.76,0.018,11,1.8,1,93.0,36.97,1,0.935,6.8,21.0,68.0,1,78.85,24,1
West Africa,Male,57,Salaried,18,155.2,0.098,10,4.06,0,4.0,0.0,1,0.811,13.7,26.0,57.0,5,191.0,24,0
West Africa,Male,26,Self-employed,15,28.15,0.801,14,1.67,1,45.0,20.81,0,,,59.0,53.0,5,572.28,12,1
West Africa,Male,30,Informal worker,27,181.47,-0.123,28,6.89,1,50.0,54.02,0,,,35.0,69.0,9,373.04,12,1
West Africa,Female,53,Informal worker,15,65.96,0.378,13,2.19,1,99.0,48.04,0,,,49.0,82.0,6,285.12,24,1
West Africa,Male,53,Informal worker,18,36.26,0.332,15,2.31,0,18.0,0.0,0,,,52.0,85.0,9,136.45,4,1
West Africa,Female,19,Self-employed,14,70.45,0.298,12,1.55,1,71.0,9.87,1,0.841,49.4,44.0,88.0,2,179.94,24,1
West Africa,Female,28,Trader,14,31.34,-0.336,8,4.2,1,70.0,28.62,0,,,71.0,66.0,8,462.78,4,1
West Africa,Female,28,Salaried,13,46.85,0.848,11,3.17,1,77.0,12.81,1,0.661,32.0,30.0,58.0,3,317.57,12,1
East Africa,Male,18,Farmer,12,40.97,-0.021,18,3.63,0,5.0,0.0,0,,,18.0,23.0,2,567.67,4,1
Southern Africa,Male,49,Trader,20,34.14,-0.668,13,3.86,0,0.0,0.0,0,,,65.0,39.0,10,182.26,8,1
East Africa,Male,20,Informal worker,27,223.51,1.142,22,2.26,0,1.0,0.0,0,,,67.0,32.0,12,1037.98,4,1
West Africa,Female,57,Salaried,8,43.19,1.142,13,2.32,0,10.0,0.0,1,0.792,1.9,83.0,75.0,10,163.18,24,1
East Africa,Male,45,Salaried,22,64.66,-0.224,18,8.62,0,4.0,0.0,1,0.695,21.9,66.0,83.0,6,468.62,24,1
Central Africa,Male,53,Self-employed,15,89.31,-0.379,13,3.26,0,8.0,0.0,0,,,32.0,55.0,5,175.7,24,0
Central Africa,Prefer not to say,41,Informal worker,21,75.92,0.938,20,3.86,1,95.0,24.19,0,,,46.0,17.0,4,99.32,4,1
West Africa,Female,63,Farmer,24,122.95,0.146,22,4.58,0,12.0,0.0,0,,,58.0,57.0,5,777.89,24,1
West Africa,Female,30,Self-employed,6,56.14,0.409,7,2.06,0,3.0,0.0,1,0.448,1.3,68.0,18.0,3,474.95,8,1
West Africa,Male,44,Trader,22,178.45,0.224,10,2.47,0,0.0,0.0,1,0.839,2.1,51.0,73.0,9,260.44,4,0
West Africa,Female,18,Trader,25,78.57,0.18,18,4.08,0,14.0,0.0,0,,,48.0,89.0,8,356.94,4,1
East Africa,Male,57,Farmer,15,41.01,-0.142,9,3.89,1,33.0,6.51,0,,,42.0,67.0,1,137.75,8,0
East Africa,Male,44,Informal worker,30,136.85,0.995,11,3.12,0,0.0,0.0,1,0.64,25.1,82.0,37.0,4,141.18,52,1
West Africa,Female,26,Informal worker,16,52.58,0.408,8,4.8,1,64.0,35.78,1,0.928,3.2,69.0,88.0,3,780.62,4,1
East Africa,Female,56,Salaried,9,17.9,-0.762,9,2.01,1,42.0,15.04,1,0.666,9.1,27.0,72.0,4,97.38,24,1
East Africa,Male,64,Trader,10,25.6,-0.432,7,1.36,0,5.0,0.0,0,,,15.0,67.0,2,217.26,8,1
West Africa,Male,21,Salaried,12,31.8,0.541,19,2.17,1,42.0,31.43,0,,,30.0,68.0,7,289.54,8,1
Southern Africa,Male,57,Informal worker,15,92.8,0.835,11,1.46,0,14.0,0.0,0,,,17.0,60.0,4,1006.67,12,1
West Africa,Female,52,Self-employed,17,31.88,0.554,13,1.99,1,41.0,43.25,0,,,26.0,47.0,6,757.68,24,1
Central Africa,Female,34,Farmer,10,13.46,1.095,14,1.65,0,2.0,0.0,1,0.84,11.0,51.0,84.0,0,383.72,8,1
West Africa,Male,47,Informal worker,12,72.68,-0.168,18,4.11,1,93.0,16.34,1,0.751,0.1,72.0,94.0,3,351.35,4,1
Southern Africa,Male,54,Salaried,13,91.48,0.072,7,1.49,0,20.0,0.0,1,0.592,14.5,19.0,44.0,1,355.02,4,1
Central Africa,Female,40,Farmer,8,10.32,-0.224,12,1.04,0,5.0,0.0,0,,,66.0,54.0,3,236.34,12,1
Central Africa,Female,49,Trader,11,189.95,1.319,9,2.52,1,69.0,26.05,1,0.725,9.1,72.0,88.0,8,355.69,24,1
Southern Africa,Male,20,Trader,4,14.01,-0.37,10,1.65,0,18.0,0.0,1,0.387,2.8,38.0,83.0,6,147.65,52,0
Southern Africa,Female,61,Trader,29,30.7,1.627,16,4.38,0,0.0,0.0,0,,,37.0,53.0,13,638.95,8,1
East Africa,Prefer not to say,61,Farmer,19,19.58,0.014,12,2.03,0,1.0,0.0,1,0.831,2.6,65.0,69.0,4,877.95,4,1
Southern Africa,Male,27,Informal worker,21,62.39,-0.109,9,2.89,0,6.0,0.0,1,0.876,3.8,54.0,66.0,2,121.63,8,0
West Africa,Female,40,Informal worker,21,44.84,1.317,19,1.72,1,69.0,42.52,0,,,65.0,63.0,6,283.5,4,1
East Africa,Female,29,Informal worker,10,45.59,-0.011,13,1.54,0,5.0,0.0,0,,,31.0,70.0,5,92.4,8,0
East Africa,Female,36,Trader,6,18.69,-0.264,11,0.97,1,64.0,13.52,0,,,29.0,95.0,2,133.53,24,1
Central Africa,Female,30,Trader,10,15.72,-0.741,14,4.56,0,2.0,0.0,1,0.907,1.5,50.0,32.0,2,83.73,24,1
East Africa,Female,58,Salaried,18,88.87,0.866,11,5.46,1,84.0,79.32,0,,,52.0,50.0,11,78.14,8,1
East Africa,Male,50,Salaried,14,37.87,-0.608,13,2.7,0,4.0,0.0,1,0.365,0.0,79.0,67.0,9,645.23,4,0
East Africa,Male,57,Informal worker,24,151.12,-0.096,25,6.95,1,28.0,26.66,1,0.852,5.8,58.0,98.0,6,895.32,8,1
West Africa,Female,55,Informal worker,8,68.61,0.727,18,1.95,0,2.0,0.0,1,0.857,4.7,22.0,97.0,9,262.77,8,1
West Africa,Male,52,Self-employed,21,50.29,0.392,22,1.13,1,61.0,21.75,1,0.808,7.4,75.0,69.0,6,230.3,12,1
East Africa,Male,25,Self-employed,8,29.81,-0.295,12,4.31,1,72.0,19.25,1,0.919,6.7,52.0,85.0,5,83.86,4,1
East Africa,Male,56,Informal worker,10,11.64,-0.736,11,2.02,0,14.0,0.0,1,0.868,28.5,46.0,79.0,5,334.46,8,1
West Africa,Female,54,Farmer,23,112.32,0.796,17,2.77,0,20.0,0.0,0,,,48.0,17.0,11,449.85,8,1
East Africa,Prefer not to say,23,Trader,10,29.36,0.164,8,1.63,0,2.0,0.0,1,0.373,12.5,21.0,61.0,3,284.39,4,1
East Africa,Female,22,Informal worker,15,70.12,0.426,6,6.66,1,91.0,12.11,1,0.408,10.3,88.0,64.0,4,746.68,4,1
West Africa,Female,53,Farmer,15,29.62,-0.917,11,2.87,0,6.0,0.0,1,0.825,7.9,30.0,62.0,7,58.78,4,0
East Africa,Male,36,Trader,11,41.96,0.63,9,7.72,1,40.0,18.01,1,0.788,7.0,31.0,39.0,7,165.89,4,1
Southern Africa,Male,33,Trader,14,19.26,0.125,9,2.32,0,11.0,0.0,1,0.71,1.5,55.0,27.0,5,964.25,8,1
West Africa,Prefer not to say,36,Self-employed,10,19.48,-0.45,5,1.1,1,47.0,32.22,1,0.731,18.3,62.0,66.0,2,591.18,24,1
Central Africa,Male,58,Trader,38,191.11,0.915,22,10.79,1,67.0,32.19,0,,,65.0,57.0,14,659.53,12,1
Central Africa,Female,35,Salaried,13,29.47,-0.813,9,1.44,1,51.0,25.34,0,,,34.0,88.0,2,244.62,8,1
East Africa,Female,35,Self-employed,21,56.83,0.721,18,3.71,0,14.0,0.0,0,,,57.0,48.0,6,259.53,12,1
West Africa,Male,36,Informal worker,18,22.95,0.093,19,1.85,0,16.0,0.0,0,,,66.0,78.0,9,628.15,4,1
East Africa,Female,20,Trader,13,23.62,0.461,12,2.17,0,4.0,0.0,1,0.911,9.7,30.0,8.0,5,138.73,12,1
Southern Africa,Male,19,Salaried,13,15.65,-0.003,14,1.51,1,76.0,20.71,1,0.837,21.7,33.0,38.0,1,560.61,12,1
Southern Africa,Male,37,Informal worker,15,34.91,0.123,13,2.88,0,13.0,0.0,1,0.522,22.7,39.0,41.0,3,168.84,24,1
Southern Africa,Male,18,Trader,13,25.89,0.213,13,2.93,0,2.0,0.0,1,0.808,7.1,26.0,72.0,1,538.93,4,1
East Africa,Male,53,Informal worker,20,47.11,0.776,12,3.51,0,10.0,0.0,0,,,48.0,46.0,10,553.13,8,1
East Africa,Male,37,Trader,14,57.84,-0.778,15,2.37,0,0.0,0.0,1,0.292,25.1,82.0,93.0,2,184.64,24,1
West Africa,Female,41,Informal worker,26,143.97,0.934,13,3.33,1,91.0,38.26,0,,,21.0,63.0,4,464.59,4,1
Southern Africa,Male,33,Self-employed,20,77.67,-0.778,16,4.05,1,70.0,24.47,1,0.68,3.0,61.0,62.0,11,255.88,52,1
West Africa,Female,53,Farmer,26,35.0,0.338,13,6.1,1,65.0,25.27,0,,,16.0,28.0,8,413.64,12,1
Southern Africa,Female,38,Self-employed,32,34.27,1.455,22,8.19,1,67.0,28.5,0,,,64.0,42.0,6,141.19,12,1
Central Africa,Male,19,Farmer,18,27.6,0.252,10,4.04,1,69.0,25.83,1,0.626,6.1,28.0,76.0,5,180.44,8,1
West Africa,Male,40,Salaried,23,92.67,0.653,20,3.88,0,0.0,0.0,1,0.961,0.9,74.0,63.0,10,189.64,12,1
East Africa,Female,26,Salaried,24,111.29,0.041,21,2.72,1,78.0,44.39,0,,,58.0,86.0,6,578.59,24,1
West Africa,Female,45,Trader,17,77.82,-0.686,13,1.39,0,1.0,0.0,0,,,7.0,35.0,7,1211.09,12,0
Southern Africa,Female,44,Self-employed,11,148.02,1.027,13,4.35,0,9.0,0.0,0,,,65.0,58.0,2,156.37,12,1
West Africa,Male,40,Self-employed,28,81.71,-0.044,20,14.07,1,25.0,27.03,1,0.776,20.6,80.0,77.0,8,231.59,8,1
Central Africa,Female,36,Farmer,14,44.05,-0.384,21,1.31,0,3.0,0.0,1,0.836,3.2,75.0,41.0,3,379.74,4,0
West Africa,Female,46,Salaried,17,51.82,-0.838,16,4.45,1,56.0,33.05,1,0.947,9.0,18.0,55.0,5,271.35,12,1
Central Africa,Prefer not to say,49,Trader,9,16.46,1.047,16,4.21,0,16.0,0.0,0,,,74.0,69.0,4,1147.92,4,1
Southern Africa,Male,59,Trader,31,55.85,0.079,14,3.05,0,19.0,0.0,1,0.822,2.2,55.0,67.0,9,169.03,24,1
East Africa,Female,63,Trader,17,48.02,0.701,13,4.94,0,3.0,0.0,0,,,41.0,60.0,2,317.81,12,1
Southern Africa,Male,21,Farmer,10,23.14,0.432,18,2.08,0,10.0,0.0,0,,,40.0,74.0,5,299.19,4,1
Southern Africa,Female,49,Trader,20,136.74,0.706,19,5.38,0,12.0,0.0,0,,,32.0,63.0,5,884.25,8,1
Central Africa,Female,21,Trader,11,33.78,0.246,15,2.76,0,6.0,0.0,1,0.778,0.2,24.0,73.0,9,227.47,24,1
West Africa,Female,37,Self-employed,28,52.87,0.649,24,4.41,1,58.0,22.87,1,0.717,0.8,28.0,87.0,9,262.29,12,1
East Africa,Male,52,Farmer,15,22.57,1.024,12,5.07,1,29.0,55.44,0,,,92.0,71.0,3,589.45,4,1
West Africa,Female,43,Salaried,30,71.14,0.423,20,10.84,1,96.0,29.94,0,,,18.0,63.0,12,538.89,12,1
East Africa,Male,55,Trader,23,140.17,-0.413,10,5.11,0,11.0,0.0,0,,,46.0,82.0,7,85.66,8,1
West Africa,Male,60,Trader,14,55.91,0.853,12,1.26,1,63.0,10.23,1,0.745,4.8,20.0,3.0,6,552.66,8,1
East Africa,Female,63,Salaried,15,75.31,0.185,12,1.89,0,4.0,0.0,0,,,19.0,16.0,2,391.2,8,0
East Africa,Female,49,Farmer,7,15.04,-1.762,14,1.22,0,7.0,0.0,0,,,24.0,35.0,1,317.68,12,1
East Africa,Male,49,Farmer,14,96.85,0.135,14,2.23,1,46.0,27.03,0,,,26.0,47.0,11,493.77,8,1
East Africa,Female,55,Self-employed,11,24.7,-0.24,12,1.55,0,7.0,0.0,0,,,48.0,82.0,1,152.37,8,1
Southern Africa,Male,28,Farmer,15,25.24,0.933,13,6.46,1,17.0,35.93,0,,,76.0,36.0,3,218.18,4,1
Southern Africa,Female,32,Farmer,22,77.43,0.339,14,3.71,1,52.0,25.88,0,,,45.0,80.0,15,289.27,4,1
East Africa,Female,34,Informal worker,15,114.8,-0.341,15,4.5,0,1.0,0.0,0,,,49.0,76.0,6,218.0,8,0
East Africa,Female,52,Trader,8,18.11,-0.928,12,3.72,1,85.0,8.24,1,0.963,4.5,51.0,50.0,3,279.58,24,0
Central Africa,Female,34,Informal worker,14,47.71,-0.087,7,3.35,0,1.0,0.0,1,0.707,12.2,51.0,84.0,5,232.85,4,1
West Africa,Female,24,Farmer,8,10.45,0.377,11,1.21,0,3.0,0.0,0,,,59.0,54.0,2,131.36,8,0
West Africa,Male,55,Trader,11,15.23,0.745,8,1.79,0,1.0,0.0,1,0.769,64.5,33.0,83.0,4,140.97,8,0
West Africa,Female,53,Farmer,23,316.7,-0.377,17,3.07,0,1.0,0.0,1,0.517,11.7,62.0,81.0,10,477.78,8,0
Southern Africa,Male,45,Farmer,21,39.28,0.273,23,2.0,1,33.0,28.13,0,,,51.0,50.0,5,499.21,24,1
East Africa,Male,59,Informal worker,22,52.54,0.391,17,8.06,1,86.0,26.22,1,0.568,5.9,35.0,93.0,12,313.99,12,1
Southern Africa,Female,55,Self-employed,17,83.45,0.185,17,4.04,0,7.0,0.0,0,,,75.0,81.0,6,211.09,8,1
Southern Africa,Male,60,Salaried,17,28.76,-0.249,11,1.12,1,49.0,14.06,0,,,41.0,75.0,8,549.87,8,1
West Africa,Male,30,Farmer,16,62.26,-0.91,15,1.71,1,70.0,36.57,1,0.93,7.8,29.0,53.0,2,299.02,12,1
Central Africa,Prefer not to say,23,Self-employed,29,102.76,0.743,10,3.63,1,93.0,24.85,0,,,55.0,51.0,7,474.1,8,1
Southern Africa,Male,34,Salaried,22,42.63,-0.076,16,1.72,0,2.0,0.0,0,,,67.0,61.0,5,599.1,4,0
West Africa,Male,57,Trader,6,74.79,0.207,10,3.98,0,7.0,0.0,1,0.915,8.6,56.0,48.0,4,352.35,12,1
East Africa,Male,61,Trader,12,12.93,-0.157,11,1.96,1,42.0,35.89,0,,,48.0,64.0,2,515.5,4,1
West Africa,Male,23,Trader,12,27.32,0.771,10,0.53,1,95.0,18.04,1,0.786,14.6,50.0,47.0,3,564.76,8,1
West Africa,Female,58,Trader,16,90.27,0.689,8,12.38,0,0.0,0.0,1,0.929,7.6,65.0,19.0,9,119.49,8,1
West Africa,Female,40,Farmer,29,149.85,2.036,12,4.05,1,67.0,34.09,0,,,90.0,79.0,11,745.56,12,1
Central Africa,Female,56,Farmer,15,43.03,-0.29,15,5.52,1,52.0,35.36,0,,,20.0,78.0,5,207.57,8,0
East Africa,Male,50,Self-employed,9,27.55,0.706,13,2.56,0,1.0,0.0,1,0.888,34.2,47.0,51.0,7,153.81,4,1
East Africa,Female,20,Farmer,6,40.22,-0.117,11,1.72,0,5.0,0.0,1,0.622,28.4,49.0,60.0,4,82.35,4,1
Southern Africa,Male,40,Trader,6,10.74,0.162,14,1.92,1,17.0,15.57,0,,,72.0,77.0,3,170.21,24,1
East Africa,Female,22,Self-employed,11,48.53,0.08,16,4.76,1,83.0,61.05,1,0.817,1.3,63.0,68.0,5,455.13,4,1
Central Africa,Female,33,Farmer,18,81.39,0.591,14,4.71,1,61.0,57.49,1,0.888,15.2,18.0,97.0,12,435.61,8,1
Southern Africa,Male,53,Trader,33,46.42,0.358,21,2.13,1,90.0,23.35,1,0.709,3.9,86.0,60.0,12,278.74,24,1
East Africa,Female,50,Trader,16,57.62,1.042,16,5.95,1,91.0,17.31,1,0.926,8.5,57.0,85.0,5,781.41,4,1
East Africa,Female,51,Informal worker,17,54.71,-0.269,14,2.94,1,19.0,33.59,1,0.641,2.4,56.0,92.0,10,224.32,4,1
Central Africa,Male,49,Farmer,4,10.26,-0.368,12,1.58,0,1.0,0.0,0,,,35.0,36.0,2,130.42,8,0
Southern Africa,Female,18,Informal worker,14,32.99,0.219,9,2.63,0,10.0,0.0,0,,,72.0,52.0,1,178.42,8,0
Central Africa,Female,45,Salaried,15,23.5,0.01,21,11.57,0,5.0,0.0,1,0.583,12.0,14.0,70.0,8,354.95,12,1
West Africa,Male,40,Informal worker,27,52.74,1.281,21,4.41,0,3.0,0.0,0,,,78.0,88.0,11,644.37,4,1
Central Africa,Male,42,Salaried,44,69.44,0.806,19,5.15,0,1.0,0.0,0,,,54.0,61.0,10,551.92,8,1
East Africa,Female,28,Informal worker,31,174.95,0.414,23,3.41,1,61.0,28.82,1,0.951,0.5,24.0,57.0,12,137.24,12,1
West Africa,Female,51,Informal worker,7,45.04,0.402,12,1.86,0,9.0,0.0,1,0.886,40.4,36.0,64.0,0,62.99,4,0
East Africa,Female,46,Trader,6,65.73,-0.646,13,2.34,0,21.0,0.0,0,,,85.0,44.0,2,119.13,4,1
Southern Africa,Female,36,Farmer,13,29.68,0.596,12,3.53,0,7.0,0.0,1,0.856,11.3,80.0,23.0,3,421.44,24,1
West Africa,Female,20,Farmer,27,60.18,0.956,25,4.16,0,2.0,0.0,1,0.93,12.3,65.0,92.0,13,855.17,12,1
East Africa,Male,21,Farmer,13,46.15,1.124,15,3.32,1,58.0,41.98,1,0.772,1.6,47.0,12.0,2,181.29,4,1
Southern Africa,Male,34,Farmer,23,57.7,-0.121,15,2.89,1,62.0,24.99,1,0.86,11.2,77.0,68.0,3,140.88,8,1
West Africa,Male,43,Informal worker,28,168.88,0.668,20,3.41,0,1.0,0.0,0,,,44.0,77.0,10,595.93,4,1
East Africa,Female,64,Farmer,25,106.08,0.703,17,6.14,0,1.0,0.0,1,0.713,1.7,38.0,26.0,7,682.39,4,1
East Africa,Female,52,Informal worker,23,107.81,0.188,15,3.58,0,7.0,0.0,0,,,59.0,87.0,10,107.68,12,1
West Africa,Female,40,Farmer,16,40.45,0.347,14,2.36,1,28.0,18.61,1,0.343,1.6,23.0,72.0,2,405.75,24,1
Central Africa,Male,32,Self-employed,8,66.94,0.067,12,1.47,1,30.0,13.8,0,,,49.0,79.0,3,168.2,12,1
Southern Africa,Male,25,Farmer,16,39.54,-0.539,10,3.61,1,73.0,36.3,0,,,26.0,52.0,6,88.43,8,1
West Africa,Female,24,Informal worker,10,145.12,-0.652,16,2.22,0,11.0,0.0,0,,,38.0,55.0,2,186.51,4,1
Central Africa,Male,21,Informal worker,14,46.5,1.272,13,1.52,1,87.0,24.22,0,,,58.0,89.0,9,103.58,24,1
Central Africa,Male,60,Farmer,29,86.36,0.453,21,1.72,0,4.0,0.0,1,0.792,2.3,65.0,75.0,11,339.43,12,0
West Africa,Female,18,Salaried,6,39.71,-0.125,9,2.44,0,1.0,0.0,1,0.372,25.5,33.0,80.0,1,37.56,4,1
Southern Africa,Female,58,Self-employed,9,106.12,-0.753,9,1.54,1,54.0,11.75,0,,,23.0,50.0,4,207.49,8,0
West Africa,Female,45,Salaried,17,104.59,-0.236,15,4.67,0,7.0,0.0,1,0.685,18.3,15.0,63.0,4,184.59,8,1
Central Africa,Male,47,Self-employed,11,18.91,0.395,8,2.73,0,1.0,0.0,0,,,35.0,55.0,6,234.19,4,0
Southern Africa,Male,63,Farmer,13,78.06,0.097,12,1.22,0,3.0,0.0,0,,,76.0,89.0,2,243.48,4,1
Southern Africa,Male,54,Self-employed,28,32.18,0.234,32,1.15,1,24.0,19.5,0,,,73.0,92.0,11,1194.16,24,1
West Africa,Male,24,Salaried,19,30.97,0.088,12,2.77,0,13.0,0.0,1,0.893,2.7,61.0,78.0,5,464.06,4,1
Central Africa,Male,63,Salaried,24,42.03,0.692,15,2.72,1,52.0,20.79,1,0.733,2.2,39.0,44.0,7,624.18,12,0
West Africa,Male,26,Salaried,17,33.63,1.006,21,3.31,0,1.0,0.0,0,,,24.0,88.0,5,114.28,8,1
West Africa,Prefer not to say,44,Informal worker,19,86.65,-1.015,15,6.65,0,6.0,0.0,1,0.982,18.1,78.0,56.0,7,243.03,12,1
West Africa,Male,48,Farmer,15,96.24,0.768,14,2.41,1,42.0,14.36,1,0.829,43.9,28.0,79.0,6,77.15,8,1
Southern Africa,Male,29,Informal worker,19,133.11,0.143,10,1.84,0,17.0,0.0,1,0.752,10.8,48.0,40.0,10,264.89,4,1
West Africa,Male,47,Farmer,10,23.23,0.92,8,1.4,1,70.0,25.23,1,0.518,72.3,35.0,45.0,1,245.08,24,1
Central Africa,Female,48,Informal worker,23,25.58,1.321,15,4.25,0,2.0,0.0,0,,,72.0,58.0,7,717.02,12,1
Southern Africa,Male,64,Farmer,3,32.38,0.695,14,4.3,0,4.0,0.0,0,,,43.0,66.0,4,136.06,8,1
West Africa,Male,60,Informal worker,19,54.89,-0.168,12,1.76,1,55.0,11.85,1,0.77,7.0,56.0,55.0,3,327.22,24,1
West Africa,Male,36,Farmer,13,12.58,-0.898,15,2.06,1,72.0,31.74,0,,,31.0,74.0,4,204.12,8,0
West Africa,Male,50,Farmer,43,76.39,1.022,15,3.64,1,14.0,35.73,0,,,27.0,75.0,16,1083.23,8,1
East Africa,Female,56,Trader,24,30.9,-0.262,17,2.75,1,48.0,45.83,1,0.569,2.7,29.0,77.0,9,447.3,4,1
Southern Africa,Male,19,Trader,10,8.2,-0.326,12,3.44,1,25.0,19.22,1,0.723,1.2,16.0,82.0,0,140.93,4,0
West Africa,Male,50,Informal worker,17,61.31,-0.552,13,1.83,0,11.0,0.0,0,,,57.0,80.0,1,261.11,24,1
Southern Africa,Female,61,Farmer,25,40.97,0.083,18,5.02,0,6.0,0.0,0,,,76.0,23.0,5,499.51,8,1
West Africa,Male,23,Trader,9,28.99,0.812,13,2.4,1,56.0,22.2,1,0.71,29.1,50.0,45.0,6,129.89,12,1
Southern Africa,Female,53,Farmer,18,67.79,0.56,12,2.49,1,71.0,19.99,1,0.788,6.9,35.0,87.0,6,499.11,4,1
Central Africa,Male,20,Farmer,12,11.71,-0.768,11,4.86,1,42.0,15.86,1,0.563,3.3,87.0,48.0,1,383.69,4,1
Southern Africa,Female,36,Trader,29,30.34,0.654,19,2.42,0,0.0,0.0,1,0.95,1.4,50.0,77.0,3,703.29,12,1
Southern Africa,Male,56,Trader,15,51.38,-0.378,12,4.52,1,98.0,14.92,0,,,14.0,88.0,9,151.91,4,1
Southern Africa,Male,64,Informal worker,37,131.05,1.71,32,3.6,0,1.0,0.0,1,0.881,3.1,52.0,78.0,13,281.37,4,1
West Africa,Male,52,Informal worker,15,100.1,0.584,14,4.54,0,0.0,0.0,1,0.633,0.3,49.0,49.0,8,169.03,8,1
West Africa,Prefer not to say,51,Self-employed,38,94.37,1.174,28,4.24,1,50.0,29.23,1,0.79,5.4,31.0,79.0,8,237.36,8,1
West Africa,Male,30,Trader,8,41.58,0.746,13,3.06,0,8.0,0.0,0,,,47.0,56.0,1,522.03,12,0
East Africa,Female,56,Farmer,9,50.26,-0.055,17,1.86,0,3.0,0.0,1,0.581,6.7,59.0,57.0,4,632.47,8,1
Southern Africa,Female,48,Trader,4,43.15,0.807,9,0.84,0,2.0,0.0,0,,,43.0,17.0,2,144.68,52,1
East Africa,Male,62,Informal worker,17,32.88,0.719,9,7.13,1,55.0,44.92,0,,,36.0,55.0,7,446.67,12,1
Central Africa,Male,46,Trader,31,43.01,0.905,21,3.11,0,2.0,0.0,0,,,43.0,67.0,8,365.39,8,1
West Africa,Male,19,Trader,23,53.64,-1.042,11,2.04,1,56.0,29.1,0,,,60.0,72.0,7,429.18,12,1
Southern Africa,Prefer not to say,42,Informal worker,16,39.71,-0.176,16,7.6,1,59.0,29.42,1,0.696,7.5,19.0,35.0,7,445.26,4,1
West Africa,Female,54,Farmer,7,12.61,-0.51,7,1.06,0,2.0,0.0,1,0.435,23.3,44.0,34.0,1,126.92,8,0
West Africa,Female,55,Farmer,33,31.67,0.085,19,1.87,0,3.0,0.0,0,,,80.0,54.0,12,1133.53,8,1
Southern Africa,Male,36,Informal worker,7,16.37,-0.885,11,2.13,0,5.0,0.0,0,,,11.0,59.0,1,1248.52,24,0
Central Africa,Female,26,Salaried,14,28.26,0.718,5,2.95,1,78.0,12.99,1,0.64,16.9,44.0,80.0,3,265.68,12,1
East Africa,Male,58,Farmer,30,86.4,0.919,17,6.69,0,18.0,0.0,0,,,75.0,52.0,7,300.98,12,1
West Africa,Male,56,Trader,13,12.19,0.376,13,4.77,1,53.0,9.33,1,0.418,3.0,44.0,76.0,3,46.53,4,1
East Africa,Male,59,Farmer,10,128.08,1.016,11,1.86,0,3.0,0.0,0,,,88.0,54.0,4,693.55,8,1
West Africa,Male,49,Trader,11,30.19,0.448,12,3.86,0,10.0,0.0,1,0.918,11.0,69.0,70.0,7,295.98,12,1
Central Africa,Female,56,Trader,13,18.05,0.913,8,3.24,0,8.0,0.0,0,,,53.0,79.0,5,232.53,12,1
Southern Africa,Female,36,Farmer,21,14.92,-0.029,9,1.21,1,61.0,13.45,1,0.796,5.7,33.0,60.0,2,175.46,12,0
West Africa,Male,54,Trader,25,69.96,0.28,23,4.94,1,38.0,30.43,1,0.965,7.9,68.0,86.0,7,269.67,8,1
West Africa,Male,40,Trader,24,26.55,0.062,19,6.02,1,48.0,20.23,1,0.805,29.7,77.0,70.0,11,138.74,8,1
West Africa,Female,55,Informal worker,22,47.02,0.583,8,5.01,0,5.0,0.0,1,0.768,10.7,31.0,52.0,4,208.45,4,1
Central Africa,Female,24,Salaried,21,28.84,-1.092,11,1.82,0,10.0,0.0,0,,,16.0,40.0,7,79.88,8,1
East Africa,Male,31,Trader,21,51.42,0.238,19,3.51,0,9.0,0.0,1,0.782,29.1,84.0,75.0,6,284.34,4,0
Southern Africa,Male,28,Informal worker,6,38.11,0.229,10,3.92,0,12.0,0.0,0,,,64.0,60.0,2,119.32,8,1
East Africa,Female,37,Self-employed,14,53.6,-0.477,13,1.49,0,1.0,0.0,0,,,41.0,79.0,5,302.36,12,0
East Africa,Prefer not to say,56,Trader,21,168.54,-0.436,18,3.95,0,2.0,0.0,0,,,49.0,83.0,8,147.07,4,0
West Africa,Female,23,Informal worker,27,62.19,1.025,15,2.27,1,63.0,157.66,1,0.77,0.3,53.0,40.0,11,485.21,8,1
Central Africa,Male,52,Trader,11,18.33,-0.132,4,0.93,0,2.0,0.0,0,,,32.0,10.0,3,303.98,8,0
West Africa,Female,57,Self-employed,20,93.8,0.911,14,2.21,0,2.0,0.0,0,,,19.0,73.0,7,427.7,12,1
East Africa,Male,49,Trader,20,71.16,0.341,14,1.22,0,8.0,0.0,0,,,68.0,89.0,10,272.68,12,1
Southern Africa,Female,48,Trader,28,51.29,-1.094,18,2.93,0,4.0,0.0,1,0.811,2.1,62.0,81.0,5,256.57,8,1
East Africa,Male,24,Self-employed,10,35.29,-0.244,8,1.99,0,7.0,0.0,1,0.531,6.2,39.0,62.0,8,201.56,8,1
Central Africa,Male,46,Informal worker,3,18.42,0.084,9,1.3,0,1.0,0.0,0,,,40.0,39.0,0,433.27,24,1
West Africa,Male,28,Trader,16,85.92,-0.917,7,3.86,1,33.0,62.14,0,,,35.0,50.0,3,623.98,24,1
East Africa,Male,29,Salaried,21,104.93,-0.658,10,4.38,1,26.0,30.1,1,0.358,5.4,41.0,80.0,5,380.78,8,0
East Africa,Male,58,Salaried,31,88.6,1.036,17,4.76,0,5.0,0.0,0,,,47.0,68.0,6,1312.14,24,1
East Africa,Female,46,Farmer,11,21.49,0.296,13,1.87,0,7.0,0.0,1,0.873,1.5,7.0,2.0,2,156.6,24,1
West Africa,Female,64,Trader,21,21.2,0.183,17,1.86,1,69.0,53.64,1,0.68,6.9,27.0,26.0,7,221.05,12,1
West Africa,Female,39,Trader,14,49.37,-0.049,9,2.23,0,6.0,0.0,0,,,37.0,54.0,3,91.33,4,1
West Africa,Male,34,Self-employed,16,91.13,0.271,19,2.93,1,59.0,45.18,0,,,42.0,48.0,14,974.34,4,1
West Africa,Male,64,Trader,11,73.95,-0.407,7,1.21,0,5.0,0.0,1,0.719,19.0,34.0,66.0,4,495.62,12,1
East Africa,Male,47,Farmer,24,27.95,0.697,16,3.0,0,3.0,0.0,1,0.869,4.7,67.0,79.0,9,308.32,8,1
East Africa,Male,58,Trader,16,36.83,0.03,9,0.98,0,11.0,0.0,1,0.704,1.5,58.0,55.0,5,352.25,12,0
East Africa,Male,20,Trader,27,69.59,0.944,19,2.01,0,5.0,0.0,0,,,35.0,61.0,5,181.18,8,0
East Africa,Female,42,Farmer,21,16.45,0.405,9,3.98,1,74.0,23.56,1,0.956,13.1,28.0,37.0,1,125.16,8,1
East Africa,Prefer not to say,56,Farmer,11,16.48,1.323,12,2.48,0,6.0,0.0,1,0.77,6.4,43.0,52.0,7,205.07,12,1
West Africa,Male,55,Trader,3,25.6,-2.188,6,0.87,1,50.0,6.06,1,0.777,9.1,68.0,78.0,1,165.2,52,0
East Africa,Female,51,Trader,17,221.52,0.425,6,3.84,0,0.0,0.0,1,0.426,1.5,80.0,79.0,3,436.32,24,1
West Africa,Female,25,Trader,29,163.61,0.285,16,4.58,1,62.0,64.3,0,,,47.0,41.0,11,382.12,8,1
West Africa,Male,43,Trader,9,11.98,-0.676,14,1.06,0,5.0,0.0,1,0.348,18.0,41.0,71.0,4,362.03,12,0
East Africa,Female,22,Trader,25,67.21,0.556,18,2.52,1,67.0,26.7,1,0.575,2.3,60.0,63.0,5,254.79,8,1
East Africa,Male,55,Informal worker,17,25.39,0.035,15,3.11,0,18.0,0.0,0,,,25.0,73.0,6,552.53,24,1
West Africa,Male,47,Trader,10,50.7,0.266,14,3.09,1,85.0,10.61,0,,,57.0,68.0,4,100.94,8,1
East Africa,Prefer not to say,27,Farmer,7,29.75,-0.271,2,2.55,0,3.0,0.0,0,,,65.0,92.0,3,163.93,8,0
East Africa,Female,52,Informal worker,12,30.89,-0.502,12,2.53,0,11.0,0.0,1,0.753,5.3,36.0,58.0,5,330.35,24,1
Southern Africa,Male,51,Informal worker,20,78.81,-0.682,27,4.47,0,11.0,0.0,1,0.565,1.6,54.0,74.0,5,590.96,12,1
East Africa,Male,20,Informal worker,24,74.28,0.185,15,3.94,1,57.0,24.42,1,0.805,5.3,58.0,62.0,10,460.03,8,0
Southern Africa,Female,22,Self-employed,13,40.01,0.213,16,3.93,0,0.0,0.0,1,0.835,6.9,31.0,66.0,4,244.76,8,1
West Africa,Male,27,Trader,24,72.46,1.146,14,9.15,0,12.0,0.0,0,,,75.0,64.0,10,308.94,4,1
Southern Africa,Female,21,Trader,7,23.81,-1.475,5,1.78,1,21.0,11.48,1,0.839,33.5,49.0,57.0,3,199.99,4,0
East Africa,Female,43,Trader,7,28.52,-0.511,15,4.28,0,4.0,0.0,1,0.487,7.0,27.0,62.0,2,403.47,24,1
East Africa,Male,59,Trader,16,94.21,-0.237,12,2.7,0,10.0,0.0,1,0.782,21.9,39.0,60.0,5,150.25,8,0
East Africa,Female,20,Self-employed,6,40.03,-0.25,7,1.03,0,5.0,0.0,0,,,94.0,48.0,1,69.86,8,1
East Africa,Female,46,Informal worker,12,68.84,-0.629,9,5.96,0,13.0,0.0,1,0.538,3.2,53.0,71.0,3,318.81,4,1
East Africa,Female,37,Salaried,20,17.03,-0.646,12,4.08,1,39.0,26.22,0,,,34.0,63.0,6,321.8,12,1
Southern Africa,Male,57,Self-employed,11,44.79,-0.436,7,2.35,0,4.0,0.0,1,0.428,0.3,59.0,40.0,4,70.79,4,1
Central Africa,Male,40,Salaried,25,34.4,1.127,20,7.19,0,10.0,0.0,1,0.836,2.3,17.0,76.0,6,360.88,8,0
Central Africa,Male,49,Farmer,18,51.21,-1.261,10,5.64,1,70.0,38.71,0,,,34.0,59.0,3,169.29,12,1
East Africa,Female,61,Salaried,11,95.53,-0.667,14,2.62,0,2.0,0.0,1,0.816,11.6,78.0,83.0,7,210.86,8,0
East Africa,Female,24,Farmer,6,13.15,-0.472,8,1.55,1,76.0,6.17,1,0.648,5.8,83.0,54.0,1,173.87,12,1
Southern Africa,Female,32,Trader,14,46.54,-0.453,11,0.99,1,50.0,29.64,1,0.813,6.0,50.0,31.0,5,144.04,12,1
West Africa,Female,30,Farmer,11,29.15,-0.781,17,4.09,1,43.0,20.77,0,,,53.0,53.0,2,255.95,4,1
Southern Africa,Male,25,Self-employed,18,90.05,-0.34,11,3.96,1,68.0,22.07,0,,,62.0,74.0,4,240.06,4,1
East Africa,Male,48,Salaried,40,104.01,1.117,15,5.42,0,6.0,0.0,0,,,47.0,93.0,13,277.52,12,0
West Africa,Female,18,Farmer,26,50.06,0.454,16,2.01,1,76.0,33.21,0,,,59.0,82.0,8,527.28,4,1
West Africa,Female,36,Salaried,8,31.67,0.351,14,6.28,0,10.0,0.0,1,0.525,7.0,49.0,85.0,5,219.95,8,1
Southern Africa,Female,23,Farmer,25,69.53,0.65,16,5.7,1,55.0,37.04,0,,,85.0,76.0,5,269.6,4,1
West Africa,Male,46,Informal worker,13,118.08,-0.892,13,3.0,1,45.0,11.62,1,0.898,0.9,25.0,51.0,3,118.91,4,1
West Africa,Male,53,Farmer,25,65.23,0.536,4,1.97,0,1.0,0.0,0,,,39.0,76.0,1,406.69,4,1
West Africa,Female,39,Trader,8,50.31,0.249,17,4.33,1,65.0,8.03,0,,,72.0,23.0,4,301.51,4,1
West Africa,Male,38,Farmer,12,78.8,-0.32,15,2.64,1,73.0,13.32,1,0.685,38.4,35.0,93.0,5,372.49,24,1
West Africa,Male,39,Salaried,25,55.7,1.076,13,1.85,1,49.0,33.66,1,0.535,6.6,38.0,77.0,6,196.9,8,1
Southern Africa,Female,27,Self-employed,3,17.59,-0.644,13,2.08,0,2.0,0.0,1,0.511,14.6,73.0,68.0,2,221.42,4,1
West Africa,Female,35,Trader,6,23.35,0.174,7,1.26,1,40.0,13.0,0,,,45.0,88.0,0,353.4,8,1
Southern Africa,Female,61,Trader,14,75.34,0.328,10,2.39,0,4.0,0.0,0,,,64.0,55.0,3,241.53,4,0
Central Africa,Female,19,Trader,25,54.8,0.14,17,4.7,0,3.0,0.0,0,,,44.0,53.0,9,408.51,12,1
East Africa,Female,55,Salaried,20,24.67,-0.575,12,9.68,1,70.0,31.76,1,0.81,36.5,54.0,85.0,5,205.27,12,1
West Africa,Male,25,Farmer,13,62.18,-0.415,12,1.86,0,1.0,0.0,1,0.793,2.0,47.0,39.0,3,173.13,8,1
East Africa,Male,23,Informal worker,23,228.46,0.272,22,3.87,1,88.0,31.84,0,,,55.0,80.0,7,183.85,24,1
West Africa,Female,31,Trader,9,50.05,1.152,9,4.34,0,1.0,0.0,0,,,69.0,23.0,5,403.66,4,1
East Africa,Male,30,Trader,6,14.6,0.221,11,2.52,0,8.0,0.0,0,,,47.0,49.0,3,150.15,8,1
Central Africa,Prefer not to say,32,Self-employed,13,95.28,0.712,21,4.6,0,3.0,0.0,1,0.738,22.5,43.0,31.0,5,135.42,4,1
Central Africa,Female,57,Informal worker,14,95.05,0.385,14,6.88,1,46.0,28.85,0,,,67.0,79.0,4,119.37,12,1
Southern Africa,Male,60,Trader,25,90.27,0.072,25,1.94,0,1.0,0.0,0,,,81.0,44.0,6,1433.78,12,0
West Africa,Male,50,Trader,5,46.06,0.336,18,2.94,0,1.0,0.0,0,,,47.0,47.0,2,187.99,4,1
Southern Africa,Female,24,Trader,21,53.18,-0.504,13,2.14,0,2.0,0.0,1,0.638,2.0,31.0,87.0,4,219.04,24,1
Southern Africa,Male,62,Trader,11,83.35,0.668,6,1.27,1,77.0,32.62,0,,,48.0,56.0,6,1111.35,8,0
East Africa,Male,57,Trader,28,116.26,-0.317,17,6.21,1,47.0,32.2,0,,,66.0,61.0,11,385.95,8,1
East Africa,Female,21,Informal worker,10,34.73,-0.824,9,1.67,0,5.0,0.0,0,,,36.0,38.0,6,117.82,8,0
West Africa,Male,36,Trader,14,65.77,0.503,5,2.43,0,12.0,0.0,0,,,74.0,68.0,4,198.56,4,1
West Africa,Male,54,Farmer,18,47.1,-0.045,21,3.52,1,87.0,62.75,1,0.859,14.7,50.0,96.0,4,338.94,4,1
East Africa,Female,22,Farmer,9,20.92,0.304,10,0.98,0,18.0,0.0,1,0.892,30.5,25.0,78.0,4,49.45,8,1
West Africa,Female,21,Farmer,12,39.5,0.746,18,7.41,0,0.0,0.0,1,0.695,0.1,45.0,74.0,10,376.04,12,0
West Africa,Male,46,Farmer,19,87.5,-1.229,12,4.57,0,2.0,0.0,0,,,60.0,83.0,9,312.2,12,1
Southern Africa,Female,33,Salaried,19,46.17,-0.367,11,2.67,0,3.0,0.0,1,0.692,5.6,28.0,67.0,6,130.98,52,1
Central Africa,Female,38,Trader,17,62.73,-0.137,17,3.42,0,1.0,0.0,0,,,59.0,84.0,9,384.79,24,1
East Africa,Male,53,Salaried,12,49.58,0.496,15,4.35,0,5.0,0.0,1,0.748,17.0,26.0,59.0,6,345.06,4,1
Southern Africa,Male,43,Trader,32,118.1,-0.266,25,2.56,0,11.0,0.0,0,,,84.0,62.0,7,285.89,8,1
Central Africa,Female,51,Trader,18,119.99,-1.23,12,1.66,1,80.0,11.94,0,,,60.0,38.0,3,351.3,12,1
West Africa,Male,23,Trader,23,41.16,-0.328,24,4.04,0,2.0,0.0,1,0.656,6.7,39.0,42.0,7,224.07,4,1
East Africa,Female,18,Informal worker,16,64.65,0.354,13,4.2,1,76.0,25.2,0,,,34.0,23.0,4,279.67,12,1
East Africa,Female,29,Farmer,24,90.8,1.531,15,3.86,1,92.0,13.75,0,,,31.0,83.0,12,127.87,12,1
West Africa,Male,27,Salaried,8,27.8,-1.406,11,1.04,1,66.0,12.08,1,0.569,21.0,7.0,63.0,2,165.81,12,1
Southern Africa,Female,33,Trader,21,20.73,-0.272,19,11.13,0,16.0,0.0,0,,,55.0,82.0,3,266.89,8,0
East Africa,Female,54,Informal worker,12,55.46,0.302,11,2.08,1,68.0,25.74,1,0.648,8.0,70.0,56.0,6,204.02,8,1
East Africa,Female,25,Trader,5,25.33,0.188,15,1.35,0,3.0,0.0,0,,,27.0,39.0,1,162.26,4,1
West Africa,Male,23,Trader,29,122.37,1.457,14,3.73,0,5.0,0.0,0,,,52.0,99.0,7,417.61,8,1
West Africa,Female,27,Informal worker,11,103.8,0.295,9,2.4,0,2.0,0.0,0,,,45.0,79.0,5,117.76,52,1
Central Africa,Male,33,Trader,11,60.76,0.37,13,3.9,0,7.0,0.0,0,,,55.0,21.0,8,210.24,12,1
West Africa,Female,27,Farmer,19,176.99,-0.023,5,4.63,1,63.0,22.18,0,,,17.0,55.0,8,395.98,8,1
West Africa,Female,26,Informal worker,10,36.37,0.49,11,1.51,0,2.0,0.0,0,,,54.0,62.0,6,143.33,8,1
West Africa,Male,45,Informal worker,14,25.39,-0.564,12,0.62,0,2.0,0.0,1,0.574,19.1,23.0,36.0,8,129.56,12,1
East Africa,Male,23,Informal worker,16,66.53,-0.147,10,2.44,1,35.0,16.51,0,,,29.0,59.0,5,161.71,12,1
East Africa,Female,25,Trader,17,44.25,-1.266,7,5.09,0,5.0,0.0,1,0.975,8.0,63.0,77.0,5,470.01,52,1
East Africa,Female,57,Trader,8,49.19,0.301,9,3.14,0,16.0,0.0,1,0.865,22.6,25.0,11.0,3,768.77,12,0
West Africa,Male,18,Farmer,22,30.44,1.11,13,4.27,1,79.0,10.09,1,0.584,15.4,58.0,52.0,7,728.78,12,1
West Africa,Male,20,Trader,25,48.28,0.823,15,2.81,1,72.0,18.34,0,,,52.0,41.0,9,348.94,12,1
Southern Africa,Female,21,Farmer,10,21.11,-0.336,17,5.43,0,3.0,0.0,0,,,32.0,93.0,9,882.54,4,1
East Africa,Male,43,Farmer,8,33.53,-1.086,12,2.24,1,80.0,25.87,0,,,55.0,56.0,1,1308.08,24,1
East Africa,Female,50,Farmer,16,27.55,0.929,9,3.21,1,68.0,16.67,0,,,57.0,95.0,3,83.4,8,1
Southern Africa,Male,50,Farmer,13,153.46,-0.715,14,4.09,1,83.0,15.29,0,,,57.0,89.0,3,75.84,12,1
Southern Africa,Male,50,Trader,28,136.5,0.193,12,4.66,1,33.0,13.53,0,,,77.0,75.0,6,165.9,12,1
West Africa,Female,20,Trader,15,43.97,-0.626,17,4.66,1,77.0,15.29,1,0.543,21.4,53.0,70.0,8,202.05,12,1
East Africa,Male,34,Trader,41,57.8,1.185,26,4.01,1,76.0,48.1,0,,,33.0,63.0,10,1258.64,24,1
East Africa,Female,47,Trader,38,56.19,1.876,15,3.63,1,65.0,27.34,0,,,16.0,64.0,5,524.31,8,1
West Africa,Female,50,Salaried,18,25.04,-0.019,16,2.29,0,11.0,0.0,0,,,46.0,44.0,6,258.02,52,0
Southern Africa,Male,33,Trader,7,21.31,0.649,12,3.75,0,5.0,0.0,0,,,63.0,31.0,7,37.0,8,1
East Africa,Male,57,Trader,26,58.82,-0.224,17,1.25,1,95.0,44.38,0,,,43.0,16.0,11,627.29,8,1
Southern Africa,Male,57,Salaried,9,20.91,-0.338,7,1.59,0,2.0,0.0,0,,,15.0,51.0,1,232.03,8,0
Central Africa,Female,53,Farmer,19,31.92,0.403,12,1.8,0,1.0,0.0,0,,,73.0,70.0,4,400.39,4,0
East Africa,Female,55,Trader,8,94.22,-0.498,15,3.3,1,42.0,23.66,1,0.441,16.2,42.0,86.0,4,358.4,52,0
Central Africa,Female,63,Salaried,20,29.28,-0.66,16,1.3,0,6.0,0.0,1,0.516,59.2,25.0,29.0,0,74.87,24,0
East Africa,Male,55,Informal worker,5,17.41,-0.799,8,0.99,1,87.0,19.13,1,0.699,8.0,23.0,29.0,0,237.69,4,0
Central Africa,Male,45,Self-employed,19,178.66,0.278,19,2.58,1,65.0,23.7,0,,,23.0,62.0,8,1025.84,8,1
West Africa,Male,36,Salaried,3,78.16,-0.703,7,1.85,1,69.0,19.03,0,,,54.0,61.0,3,471.13,12,1
East Africa,Female,35,Informal worker,18,82.11,0.829,12,3.86,0,0.0,0.0,0,,,66.0,82.0,2,194.09,8,1
East Africa,Male,56,Trader,19,48.26,-1.352,19,1.93,0,4.0,0.0,1,0.681,24.5,29.0,95.0,6,996.77,4,0
West Africa,Male,31,Farmer,10,22.46,-0.154,7,2.05,0,12.0,0.0,1,0.728,8.3,33.0,39.0,6,85.04,8,1
East Africa,Male,47,Trader,11,78.15,-1.013,23,5.06,1,39.0,8.66,1,0.523,6.2,26.0,32.0,5,262.84,12,1
Central Africa,Male,41,Farmer,12,33.06,0.613,9,2.21,0,7.0,0.0,0,,,42.0,65.0,5,317.18,52,1
East Africa,Female,35,Self-employed,17,24.92,-0.188,10,4.51,1,62.0,29.53,0,,,66.0,58.0,10,212.72,4,1
West Africa,Female,39,Trader,19,37.11,0.024,8,7.53,1,36.0,23.15,1,0.684,4.4,79.0,55.0,3,266.16,8,1
West Africa,Prefer not to say,21,Salaried,37,38.59,1.396,18,4.91,0,7.0,0.0,1,0.649,1.1,55.0,90.0,5,326.33,8,1
West Africa,Male,51,Farmer,20,36.83,-0.703,17,4.84,0,3.0,0.0,0,,,68.0,50.0,3,1032.06,12,1
West Africa,Female,21,Trader,9,84.02,0.636,9,4.45,1,23.0,12.99,0,,,20.0,81.0,2,280.41,8,0
Central Africa,Male,21,Salaried,14,121.23,0.406,19,12.73,1,66.0,18.67,1,0.504,3.7,59.0,65.0,3,251.65,8,1
East Africa,Female,29,Farmer,8,19.29,-0.586,12,3.92,0,1.0,0.0,0,,,57.0,50.0,5,143.12,8,1
West Africa,Female,42,Farmer,14,27.72,-1.495,10,8.26,0,5.0,0.0,1,0.408,2.5,28.0,61.0,3,619.2,4,1
East Africa,Male,32,Farmer,16,27.08,1.134,12,1.63,0,1.0,0.0,0,,,77.0,56.0,5,502.29,24,1
West Africa,Female,59,Trader,7,76.93,-0.571,10,3.45,0,1.0,0.0,0,,,64.0,33.0,1,131.1,8,1
West Africa,Male,61,Trader,13,92.96,0.21,15,3.07,0,14.0,0.0,1,0.865,13.1,41.0,44.0,1,273.81,24,1
Southern Africa,Male,36,Informal worker,18,44.32,0.503,11,7.29,0,0.0,0.0,1,0.527,13.5,61.0,63.0,12,166.97,8,0
East Africa,Male,64,Salaried,20,120.7,1.591,16,6.74,1,81.0,24.38,0,,,55.0,76.0,7,451.62,4,1
Central Africa,Male,22,Informal worker,13,46.12,-0.762,11,2.94,1,43.0,33.45,1,0.494,26.9,51.0,31.0,1,64.0,24,1
East Africa,Female,24,Salaried,29,109.85,1.433,24,3.92,1,45.0,68.09,1,0.692,25.5,47.0,81.0,10,364.37,12,1
East Africa,Female,34,Salaried,24,93.98,1.496,23,2.25,0,2.0,0.0,1,0.586,1.9,30.0,32.0,7,529.48,8,1
Southern Africa,Female,62,Trader,26,51.8,-0.438,19,3.82,1,24.0,24.94,0,,,41.0,63.0,3,515.57,24,1
Central Africa,Female,41,Salaried,14,25.27,-0.417,7,1.12,0,5.0,0.0,0,,,60.0,82.0,1,736.24,8,1
Southern Africa,Female,51,Salaried,7,95.42,0.012,20,2.5,0,13.0,0.0,0,,,11.0,56.0,5,193.8,12,0
Central Africa,Male,48,Farmer,7,36.43,0.261,13,4.18,0,9.0,0.0,0,,,68.0,54.0,5,223.73,12,1
Southern Africa,Male,41,Farmer,9,31.72,-0.059,8,1.44,0,1.0,0.0,1,0.75,4.4,34.0,67.0,2,75.53,8,1
Central Africa,Male,61,Informal worker,16,156.59,0.749,12,1.65,1,91.0,32.55,1,0.732,1.2,14.0,44.0,6,703.51,4,1
West Africa,Female,62,Self-employed,12,44.19,-0.252,11,3.88,0,4.0,0.0,0,,,22.0,28.0,3,172.31,8,1
Southern Africa,Female,39,Self-employed,30,69.23,0.642,13,2.13,1,61.0,36.1,1,0.606,17.1,49.0,54.0,9,243.88,8,1
East Africa,Female,51,Farmer,19,43.3,-0.542,16,2.63,0,7.0,0.0,1,0.894,1.1,67.0,85.0,11,245.0,52,1
East Africa,Male,47,Salaried,18,41.85,-0.237,14,2.88,1,73.0,21.74,0,,,53.0,71.0,10,535.38,4,1
Southern Africa,Male,45,Farmer,15,43.37,-0.228,15,2.45,0,4.0,0.0,0,,,61.0,41.0,2,84.0,8,1
Central Africa,Female,22,Salaried,28,39.78,0.035,21,3.47,1,61.0,18.87,1,0.935,5.3,75.0,26.0,10,156.11,12,1
Central Africa,Male,27,Informal worker,23,62.05,0.971,16,5.0,1,80.0,111.28,0,,,32.0,85.0,8,177.43,8,1
West Africa,Female,64,Self-employed,11,15.49,-1.112,15,2.58,1,69.0,12.85,0,,,32.0,11.0,3,165.73,8,1
Southern Africa,Male,29,Self-employed,12,69.76,0.44,8,2.13,0,4.0,0.0,0,,,61.0,47.0,4,230.13,8,1
Southern Africa,Male,48,Farmer,19,33.01,0.613,15,4.1,1,77.0,31.77,1,0.624,25.1,31.0,69.0,9,327.86,4,0
West Africa,Female,60,Self-employed,23,210.16,-0.95,16,1.54,0,3.0,0.0,1,0.948,4.1,37.0,26.0,8,125.46,12,1
West Africa,Female,46,Informal worker,18,28.79,1.018,10,7.07,1,63.0,60.31,1,0.508,6.5,66.0,86.0,3,96.28,8,1
West Africa,Female,28,Trader,17,32.92,1.08,10,2.93,0,7.0,0.0,0,,,28.0,63.0,1,266.19,8,1
Southern Africa,Male,58,Trader,9,27.51,0.323,11,2.69,1,51.0,15.97,1,0.947,2.4,30.0,56.0,0,342.0,12,1
East Africa,Male,19,Informal worker,12,29.45,-0.301,17,9.53,0,3.0,0.0,0,,,38.0,62.0,3,210.13,8,1
Central Africa,Female,51,Trader,6,8.1,-0.602,14,1.76,1,57.0,52.46,0,,,46.0,57.0,1,157.22,24,1
East Africa,Female,30,Trader,33,68.55,0.047,19,3.11,1,44.0,34.07,1,0.65,27.8,78.0,56.0,7,184.81,4,0
Central Africa,Male,48,Informal worker,11,33.67,-0.41,12,1.96,1,64.0,9.16,1,0.579,6.1,52.0,67.0,0,88.5,4,1
East Africa,Female,40,Trader,24,49.24,-0.007,16,5.68,0,6.0,0.0,1,0.586,21.6,80.0,83.0,5,514.98,8,0
Southern Africa,Male,44,Farmer,19,67.72,0.842,16,4.25,1,58.0,33.73,1,0.752,4.3,38.0,69.0,11,393.37,12,1
West Africa,Male,35,Salaried,31,61.7,0.599,27,2.88,0,2.0,0.0,1,0.405,5.8,53.0,78.0,7,323.22,8,0
East Africa,Female,42,Trader,10,25.01,0.263,5,2.17,0,0.0,0.0,1,0.614,66.5,28.0,83.0,4,305.15,24,0
Southern Africa,Female,61,Informal worker,13,21.26,-0.523,9,2.0,0,2.0,0.0,1,0.731,9.0,27.0,19.0,4,244.64,4,1
Central Africa,Male,56,Trader,22,153.88,-0.298,8,3.39,0,2.0,0.0,1,0.622,31.5,77.0,63.0,11,197.21,24,1
Southern Africa,Male,37,Salaried,14,41.64,0.428,4,1.43,1,55.0,25.31,1,0.912,10.3,75.0,83.0,3,464.97,12,1
West Africa,Prefer not to say,62,Farmer,11,54.11,-0.858,9,2.05,0,4.0,0.0,1,0.626,2.0,74.0,86.0,1,174.17,12,1
East Africa,Female,59,Salaried,26,44.03,0.176,22,2.29,0,12.0,0.0,0,,,68.0,47.0,9,497.09,24,1
West Africa,Female,47,Informal worker,21,104.23,0.158,18,6.03,0,3.0,0.0,1,0.6,19.2,29.0,65.0,5,42.3,8,0
West Africa,Male,45,Salaried,32,170.13,0.819,20,6.54,0,5.0,0.0,0,,,54.0,78.0,7,3509.18,8,1
Southern Africa,Prefer not to say,19,Farmer,16,30.72,-0.22,9,9.94,0,6.0,0.0,1,0.867,36.4,57.0,55.0,6,290.13,8,0
Southern Africa,Female,42,Farmer,23,208.13,-0.241,13,2.15,1,54.0,54.06,1,0.804,42.6,49.0,29.0,2,117.64,4,0
Southern Africa,Female,27,Trader,15,23.34,0.017,14,1.58,1,64.0,27.57,0,,,51.0,81.0,5,95.51,24,1
Central Africa,Male,25,Farmer,5,15.27,-0.861,7,2.12,0,15.0,0.0,1,0.607,24.0,42.0,39.0,1,199.95,24,1
Southern Africa,Female,58,Farmer,13,26.55,-0.184,10,3.41,0,5.0,0.0,0,,,58.0,37.0,5,158.14,4,1
Southern Africa,Female,30,Informal worker,15,31.04,-0.046,14,1.54,0,4.0,0.0,0,,,24.0,67.0,6,342.2,24,1
West Africa,Female,46,Trader,10,53.36,-1.299,12,3.13,0,9.0,0.0,1,0.479,7.0,71.0,43.0,3,558.13,8,0
West Africa,Prefer not to say,58,Farmer,17,36.23,0.944,18,1.98,1,43.0,63.22,0,,,37.0,16.0,7,868.42,8,1
East Africa,Female,46,Farmer,7,8.94,0.92,8,2.28,0,10.0,0.0,0,,,14.0,42.0,1,178.51,8,1
Central Africa,Male,54,Informal worker,9,27.54,0.228,10,2.25,1,6.0,21.75,0,,,81.0,77.0,5,289.89,52,1
West Africa,Male,54,Informal worker,17,43.33,-0.095,17,8.08,0,1.0,0.0,0,,,35.0,36.0,3,306.44,12,1
East Africa,Female,39,Farmer,39,119.1,0.757,25,4.36,0,8.0,0.0,1,0.722,1.5,72.0,84.0,18,1387.6,8,1
Southern Africa,Male,61,Farmer,15,8.95,-0.729,9,2.89,0,15.0,0.0,0,,,60.0,21.0,2,242.77,12,1
West Africa,Male,60,Farmer,3,21.22,0.547,6,0.81,0,0.0,0.0,0,,,68.0,50.0,1,26.87,4,1
East Africa,Female,33,Salaried,17,60.23,-0.471,18,2.73,1,52.0,49.55,0,,,54.0,58.0,8,763.33,8,1
Central Africa,Male,56,Salaried,13,39.48,0.422,10,2.41,1,51.0,11.66,1,0.888,5.3,15.0,55.0,6,533.43,24,1
Southern Africa,Female,26,Trader,23,96.13,0.058,14,5.38,0,10.0,0.0,0,,,38.0,82.0,8,747.8,4,0
West Africa,Male,23,Trader,32,43.18,1.411,11,3.86,1,38.0,23.55,0,,,31.0,89.0,10,122.44,12,1
Central Africa,Male,42,Informal worker,7,27.4,0.09,10,3.19,0,6.0,0.0,1,0.863,14.2,69.0,84.0,1,615.42,4,0
West Africa,Male,46,Salaried,8,43.88,0.462,5,1.5,1,36.0,38.42,1,0.687,4.5,31.0,69.0,5,181.91,8,1
Central Africa,Female,45,Trader,35,63.59,0.705,24,4.69,1,85.0,57.75,0,,,70.0,65.0,12,137.15,12,1
West Africa,Female,55,Farmer,20,49.99,0.876,6,2.18,0,3.0,0.0,1,0.7,15.3,39.0,53.0,3,461.23,4,1
East Africa,Male,36,Farmer,22,29.46,-0.843,11,3.42,0,0.0,0.0,1,0.819,0.7,23.0,84.0,6,746.03,4,0
East Africa,Male,55,Salaried,13,67.9,-0.924,15,2.98,0,0.0,0.0,0,,,33.0,37.0,4,185.68,24,0
West Africa,Male,60,Trader,8,17.36,-1.422,8,2.42,0,4.0,0.0,0,,,56.0,54.0,0,664.4,8,0
Central Africa,Female,22,Salaried,19,88.71,-0.066,11,2.07,0,3.0,0.0,1,0.51,12.6,76.0,44.0,9,626.07,8,1
West Africa,Prefer not to say,39,Informal worker,20,100.41,-0.331,15,1.71,0,2.0,0.0,1,0.936,15.6,24.0,91.0,7,1474.03,12,1
West Africa,Female,28,Salaried,23,97.69,-0.067,18,2.46,1,55.0,45.93,0,,,73.0,59.0,7,425.51,12,1
West Africa,Male,48,Self-employed,6,18.77,0.915,19,2.02,0,0.0,0.0,0,,,10.0,50.0,6,922.25,4,1
Southern Africa,Female,37,Farmer,14,32.37,-0.315,16,2.3,0,7.0,0.0,1,0.646,51.7,12.0,76.0,4,81.14,8,0
Southern Africa,Male,31,Informal worker,22,95.18,1.304,29,11.28,1,65.0,25.55,0,,,48.0,54.0,15,463.69,12,1
Central Africa,Male,29,Informal worker,9,18.55,-0.396,11,1.34,0,1.0,0.0,0,,,67.0,28.0,3,74.84,12,0
West Africa,Male,34,Salaried,23,48.61,1.17,18,12.2,1,72.0,24.28,0,,,44.0,89.0,5,539.63,24,1
East Africa,Male,23,Farmer,18,60.52,0.047,11,2.02,1,67.0,21.3,1,0.779,12.7,67.0,45.0,2,30.76,24,1
West Africa,Male,22,Trader,15,19.81,0.071,11,3.38,1,82.0,10.85,0,,,22.0,78.0,4,553.27,8,1
East Africa,Female,47,Self-employed,14,16.98,-0.167,12,2.97,0,4.0,0.0,0,,,76.0,48.0,9,66.26,12,0
Central Africa,Male,62,Trader,22,37.9,-0.101,18,2.66,1,77.0,40.59,0,,,34.0,95.0,4,1492.48,24,1
Southern Africa,Female,41,Self-employed,16,51.49,-1.013,14,2.03,0,8.0,0.0,0,,,65.0,91.0,5,601.79,8,0
East Africa,Female,61,Trader,7,63.5,0.002,10,2.89,0,23.0,0.0,0,,,66.0,31.0,3,131.46,12,1
East Africa,Female,25,Farmer,20,229.49,1.742,18,1.63,1,97.0,28.83,1,0.795,16.5,63.0,64.0,7,285.98,8,1
Central Africa,Male,63,Self-employed,23,50.72,-0.045,14,3.23,0,4.0,0.0,1,0.927,6.7,30.0,54.0,6,434.78,8,1
East Africa,Female,45,Informal worker,15,30.1,0.16,12,1.56,0,9.0,0.0,0,,,58.0,86.0,8,347.65,52,1
West Africa,Male,52,Informal worker,8,35.75,-0.813,6,3.58,0,0.0,0.0,0,,,21.0,39.0,7,232.83,4,1
East Africa,Male,20,Farmer,7,29.94,-0.434,8,0.8,1,30.0,24.94,1,0.856,7.2,46.0,37.0,1,110.2,52,1
West Africa,Male,46,Trader,19,23.47,0.202,13,1.67,1,78.0,55.88,1,0.927,8.3,15.0,76.0,7,195.14,4,1
West Africa,Female,36,Trader,12,9.48,-0.734,11,1.79,0,8.0,0.0,0,,,78.0,48.0,1,97.93,4,1
West Africa,Female,60,Informal worker,15,25.33,-0.409,14,2.59,0,1.0,0.0,0,,,38.0,77.0,10,594.16,8,1
East Africa,Female,55,Farmer,16,99.34,0.664,7,3.61,1,83.0,18.29,1,0.947,2.7,52.0,53.0,7,251.37,8,1
East Africa,Female,58,Trader,14,40.34,0.653,17,2.37,0,1.0,0.0,0,,,62.0,98.0,5,55.64,4,1
West Africa,Female,59,Farmer,11,26.95,0.693,9,0.86,1,67.0,24.98,0,,,42.0,96.0,7,204.66,8,1
East Africa,Female,51,Self-employed,17,73.99,0.698,7,0.65,0,4.0,0.0,0,,,30.0,30.0,6,435.65,4,0
Central Africa,Female,29,Salaried,13,75.63,-0.644,13,2.09,0,20.0,0.0,0,,,56.0,21.0,6,411.64,24,0
Southern Africa,Male,31,Farmer,16,28.09,-0.393,19,8.84,0,14.0,0.0,1,0.833,13.0,42.0,27.0,3,667.49,52,0
East Africa,Prefer not to say,58,Self-employed,13,50.96,0.246,13,1.29,1,25.0,12.81,0,,,78.0,63.0,2,135.87,4,0
West Africa,Female,46,Farmer,21,75.58,-0.053,15,11.59,1,43.0,12.87,1,0.929,32.8,19.0,67.0,8,426.82,8,1
Central Africa,Male,59,Farmer,14,98.72,1.168,21,2.84,0,8.0,0.0,0,,,72.0,87.0,3,1478.38,8,0
West Africa,Male,55,Farmer,8,24.73,-0.413,6,1.26,0,6.0,0.0,0,,,41.0,64.0,3,230.45,8,0
West Africa,Male,46,Salaried,23,30.33,0.012,19,4.72,1,73.0,15.46,0,,,28.0,86.0,4,350.16,4,1
Central Africa,Female,25,Trader,24,57.26,0.653,19,4.12,1,45.0,42.0,0,,,21.0,90.0,8,243.58,4,0
East Africa,Male,64,Trader,30,104.44,1.27,21,3.88,0,4.0,0.0,0,,,89.0,85.0,7,328.27,12,1
Southern Africa,Male,29,Self-employed,10,30.82,0.035,13,1.44,0,0.0,0.0,1,0.92,24.9,78.0,46.0,5,151.34,12,0
East Africa,Female,29,Informal worker,7,18.06,0.147,7,1.79,0,0.0,0.0,1,0.701,17.4,55.0,92.0,2,169.51,8,1
Southern Africa,Female,24,Salaried,9,17.23,0.091,7,1.79,0,14.0,0.0,0,,,13.0,74.0,3,59.1,4,1
West Africa,Female,21,Informal worker,15,103.72,1.121,10,3.33,0,4.0,0.0,0,,,50.0,55.0,7,582.77,4,1
West Africa,Female,35,Informal worker,8,41.26,0.272,10,1.26,0,11.0,0.0,1,0.836,0.4,41.0,25.0,0,175.85,12,1
West Africa,Male,57,Trader,15,35.03,-0.604,7,3.97,0,1.0,0.0,1,0.636,4.8,52.0,33.0,3,167.11,52,0
West Africa,Male,58,Salaried,24,29.18,-0.233,14,1.9,1,27.0,20.66,1,0.749,2.4,68.0,73.0,1,218.5,4,1
Central Africa,Female,41,Trader,5,32.41,-0.543,8,0.71,0,6.0,0.0,0,,,19.0,38.0,2,361.71,8,0
West Africa,Male,32,Trader,15,29.21,-0.089,12,3.52,1,56.0,6.56,1,0.828,8.7,77.0,55.0,5,315.5,8,1
East Africa,Female,34,Self-employed,22,18.87,-0.225,13,5.89,1,58.0,10.27,0,,,54.0,93.0,5,1234.93,12,1
Southern Africa,Prefer not to say,61,Trader,19,77.78,-0.589,12,2.59,1,83.0,18.39,0,,,30.0,69.0,10,890.61,8,1
Southern Africa,Female,20,Trader,11,10.33,-0.329,15,1.61,0,10.0,0.0,0,,,64.0,89.0,3,172.21,8,1
East Africa,Female,20,Farmer,19,48.38,-0.179,12,2.16,1,32.0,17.43,0,,,46.0,90.0,8,108.29,52,1
East Africa,Female,21,Salaried,8,36.9,-0.401,10,1.1,1,66.0,18.52,0,,,13.0,2.0,0,127.44,12,1
Central Africa,Female,59,Self-employed,26,91.45,-0.607,29,6.5,1,48.0,19.2,1,0.686,6.7,68.0,90.0,11,524.87,4,1
Southern Africa,Male,22,Trader,4,52.87,0.446,10,4.39,0,8.0,0.0,1,0.609,4.8,38.0,39.0,5,215.01,24,1
Southern Africa,Male,62,Farmer,8,47.69,-0.599,11,1.85,0,7.0,0.0,1,0.84,20.8,42.0,71.0,2,205.56,12,0
Central Africa,Male,26,Informal worker,21,31.42,0.405,11,2.16,0,1.0,0.0,0,,,83.0,84.0,8,676.25,12,1
Southern Africa,Female,43,Informal worker,30,74.82,-0.837,19,2.75,0,5.0,0.0,0,,,32.0,67.0,7,77.21,8,0
West Africa,Male,63,Trader,24,61.22,0.418,22,2.65,0,9.0,0.0,1,0.698,11.7,79.0,73.0,8,304.32,8,0
East Africa,Male,23,Farmer,17,35.98,-0.222,9,2.39,0,1.0,0.0,1,0.903,1.8,72.0,66.0,3,270.1,24,1
West Africa,Female,31,Informal worker,24,119.49,0.668,16,3.55,1,59.0,26.59,1,0.784,2.8,77.0,59.0,7,351.38,4,1
Southern Africa,Male,52,Trader,13,62.82,0.072,17,2.05,1,60.0,20.98,1,0.551,1.6,25.0,71.0,7,952.91,8,1
Central Africa,Female,56,Salaried,34,144.54,0.349,21,2.6,1,71.0,42.38,0,,,53.0,80.0,12,287.41,12,1
East Africa,Male,60,Trader,9,20.55,0.072,16,1.19,1,11.0,18.35,1,0.5,17.0,76.0,72.0,2,352.44,8,0
East Africa,Male,18,Salaried,32,103.48,-0.787,22,7.17,1,80.0,69.1,0,,,65.0,89.0,12,384.43,12,1
West Africa,Male,54,Informal worker,27,29.64,0.399,16,2.93,0,0.0,0.0,1,0.833,1.1,79.0,43.0,9,260.23,4,1
Central Africa,Male,33,Informal worker,30,120.31,1.086,29,5.1,1,76.0,77.98,0,,,70.0,74.0,9,278.37,4,1
West Africa,Prefer not to say,44,Salaried,15,120.19,0.933,7,5.81,0,3.0,0.0,0,,,59.0,72.0,2,140.87,24,1
West Africa,Prefer not to say,60,Trader,22,120.57,0.246,17,0.88,0,4.0,0.0,0,,,35.0,69.0,7,852.97,4,1
West Africa,Female,60,Trader,12,17.89,-1.507,18,1.75,0,0.0,0.0,0,,,57.0,18.0,4,589.76,12,0
West Africa,Female,26,Farmer,17,21.11,-0.355,14,1.68,1,93.0,20.53,1,0.92,19.5,35.0,35.0,5,114.08,8,1
East Africa,Female,40,Salaried,3,29.1,-0.725,5,1.89,1,62.0,5.15,1,0.649,4.6,31.0,34.0,0,89.15,12,0
East Africa,Female,31,Salaried,10,20.38,-0.385,8,0.78,0,5.0,0.0,0,,,37.0,22.0,0,117.9,24,1
West Africa,Male,46,Farmer,12,76.13,-0.386,12,5.46,1,73.0,34.0,1,0.865,17.0,48.0,50.0,2,152.12,24,1
West Africa,Male,56,Salaried,23,61.11,-0.08,12,1.06,0,3.0,0.0,1,0.758,51.7,66.0,43.0,2,105.86,12,1
West Africa,Female,32,Trader,14,71.08,-0.42,14,3.57,0,2.0,0.0,0,,,76.0,13.0,10,1017.62,12,1
East Africa,Prefer not to say,23,Trader,12,23.42,0.94,13,1.7,1,22.0,33.43,1,0.719,4.2,22.0,47.0,2,110.98,12,1
West Africa,Male,21,Trader,6,38.28,-0.494,4,3.38,1,53.0,16.32,0,,,46.0,59.0,5,278.15,8,1
Southern Africa,Male,20,Self-employed,11,48.37,1.089,10,2.85,1,48.0,29.04,1,0.844,3.8,20.0,78.0,1,488.59,12,1
West Africa,Male,35,Farmer,7,26.42,-1.161,13,1.16,1,58.0,10.05,0,,,25.0,52.0,2,121.84,8,1
West Africa,Male,63,Farmer,9,18.26,-0.273,16,2.62,0,3.0,0.0,1,0.84,28.0,33.0,78.0,6,202.73,8,1
East Africa,Female,29,Informal worker,10,68.4,0.104,7,3.74,0,0.0,0.0,0,,,73.0,7.0,4,148.16,8,1
East Africa,Male,37,Trader,10,12.94,-1.277,11,1.72,0,13.0,0.0,0,,,68.0,67.0,1,248.98,8,1
West Africa,Female,49,Trader,3,12.42,0.436,6,0.79,0,5.0,0.0,0,,,47.0,46.0,3,182.95,12,1
West Africa,Female,48,Trader,19,79.12,0.375,26,4.76,0,18.0,0.0,0,,,64.0,79.0,3,464.57,12,1
Central Africa,Male,30,Trader,32,125.55,0.538,20,7.32,0,3.0,0.0,0,,,88.0,38.0,6,449.19,8,1
West Africa,Female,23,Farmer,20,30.31,0.834,11,1.59,0,1.0,0.0,0,,,42.0,66.0,5,175.87,12,1
East Africa,Female,25,Trader,28,44.56,0.401,18,4.05,1,49.0,45.2,1,0.782,0.3,45.0,49.0,7,129.93,12,1
East Africa,Male,28,Salaried,9,36.41,-0.639,7,1.21,0,1.0,0.0,0,,,40.0,61.0,0,317.28,4,0
West Africa,Male,22,Salaried,30,250.65,0.468,22,2.56,1,35.0,49.0,1,0.816,14.9,26.0,62.0,13,661.12,24,0
East Africa,Female,39,Self-employed,8,89.84,-0.446,9,1.69,0,1.0,0.0,0,,,17.0,87.0,3,149.09,8,0
Southern Africa,Male,48,Trader,10,58.6,-0.977,13,0.68,0,14.0,0.0,0,,,69.0,18.0,2,559.25,24,0
Southern Africa,Male,49,Farmer,13,54.97,0.248,7,2.15,1,12.0,46.97,1,0.48,19.5,76.0,88.0,3,317.68,4,1
West Africa,Male,60,Trader,16,40.26,-0.194,12,2.09,0,10.0,0.0,0,,,39.0,91.0,6,91.8,8,1
West Africa,Male,31,Trader,12,24.58,-0.442,11,0.85,0,24.0,0.0,1,0.695,0.4,30.0,65.0,3,292.03,4,1
West Africa,Female,48,Informal worker,10,31.37,-0.247,17,2.9,1,51.0,11.6,1,0.887,17.3,16.0,80.0,9,474.76,8,1
East Africa,Male,59,Farmer,20,59.24,0.649,16,6.39,0,15.0,0.0,1,0.69,17.6,75.0,72.0,6,568.37,24,1
Southern Africa,Female,19,Informal worker,26,61.36,0.909,25,13.06,1,52.0,39.9,0,,,89.0,52.0,10,317.12,4,1
West Africa,Male,54,Salaried,26,54.44,0.668,13,4.15,0,12.0,0.0,0,,,27.0,74.0,8,191.97,8,0
West Africa,Female,22,Trader,17,27.45,-0.202,18,1.24,0,0.0,0.0,0,,,47.0,56.0,2,43.88,24,0
Central Africa,Male,43,Self-employed,15,41.63,0.32,9,3.81,1,71.0,22.89,1,0.788,74.8,61.0,57.0,3,201.99,12,0
West Africa,Female,57,Trader,18,64.44,1.647,22,6.0,1,60.0,34.66,1,0.852,1.3,64.0,62.0,7,766.0,24,1
East Africa,Female,39,Self-employed,22,61.97,0.879,19,2.43,0,5.0,0.0,1,0.699,23.2,57.0,83.0,4,282.08,8,1
Southern Africa,Male,44,Informal worker,14,51.94,-0.714,11,3.86,1,88.0,36.7,0,,,64.0,92.0,3,217.82,52,1
West Africa,Female,47,Trader,10,261.14,0.683,13,1.64,0,9.0,0.0,1,0.511,42.3,25.0,47.0,3,113.91,8,1
West Africa,Male,45,Farmer,21,162.71,0.925,16,3.22,1,71.0,39.85,0,,,58.0,95.0,14,507.22,8,1
West Africa,Female,52,Trader,9,66.09,-0.218,13,1.14,0,7.0,0.0,0,,,51.0,67.0,3,359.17,12,1
Central Africa,Female,58,Salaried,21,161.65,1.055,23,3.56,1,25.0,57.16,0,,,26.0,51.0,15,347.0,12,1
West Africa,Male,24,Trader,8,76.96,0.64,14,4.07,0,1.0,0.0,0,,,51.0,54.0,3,235.0,52,1
West Africa,Male,37,Salaried,10,11.7,-0.167,9,1.68,0,16.0,0.0,1,0.764,31.9,45.0,57.0,3,117.24,52,1
West Africa,Male,58,Farmer,13,55.18,-0.31,15,4.02,0,1.0,0.0,0,,,32.0,37.0,4,536.18,8,1
West Africa,Female,35,Self-employed,18,53.66,-0.048,13,2.97,0,12.0,0.0,0,,,43.0,54.0,7,967.64,24,0
East Africa,Female,41,Trader,16,44.43,0.831,12,12.52,1,82.0,42.24,1,0.894,11.6,22.0,53.0,8,1050.43,8,0
West Africa,Male,52,Informal worker,17,20.63,0.325,18,5.7,0,11.0,0.0,1,0.692,15.7,61.0,85.0,9,235.65,8,0
East Africa,Male,61,Salaried,12,18.16,-0.218,12,3.12,0,4.0,0.0,0,,,48.0,76.0,8,306.06,4,0
East Africa,Male,29,Trader,20,50.05,0.214,13,4.58,0,14.0,0.0,1,0.782,10.7,65.0,70.0,6,308.31,8,1
Southern Africa,Female,62,Trader,10,28.88,-0.634,7,7.23,1,32.0,26.9,1,0.782,40.1,52.0,53.0,1,184.67,12,0
West Africa,Male,51,Informal worker,23,72.47,-0.085,24,4.27,0,9.0,0.0,0,,,72.0,61.0,11,376.29,8,0
Central Africa,Male,19,Informal worker,24,57.81,1.334,18,5.37,0,10.0,0.0,0,,,68.0,37.0,19,511.94,4,1
East Africa,Female,58,Salaried,11,58.09,0.041,17,2.38,1,76.0,47.04,1,0.658,16.8,46.0,17.0,3,77.19,4,1
West Africa,Male,36,Trader,15,84.26,-0.935,18,2.08,1,30.0,30.08,0,,,66.0,85.0,7,664.57,12,0
Southern Africa,Female,31,Salaried,10,43.15,0.179,9,1.5,0,1.0,0.0,1,0.79,1.9,71.0,3.0,4,152.34,52,0
Central Africa,Male,42,Self-employed,17,89.6,0.547,11,3.27,0,4.0,0.0,0,,,36.0,20.0,4,301.49,12,1
West Africa,Male,45,Salaried,9,51.0,0.076,16,2.05,0,5.0,0.0,0,,,19.0,44.0,1,319.07,8,1
Central Africa,Female,43,Trader,13,17.81,0.792,16,3.54,1,58.0,24.81,1,0.563,2.7,44.0,88.0,4,419.09,8,1
East Africa,Male,20,Trader,11,42.48,-0.312,12,3.65,1,24.0,8.44,0,,,62.0,48.0,3,632.12,8,1
East Africa,Male,56,Self-employed,18,44.77,0.452,9,6.23,0,2.0,0.0,1,0.913,10.7,55.0,55.0,9,317.5,12,0
Central Africa,Prefer not to say,34,Informal worker,18,207.37,-0.312,14,12.63,0,1.0,0.0,0,,,48.0,29.0,8,369.79,24,1
East Africa,Female,24,Informal worker,14,75.13,-0.453,9,1.05,1,84.0,14.37,0,,,26.0,28.0,7,73.91,8,1
Southern Africa,Female,44,Self-employed,21,71.2,0.861,16,3.96,0,2.0,0.0,0,,,40.0,82.0,4,211.98,12,1
West Africa,Male,47,Trader,11,32.99,-0.178,8,4.22,1,37.0,46.65,1,0.678,8.3,85.0,80.0,1,392.36,12,1
Southern Africa,Male,22,Salaried,12,8.69,-0.489,8,1.58,0,1.0,0.0,0,,,56.0,89.0,4,140.25,8,1
East Africa,Male,62,Informal worker,17,30.84,0.493,21,2.77,1,74.0,35.23,0,,,62.0,76.0,7,115.92,4,1
West Africa,Female,46,Salaried,13,40.41,-0.364,11,7.03,0,0.0,0.0,0,,,33.0,65.0,10,835.75,8,1
East Africa,Female,64,Salaried,7,49.22,-0.445,14,5.85,0,10.0,0.0,1,0.843,1.1,41.0,85.0,4,620.93,12,1
West Africa,Female,49,Farmer,16,30.55,0.347,15,2.36,0,0.0,0.0,0,,,78.0,62.0,3,166.27,4,1
West Africa,Prefer not to say,18,Trader,8,78.43,-1.277,13,1.98,0,3.0,0.0,0,,,39.0,63.0,3,538.76,12,0
West Africa,Male,27,Self-employed,21,43.06,0.018,12,4.68,0,8.0,0.0,1,0.616,6.6,64.0,96.0,4,316.4,4,1
West Africa,Female,63,Salaried,22,251.15,0.418,12,2.0,0,3.0,0.0,0,,,71.0,42.0,6,74.64,4,0
West Africa,Male,44,Farmer,17,23.49,0.324,13,3.5,1,76.0,37.1,0,,,26.0,48.0,4,606.06,8,1
West Africa,Male,23,Self-employed,11,58.96,-0.637,12,0.94,0,4.0,0.0,1,0.616,9.3,65.0,40.0,2,436.65,8,0
Southern Africa,Female,21,Farmer,13,35.51,0.158,18,1.3,0,13.0,0.0,1,0.631,32.1,66.0,89.0,2,321.74,4,0
Southern Africa,Female,43,Farmer,10,31.31,-0.118,17,1.46,0,1.0,0.0,0,,,77.0,100.0,5,147.96,4,1
Southern Africa,Male,45,Self-employed,17,41.5,0.712,9,3.54,0,6.0,0.0,0,,,46.0,48.0,8,127.68,4,1
West Africa,Male,29,Informal worker,16,34.97,0.622,12,3.22,0,7.0,0.0,1,0.651,10.5,37.0,67.0,7,194.1,12,1
Central Africa,Female,27,Salaried,15,47.49,-0.235,11,2.64,1,87.0,31.43,1,0.479,1.4,56.0,59.0,6,366.93,24,1
East Africa,Male,46,Salaried,6,28.13,0.647,10,3.03,0,12.0,0.0,1,0.807,8.4,57.0,76.0,4,492.19,4,0
West Africa,Female,38,Farmer,15,40.55,-0.163,8,3.61,1,31.0,21.03,0,,,35.0,50.0,7,172.76,4,1
West Africa,Female,19,Trader,4,29.86,-0.176,8,1.93,0,6.0,0.0,0,,,27.0,52.0,1,233.65,8,0
Southern Africa,Male,20,Salaried,8,41.41,-0.477,11,3.95,1,74.0,21.4,0,,,31.0,77.0,5,129.69,8,0
West Africa,Male,29,Farmer,25,55.04,0.046,24,5.89,0,3.0,0.0,1,0.667,6.1,74.0,64.0,6,628.9,4,1
East Africa,Male,44,Informal worker,6,70.01,-1.194,14,0.99,1,71.0,7.27,1,0.851,7.9,13.0,95.0,3,131.38,12,1
Central Africa,Female,32,Farmer,11,17.51,-0.234,15,4.38,0,1.0,0.0,1,0.563,6.0,16.0,78.0,6,284.95,4,1
West Africa,Male,18,Trader,15,45.05,-0.219,10,0.87,1,77.0,19.45,1,0.729,53.4,16.0,78.0,2,1086.22,4,1
West Africa,Female,61,Trader,15,132.19,-0.313,12,2.98,0,5.0,0.0,1,0.823,43.6,49.0,82.0,7,324.19,12,0
Central Africa,Male,50,Informal worker,10,52.85,-0.201,8,1.02,0,2.0,0.0,0,,,41.0,19.0,3,320.58,4,1
East Africa,Female,45,Salaried,11,24.28,-0.064,15,3.0,0,10.0,0.0,0,,,11.0,86.0,7,213.72,8,1
West Africa,Male,29,Farmer,34,46.45,0.529,22,2.58,1,31.0,91.8,0,,,41.0,90.0,10,951.26,12,1
Central Africa,Male,51,Trader,10,31.67,0.494,8,1.8,1,76.0,22.86,0,,,55.0,67.0,3,136.2,4,1
Central Africa,Female,62,Farmer,18,22.73,0.883,17,2.97,1,60.0,25.59,1,0.796,20.7,48.0,56.0,1,215.51,24,1
East Africa,Female,49,Salaried,15,32.73,-0.783,7,3.88,0,1.0,0.0,1,0.639,4.3,65.0,54.0,3,165.74,52,0
East Africa,Male,31,Trader,10,13.47,-0.919,11,1.94,0,4.0,0.0,1,0.887,6.2,58.0,49.0,5,467.07,4,1
West Africa,Male,36,Informal worker,9,46.09,-0.184,11,2.56,0,6.0,0.0,0,,,49.0,44.0,2,134.62,4,1
West Africa,Female,61,Informal worker,13,60.67,-0.495,10,5.43,1,78.0,33.21,0,,,33.0,98.0,3,182.87,8,1
East Africa,Male,18,Farmer,26,30.17,-0.877,10,1.62,1,84.0,35.94,1,0.768,36.5,64.0,54.0,4,203.84,12,1
West Africa,Male,28,Informal worker,11,21.75,-0.131,4,1.39,0,8.0,0.0,1,0.829,25.1,49.0,85.0,0,277.4,4,1
Southern Africa,Male,23,Salaried,30,44.36,0.027,16,6.96,1,87.0,40.52,0,,,80.0,68.0,7,922.62,8,1
Southern Africa,Male,48,Trader,19,79.93,0.639,10,3.39,1,46.0,49.94,1,0.74,3.4,35.0,73.0,5,211.27,24,1
West Africa,Female,39,Trader,23,46.63,1.118,17,9.42,0,13.0,0.0,0,,,52.0,37.0,7,228.02,12,1
East Africa,Female,24,Trader,21,35.14,1.025,14,3.38,1,76.0,13.25,1,0.897,12.1,74.0,70.0,17,1221.88,4,1
West Africa,Female,62,Informal worker,6,50.77,-0.671,11,1.5,0,1.0,0.0,0,,,34.0,63.0,0,64.95,4,1
Central Africa,Female,43,Self-employed,16,111.7,0.211,13,2.12,1,38.0,18.11,1,0.584,5.7,45.0,75.0,9,237.94,12,1
West Africa,Male,29,Informal worker,7,50.2,0.703,16,4.87,0,9.0,0.0,0,,,21.0,38.0,3,608.46,52,0
East Africa,Female,62,Self-employed,23,19.34,-1.099,11,4.31,1,66.0,12.01,1,0.613,20.9,52.0,71.0,7,425.64,4,1
East Africa,Male,50,Informal worker,19,97.2,-0.577,13,1.41,1,52.0,29.5,1,0.87,1.2,54.0,61.0,5,443.73,4,0
East Africa,Male,24,Trader,35,22.68,0.61,19,2.82,1,62.0,44.9,0,,,83.0,30.0,9,150.65,12,0
Southern Africa,Female,56,Trader,40,38.29,1.643,17,5.29,1,77.0,23.96,1,0.575,0.4,80.0,80.0,14,890.77,4,1
Southern Africa,Male,20,Informal worker,34,57.94,-0.903,23,4.02,0,13.0,0.0,1,0.614,24.0,60.0,79.0,13,1018.69,4,1
East Africa,Male,60,Informal worker,5,33.33,-1.028,14,2.85,0,0.0,0.0,0,,,36.0,72.0,2,116.83,12,1
Southern Africa,Male,36,Farmer,5,33.46,-0.232,12,0.94,1,72.0,22.75,1,0.567,5.6,70.0,60.0,5,64.1,52,1
Central Africa,Female,31,Farmer,19,134.06,0.399,19,2.92,0,10.0,0.0,0,,,40.0,59.0,6,370.96,24,1
East Africa,Male,20,Farmer,20,51.51,1.124,6,1.1,0,11.0,0.0,1,0.56,8.2,30.0,87.0,5,700.8,4,1
East Africa,Female,61,Farmer,10,35.52,0.385,13,2.99,1,64.0,12.47,0,,,52.0,74.0,3,624.74,8,0
West Africa,Female,44,Informal worker,25,27.98,0.625,15,6.29,0,0.0,0.0,0,,,47.0,56.0,5,619.66,12,0
Southern Africa,Female,46,Informal worker,21,145.84,-0.437,18,3.21,0,1.0,0.0,1,0.501,2.6,43.0,47.0,5,958.9,12,0
East Africa,Male,57,Salaried,33,64.43,0.514,13,2.47,0,4.0,0.0,0,,,72.0,81.0,10,1243.44,12,1
East Africa,Female,41,Farmer,12,23.15,0.448,11,2.64,0,0.0,0.0,1,0.598,1.3,30.0,69.0,9,236.0,8,1
West Africa,Male,31,Salaried,31,45.48,-0.229,13,6.92,0,3.0,0.0,0,,,34.0,86.0,7,532.54,8,0
Central Africa,Female,54,Farmer,19,99.96,-0.27,15,2.28,0,3.0,0.0,0,,,42.0,80.0,10,277.56,8,0
East Africa,Female,42,Farmer,12,43.05,-0.245,7,1.62,0,6.0,0.0,1,0.659,18.3,49.0,68.0,0,281.73,12,1
Southern Africa,Male,29,Salaried,35,83.33,0.589,24,6.88,1,73.0,25.85,0,,,49.0,71.0,12,743.87,24,1
West Africa,Female,57,Self-employed,15,36.49,0.544,7,4.24,1,41.0,20.88,1,0.71,6.0,52.0,46.0,7,285.54,8,1
Central Africa,Male,56,Self-employed,6,30.63,0.079,10,1.28,0,9.0,0.0,1,0.647,24.8,33.0,17.0,1,141.72,52,1
West Africa,Male,29,Trader,12,15.23,-0.686,12,3.98,0,11.0,0.0,1,0.761,9.2,34.0,56.0,1,262.68,8,1
West Africa,Male,48,Trader,10,48.46,-0.646,12,2.49,0,9.0,0.0,1,0.538,9.5,92.0,75.0,6,307.88,12,0
Central Africa,Female,61,Salaried,26,38.63,0.094,10,1.06,1,65.0,21.41,0,,,79.0,71.0,4,767.37,12,1
Central Africa,Female,55,Salaried,14,16.42,0.074,5,1.81,0,1.0,0.0,0,,,32.0,71.0,2,236.62,8,1
West Africa,Female,27,Farmer,27,49.49,1.457,17,2.53,0,1.0,0.0,0,,,38.0,44.0,3,201.44,8,1
East Africa,Male,58,Trader,23,27.47,0.437,19,1.97,0,3.0,0.0,0,,,47.0,69.0,8,312.52,8,1
Southern Africa,Female,20,Farmer,30,50.58,0.324,16,5.57,1,90.0,108.38,0,,,76.0,79.0,10,155.14,8,0
Central Africa,Female,47,Trader,24,16.23,-0.153,18,1.89,1,57.0,28.33,1,0.902,0.8,62.0,89.0,6,321.67,4,1
East Africa,Female,42,Trader,14,25.62,-0.032,12,2.39,0,12.0,0.0,1,0.869,34.3,38.0,52.0,4,141.51,4,1
East Africa,Male,19,Informal worker,21,21.91,-0.149,15,0.66,0,5.0,0.0,1,0.839,22.4,81.0,93.0,2,730.24,8,1
Southern Africa,Male,52,Trader,15,41.41,0.435,13,2.19,1,81.0,13.36,0,,,57.0,45.0,1,121.43,52,1
Southern Africa,Female,31,Informal worker,24,62.92,0.636,20,3.47,0,2.0,0.0,1,0.929,1.4,22.0,93.0,11,549.19,12,1
Southern Africa,Male,58,Informal worker,15,60.54,0.084,18,4.07,0,3.0,0.0,1,0.955,5.5,40.0,80.0,4,127.36,12,1
East Africa,Male,59,Farmer,5,68.33,-0.792,13,3.32,0,7.0,0.0,1,0.807,8.0,73.0,60.0,3,228.06,8,0
West Africa,Female,45,Farmer,8,83.97,0.168,10,1.69,0,7.0,0.0,0,,,36.0,58.0,3,107.83,24,1
Central Africa,Male,47,Self-employed,26,42.23,0.069,12,5.26,0,12.0,0.0,0,,,49.0,48.0,3,191.2,4,0
Central Africa,Male,20,Informal worker,18,36.95,0.253,13,1.16,0,1.0,0.0,0,,,77.0,25.0,7,553.15,8,0
Southern Africa,Male,59,Salaried,9,17.82,-1.106,8,2.13,0,0.0,0.0,0,,,29.0,67.0,2,233.77,8,1
West Africa,Female,50,Farmer,7,35.43,0.074,17,3.85,1,17.0,17.57,0,,,33.0,80.0,4,207.1,8,0
West Africa,Prefer not to say,36,Informal worker,9,85.85,0.319,16,2.09,1,50.0,20.92,0,,,74.0,30.0,3,259.93,4,1
Southern Africa,Male,22,Self-employed,13,23.23,-0.063,9,1.56,1,50.0,44.67,0,,,67.0,64.0,6,184.71,12,1
West Africa,Male,41,Trader,16,197.58,0.824,21,2.47,1,20.0,20.56,0,,,83.0,36.0,4,382.53,4,1
Central Africa,Female,60,Trader,12,9.63,-0.015,10,3.51,0,4.0,0.0,1,0.798,14.9,37.0,54.0,4,265.02,12,1
East Africa,Male,58,Self-employed,27,61.6,-0.153,15,3.45,1,59.0,13.41,0,,,65.0,67.0,5,284.59,8,1
Southern Africa,Prefer not to say,22,Farmer,11,26.18,-0.718,11,2.74,1,73.0,22.22,0,,,74.0,10.0,4,622.71,8,0
Central Africa,Female,53,Trader,26,13.66,0.787,17,3.84,0,13.0,0.0,1,0.69,24.4,63.0,80.0,13,288.9,4,1
East Africa,Male,21,Self-employed,24,134.89,0.303,18,5.29,1,38.0,30.81,1,0.855,14.2,25.0,65.0,13,338.98,8,1
West Africa,Male,35,Trader,14,59.85,0.17,18,2.11,1,15.0,30.88,0,,,55.0,79.0,6,140.29,24,1
East Africa,Male,39,Informal worker,18,47.89,-0.475,14,1.85,1,55.0,9.52,1,0.943,21.3,62.0,45.0,1,447.18,8,1
East Africa,Female,19,Salaried,17,35.01,0.846,14,3.5,0,4.0,0.0,0,,,68.0,70.0,10,622.17,4,1
East Africa,Male,24,Salaried,19,76.05,-1.308,15,4.34,0,15.0,0.0,1,0.572,3.0,54.0,66.0,4,385.76,8,1
East Africa,Female,59,Farmer,21,42.02,0.736,12,4.23,1,91.0,26.71,0,,,87.0,23.0,4,359.66,24,1
Central Africa,Female,47,Trader,12,53.91,-0.614,13,1.75,1,87.0,7.81,1,0.55,15.9,56.0,80.0,1,354.42,8,0
East Africa,Female,54,Salaried,14,26.33,1.074,14,2.65,0,0.0,0.0,0,,,79.0,95.0,4,214.14,52,0
West Africa,Female,44,Salaried,29,128.97,1.107,15,8.34,0,8.0,0.0,0,,,43.0,57.0,9,896.22,12,1
East Africa,Male,39,Trader,11,54.44,-0.529,10,1.6,1,78.0,34.7,0,,,71.0,75.0,7,191.1,12,0
East Africa,Female,18,Farmer,9,81.88,0.696,9,5.96,0,1.0,0.0,0,,,30.0,35.0,1,181.29,4,1
West Africa,Female,43,Farmer,28,88.05,0.095,9,7.15,1,64.0,50.05,0,,,70.0,88.0,11,488.07,12,1
West Africa,Male,54,Trader,13,74.58,0.211,8,1.21,1,46.0,14.4,1,0.64,23.5,46.0,42.0,2,149.11,8,1
Southern Africa,Male,27,Salaried,15,47.49,0.148,12,1.76,0,7.0,0.0,1,0.592,0.7,80.0,53.0,4,105.93,12,1
West Africa,Male,41,Self-employed,10,70.18,1.231,10,2.0,0,10.0,0.0,0,,,78.0,74.0,3,121.12,12,1
Central Africa,Male,37,Farmer,20,67.65,-0.189,21,5.03,1,72.0,45.6,1,0.394,31.2,60.0,70.0,12,368.37,52,0
West Africa,Female,58,Self-employed,10,37.84,-1.616,11,1.29,1,62.0,21.42,1,0.82,0.3,65.0,88.0,4,293.11,24,1
West Africa,Male,25,Salaried,13,77.35,-0.894,12,6.37,1,60.0,13.44,1,0.661,37.4,48.0,4.0,6,128.45,12,1
Southern Africa,Female,22,Informal worker,15,28.13,-0.359,4,2.24,0,2.0,0.0,1,0.853,2.0,74.0,18.0,4,216.7,8,1
Central Africa,Prefer not to say,27,Self-employed,18,21.79,-0.424,14,1.92,1,72.0,18.75,1,0.69,14.2,70.0,95.0,4,205.41,12,1
West Africa,Male,25,Farmer,14,48.77,-0.968,8,1.8,0,6.0,0.0,1,0.891,6.4,48.0,79.0,5,425.15,4,0
West Africa,Female,57,Self-employed,14,103.1,-0.181,17,4.13,1,28.0,33.53,1,0.861,6.1,54.0,93.0,2,411.03,8,1
West Africa,Male,30,Trader,10,33.64,0.306,22,3.78,0,18.0,0.0,0,,,20.0,76.0,2,438.87,4,0
East Africa,Male,35,Farmer,12,37.39,-1.884,10,1.06,0,1.0,0.0,1,0.695,1.5,34.0,43.0,3,116.42,4,0
East Africa,Male,30,Informal worker,12,25.73,-0.099,12,7.59,0,5.0,0.0,0,,,45.0,88.0,4,98.65,4,0
West Africa,Male,56,Trader,14,36.4,0.232,14,1.12,0,3.0,0.0,0,,,25.0,41.0,9,441.35,24,1
West Africa,Male,49,Informal worker,18,28.28,0.519,8,1.35,0,3.0,0.0,1,0.88,9.0,53.0,60.0,6,578.71,8,1
East Africa,Male,40,Farmer,3,27.01,-0.916,12,3.17,1,89.0,3.23,1,0.684,16.3,24.0,69.0,4,406.06,52,1
Central Africa,Male,55,Farmer,33,34.35,1.703,15,4.27,1,71.0,49.68,0,,,68.0,78.0,11,356.89,8,1
Southern Africa,Male,21,Informal worker,23,17.82,0.37,23,3.65,1,91.0,39.76,0,,,77.0,64.0,7,101.94,8,1
East Africa,Female,49,Trader,15,52.44,0.45,16,3.39,0,11.0,0.0,1,0.783,2.5,33.0,74.0,5,574.1,8,1
West Africa,Male,34,Trader,18,84.23,-0.171,11,1.54,0,4.0,0.0,0,,,62.0,47.0,5,665.52,8,0
West Africa,Female,35,Trader,10,11.61,0.37,12,1.49,0,10.0,0.0,0,,,61.0,21.0,2,397.55,8,0
West Africa,Female,25,Self-employed,13,130.09,1.26,13,2.78,0,6.0,0.0,1,0.739,4.0,5.0,51.0,2,179.58,8,1
Southern Africa,Female,22,Salaried,6,39.31,-0.634,14,1.19,1,16.0,6.4,0,,,24.0,4.0,0,162.79,24,1
Central Africa,Female,50,Farmer,13,45.97,0.06,13,1.61,1,57.0,12.32,0,,,51.0,27.0,4,149.06,12,1
Central Africa,Female,57,Informal worker,22,164.54,0.744,15,6.65,0,11.0,0.0,0,,,93.0,38.0,5,161.4,8,1
Central Africa,Female,60,Informal worker,26,62.15,1.541,29,4.28,1,19.0,27.54,0,,,36.0,72.0,11,316.73,8,1
Central Africa,Female,29,Trader,11,30.78,0.313,12,2.12,0,0.0,0.0,0,,,40.0,26.0,3,283.29,8,1
Central Africa,Prefer not to say,53,Trader,13,13.14,0.093,9,1.25,0,11.0,0.0,1,0.876,11.5,36.0,61.0,2,275.19,8,1
West Africa,Male,23,Informal worker,15,46.24,0.319,10,8.55,0,1.0,0.0,0,,,50.0,94.0,5,223.78,12,1
West Africa,Female,54,Trader,26,88.28,0.872,21,5.5,1,53.0,24.82,1,0.959,3.0,24.0,57.0,8,404.01,4,1
West Africa,Female,44,Salaried,16,45.03,0.774,12,1.8,0,9.0,0.0,0,,,31.0,57.0,3,387.72,8,1
East Africa,Male,58,Trader,13,29.78,0.417,9,2.14,1,47.0,13.9,1,0.811,4.7,37.0,53.0,3,66.39,8,1
West Africa,Female,21,Informal worker,10,13.83,-0.674,10,1.43,0,8.0,0.0,0,,,76.0,57.0,0,231.59,4,0
Southern Africa,Female,54,Farmer,10,69.98,1.342,10,1.96,1,78.0,9.44,0,,,56.0,53.0,2,405.94,12,1
East Africa,Female,39,Informal worker,12,10.67,-0.073,7,4.05,0,0.0,0.0,0,,,38.0,27.0,5,785.04,8,0
East Africa,Male,44,Self-employed,10,69.41,-0.065,9,2.2,0,0.0,0.0,1,0.536,17.2,14.0,75.0,4,167.01,24,1
West Africa,Male,43,Farmer,13,27.98,0.59,13,7.16,0,11.0,0.0,0,,,44.0,94.0,3,166.76,12,1
West Africa,Male,51,Trader,24,19.93,0.551,20,2.26,1,66.0,29.66,1,0.848,16.0,37.0,82.0,4,744.47,24,1
West Africa,Female,46,Informal worker,12,39.83,0.579,7,3.76,0,5.0,0.0,0,,,37.0,58.0,4,1404.3,24,1
Central Africa,Female,37,Trader,26,64.98,0.2,13,1.64,0,12.0,0.0,0,,,85.0,85.0,11,344.98,8,1
East Africa,Female,38,Trader,20,61.21,0.295,15,4.49,1,63.0,24.42,0,,,36.0,81.0,4,338.42,4,1
Southern Africa,Male,21,Informal worker,35,52.82,0.693,22,1.36,1,65.0,33.3,1,0.71,1.6,49.0,53.0,5,335.9,8,1
West Africa,Male,52,Trader,11,73.09,0.256,11,0.81,1,61.0,4.94,0,,,35.0,34.0,6,238.75,12,1
East Africa,Female,51,Trader,8,30.63,-0.416,6,3.07,0,9.0,0.0,0,,,35.0,54.0,0,132.26,4,1
East Africa,Female,44,Farmer,14,43.22,0.068,9,4.76,1,45.0,19.0,1,0.7,20.9,73.0,59.0,4,132.99,12,1
Southern Africa,Male,51,Farmer,12,32.04,0.036,11,1.92,0,1.0,0.0,1,0.681,6.3,18.0,23.0,8,338.73,8,1
Southern Africa,Male,30,Self-employed,4,108.41,0.405,15,1.51,0,18.0,0.0,0,,,57.0,63.0,1,73.24,12,1
West Africa,Male,28,Trader,9,28.99,-1.796,9,2.39,0,9.0,0.0,1,0.716,43.2,25.0,12.0,3,441.28,24,1
Central Africa,Female,61,Farmer,36,86.34,1.203,28,4.12,0,2.0,0.0,0,,,32.0,36.0,15,873.24,8,1
West Africa,Female,62,Informal worker,25,53.38,0.242,19,2.89,1,64.0,24.27,1,0.614,2.3,65.0,63.0,4,636.92,8,1
Central Africa,Male,58,Salaried,9,73.71,-1.239,16,2.4,0,7.0,0.0,1,0.797,8.0,21.0,52.0,4,542.49,52,1
West Africa,Female,20,Farmer,30,84.99,0.082,19,3.83,0,3.0,0.0,1,0.828,2.8,53.0,69.0,13,481.34,12,1
West Africa,Female,43,Informal worker,11,24.66,-0.696,16,2.38,1,14.0,35.26,1,0.656,14.1,67.0,74.0,8,325.35,4,1
Southern Africa,Female,52,Informal worker,17,74.83,-0.041,9,7.57,1,60.0,19.33,1,0.953,10.9,50.0,43.0,7,242.68,8,1
West Africa,Male,19,Farmer,30,103.57,-0.001,14,4.37,0,11.0,0.0,0,,,65.0,41.0,11,603.4,8,0
East Africa,Male,63,Trader,5,18.32,-0.326,4,1.34,1,86.0,6.05,1,0.843,32.2,81.0,17.0,1,135.84,24,1
East Africa,Female,54,Informal worker,34,106.1,1.088,16,2.79,1,24.0,41.3,1,0.835,2.6,45.0,52.0,6,378.43,12,1
West Africa,Female,32,Trader,12,153.74,0.046,8,2.55,0,1.0,0.0,0,,,60.0,54.0,3,166.8,8,1
Southern Africa,Prefer not to say,41,Farmer,11,97.39,-0.549,11,4.4,1,89.0,19.76,0,,,51.0,49.0,3,117.36,12,0
Central Africa,Female,60,Informal worker,25,144.76,0.645,25,3.27,0,5.0,0.0,0,,,50.0,57.0,9,68.88,8,1
Central Africa,Male,58,Trader,17,64.14,0.64,14,3.37,0,10.0,0.0,1,0.323,4.4,62.0,55.0,5,580.6,12,1
West Africa,Male,56,Trader,14,49.46,0.738,22,3.77,1,61.0,12.89,0,,,20.0,47.0,3,229.05,12,0
East Africa,Male,64,Farmer,24,127.61,-0.109,17,2.17,1,41.0,32.12,0,,,36.0,63.0,3,262.63,8,1
West Africa,Female,52,Salaried,5,12.63,0.851,12,1.34,0,5.0,0.0,1,0.805,8.3,40.0,67.0,1,146.92,8,1
West Africa,Male,61,Salaried,13,45.68,0.208,12,1.79,0,7.0,0.0,0,,,64.0,73.0,3,958.04,12,1
West Africa,Female,62,Farmer,9,21.36,-0.152,8,2.83,0,1.0,0.0,1,0.712,36.7,71.0,73.0,2,213.19,24,0
Central Africa,Female,18,Farmer,17,37.57,-0.224,14,4.6,0,1.0,0.0,0,,,35.0,56.0,10,874.14,24,0
Central Africa,Prefer not to say,48,Self-employed,23,61.67,-0.706,13,3.07,0,9.0,0.0,0,,,44.0,75.0,2,778.85,8,0
Southern Africa,Female,33,Informal worker,14,82.07,-0.569,12,2.18,1,67.0,16.45,1,0.639,21.6,31.0,82.0,8,513.72,12,1
East Africa,Female,41,Informal worker,12,21.03,0.859,14,2.52,0,7.0,0.0,0,,,52.0,77.0,1,151.15,4,1
East Africa,Male,25,Trader,7,10.95,0.558,8,1.85,0,2.0,0.0,1,0.565,34.0,27.0,36.0,4,165.9,24,1
East Africa,Prefer not to say,49,Trader,15,78.98,0.298,9,3.56,1,79.0,40.35,1,0.695,0.4,72.0,76.0,3,310.52,4,0
East Africa,Male,57,Trader,9,43.91,-0.821,7,4.15,0,17.0,0.0,0,,,52.0,61.0,4,432.73,24,1
East Africa,Male,37,Salaried,22,42.19,-0.008,8,2.38,0,8.0,0.0,0,,,64.0,76.0,10,1207.26,8,1
West Africa,Prefer not to say,50,Self-employed,11,17.8,-1.15,10,2.34,0,1.0,0.0,1,0.654,19.5,27.0,7.0,1,285.1,8,1
West Africa,Female,33,Trader,15,46.63,-0.5,9,3.34,0,1.0,0.0,1,0.928,18.2,50.0,68.0,4,261.31,12,0
Central Africa,Female,53,Informal worker,14,32.28,-0.787,17,2.81,1,87.0,10.57,0,,,64.0,35.0,5,480.7,24,1
East Africa,Male,21,Salaried,15,35.1,-0.182,20,2.31,1,45.0,24.73,1,0.851,4.3,35.0,86.0,8,599.81,8,1
Central Africa,Male,59,Salaried,14,45.85,-0.572,9,4.75,0,1.0,0.0,1,0.905,25.3,33.0,54.0,1,254.38,12,1
West Africa,Female,35,Farmer,21,58.8,-0.453,10,2.15,1,27.0,16.46,0,,,44.0,15.0,2,522.92,12,1
East Africa,Female,41,Trader,17,60.68,-0.531,9,1.75,0,12.0,0.0,0,,,37.0,34.0,6,289.06,8,0
West Africa,Male,55,Self-employed,11,46.15,-0.496,4,2.66,0,17.0,0.0,0,,,36.0,15.0,3,223.51,24,0
West Africa,Female,19,Trader,20,28.84,0.54,18,2.15,0,6.0,0.0,1,0.853,3.8,75.0,43.0,4,185.2,24,1
West Africa,Female,62,Trader,6,41.27,0.346,15,2.28,0,5.0,0.0,0,,,39.0,18.0,2,208.12,8,1
West Africa,Female,46,Trader,8,63.78,-0.578,13,2.51,1,78.0,19.66,0,,,39.0,54.0,2,102.43,4,1
Central Africa,Male,63,Farmer,8,80.61,0.245,7,4.11,1,85.0,32.23,0,,,54.0,87.0,8,118.8,52,1
West Africa,Female,43,Trader,11,51.22,0.26,9,3.38,0,7.0,0.0,1,0.739,0.1,32.0,96.0,4,270.05,12,0
East Africa,Male,27,Informal worker,40,97.35,1.166,31,3.67,1,81.0,15.37,1,0.72,1.7,73.0,80.0,12,687.56,4,1
East Africa,Male,45,Self-employed,26,62.62,0.501,11,2.6,1,95.0,19.35,0,,,27.0,15.0,2,88.23,52,1
East Africa,Male,44,Farmer,15,100.65,0.212,20,4.03,0,2.0,0.0,1,0.759,0.2,74.0,84.0,6,208.81,8,1
East Africa,Female,61,Self-employed,12,37.42,-0.188,12,5.47,0,7.0,0.0,0,,,46.0,84.0,5,244.27,12,0
West Africa,Female,45,Self-employed,23,103.95,0.655,18,1.72,0,9.0,0.0,1,0.794,5.3,47.0,46.0,8,2610.86,8,1
Central Africa,Male,37,Salaried,10,5.17,0.953,7,4.48,0,7.0,0.0,0,,,38.0,62.0,1,91.1,4,1
Southern Africa,Male,26,Informal worker,26,34.46,0.113,21,8.11,1,47.0,86.91,1,0.605,3.7,82.0,65.0,12,707.52,4,0
Southern Africa,Male,33,Salaried,15,87.93,0.157,7,5.51,0,3.0,0.0,1,0.819,15.3,52.0,32.0,4,480.06,4,1
East Africa,Male,45,Informal worker,16,55.59,-0.262,8,2.46,0,8.0,0.0,1,0.884,9.0,77.0,45.0,6,362.57,24,0
West Africa,Female,35,Trader,32,116.12,0.237,15,2.23,1,30.0,34.68,1,0.649,2.9,96.0,56.0,18,181.94,24,1
Central Africa,Male,35,Self-employed,7,20.96,-0.038,7,2.77,0,14.0,0.0,1,0.911,25.5,62.0,82.0,1,205.68,8,0
West Africa,Male,18,Farmer,18,17.7,-0.107,13,7.33,1,67.0,96.44,0,,,69.0,75.0,3,1108.56,4,1
West Africa,Prefer not to say,62,Self-employed,12,55.77,-0.651,14,2.68,1,64.0,18.39,0,,,28.0,19.0,1,550.99,8,1
West Africa,Male,57,Farmer,30,107.75,0.691,11,1.56,0,2.0,0.0,0,,,84.0,60.0,10,631.21,8,1
Southern Africa,Female,29,Farmer,14,98.78,0.5,10,2.73,0,14.0,0.0,1,0.611,22.5,31.0,48.0,2,365.85,4,0
East Africa,Female,24,Salaried,16,13.93,-0.594,16,2.65,0,13.0,0.0,0,,,35.0,73.0,1,136.49,8,0
Southern Africa,Female,57,Informal worker,17,99.37,0.287,16,3.75,0,14.0,0.0,1,0.933,25.7,70.0,35.0,6,177.93,4,1
Southern Africa,Female,57,Farmer,16,102.21,1.093,15,3.07,1,58.0,24.35,0,,,36.0,53.0,9,184.46,4,1
West Africa,Male,60,Salaried,11,51.96,-0.066,8,2.27,0,9.0,0.0,0,,,27.0,34.0,1,193.01,8,0
Central Africa,Female,43,Farmer,5,28.31,-0.429,6,1.92,1,36.0,21.94,1,0.764,2.6,42.0,92.0,1,212.55,12,1
East Africa,Female,52,Trader,3,19.12,-0.451,9,1.43,0,1.0,0.0,1,0.904,8.0,63.0,49.0,3,73.46,12,1
East Africa,Male,52,Informal worker,18,72.02,-1.084,16,1.34,0,12.0,0.0,0,,,49.0,46.0,2,1082.13,4,0
West Africa,Female,28,Trader,14,31.54,-1.195,12,2.05,0,10.0,0.0,0,,,61.0,43.0,4,272.62,8,0
Central Africa,Female,42,Farmer,27,99.39,0.97,20,5.25,0,20.0,0.0,0,,,30.0,43.0,8,674.76,12,1
West Africa,Female,30,Trader,15,35.54,1.223,17,2.21,0,12.0,0.0,1,0.94,22.1,14.0,50.0,6,486.99,24,1
West Africa,Female,53,Trader,18,37.06,0.921,18,3.67,0,2.0,0.0,0,,,41.0,63.0,9,732.89,52,1
East Africa,Male,63,Self-employed,20,40.7,1.603,25,3.7,0,0.0,0.0,0,,,60.0,72.0,9,699.62,12,0
West Africa,Female,21,Trader,25,58.91,0.108,18,5.0,1,32.0,52.63,0,,,71.0,70.0,7,663.72,24,1
West Africa,Prefer not to say,21,Salaried,16,51.2,0.02,10,2.29,1,11.0,16.16,0,,,49.0,70.0,4,172.66,4,0
East Africa,Female,30,Informal worker,17,107.7,-0.603,11,7.45,0,4.0,0.0,0,,,61.0,65.0,6,158.67,8,0
East Africa,Male,23,Trader,8,29.13,-0.991,6,1.49,0,9.0,0.0,0,,,49.0,64.0,3,60.03,8,0
Central Africa,Female,18,Self-employed,18,11.79,0.828,19,4.5,0,16.0,0.0,0,,,20.0,69.0,7,543.33,12,1
West Africa,Female,63,Trader,21,278.27,-0.074,17,3.3,1,74.0,61.55,0,,,45.0,37.0,9,352.52,4,1
Southern Africa,Male,45,Farmer,17,31.98,-0.316,15,2.54,1,44.0,14.59,1,0.472,2.6,19.0,64.0,1,434.07,12,1
East Africa,Female,54,Salaried,24,24.73,0.252,18,2.39,1,18.0,28.57,1,0.798,1.3,81.0,83.0,5,514.67,24,1
Southern Africa,Female,44,Salaried,23,131.28,1.017,13,1.79,1,77.0,11.09,1,0.683,14.4,60.0,61.0,11,127.29,4,1
East Africa,Female,53,Farmer,22,106.32,0.374,10,7.88,0,17.0,0.0,1,0.895,25.3,89.0,9.0,7,422.53,12,0
East Africa,Female,50,Salaried,9,36.16,-0.374,10,2.53,1,77.0,24.46,0,,,38.0,56.0,9,370.2,12,1
Central Africa,Male,25,Self-employed,19,26.75,0.221,12,1.05,0,4.0,0.0,0,,,50.0,58.0,9,257.45,4,1
West Africa,Prefer not to say,25,Farmer,26,54.75,0.575,8,1.94,1,58.0,15.18,1,0.682,25.8,27.0,48.0,6,560.18,4,1
West Africa,Female,40,Informal worker,16,30.25,-0.495,13,1.42,0,1.0,0.0,0,,,31.0,60.0,2,125.81,52,0
Southern Africa,Male,35,Farmer,19,50.37,-0.507,16,5.52,0,5.0,0.0,1,0.887,37.4,55.0,77.0,3,268.08,24,1
Southern Africa,Male,57,Farmer,33,94.08,0.351,20,6.29,1,70.0,59.21,1,0.779,2.1,46.0,75.0,8,254.68,12,1
West Africa,Male,32,Farmer,11,8.05,0.79,7,1.33,1,16.0,20.95,0,,,5.0,36.0,3,184.32,12,1
East Africa,Female,33,Trader,12,41.69,-0.18,16,5.81,0,5.0,0.0,0,,,53.0,20.0,4,145.32,24,1
Central Africa,Male,42,Informal worker,30,55.7,0.579,17,4.56,0,1.0,0.0,0,,,83.0,26.0,9,480.01,12,1
Southern Africa,Female,27,Trader,11,35.97,-1.275,12,3.68,0,15.0,0.0,0,,,46.0,54.0,3,301.9,4,0
Central Africa,Prefer not to say,58,Trader,15,31.0,1.1,6,2.39,0,2.0,0.0,0,,,27.0,20.0,0,84.89,4,1
East Africa,Female,18,Farmer,7,12.58,-0.579,14,3.34,0,3.0,0.0,0,,,31.0,66.0,2,168.16,52,0
Southern Africa,Male,57,Trader,28,62.03,1.191,16,6.68,1,76.0,24.95,1,0.933,1.3,52.0,84.0,17,824.77,8,1
West Africa,Female,47,Informal worker,43,68.94,0.663,23,2.74,0,9.0,0.0,1,0.883,1.5,34.0,62.0,8,243.6,4,1
Central Africa,Male,59,Farmer,26,48.76,-0.213,18,3.99,0,2.0,0.0,1,0.453,25.4,87.0,64.0,6,312.63,4,1
East Africa,Female,31,Trader,23,116.64,0.758,14,3.87,0,16.0,0.0,1,0.331,0.6,68.0,35.0,5,417.56,12,1
Southern Africa,Male,60,Trader,31,98.72,0.033,24,6.63,1,91.0,32.85,1,0.909,4.5,33.0,58.0,4,142.93,8,1
East Africa,Female,58,Trader,6,183.18,0.371,14,1.31,1,24.0,5.63,1,0.667,23.4,73.0,50.0,3,203.56,12,1
East Africa,Male,39,Informal worker,36,41.08,2.23,21,5.11,1,94.0,16.18,0,,,66.0,44.0,11,841.75,4,1
Southern Africa,Male,31,Trader,13,78.12,0.523,14,3.79,0,4.0,0.0,0,,,29.0,87.0,4,534.16,52,1
East Africa,Prefer not to say,27,Informal worker,23,49.86,-0.59,10,3.06,0,4.0,0.0,1,0.788,21.2,32.0,79.0,5,857.58,24,1
Central Africa,Female,25,Informal worker,13,34.11,-0.209,9,3.58,1,86.0,23.53,1,0.681,13.4,38.0,50.0,3,131.62,24,1
East Africa,Female,45,Farmer,14,56.43,-0.992,14,2.43,0,3.0,0.0,1,0.973,2.9,19.0,82.0,5,139.43,12,0
East Africa,Female,63,Trader,32,153.17,-0.766,13,1.5,1,64.0,59.68,0,,,38.0,67.0,8,810.45,12,1
West Africa,Male,44,Farmer,20,39.45,-0.75,10,5.64,0,6.0,0.0,0,,,69.0,60.0,2,100.03,4,0
East Africa,Male,63,Farmer,12,56.32,-0.258,17,0.82,0,8.0,0.0,1,0.758,17.0,60.0,23.0,5,187.76,8,1
East Africa,Female,53,Farmer,18,40.57,-0.021,9,1.04,0,3.0,0.0,0,,,67.0,65.0,6,114.58,8,1
West Africa,Female,50,Self-employed,36,66.66,0.562,23,2.54,1,53.0,8.39,1,0.923,18.3,72.0,66.0,7,207.15,8,1
West Africa,Prefer not to say,52,Trader,24,238.48,0.544,13,4.1,0,3.0,0.0,0,,,39.0,65.0,10,392.43,8,1
Southern Africa,Male,61,Trader,20,43.17,0.673,14,7.06,1,46.0,36.46,0,,,30.0,40.0,9,375.2,24,1
Southern Africa,Female,58,Salaried,16,78.35,0.611,10,4.42,0,14.0,0.0,0,,,28.0,88.0,11,346.09,52,0
Southern Africa,Male,25,Self-employed,9,55.97,-0.217,12,1.02,1,41.0,21.01,1,0.776,16.2,22.0,45.0,3,297.7,8,1
West Africa,Female,45,Farmer,28,89.8,0.009,15,3.2,0,6.0,0.0,1,0.904,3.0,84.0,81.0,6,423.28,24,1
West Africa,Female,39,Farmer,30,57.17,0.96,29,2.58,0,12.0,0.0,0,,,57.0,70.0,13,282.48,24,1
West Africa,Female,59,Trader,14,38.7,-0.904,10,3.36,1,48.0,19.96,0,,,68.0,13.0,1,115.8,12,1
Southern Africa,Male,27,Salaried,36,34.84,0.116,27,7.0,1,71.0,22.78,0,,,47.0,71.0,3,199.49,12,1
Central Africa,Male,56,Informal worker,8,18.64,0.962,11,0.85,0,1.0,0.0,0,,,12.0,44.0,1,401.69,8,1
West Africa,Male,40,Farmer,6,67.46,-0.713,17,2.63,1,33.0,24.12,0,,,65.0,64.0,9,982.93,12,1
Southern Africa,Male,61,Farmer,8,14.75,0.029,6,1.5,0,12.0,0.0,1,0.734,68.1,40.0,68.0,1,469.56,24,0
West Africa,Male,55,Farmer,10,20.42,0.225,11,1.32,0,1.0,0.0,1,0.869,13.1,58.0,56.0,4,171.56,12,1
West Africa,Female,34,Informal worker,23,83.45,-0.254,23,5.78,1,43.0,51.9,1,0.783,0.9,37.0,79.0,6,631.52,8,1
West Africa,Male,57,Trader,14,27.64,1.464,11,2.39,0,9.0,0.0,0,,,47.0,55.0,1,53.13,24,1
West Africa,Male,26,Farmer,20,77.0,0.078,15,3.92,1,57.0,23.87,0,,,80.0,32.0,7,509.96,8,1
Southern Africa,Female,18,Trader,23,152.27,-0.155,11,4.06,0,1.0,0.0,0,,,22.0,58.0,5,131.3,4,1
Central Africa,Male,41,Salaried,13,36.25,-0.334,13,4.74,0,12.0,0.0,0,,,26.0,80.0,4,117.07,52,1
West Africa,Male,36,Trader,19,30.53,0.167,11,2.59,0,11.0,0.0,0,,,69.0,53.0,3,1245.39,8,1
East Africa,Female,23,Self-employed,12,24.88,-0.39,7,3.02,0,3.0,0.0,1,0.988,23.1,58.0,72.0,3,375.14,4,1
Southern Africa,Male,64,Farmer,10,24.36,-0.965,9,2.23,0,8.0,0.0,1,0.5,5.0,24.0,37.0,6,281.44,4,0
Central Africa,Male,19,Farmer,7,16.93,-0.066,11,0.83,0,11.0,0.0,0,,,65.0,91.0,0,46.89,12,1
East Africa,Female,45,Farmer,17,19.99,-0.678,13,1.67,0,1.0,0.0,0,,,41.0,79.0,8,77.6,8,1
West Africa,Male,30,Farmer,27,143.52,-0.171,22,3.03,1,59.0,40.21,0,,,51.0,84.0,8,532.69,12,1
East Africa,Male,31,Farmer,26,55.39,0.047,20,2.46,0,1.0,0.0,0,,,76.0,68.0,9,108.16,8,0
West Africa,Male,27,Farmer,18,69.96,1.52,12,1.63,1,78.0,14.23,1,0.581,8.9,65.0,75.0,3,526.81,52,1
Central Africa,Male,36,Trader,22,67.72,-0.092,11,6.27,1,78.0,24.04,0,,,67.0,81.0,6,87.85,12,1
East Africa,Female,49,Farmer,14,71.68,1.168,13,3.07,0,11.0,0.0,1,0.78,3.0,52.0,71.0,6,273.79,24,0
Southern Africa,Male,33,Salaried,22,49.3,0.158,9,2.75,1,72.0,20.03,0,,,45.0,91.0,8,156.45,8,1
West Africa,Male,51,Trader,19,91.89,0.236,20,2.72,0,6.0,0.0,1,0.774,11.2,54.0,65.0,7,367.45,4,1
East Africa,Male,39,Salaried,3,60.96,-0.087,7,3.06,1,42.0,12.85,1,0.79,33.7,32.0,41.0,5,443.19,8,1
Central Africa,Prefer not to say,54,Salaried,24,83.54,0.162,20,4.1,0,1.0,0.0,0,,,44.0,76.0,11,671.83,12,0
East Africa,Male,38,Informal worker,23,25.98,0.181,10,6.81,1,84.0,36.7,1,0.618,8.6,64.0,31.0,4,372.9,8,1
East Africa,Female,35,Trader,16,89.4,0.264,12,1.36,1,65.0,16.15,0,,,45.0,67.0,2,48.55,8,1
Central Africa,Male,41,Informal worker,24,34.87,0.197,13,6.28,1,66.0,10.57,1,0.96,0.5,73.0,86.0,3,266.29,12,1
Central Africa,Female,50,Salaried,9,62.73,-0.594,8,1.26,1,77.0,8.72,1,0.541,13.5,3.0,43.0,5,42.81,52,1
West Africa,Male,39,Farmer,12,57.94,0.548,8,2.18,0,12.0,0.0,0,,,52.0,42.0,6,425.06,24,1
East Africa,Male,60,Trader,12,22.28,-1.299,9,2.55,0,3.0,0.0,1,0.664,3.4,82.0,79.0,1,166.62,4,1
East Africa,Female,42,Farmer,12,58.57,0.422,9,2.7,1,64.0,31.34,0,,,57.0,85.0,3,415.54,24,1
East Africa,Male,31,Farmer,23,49.17,0.664,15,6.87,0,21.0,0.0,1,0.761,13.7,36.0,90.0,14,364.5,4,1
West Africa,Female,19,Trader,20,40.78,0.266,13,4.05,0,14.0,0.0,0,,,51.0,92.0,7,610.13,4,1
West Africa,Female,36,Trader,15,124.27,0.886,14,1.78,0,9.0,0.0,0,,,75.0,57.0,7,480.32,52,1
Central Africa,Female,20,Informal worker,4,10.38,-0.234,6,0.65,1,69.0,7.99,0,,,12.0,60.0,1,326.05,4,1
Central Africa,Male,19,Farmer,19,56.52,-1.544,19,6.24,0,15.0,0.0,0,,,31.0,41.0,13,243.99,8,1
Southern Africa,Female,35,Trader,7,63.6,0.295,11,3.94,0,10.0,0.0,0,,,72.0,43.0,2,435.43,4,1
Central Africa,Male,31,Self-employed,8,27.63,-0.371,8,0.9,0,9.0,0.0,0,,,22.0,52.0,1,182.9,8,1
Southern Africa,Prefer not to say,59,Trader,17,35.55,0.359,17,2.43,0,1.0,0.0,0,,,82.0,47.0,4,179.58,12,1
Southern Africa,Female,52,Trader,16,67.57,0.203,10,3.77,0,4.0,0.0,0,,,55.0,56.0,10,110.35,12,1
Southern Africa,Female,55,Trader,7,24.86,-0.169,10,1.41,0,6.0,0.0,0,,,10.0,18.0,3,180.9,4,1
East Africa,Female,43,Trader,11,27.23,-0.912,7,1.64,0,7.0,0.0,0,,,48.0,63.0,4,86.53,24,1
East Africa,Female,23,Farmer,13,12.79,-0.386,12,2.8,1,61.0,16.61,0,,,43.0,19.0,2,393.6,12,1
West Africa,Female,57,Trader,8,38.65,0.046,7,0.9,0,3.0,0.0,0,,,56.0,37.0,0,229.17,12,1
East Africa,Male,41,Salaried,18,66.32,-0.016,13,4.22,1,73.0,62.42,1,0.98,2.9,80.0,51.0,2,414.41,24,1
West Africa,Female,38,Salaried,19,91.61,0.426,18,10.31,1,45.0,29.31,0,,,49.0,71.0,7,1979.06,8,1
West Africa,Male,46,Farmer,14,19.38,0.177,11,1.98,0,8.0,0.0,0,,,32.0,46.0,2,122.3,4,0
East Africa,Male,25,Salaried,19,28.51,0.073,15,1.39,1,86.0,22.7,0,,,63.0,97.0,7,332.59,12,1
East Africa,Female,40,Informal worker,27,102.02,1.278,15,5.95,0,6.0,0.0,0,,,53.0,79.0,8,312.34,24,1
West Africa,Male,46,Salaried,21,51.84,0.159,18,2.21,1,34.0,62.33,1,0.728,26.6,44.0,71.0,11,283.16,4,0
Southern Africa,Female,50,Trader,28,220.39,-0.183,17,1.86,0,1.0,0.0,1,0.933,2.2,90.0,59.0,7,334.9,12,1
Central Africa,Male,41,Informal worker,11,60.17,-0.275,11,1.14,0,12.0,0.0,1,0.671,8.0,47.0,38.0,5,1130.44,4,0
West Africa,Male,64,Trader,10,19.05,-0.489,7,3.48,0,21.0,0.0,0,,,29.0,91.0,1,232.83,8,1
West Africa,Female,64,Trader,11,23.04,-0.039,10,2.05,0,11.0,0.0,1,0.747,3.2,59.0,66.0,4,103.45,4,1
West Africa,Male,22,Salaried,16,47.7,-0.745,8,2.46,0,19.0,0.0,0,,,16.0,81.0,3,205.86,4,0
Southern Africa,Female,21,Trader,22,71.89,1.13,14,2.59,0,3.0,0.0,1,0.727,11.6,52.0,56.0,7,356.24,4,1
Southern Africa,Female,42,Farmer,18,82.26,0.432,12,3.22,0,3.0,0.0,1,0.689,4.8,45.0,95.0,2,347.96,24,1
West Africa,Female,56,Trader,23,82.01,0.546,15,3.02,0,2.0,0.0,1,0.751,1.6,43.0,71.0,9,104.83,24,1
Southern Africa,Male,42,Salaried,32,44.3,0.448,18,2.55,1,26.0,41.82,0,,,61.0,83.0,10,978.4,12,1
West Africa,Female,28,Farmer,16,34.56,0.574,12,2.56,1,66.0,40.03,0,,,42.0,29.0,4,397.82,52,1
East Africa,Male,44,Trader,15,20.18,-0.98,11,1.76,1,54.0,27.51,1,0.811,32.2,48.0,59.0,1,369.7,8,1
Central Africa,Male,62,Informal worker,11,62.62,-0.111,10,4.91,0,9.0,0.0,1,0.909,13.3,10.0,39.0,1,145.75,4,1
West Africa,Male,25,Trader,33,79.53,-0.095,24,6.61,0,9.0,0.0,1,0.754,2.9,72.0,65.0,7,921.2,24,1
West Africa,Male,38,Trader,10,4.7,0.246,8,3.76,0,1.0,0.0,1,0.56,1.3,22.0,62.0,2,83.18,4,0
East Africa,Male,48,Informal worker,26,106.09,0.077,28,3.67,1,45.0,17.84,1,0.504,2.3,70.0,51.0,8,639.95,8,1
East Africa,Male,36,Self-employed,13,47.57,0.259,7,3.23,0,1.0,0.0,0,,,81.0,61.0,7,231.17,12,1
Central Africa,Male,20,Salaried,6,21.79,0.863,13,2.9,0,17.0,0.0,0,,,75.0,73.0,1,147.75,8,0
Central Africa,Female,49,Trader,15,62.77,0.847,16,5.34,1,79.0,34.56,0,,,49.0,30.0,7,130.13,12,0
West Africa,Male,52,Farmer,7,41.62,-0.792,13,1.32,1,58.0,7.94,1,0.789,3.6,70.0,26.0,3,258.92,8,1
West Africa,Male,48,Salaried,21,106.8,0.64,18,6.11,0,1.0,0.0,0,,,86.0,65.0,10,141.05,8,1
Southern Africa,Male,49,Trader,13,33.9,-0.329,12,1.83,1,66.0,9.99,0,,,54.0,47.0,6,285.93,8,1
West Africa,Male,48,Informal worker,19,81.38,0.409,5,19.83,1,70.0,27.95,1,0.912,12.5,45.0,87.0,8,545.97,12,1
Central Africa,Female,33,Farmer,18,42.89,1.19,18,2.45,1,68.0,22.61,1,0.847,1.8,68.0,70.0,5,339.52,4,1
Southern Africa,Female,18,Salaried,6,54.77,-0.317,8,3.32,0,16.0,0.0,0,,,53.0,57.0,3,590.0,12,0
West Africa,Female,64,Farmer,6,7.33,0.969,11,0.95,0,7.0,0.0,1,0.709,33.5,20.0,37.0,1,88.52,8,1
Southern Africa,Female,27,Self-employed,14,48.83,-0.454,26,2.74,0,8.0,0.0,0,,,57.0,47.0,4,165.2,4,1
West Africa,Male,56,Farmer,16,21.3,-0.01,16,1.76,0,5.0,0.0,0,,,64.0,40.0,9,345.7,4,1
East Africa,Female,43,Informal worker,16,54.37,0.367,20,11.63,1,30.0,35.48,0,,,25.0,81.0,6,574.56,12,1
East Africa,Male,43,Trader,4,35.4,-0.222,9,2.61,0,9.0,0.0,0,,,24.0,54.0,1,181.34,8,1
East Africa,Male,18,Farmer,3,18.39,0.041,13,1.03,1,66.0,6.79,1,0.569,6.2,49.0,48.0,2,64.2,12,1
Southern Africa,Male,64,Farmer,42,80.31,1.721,21,6.81,1,70.0,81.3,0,,,68.0,82.0,20,742.8,4,1
Southern Africa,Male,42,Trader,17,93.38,0.185,18,4.02,0,1.0,0.0,0,,,76.0,74.0,6,363.37,8,0
Central Africa,Female,57,Farmer,32,35.24,0.497,16,5.7,1,86.0,28.33,1,0.87,11.3,44.0,88.0,10,420.17,12,1
Central Africa,Male,54,Trader,22,95.38,0.278,13,2.6,0,4.0,0.0,0,,,53.0,69.0,8,1130.67,12,1
East Africa,Male,24,Self-employed,13,27.54,0.285,8,1.07,0,15.0,0.0,0,,,73.0,60.0,3,88.3,8,0
West Africa,Male,62,Salaried,19,116.49,-0.601,12,2.12,0,3.0,0.0,1,0.878,6.9,33.0,42.0,7,439.33,52,1
Southern Africa,Prefer not to say,45,Informal worker,26,45.0,0.287,11,1.75,1,85.0,67.25,0,,,42.0,48.0,11,811.87,24,0
Central Africa,Female,26,Farmer,28,101.15,1.649,18,4.74,1,56.0,17.86,1,0.509,32.2,64.0,79.0,13,544.66,8,1
West Africa,Female,45,Trader,6,35.95,-1.613,9,1.45,0,0.0,0.0,0,,,48.0,71.0,3,463.17,12,0
East Africa,Female,46,Farmer,21,18.04,0.72,14,2.17,0,2.0,0.0,0,,,73.0,87.0,6,410.65,12,0
East Africa,Female,48,Trader,11,46.59,0.595,13,2.5,1,75.0,15.46,0,,,43.0,39.0,6,343.19,4,0
West Africa,Male,33,Informal worker,5,33.13,0.128,4,3.82,0,8.0,0.0,1,0.552,12.9,73.0,34.0,3,275.08,4,1
Southern Africa,Male,62,Salaried,17,39.82,-0.12,12,4.16,1,35.0,129.26,1,0.839,2.6,42.0,84.0,5,194.82,4,1
East Africa,Male,29,Trader,7,77.3,0.414,12,1.6,1,37.0,18.02,1,0.836,5.5,51.0,77.0,5,666.11,8,1
Southern Africa,Male,41,Trader,28,40.6,1.206,25,5.3,1,32.0,34.0,1,0.51,11.4,36.0,72.0,12,761.17,12,1
Southern Africa,Female,57,Trader,13,21.69,0.332,13,2.6,1,69.0,37.27,0,,,57.0,8.0,5,381.11,12,1
Southern Africa,Male,21,Farmer,25,38.89,-0.436,18,2.86,0,2.0,0.0,0,,,77.0,85.0,9,331.1,12,1
East Africa,Male,36,Trader,27,32.29,0.009,21,4.35,0,5.0,0.0,1,0.542,11.1,56.0,55.0,8,170.22,8,1
West Africa,Female,40,Farmer,6,34.33,-0.276,16,2.08,1,66.0,9.32,0,,,30.0,77.0,1,111.69,8,1
Southern Africa,Male,54,Trader,16,87.27,1.75,13,3.2,0,3.0,0.0,0,,,44.0,55.0,10,332.74,12,1
Southern Africa,Male,55,Trader,23,34.01,-0.216,14,8.27,1,52.0,27.57,0,,,59.0,53.0,10,373.75,4,1
East Africa,Male,55,Informal worker,26,43.21,0.238,22,6.22,1,29.0,53.98,0,,,48.0,94.0,8,414.93,4,1
Central Africa,Female,34,Self-employed,5,23.96,-0.074,12,1.38,0,1.0,0.0,1,0.401,8.0,38.0,47.0,4,101.52,24,1
West Africa,Male,41,Trader,23,77.97,0.335,24,2.26,1,19.0,18.01,0,,,74.0,64.0,5,378.95,12,1
Central Africa,Male,19,Trader,20,27.11,0.328,15,4.08,0,12.0,0.0,1,0.803,5.9,6.0,89.0,5,158.37,4,1
West Africa,Male,56,Trader,12,20.03,-0.991,21,2.99,1,81.0,13.28,0,,,29.0,40.0,5,257.57,52,1
West Africa,Female,32,Salaried,13,36.08,0.001,15,2.3,0,14.0,0.0,1,0.686,28.6,63.0,57.0,3,53.87,8,1
East Africa,Male,39,Farmer,23,80.71,-0.148,18,2.28,0,12.0,0.0,0,,,48.0,74.0,7,321.74,4,1
West Africa,Male,50,Informal worker,9,56.04,-0.252,11,1.74,0,11.0,0.0,1,0.933,13.8,35.0,92.0,1,64.3,8,1
West Africa,Female,54,Farmer,22,366.72,0.738,19,6.65,0,6.0,0.0,1,0.602,1.4,74.0,87.0,11,245.16,12,1
West Africa,Female,22,Self-employed,23,39.56,1.068,12,3.72,0,13.0,0.0,0,,,50.0,88.0,6,325.94,4,0
East Africa,Male,54,Trader,13,15.58,-1.827,8,0.43,0,4.0,0.0,0,,,50.0,71.0,3,194.02,8,0
Southern Africa,Male,35,Trader,20,74.35,-1.03,13,1.59,0,3.0,0.0,0,,,7.0,80.0,6,149.88,8,0
West Africa,Male,37,Farmer,22,53.9,-0.304,26,3.17,0,3.0,0.0,0,,,47.0,81.0,4,197.06,8,1
Southern Africa,Female,24,Farmer,14,85.01,0.555,8,2.1,1,52.0,44.27,1,0.54,0.2,29.0,69.0,4,311.93,12,1
Southern Africa,Male,51,Trader,11,33.96,0.148,12,6.16,0,14.0,0.0,1,0.715,4.9,55.0,78.0,4,291.71,12,1
West Africa,Female,40,Salaried,21,43.4,0.522,20,3.12,1,84.0,44.58,0,,,48.0,71.0,9,458.96,12,1
West Africa,Female,22,Informal worker,13,61.45,0.69,17,3.23,1,35.0,16.94,1,0.835,61.1,32.0,55.0,3,302.96,8,1
Central Africa,Female,24,Self-employed,11,45.51,-0.515,15,2.34,1,67.0,27.49,0,,,59.0,70.0,2,519.9,12,1
Southern Africa,Male,51,Self-employed,25,130.84,0.145,19,5.44,1,78.0,48.46,0,,,43.0,51.0,3,322.86,24,1
East Africa,Female,23,Farmer,8,55.0,0.497,19,5.51,0,2.0,0.0,1,0.64,2.7,37.0,59.0,10,986.23,24,0
Southern Africa,Female,42,Salaried,11,49.67,0.221,11,3.34,1,52.0,32.49,0,,,40.0,37.0,4,431.8,8,1
West Africa,Female,50,Informal worker,20,19.66,-0.272,15,3.74,1,54.0,11.37,0,,,63.0,78.0,9,581.61,52,1
East Africa,Male,60,Farmer,14,20.03,-0.592,7,1.47,0,18.0,0.0,0,,,35.0,58.0,1,99.57,12,1
Southern Africa,Female,25,Informal worker,4,58.55,-0.651,14,2.02,0,5.0,0.0,0,,,68.0,50.0,4,157.98,4,0
West Africa,Female,31,Self-employed,19,187.02,-0.623,19,3.97,1,72.0,27.22,0,,,45.0,53.0,3,199.44,8,1
Southern Africa,Female,25,Salaried,11,67.18,-0.68,6,2.42,1,71.0,37.47,0,,,52.0,3.0,2,86.09,52,1
East Africa,Female,59,Informal worker,27,214.14,-0.602,26,4.74,1,62.0,70.68,1,0.872,8.2,62.0,54.0,8,724.98,4,1
Southern Africa,Male,45,Trader,5,24.01,-0.456,12,2.18,0,12.0,0.0,1,0.714,5.7,46.0,76.0,2,482.59,24,1
East Africa,Male,64,Salaried,13,47.5,-0.293,5,3.99,0,8.0,0.0,1,0.594,6.5,8.0,75.0,10,43.24,8,0
East Africa,Female,20,Farmer,18,54.26,0.047,14,2.46,0,3.0,0.0,0,,,67.0,65.0,4,343.46,4,1
West Africa,Female,51,Informal worker,18,32.97,0.74,6,3.15,0,3.0,0.0,0,,,78.0,45.0,4,247.59,12,1
West Africa,Female,19,Informal worker,15,38.81,-0.218,10,2.29,0,8.0,0.0,0,,,43.0,65.0,3,566.13,8,0
Southern Africa,Male,23,Farmer,35,85.76,0.056,20,6.36,1,92.0,39.35,0,,,50.0,85.0,12,205.17,8,1
West Africa,Male,38,Trader,15,37.16,0.181,17,3.93,0,8.0,0.0,0,,,44.0,45.0,4,253.2,52,1
West Africa,Female,35,Informal worker,8,30.33,-1.04,11,1.12,0,2.0,0.0,0,,,74.0,70.0,0,89.89,24,0
West Africa,Female,35,Trader,23,93.8,0.772,24,4.72,1,81.0,17.86,0,,,44.0,62.0,12,2247.62,8,1
West Africa,Male,21,Trader,14,29.79,0.551,17,4.33,0,11.0,0.0,0,,,53.0,69.0,10,442.83,12,0
Southern Africa,Male,43,Trader,15,30.26,0.606,8,2.42,1,71.0,13.43,0,,,54.0,58.0,7,99.39,12,1
East Africa,Female,34,Informal worker,22,77.47,1.474,24,6.32,1,49.0,83.93,0,,,61.0,84.0,15,198.11,8,1
Central Africa,Male,64,Trader,10,43.95,-1.069,8,2.92,0,5.0,0.0,1,0.848,10.7,88.0,71.0,3,107.88,8,0
West Africa,Male,55,Farmer,34,58.99,0.509,28,7.83,0,8.0,0.0,1,0.898,5.4,68.0,83.0,13,448.77,12,1
Southern Africa,Male,38,Salaried,23,146.58,1.948,14,2.3,1,75.0,24.69,1,0.714,9.2,49.0,63.0,10,667.53,52,1
East Africa,Male,53,Farmer,29,305.08,0.873,9,8.6,0,0.0,0.0,0,,,47.0,69.0,8,119.78,4,1
East Africa,Male,45,Salaried,28,513.87,0.66,14,2.66,0,4.0,0.0,1,0.635,32.0,64.0,52.0,7,708.02,24,1
Central Africa,Female,41,Farmer,13,19.87,-0.47,12,1.5,1,43.0,12.34,0,,,16.0,57.0,2,490.56,24,1
Central Africa,Female,61,Trader,16,41.12,0.944,9,2.34,1,62.0,21.54,1,0.697,0.4,26.0,77.0,3,902.2,4,0
Central Africa,Female,45,Salaried,14,28.03,-0.189,18,2.19,0,9.0,0.0,0,,,79.0,44.0,6,191.64,24,0
West Africa,Female,40,Farmer,24,114.71,0.108,14,2.36,0,4.0,0.0,1,0.917,37.3,74.0,68.0,6,994.62,8,1
West Africa,Male,44,Self-employed,26,36.4,0.461,15,1.58,1,45.0,23.2,0,,,28.0,81.0,6,348.51,8,1
Southern Africa,Male,54,Trader,21,69.89,0.013,15,2.81,0,7.0,0.0,1,0.788,2.5,73.0,55.0,6,120.06,24,1
West Africa,Male,52,Salaried,23,92.63,-0.005,12,8.76,1,76.0,22.6,0,,,70.0,96.0,5,409.64,12,1
Southern Africa,Male,43,Farmer,8,51.15,-0.754,4,2.74,0,10.0,0.0,1,0.801,83.8,13.0,45.0,3,164.49,24,0
East Africa,Female,26,Salaried,16,91.95,0.781,9,2.73,0,5.0,0.0,1,0.874,10.9,29.0,42.0,6,497.74,8,1
East Africa,Male,47,Trader,16,71.77,1.179,9,5.57,1,83.0,31.95,1,0.419,39.4,84.0,76.0,7,132.07,8,1
Southern Africa,Female,38,Informal worker,15,34.43,0.228,19,1.99,0,4.0,0.0,0,,,16.0,80.0,3,228.34,12,0
Southern Africa,Male,61,Trader,2,35.42,-0.824,6,0.87,1,29.0,6.38,0,,,31.0,46.0,1,189.92,52,1
West Africa,Male,60,Salaried,39,200.6,0.623,20,11.48,1,71.0,26.75,0,,,54.0,84.0,11,258.3,12,1
West Africa,Male,18,Trader,3,24.92,-1.057,6,2.85,0,5.0,0.0,0,,,37.0,47.0,1,218.59,4,0
East Africa,Male,64,Farmer,14,52.0,-0.756,11,8.09,1,75.0,39.47,0,,,24.0,51.0,5,149.79,4,1
East Africa,Female,60,Informal worker,14,17.02,0.006,9,0.8,0,10.0,0.0,0,,,33.0,39.0,5,143.88,24,1
West Africa,Female,60,Farmer,17,40.49,0.275,9,4.14,1,67.0,42.7,1,0.737,2.4,50.0,64.0,7,531.31,12,1
East Africa,Male,41,Salaried,6,18.23,0.363,5,4.18,0,4.0,0.0,1,0.41,2.5,51.0,19.0,4,855.88,8,1
Southern Africa,Female,30,Informal worker,22,53.36,1.021,21,5.57,0,3.0,0.0,0,,,34.0,78.0,6,257.65,12,1
Southern Africa,Female,46,Trader,23,118.38,-1.14,13,2.69,0,4.0,0.0,0,,,34.0,71.0,5,351.51,12,0
East Africa,Male,59,Salaried,18,28.81,0.731,10,2.45,1,62.0,13.75,1,0.69,1.8,69.0,89.0,3,536.26,8,1
East Africa,Male,39,Farmer,24,76.0,0.159,15,4.46,0,16.0,0.0,1,0.824,5.3,48.0,67.0,8,313.75,8,1
West Africa,Male,64,Informal worker,22,56.69,-0.038,14,3.82,0,1.0,0.0,1,0.874,46.0,68.0,60.0,9,496.01,24,1
East Africa,Male,30,Trader,8,57.64,-0.236,14,8.35,0,3.0,0.0,1,0.443,10.1,14.0,90.0,3,132.63,12,1
West Africa,Female,58,Farmer,14,22.84,-0.341,11,3.41,0,5.0,0.0,0,,,60.0,74.0,1,377.95,4,1
East Africa,Male,21,Salaried,13,21.22,-0.741,15,3.37,1,63.0,6.13,1,0.916,3.4,41.0,21.0,8,220.7,12,0
Southern Africa,Female,57,Self-employed,21,92.53,0.405,18,2.85,1,79.0,19.01,0,,,35.0,66.0,3,189.26,4,1
West Africa,Female,62,Self-employed,14,52.85,-0.353,12,3.33,1,41.0,29.38,1,0.828,5.7,26.0,78.0,4,268.84,24,1
West Africa,Male,51,Informal worker,17,98.18,-0.491,11,1.38,0,10.0,0.0,0,,,63.0,92.0,4,502.53,4,0
West Africa,Female,47,Trader,35,153.61,1.276,23,4.36,0,4.0,0.0,1,0.718,1.2,67.0,65.0,6,411.16,4,1
Central Africa,Male,37,Farmer,16,29.04,-0.669,14,3.79,0,6.0,0.0,1,0.535,13.3,22.0,88.0,7,214.47,24,0
East Africa,Male,59,Trader,6,32.76,-0.13,15,2.08,0,10.0,0.0,0,,,70.0,75.0,3,78.29,4,1
West Africa,Male,23,Informal worker,14,25.81,-0.371,17,1.4,0,8.0,0.0,0,,,62.0,48.0,2,312.27,4,0
Central Africa,Male,31,Trader,14,13.39,0.887,10,2.34,1,89.0,28.87,1,0.539,6.6,70.0,50.0,5,362.63,52,1
East Africa,Male,24,Self-employed,7,19.85,0.039,14,2.39,0,11.0,0.0,1,0.535,4.7,52.0,24.0,0,177.47,12,1
East Africa,Female,31,Trader,4,19.92,0.323,10,1.84,0,1.0,0.0,1,0.367,5.8,31.0,30.0,1,111.66,4,1
Central Africa,Female,42,Trader,12,94.16,-0.908,17,12.93,1,53.0,23.37,0,,,66.0,63.0,7,410.64,4,1
West Africa,Female,33,Salaried,18,51.2,-0.079,19,5.32,1,79.0,16.07,1,0.32,12.9,84.0,72.0,9,738.84,12,1
West Africa,Male,37,Trader,28,121.8,0.615,25,4.12,1,16.0,94.76,1,0.743,9.3,42.0,79.0,8,255.61,12,1
East Africa,Prefer not to say,28,Trader,12,50.27,-0.019,10,1.6,1,60.0,14.13,0,,,64.0,39.0,3,117.27,4,1
West Africa,Male,34,Farmer,19,26.73,0.927,18,1.6,1,75.0,24.35,0,,,31.0,97.0,6,585.58,4,1
Southern Africa,Female,41,Self-employed,12,22.07,-1.087,9,2.83,1,28.0,12.97,1,0.637,16.3,78.0,58.0,2,128.16,8,1
West Africa,Female,28,Trader,27,95.8,0.726,20,6.51,0,2.0,0.0,0,,,69.0,69.0,3,806.98,24,0
West Africa,Female,62,Farmer,32,35.12,0.087,25,7.63,0,1.0,0.0,0,,,61.0,69.0,12,1262.06,12,0
West Africa,Male,60,Trader,16,25.81,-0.239,12,3.01,0,8.0,0.0,0,,,88.0,93.0,10,41.17,4,1
East Africa,Female,59,Informal worker,5,44.22,-1.093,9,0.63,0,2.0,0.0,0,,,75.0,52.0,1,94.33,8,1
West Africa,Female,18,Farmer,2,33.1,1.432,13,2.73,0,6.0,0.0,0,,,51.0,83.0,3,330.06,8,0
West Africa,Male,41,Informal worker,21,20.25,0.87,12,7.11,1,90.0,39.44,1,0.824,3.5,70.0,59.0,6,458.15,8,1
Central Africa,Female,55,Farmer,12,19.32,-0.128,8,2.03,1,57.0,13.85,1,0.92,6.7,38.0,80.0,4,700.41,4,0
West Africa,Male,34,Self-employed,12,98.92,-0.343,5,2.09,0,2.0,0.0,0,,,70.0,29.0,5,181.0,4,1
East Africa,Male,28,Informal worker,17,80.72,0.606,14,4.45,0,2.0,0.0,1,0.546,6.5,70.0,59.0,10,704.57,4,0
West Africa,Female,46,Informal worker,18,38.88,0.04,12,4.51,0,7.0,0.0,0,,,21.0,60.0,8,203.95,12,1
East Africa,Female,18,Farmer,28,83.05,0.777,17,4.0,0,10.0,0.0,1,0.608,1.3,61.0,78.0,9,293.05,8,1
West Africa,Male,46,Farmer,21,90.56,0.332,8,6.12,0,6.0,0.0,1,0.819,10.6,57.0,40.0,9,94.44,12,1
East Africa,Male,39,Farmer,10,27.02,-0.252,21,2.45,0,14.0,0.0,1,0.734,32.2,46.0,85.0,2,206.4,8,0
West Africa,Male,50,Farmer,16,62.22,0.404,16,5.46,0,15.0,0.0,0,,,43.0,66.0,2,679.69,8,1
Central Africa,Male,50,Trader,8,14.86,-0.792,3,1.65,0,7.0,0.0,0,,,16.0,78.0,1,237.74,8,1
Central Africa,Female,43,Trader,13,50.14,-0.806,16,2.01,0,4.0,0.0,1,0.898,1.2,42.0,58.0,3,233.91,24,1
West Africa,Male,45,Farmer,15,89.31,0.188,14,2.06,1,85.0,28.17,0,,,67.0,58.0,7,235.87,8,1
West Africa,Female,19,Trader,14,85.08,0.534,12,5.08,0,13.0,0.0,0,,,78.0,49.0,5,93.02,4,1
West Africa,Male,64,Trader,6,19.63,-1.23,8,2.17,1,31.0,13.87,0,,,19.0,58.0,1,236.93,8,0
East Africa,Male,21,Farmer,24,111.16,1.892,20,7.26,0,1.0,0.0,1,0.905,12.2,77.0,89.0,17,97.97,24,1
West Africa,Male,63,Salaried,17,56.88,-0.69,10,5.22,1,86.0,22.06,1,0.569,1.6,52.0,86.0,9,227.67,12,1
Central Africa,Male,63,Trader,15,25.78,-0.001,5,1.14,0,7.0,0.0,0,,,48.0,76.0,1,135.33,12,0
Southern Africa,Male,51,Salaried,12,16.43,1.24,12,1.45,0,1.0,0.0,1,0.641,10.7,14.0,65.0,4,542.86,12,1
Southern Africa,Male,53,Trader,11,73.08,-1.025,10,1.63,0,0.0,0.0,0,,,12.0,53.0,6,118.21,8,0
East Africa,Male,19,Self-employed,21,60.6,-0.351,14,2.28,0,17.0,0.0,0,,,23.0,88.0,7,199.36,8,0
Central Africa,Male,62,Farmer,13,28.63,0.579,13,1.39,1,44.0,13.89,0,,,41.0,77.0,2,246.95,12,1
West Africa,Female,42,Farmer,30,73.29,1.118,12,3.38,0,11.0,0.0,1,0.729,10.3,69.0,67.0,2,128.59,8,1
East Africa,Female,33,Informal worker,35,278.39,-0.368,27,1.97,0,11.0,0.0,0,,,84.0,94.0,5,228.32,4,0
West Africa,Female,49,Farmer,5,10.19,-0.641,10,2.14,0,4.0,0.0,0,,,39.0,67.0,3,91.0,4,0
Central Africa,Male,43,Farmer,14,171.71,-0.082,11,5.3,1,82.0,18.56,0,,,78.0,44.0,10,1002.37,52,1
East Africa,Male,34,Farmer,32,76.61,0.406,16,8.86,0,11.0,0.0,0,,,51.0,47.0,17,554.64,12,1
Southern Africa,Male,33,Self-employed,23,56.82,0.402,18,6.14,0,1.0,0.0,0,,,60.0,50.0,7,1297.4,8,1
West Africa,Female,23,Salaried,24,42.21,0.69,18,3.19,1,72.0,23.45,0,,,24.0,51.0,7,226.09,4,1
Central Africa,Female,60,Farmer,23,16.83,-0.946,11,0.96,1,57.0,19.02,1,0.795,14.8,49.0,36.0,7,131.08,4,1
East Africa,Male,49,Salaried,25,71.91,1.042,17,2.86,0,5.0,0.0,1,0.874,7.4,47.0,91.0,5,63.4,8,1
East Africa,Male,31,Trader,19,46.51,-0.562,16,1.51,0,18.0,0.0,1,0.907,5.0,17.0,81.0,7,698.3,8,1
Central Africa,Male,51,Farmer,18,28.2,0.265,12,2.04,1,72.0,15.6,0,,,50.0,75.0,5,227.49,12,1
East Africa,Male,50,Farmer,23,36.68,-1.063,20,4.71,0,0.0,0.0,0,,,82.0,84.0,2,195.34,24,1
East Africa,Female,24,Farmer,22,22.01,-0.195,17,2.36,1,61.0,16.95,0,,,20.0,47.0,8,135.03,24,1
East Africa,Male,26,Self-employed,5,23.38,-1.034,6,3.45,0,11.0,0.0,0,,,16.0,92.0,1,186.12,4,0
West Africa,Male,28,Salaried,23,70.45,1.678,20,11.74,1,79.0,21.65,0,,,60.0,63.0,8,303.95,24,1
West Africa,Male,22,Self-employed,6,53.18,-0.58,13,10.36,1,17.0,9.03,0,,,27.0,66.0,1,139.78,4,1
West Africa,Male,56,Informal worker,28,94.59,0.997,13,2.41,1,24.0,20.71,0,,,52.0,61.0,14,1166.02,12,1
West Africa,Male,25,Farmer,31,81.7,1.166,35,13.68,1,80.0,29.97,0,,,23.0,79.0,15,149.49,8,1
Central Africa,Male,56,Salaried,9,14.65,0.051,7,2.66,0,0.0,0.0,0,,,70.0,51.0,2,86.03,8,1
East Africa,Male,42,Trader,3,44.01,-0.694,13,1.56,1,62.0,16.11,1,0.6,13.7,19.0,40.0,2,202.31,8,1
East Africa,Male,23,Salaried,8,23.15,-0.525,4,1.52,0,3.0,0.0,0,,,39.0,45.0,3,213.6,8,1
East Africa,Female,57,Trader,19,50.2,0.394,14,2.09,1,82.0,16.19,0,,,54.0,55.0,4,438.8,8,0
East Africa,Male,26,Salaried,7,20.17,-0.163,5,1.25,0,9.0,0.0,1,0.951,21.9,49.0,39.0,2,272.46,4,0
East Africa,Male,64,Informal worker,12,63.79,0.85,14,2.09,1,69.0,11.41,0,,,39.0,69.0,4,157.33,8,1
Central Africa,Female,18,Trader,20,113.69,-1.191,13,4.41,1,30.0,23.86,1,0.633,0.9,67.0,49.0,5,482.45,12,1
Central Africa,Male,47,Trader,9,26.43,0.517,8,2.03,0,6.0,0.0,0,,,36.0,36.0,3,483.48,8,0
East Africa,Prefer not to say,32,Farmer,9,83.91,-0.108,7,2.5,0,18.0,0.0,1,0.743,9.7,44.0,44.0,4,162.81,12,1
West Africa,Female,43,Trader,22,116.74,1.473,24,5.73,0,7.0,0.0,1,0.886,25.3,57.0,82.0,8,307.57,24,1
East Africa,Male,57,Salaried,8,140.81,1.34,12,2.4,1,70.0,7.44,1,0.849,6.3,46.0,42.0,3,754.92,12,1
East Africa,Male,54,Trader,25,126.04,0.177,16,2.66,0,3.0,0.0,0,,,87.0,89.0,7,798.0,8,1
East Africa,Female,31,Farmer,20,44.99,0.257,15,2.94,0,3.0,0.0,0,,,71.0,71.0,6,48.74,4,1
Southern Africa,Male,20,Trader,22,26.63,-0.021,22,5.23,0,1.0,0.0,0,,,67.0,50.0,9,313.28,8,1
East Africa,Male,31,Trader,9,32.26,0.229,5,1.51,0,6.0,0.0,0,,,58.0,82.0,1,199.56,4,1
West Africa,Female,56,Trader,22,30.12,1.314,20,5.35,1,62.0,58.59,1,0.74,0.7,58.0,87.0,6,377.27,8,1
West Africa,Male,42,Salaried,8,66.04,-0.38,15,2.8,0,1.0,0.0,0,,,82.0,56.0,3,734.41,8,0
East Africa,Female,53,Informal worker,18,52.61,0.465,22,3.88,0,5.0,0.0,1,0.892,2.3,45.0,17.0,7,494.63,8,0
West Africa,Female,41,Self-employed,17,33.18,-0.024,16,3.15,0,7.0,0.0,1,0.785,1.2,28.0,36.0,2,382.78,8,1
West Africa,Female,42,Farmer,7,22.93,-0.88,13,1.96,0,2.0,0.0,0,,,56.0,93.0,3,33.32,4,1
Southern Africa,Female,21,Trader,10,132.25,0.461,14,2.95,0,11.0,0.0,0,,,50.0,46.0,6,470.57,24,1
East Africa,Female,19,Trader,14,65.49,0.453,9,2.41,0,11.0,0.0,1,0.804,7.8,24.0,81.0,7,144.79,4,1
West Africa,Male,51,Farmer,23,58.5,0.668,15,7.23,0,16.0,0.0,1,0.913,4.1,46.0,67.0,8,436.1,52,0
East Africa,Prefer not to say,27,Trader,28,60.41,0.06,21,4.06,0,7.0,0.0,0,,,73.0,87.0,4,434.24,8,1
Southern Africa,Female,34,Trader,2,24.91,-0.573,12,0.82,0,7.0,0.0,0,,,30.0,56.0,0,120.29,12,0
West Africa,Female,35,Informal worker,13,69.88,-1.021,17,5.65,0,2.0,0.0,0,,,56.0,75.0,5,617.56,8,0
Southern Africa,Female,47,Trader,20,77.53,0.316,16,2.67,1,48.0,18.37,1,0.824,0.6,22.0,78.0,7,312.15,4,1
Central Africa,Female,62,Informal worker,5,14.73,-0.301,5,1.63,0,0.0,0.0,0,,,40.0,55.0,1,643.65,24,1
East Africa,Male,53,Informal worker,8,28.22,-1.332,14,1.29,1,52.0,25.06,1,0.814,13.8,16.0,35.0,0,368.17,12,1
Southern Africa,Female,48,Informal worker,25,44.42,-0.254,26,4.78,1,73.0,64.32,1,0.706,6.0,76.0,81.0,14,948.89,24,1
West Africa,Male,57,Farmer,27,91.98,1.208,20,8.14,0,3.0,0.0,0,,,83.0,39.0,9,329.66,12,1
Central Africa,Male,41,Informal worker,13,9.3,0.475,12,1.37,1,78.0,32.71,0,,,56.0,59.0,1,119.48,8,1
East Africa,Male,24,Farmer,13,42.65,-0.374,19,2.81,1,51.0,23.54,1,0.843,6.6,80.0,89.0,5,264.98,12,1
Central Africa,Female,40,Trader,19,45.64,0.316,21,2.43,1,70.0,51.94,1,0.851,8.8,71.0,67.0,12,332.02,24,1
East Africa,Female,63,Farmer,19,26.06,-0.77,19,4.45,0,11.0,0.0,1,0.573,6.6,61.0,49.0,5,333.53,4,0
West Africa,Male,54,Trader,9,28.94,0.348,7,1.34,1,17.0,22.56,1,0.567,13.1,45.0,64.0,4,205.98,8,1
West Africa,Male,34,Farmer,22,131.48,1.477,26,7.61,1,36.0,32.08,0,,,58.0,56.0,11,879.16,24,0
Southern Africa,Male,33,Informal worker,10,30.7,-0.653,13,3.08,1,43.0,7.46,0,,,59.0,34.0,3,210.9,8,1
East Africa,Male,61,Salaried,7,12.67,-1.164,11,2.22,1,69.0,27.57,0,,,52.0,71.0,1,82.05,8,0
West Africa,Male,22,Trader,10,92.28,-0.306,10,1.58,0,12.0,0.0,1,0.763,15.9,42.0,70.0,0,120.97,8,1
Southern Africa,Female,61,Trader,19,56.52,0.616,13,3.15,0,6.0,0.0,0,,,58.0,77.0,13,1058.14,4,0
Central Africa,Male,49,Trader,23,146.08,-0.329,17,3.87,1,29.0,15.55,0,,,59.0,97.0,6,775.63,8,0
East Africa,Male,55,Self-employed,15,31.51,-0.513,15,3.52,1,57.0,37.36,1,0.746,21.5,57.0,34.0,4,404.0,12,0
East Africa,Male,33,Farmer,8,83.75,0.593,14,4.2,1,71.0,21.48,1,0.922,8.7,28.0,64.0,7,142.41,24,1
West Africa,Male,48,Farmer,10,43.34,-1.397,8,3.5,0,14.0,0.0,0,,,54.0,78.0,4,301.15,4,1
Southern Africa,Female,33,Trader,7,55.18,-1.157,13,3.43,0,4.0,0.0,0,,,9.0,46.0,2,210.21,4,1
West Africa,Male,18,Salaried,18,82.52,0.146,16,2.37,1,67.0,14.86,0,,,71.0,71.0,7,225.08,12,1
Central Africa,Male,39,Farmer,26,148.84,1.771,13,10.64,1,8.0,43.37,1,0.614,4.8,40.0,17.0,10,267.42,4,1
East Africa,Female,64,Trader,10,27.42,-0.629,12,2.65,1,82.0,17.49,1,0.806,4.8,41.0,49.0,2,351.49,8,1
East Africa,Male,29,Farmer,25,57.78,-0.333,16,3.44,1,39.0,54.15,1,0.833,17.7,77.0,89.0,11,274.48,8,0
West Africa,Female,25,Informal worker,6,45.52,-0.014,12,1.36,1,70.0,5.94,0,,,2.0,63.0,2,2156.54,4,1
West Africa,Prefer not to say,61,Farmer,29,175.31,0.998,20,2.55,0,7.0,0.0,0,,,54.0,74.0,9,1211.69,4,1
Southern Africa,Female,60,Self-employed,28,411.7,1.291,26,6.42,1,57.0,20.48,0,,,65.0,79.0,10,176.85,8,1
East Africa,Female,57,Salaried,16,65.04,0.462,12,4.59,0,0.0,0.0,1,0.664,8.8,58.0,41.0,4,796.28,24,1
East Africa,Male,63,Farmer,11,38.56,0.635,15,2.8,1,50.0,19.37,0,,,17.0,42.0,7,547.96,24,1
Central Africa,Male,64,Self-employed,20,43.36,0.371,9,3.89,0,2.0,0.0,1,0.786,4.7,43.0,14.0,5,217.92,4,1
Central Africa,Male,61,Salaried,9,24.22,-0.044,12,1.77,1,57.0,15.22,1,0.876,85.3,27.0,61.0,0,101.19,8,0
Central Africa,Male,63,Farmer,9,23.16,0.66,9,1.64,0,22.0,0.0,1,0.732,2.4,11.0,26.0,1,110.07,8,1
West Africa,Male,52,Salaried,24,60.86,0.346,12,8.79,1,70.0,23.53,0,,,52.0,54.0,13,261.13,52,1
East Africa,Male,32,Farmer,14,56.0,-0.03,12,1.83,0,11.0,0.0,0,,,12.0,53.0,0,531.68,4,1
Central Africa,Male,39,Farmer,19,83.85,0.919,17,4.07,0,6.0,0.0,0,,,40.0,93.0,11,1245.03,4,0
East Africa,Male,35,Farmer,20,97.6,0.797,16,5.36,1,45.0,62.34,1,0.915,5.7,66.0,47.0,15,481.13,24,1
West Africa,Female,41,Salaried,27,39.96,2.087,24,4.15,1,88.0,46.39,0,,,68.0,69.0,22,1760.8,8,0
Southern Africa,Male,50,Self-employed,8,22.98,0.997,10,3.1,1,39.0,12.93,0,,,66.0,84.0,6,187.4,12,1
East Africa,Male,29,Farmer,28,42.6,0.072,15,1.26,1,83.0,27.03,0,,,27.0,70.0,11,238.51,8,1
East Africa,Male,18,Informal worker,22,76.15,0.593,9,3.17,1,70.0,10.99,0,,,32.0,85.0,4,450.47,4,1
Central Africa,Female,46,Informal worker,4,11.77,-0.143,9,3.28,1,66.0,13.99,0,,,73.0,86.0,5,131.95,8,1
East Africa,Male,64,Salaried,26,155.69,0.714,19,2.76,1,65.0,107.5,0,,,55.0,84.0,12,317.52,4,1
East Africa,Female,58,Farmer,9,55.14,0.542,17,3.67,0,3.0,0.0,0,,,37.0,71.0,5,171.18,8,0
East Africa,Male,18,Trader,21,62.21,-0.005,14,2.36,0,1.0,0.0,0,,,60.0,77.0,9,244.92,4,1
East Africa,Male,46,Trader,9,15.73,-0.795,10,2.49,1,88.0,6.97,1,0.633,35.4,22.0,25.0,2,376.92,8,1
West Africa,Prefer not to say,42,Trader,10,45.47,-0.333,6,1.77,0,3.0,0.0,0,,,36.0,75.0,6,377.63,4,1
Southern Africa,Male,37,Trader,13,20.96,0.022,17,2.03,0,2.0,0.0,0,,,49.0,67.0,4,572.55,8,1
Southern Africa,Male,49,Farmer,12,60.55,-1.399,15,1.5,1,82.0,16.79,1,0.787,31.7,50.0,67.0,3,286.88,8,1
West Africa,Male,38,Trader,21,44.48,-0.256,9,1.5,1,71.0,53.11,0,,,29.0,75.0,6,759.46,8,1
West Africa,Male,60,Salaried,19,120.94,0.003,18,1.81,1,95.0,24.04,0,,,67.0,55.0,5,149.24,4,1
Central Africa,Male,60,Farmer,22,98.97,0.426,15,3.97,0,2.0,0.0,0,,,55.0,63.0,6,192.45,12,1
West Africa,Male,48,Farmer,12,32.63,-0.717,10,2.74,0,0.0,0.0,1,0.703,47.5,54.0,32.0,3,195.81,12,1
East Africa,Male,39,Salaried,5,43.86,-0.136,9,0.94,0,3.0,0.0,0,,,35.0,37.0,2,452.89,4,0
East Africa,Female,46,Farmer,11,103.5,-0.111,5,4.03,1,42.0,20.79,0,,,29.0,58.0,6,186.4,12,1
Southern Africa,Male,60,Informal worker,16,16.6,0.398,6,5.2,0,8.0,0.0,1,0.632,3.2,41.0,67.0,1,318.89,4,0
West Africa,Male,32,Salaried,21,38.9,0.683,16,3.33,0,15.0,0.0,1,0.721,5.1,32.0,13.0,4,193.37,52,1
Southern Africa,Female,58,Farmer,19,47.33,-0.163,19,2.74,0,3.0,0.0,0,,,45.0,73.0,6,158.86,8,0
East Africa,Male,45,Farmer,3,45.4,0.347,5,1.09,0,9.0,0.0,0,,,15.0,33.0,3,64.94,8,1
East Africa,Female,20,Farmer,32,95.45,1.291,14,12.26,1,88.0,69.91,0,,,84.0,89.0,13,324.02,8,1
West Africa,Male,53,Farmer,22,55.44,-0.132,17,2.01,0,1.0,0.0,0,,,56.0,48.0,5,490.92,8,1
East Africa,Female,27,Informal worker,39,37.44,1.38,31,3.93,1,87.0,70.14,1,0.866,3.4,37.0,80.0,13,369.29,24,1
East Africa,Female,42,Farmer,9,26.58,0.057,11,0.89,0,1.0,0.0,1,0.597,42.1,36.0,32.0,1,178.9,8,0
West Africa,Male,62,Farmer,12,50.86,0.203,16,3.92,0,22.0,0.0,1,0.917,8.7,12.0,78.0,2,251.83,12,1
West Africa,Female,54,Farmer,24,73.16,0.895,20,3.02,0,11.0,0.0,1,0.95,1.9,15.0,52.0,14,285.28,8,1
West Africa,Female,50,Trader,27,63.0,0.334,19,1.64,1,64.0,53.96,0,,,58.0,90.0,11,780.37,8,1
West Africa,Female,21,Trader,12,31.44,-0.555,11,1.7,0,6.0,0.0,0,,,20.0,41.0,2,116.31,12,1
West Africa,Male,58,Farmer,14,79.56,0.788,18,3.81,0,1.0,0.0,0,,,61.0,52.0,7,1074.5,8,1
Central Africa,Male,33,Trader,5,30.27,-0.731,7,1.83,0,6.0,0.0,0,,,53.0,53.0,0,464.63,24,1
East Africa,Male,20,Informal worker,14,24.97,-1.402,12,2.35,0,5.0,0.0,1,0.813,11.3,56.0,38.0,6,262.19,52,0
Southern Africa,Prefer not to say,63,Self-employed,12,155.13,-0.388,15,3.94,0,15.0,0.0,0,,,37.0,83.0,7,329.97,8,0
Central Africa,Male,26,Salaried,23,86.03,1.504,15,5.4,0,8.0,0.0,0,,,86.0,68.0,13,357.23,4,1
West Africa,Male,33,Farmer,7,23.05,0.664,7,3.87,0,7.0,0.0,0,,,88.0,62.0,2,143.0,12,1
Southern Africa,Female,24,Farmer,5,17.17,0.313,10,3.04,0,12.0,0.0,1,0.936,6.0,71.0,70.0,0,78.98,8,0
Central Africa,Male,47,Informal worker,13,56.19,-0.336,11,1.72,0,6.0,0.0,0,,,61.0,60.0,3,561.15,52,1
East Africa,Female,58,Informal worker,19,100.79,0.004,19,5.61,1,34.0,36.43,1,0.858,54.9,92.0,48.0,8,1023.71,12,1
East Africa,Male,42,Self-employed,12,70.36,-0.042,10,1.76,1,73.0,18.9,1,0.922,30.9,30.0,32.0,4,368.26,12,1
East Africa,Female,58,Farmer,3,40.15,-0.07,16,1.99,0,6.0,0.0,1,0.53,5.6,46.0,43.0,0,219.08,12,1
West Africa,Male,62,Trader,21,80.18,-0.886,18,3.19,1,91.0,25.98,1,0.737,0.6,79.0,79.0,7,182.43,4,1
East Africa,Male,59,Farmer,20,28.55,-0.399,13,7.59,0,2.0,0.0,1,0.796,3.8,61.0,96.0,3,385.15,8,1
Central Africa,Female,25,Self-employed,16,91.43,0.169,14,1.57,0,2.0,0.0,1,0.815,5.5,65.0,35.0,6,736.91,8,1
Central Africa,Male,27,Informal worker,23,62.33,-0.041,12,4.06,1,81.0,12.46,0,,,49.0,56.0,4,233.2,24,1
West Africa,Male,32,Salaried,24,80.51,-0.397,19,3.51,0,0.0,0.0,1,0.716,1.9,42.0,72.0,4,391.67,8,0
Southern Africa,Male,47,Informal worker,10,48.85,0.189,13,2.83,1,28.0,25.78,0,,,52.0,48.0,9,872.62,8,1
West Africa,Female,58,Self-employed,11,33.59,-0.515,13,1.24,1,71.0,17.96,1,0.908,1.9,68.0,82.0,3,320.79,12,1
Central Africa,Male,32,Farmer,16,45.76,-1.085,13,1.58,0,5.0,0.0,1,0.855,8.8,84.0,78.0,7,476.58,8,0
West Africa,Male,49,Self-employed,17,65.03,0.752,15,3.64,0,5.0,0.0,1,0.738,3.7,57.0,30.0,8,97.58,8,1
Central Africa,Male,26,Salaried,11,22.6,-0.484,9,0.99,0,12.0,0.0,1,0.503,0.6,52.0,68.0,1,396.0,12,1
Southern Africa,Male,43,Salaried,9,12.41,-0.12,12,5.45,0,7.0,0.0,1,0.799,0.2,82.0,62.0,4,144.05,8,1
West Africa,Female,54,Self-employed,21,218.07,-0.257,18,4.69,0,3.0,0.0,0,,,19.0,80.0,10,359.95,4,1
West Africa,Male,36,Farmer,19,28.97,-0.531,15,4.75,0,5.0,0.0,0,,,56.0,57.0,1,171.57,12,0
Southern Africa,Female,25,Informal worker,10,10.84,-1.307,11,1.25,0,2.0,0.0,0,,,78.0,51.0,1,115.85,12,1
West Africa,Female,37,Informal worker,29,59.03,0.894,19,6.79,1,93.0,13.27,1,0.901,12.5,64.0,81.0,13,736.41,4,1
East Africa,Female,53,Salaried,6,12.93,-0.527,4,4.38,0,3.0,0.0,1,0.884,11.5,63.0,81.0,5,129.64,8,1
Central Africa,Female,61,Salaried,29,540.6,1.672,23,5.99,1,67.0,30.17,0,,,46.0,70.0,15,526.77,24,1
East Africa,Male,46,Salaried,4,19.87,-0.841,5,2.42,1,92.0,3.6,0,,,6.0,52.0,0,44.67,52,0
East Africa,Prefer not to say,49,Farmer,11,64.29,-0.77,13,2.44,0,4.0,0.0,1,0.398,1.1,55.0,91.0,4,175.65,8,0
East Africa,Female,37,Salaried,13,40.28,-0.775,7,1.74,0,6.0,0.0,1,0.944,25.3,22.0,48.0,7,174.41,4,0
West Africa,Female,61,Salaried,13,13.19,0.53,17,3.21,1,84.0,25.28,0,,,58.0,76.0,3,573.08,24,1
Central Africa,Male,58,Informal worker,9,73.58,1.276,8,4.04,0,6.0,0.0,0,,,55.0,60.0,5,122.05,12,1
West Africa,Male,63,Farmer,7,11.83,-0.641,9,1.36,0,8.0,0.0,1,0.719,35.0,24.0,53.0,2,59.01,4,1
West Africa,Female,58,Salaried,23,79.69,0.658,13,6.69,1,51.0,22.02,0,,,47.0,48.0,3,423.01,52,1
West Africa,Male,43,Salaried,24,23.65,-0.077,11,2.69,0,8.0,0.0,1,0.74,23.0,66.0,48.0,8,563.08,8,1
Central Africa,Female,63,Farmer,11,61.35,-0.056,11,3.2,1,82.0,21.6,0,,,46.0,40.0,5,189.23,52,1
West Africa,Male,46,Informal worker,9,33.45,-0.876,8,2.7,1,15.0,75.36,1,0.705,6.2,56.0,85.0,1,77.36,24,1
Central Africa,Male,46,Informal worker,12,33.89,-0.062,14,1.45,1,84.0,31.05,1,0.651,9.1,29.0,24.0,5,292.14,4,1
Southern Africa,Male,48,Informal worker,25,57.45,-0.118,16,1.62,0,2.0,0.0,1,0.408,13.6,41.0,86.0,7,149.05,8,0
Southern Africa,Male,26,Farmer,14,34.01,-0.488,18,3.67,0,8.0,0.0,1,0.977,31.7,58.0,93.0,2,88.89,8,1
Central Africa,Male,57,Trader,12,13.4,0.884,15,5.07,0,10.0,0.0,0,,,30.0,42.0,6,807.08,8,1
Southern Africa,Female,35,Salaried,9,42.58,0.164,14,1.46,0,1.0,0.0,0,,,6.0,61.0,4,249.45,8,1
Central Africa,Female,48,Self-employed,14,79.59,0.62,12,2.85,0,5.0,0.0,0,,,43.0,64.0,6,276.48,12,1
West Africa,Female,57,Farmer,15,70.38,0.424,13,1.5,0,4.0,0.0,1,0.931,33.0,49.0,83.0,13,155.83,8,1
Southern Africa,Female,23,Self-employed,22,21.54,-0.328,8,1.52,1,43.0,19.86,0,,,32.0,56.0,3,713.74,8,1
East Africa,Female,32,Farmer,27,58.98,0.833,17,2.42,1,74.0,63.86,1,0.707,23.4,63.0,20.0,13,114.89,8,1
East Africa,Male,62,Trader,11,33.7,-0.149,4,1.73,0,6.0,0.0,1,0.882,25.3,63.0,71.0,2,142.61,4,1
Central Africa,Female,34,Informal worker,24,35.77,-0.09,26,3.32,0,2.0,0.0,0,,,62.0,73.0,8,1312.84,8,1
Central Africa,Female,49,Trader,24,105.34,1.703,19,5.29,0,2.0,0.0,1,0.332,0.4,88.0,84.0,11,336.17,24,1
Southern Africa,Female,44,Trader,25,103.59,0.297,18,2.06,1,69.0,37.77,1,0.838,0.6,22.0,44.0,4,552.94,4,1
East Africa,Male,58,Self-employed,17,30.94,0.162,12,8.9,0,3.0,0.0,1,0.967,1.5,47.0,89.0,5,203.32,4,1
East Africa,Female,41,Farmer,16,113.19,0.302,18,3.15,0,2.0,0.0,1,0.966,25.6,25.0,85.0,6,236.42,12,0
East Africa,Male,37,Trader,10,37.03,0.425,17,3.82,0,2.0,0.0,0,,,39.0,90.0,3,222.67,8,0
East Africa,Male,18,Farmer,12,44.81,-0.058,11,8.59,0,8.0,0.0,1,0.621,1.1,63.0,57.0,6,162.82,12,1
East Africa,Female,40,Informal worker,30,62.61,1.124,13,3.08,1,7.0,41.33,0,,,22.0,56.0,10,404.47,4,1
West Africa,Female,45,Informal worker,18,124.27,1.197,14,1.84,1,35.0,15.98,1,0.836,13.3,40.0,75.0,10,1265.95,52,1
West Africa,Male,50,Farmer,22,48.48,-0.948,9,1.62,0,4.0,0.0,1,0.476,0.7,45.0,49.0,5,331.21,12,1
Southern Africa,Male,54,Farmer,8,56.14,-0.535,9,4.76,0,0.0,0.0,1,0.567,5.8,35.0,37.0,0,83.24,24,1
East Africa,Female,54,Farmer,8,21.79,0.496,12,1.72,0,0.0,0.0,0,,,39.0,79.0,5,240.09,12,1
Central Africa,Male,39,Informal worker,10,177.83,0.266,10,1.88,0,2.0,0.0,0,,,44.0,48.0,4,437.94,4,1
East Africa,Male,21,Self-employed,9,14.64,-0.88,10,2.34,0,11.0,0.0,0,,,23.0,66.0,2,388.48,12,1
West Africa,Female,29,Farmer,23,95.63,0.225,16,4.79,0,3.0,0.0,1,0.854,3.7,37.0,87.0,11,241.43,8,1
West Africa,Female,37,Salaried,12,40.39,1.036,17,7.75,0,4.0,0.0,1,0.718,5.0,51.0,68.0,6,121.34,8,1
West Africa,Male,64,Self-employed,18,10.3,-1.025,15,2.33,1,57.0,13.14,1,0.844,18.3,34.0,86.0,4,498.78,12,1
Central Africa,Female,54,Farmer,29,100.66,0.727,15,5.83,1,61.0,16.72,0,,,65.0,62.0,10,359.78,24,1
West Africa,Male,60,Trader,14,58.25,-0.144,14,2.12,1,79.0,14.55,0,,,40.0,56.0,4,290.57,4,1
East Africa,Male,64,Informal worker,7,85.92,-0.206,14,3.46,1,44.0,20.91,0,,,24.0,65.0,3,86.9,8,1
Central Africa,Female,24,Self-employed,21,40.93,0.005,16,3.84,1,72.0,45.13,0,,,53.0,64.0,4,502.24,4,1
Central Africa,Female,18,Trader,18,40.12,0.221,12,2.55,0,1.0,0.0,0,,,37.0,96.0,0,175.95,4,1
West Africa,Male,44,Trader,9,51.91,0.161,14,5.9,1,62.0,8.61,0,,,47.0,46.0,2,1274.49,24,1
West Africa,Male,30,Informal worker,4,20.04,-0.26,16,3.59,0,10.0,0.0,0,,,35.0,30.0,3,90.12,4,1
West Africa,Male,58,Salaried,14,40.17,0.582,13,1.94,1,14.0,13.74,1,0.756,9.8,35.0,87.0,7,326.63,24,1
West Africa,Male,39,Trader,13,56.99,0.04,13,2.81,0,3.0,0.0,1,0.688,3.6,40.0,73.0,6,181.87,4,0
West Africa,Male,18,Farmer,17,143.05,1.039,20,2.1,0,2.0,0.0,1,0.806,13.7,45.0,57.0,6,470.12,24,1
East Africa,Male,28,Trader,18,31.35,0.398,15,6.19,0,1.0,0.0,0,,,24.0,58.0,3,219.15,52,1
Central Africa,Female,34,Self-employed,8,22.42,-0.734,13,1.13,0,5.0,0.0,0,,,17.0,79.0,1,103.49,12,1
East Africa,Male,19,Informal worker,18,32.82,0.599,19,6.68,0,5.0,0.0,1,0.656,5.9,77.0,74.0,4,204.93,52,0
East Africa,Female,32,Farmer,9,38.13,0.433,7,4.64,0,2.0,0.0,1,0.385,4.4,48.0,75.0,2,98.63,8,0
West Africa,Female,43,Salaried,9,62.13,-0.106,9,1.2,0,8.0,0.0,1,0.416,5.9,35.0,34.0,3,92.48,4,0
Southern Africa,Female,59,Farmer,8,11.7,-0.87,10,0.89,0,12.0,0.0,0,,,41.0,58.0,5,167.69,8,1
East Africa,Prefer not to say,48,Self-employed,27,68.52,-0.383,24,1.7,0,2.0,0.0,1,0.47,5.3,74.0,44.0,11,196.46,8,1
Central Africa,Male,22,Trader,10,68.23,0.234,13,3.92,0,2.0,0.0,0,,,49.0,61.0,2,334.53,24,0
Central Africa,Male,37,Trader,24,51.7,-0.165,17,5.66,0,2.0,0.0,1,0.889,4.4,47.0,62.0,13,586.54,4,0
West Africa,Female,54,Farmer,8,16.43,-0.917,12,2.24,1,56.0,18.18,1,0.413,12.3,34.0,56.0,0,200.0,8,1
West Africa,Male,35,Trader,32,48.49,-0.007,25,7.33,0,1.0,0.0,0,,,55.0,60.0,13,358.01,4,1
West Africa,Male,44,Salaried,39,128.12,0.25,27,3.56,0,9.0,0.0,0,,,56.0,90.0,6,374.66,8,1
East Africa,Male,64,Farmer,17,55.7,-0.08,17,2.86,1,45.0,22.09,1,0.855,2.1,55.0,57.0,4,397.47,4,1
Central Africa,Female,24,Trader,8,78.14,-0.053,14,8.65,1,15.0,21.11,0,,,70.0,71.0,8,519.42,4,1
East Africa,Male,40,Salaried,28,57.03,0.135,15,5.47,1,75.0,33.65,1,0.793,18.0,30.0,44.0,13,891.77,8,1
Southern Africa,Male,46,Farmer,6,34.31,-0.768,8,0.91,1,65.0,11.55,0,,,48.0,54.0,2,459.87,4,1
East Africa,Male,55,Farmer,5,31.54,-0.456,10,3.49,0,3.0,0.0,1,0.643,5.3,27.0,74.0,6,496.72,8,0
West Africa,Female,57,Trader,5,35.08,-0.495,8,4.48,1,32.0,21.6,0,,,56.0,53.0,3,315.46,12,1
West Africa,Male,31,Self-employed,17,18.17,0.193,21,1.88,0,6.0,0.0,0,,,47.0,47.0,6,102.73,4,0
Southern Africa,Female,39,Informal worker,13,42.76,0.065,11,5.23,0,8.0,0.0,1,0.876,25.9,49.0,49.0,3,126.72,24,1
Southern Africa,Female,57,Salaried,17,69.35,-0.583,13,3.27,0,2.0,0.0,1,0.55,49.9,68.0,69.0,6,231.19,12,0
East Africa,Male,57,Salaried,14,8.22,0.744,11,2.72,1,62.0,6.5,1,0.692,1.6,54.0,71.0,6,255.68,12,1
West Africa,Male,56,Farmer,14,26.7,-0.984,16,1.87,1,82.0,54.23,0,,,66.0,46.0,1,203.2,4,1
Southern Africa,Female,49,Trader,28,68.0,0.619,21,4.75,0,12.0,0.0,1,0.898,0.8,47.0,77.0,11,248.02,12,1
West Africa,Female,30,Informal worker,30,71.97,0.085,7,2.16,0,0.0,0.0,1,0.802,21.0,64.0,36.0,8,240.2,12,1
Central Africa,Male,35,Trader,8,93.83,0.95,15,2.25,0,3.0,0.0,1,0.619,9.3,65.0,77.0,6,145.79,8,0
West Africa,Male,48,Self-employed,19,164.98,-0.327,13,4.4,0,3.0,0.0,0,,,44.0,74.0,4,165.21,12,1
West Africa,Male,29,Trader,17,64.25,0.281,13,4.23,0,2.0,0.0,1,0.844,0.1,34.0,69.0,9,222.92,12,1
East Africa,Male,50,Farmer,8,48.35,-0.205,13,2.97,0,7.0,0.0,0,,,58.0,57.0,1,387.96,4,1
East Africa,Male,42,Informal worker,32,69.58,1.009,28,3.19,0,2.0,0.0,1,0.903,15.2,58.0,57.0,16,3602.15,12,1
East Africa,Male,38,Farmer,20,92.06,0.969,13,3.16,0,8.0,0.0,0,,,45.0,74.0,9,194.3,4,1
East Africa,Male,34,Informal worker,32,87.22,1.115,19,7.2,1,78.0,44.34,0,,,66.0,93.0,8,544.6,8,1
Central Africa,Female,54,Salaried,18,234.78,1.894,18,4.73,0,1.0,0.0,1,0.881,6.6,85.0,63.0,9,78.69,12,1
East Africa,Female,39,Salaried,12,73.15,-0.454,15,3.19,0,0.0,0.0,0,,,56.0,44.0,1,114.61,24,1
East Africa,Female,32,Self-employed,24,62.08,0.93,19,3.64,1,57.0,16.42,0,,,42.0,63.0,4,631.11,4,1
East Africa,Female,36,Farmer,9,23.35,-0.188,12,1.06,0,11.0,0.0,0,,,24.0,29.0,2,135.43,12,1
West Africa,Female,40,Farmer,19,52.74,0.112,8,3.57,0,3.0,0.0,1,0.567,16.1,48.0,61.0,7,727.46,8,1
East Africa,Male,47,Salaried,19,32.04,-0.808,7,1.36,0,5.0,0.0,0,,,14.0,69.0,0,134.38,8,0
West Africa,Female,64,Trader,4,39.06,0.136,20,2.15,0,10.0,0.0,0,,,13.0,58.0,6,125.36,24,1
East Africa,Male,34,Trader,10,20.89,-0.206,11,5.41,0,8.0,0.0,0,,,40.0,40.0,7,215.32,24,0
West Africa,Male,26,Trader,10,95.71,-0.115,12,2.17,0,3.0,0.0,0,,,80.0,54.0,5,73.03,4,1
Central Africa,Female,63,Informal worker,12,26.79,-0.161,9,1.48,1,98.0,14.93,0,,,43.0,34.0,2,157.71,8,1
East Africa,Female,24,Informal worker,33,141.67,1.31,24,5.88,1,68.0,33.67,0,,,47.0,97.0,11,558.72,24,0
Central Africa,Male,60,Trader,18,12.78,0.784,20,4.18,0,15.0,0.0,0,,,19.0,46.0,5,297.23,12,1
East Africa,Female,24,Trader,19,36.51,0.164,8,2.58,0,5.0,0.0,0,,,58.0,41.0,5,608.18,4,1
West Africa,Male,35,Trader,4,72.98,-0.606,8,2.0,1,94.0,22.1,1,0.497,20.0,67.0,33.0,5,155.62,4,0
Southern Africa,Male,64,Farmer,14,41.29,-0.112,7,3.09,0,4.0,0.0,1,0.686,6.8,36.0,78.0,4,197.28,8,1
East Africa,Male,25,Trader,17,158.41,-0.377,15,1.49,0,0.0,0.0,0,,,78.0,61.0,4,509.08,8,0
Southern Africa,Male,25,Salaried,7,47.32,-0.462,13,3.38,1,54.0,15.76,0,,,31.0,33.0,9,310.45,4,1
East Africa,Female,46,Self-employed,17,39.07,0.345,13,2.85,0,7.0,0.0,1,0.586,13.1,55.0,93.0,6,633.91,12,1
East Africa,Male,26,Salaried,8,55.46,-0.635,12,1.4,1,85.0,6.76,0,,,54.0,60.0,5,327.5,8,1
Central Africa,Male,19,Salaried,11,36.28,0.224,13,3.13,0,1.0,0.0,0,,,42.0,49.0,6,122.36,4,0
East Africa,Prefer not to say,50,Self-employed,16,37.84,-0.155,20,6.61,0,4.0,0.0,0,,,60.0,85.0,5,597.37,12,1
West Africa,Female,63,Informal worker,20,205.42,0.311,24,2.48,0,6.0,0.0,0,,,61.0,83.0,12,326.58,12,1
Southern Africa,Male,53,Informal worker,11,121.29,0.647,10,4.02,1,47.0,4.87,1,0.919,1.0,39.0,25.0,3,709.22,12,1
Southern Africa,Male,63,Salaried,13,102.97,-0.442,17,0.95,0,11.0,0.0,0,,,45.0,42.0,6,189.75,4,1
Central Africa,Male,42,Informal worker,23,51.79,0.415,10,1.63,0,10.0,0.0,0,,,70.0,37.0,4,348.07,12,1
East Africa,Male,46,Farmer,12,4.53,-0.659,6,2.38,0,10.0,0.0,0,,,23.0,41.0,3,156.82,8,1
East Africa,Female,64,Trader,11,23.37,-0.221,14,0.75,0,15.0,0.0,1,0.767,7.2,10.0,32.0,2,58.58,8,0
Southern Africa,Female,41,Informal worker,14,29.14,0.129,12,1.82,0,10.0,0.0,1,0.494,23.9,59.0,27.0,3,247.68,24,0
East Africa,Male,19,Salaried,24,34.09,0.302,12,2.72,1,15.0,29.76,0,,,57.0,75.0,6,797.88,8,0
Southern Africa,Male,29,Informal worker,20,47.81,0.355,12,6.2,1,54.0,63.59,1,0.732,21.7,24.0,55.0,3,121.74,4,1
East Africa,Male,47,Farmer,13,61.49,-0.221,12,0.98,0,7.0,0.0,1,0.863,34.3,38.0,64.0,4,232.33,4,0
West Africa,Female,58,Informal worker,16,22.57,0.192,8,2.54,0,2.0,0.0,0,,,51.0,57.0,4,555.2,12,1
Southern Africa,Male,46,Salaried,29,46.81,1.061,24,4.32,0,13.0,0.0,0,,,54.0,87.0,11,388.27,12,1
West Africa,Male,37,Salaried,20,41.2,0.392,21,1.82,0,22.0,0.0,0,,,56.0,69.0,7,497.46,8,1
West Africa,Prefer not to say,33,Farmer,20,59.87,0.424,10,2.54,0,5.0,0.0,1,0.728,6.3,68.0,61.0,10,124.49,12,1
East Africa,Female,50,Farmer,9,128.84,-0.428,11,2.43,1,66.0,17.24,0,,,41.0,66.0,5,150.5,8,1
Southern Africa,Male,60,Farmer,5,21.25,-0.432,6,4.69,1,29.0,24.04,0,,,25.0,51.0,5,560.13,12,0
Central Africa,Male,31,Self-employed,12,111.55,-0.21,12,1.87,1,52.0,16.7,1,0.813,7.4,27.0,55.0,5,247.24,8,1
West Africa,Male,43,Trader,18,43.62,0.2,11,2.2,0,3.0,0.0,1,0.583,34.9,37.0,20.0,2,1068.72,12,1
West Africa,Prefer not to say,38,Salaried,24,75.49,0.031,20,8.01,1,80.0,13.01,1,0.948,9.0,50.0,57.0,9,52.73,8,1
Central Africa,Male,29,Trader,31,125.03,0.363,23,4.34,0,16.0,0.0,1,0.865,2.6,63.0,74.0,3,937.58,4,1
West Africa,Male,37,Self-employed,18,273.96,1.24,21,3.19,0,16.0,0.0,1,0.888,4.2,76.0,57.0,6,332.04,8,0
West Africa,Female,22,Farmer,10,23.4,-0.216,6,4.82,1,57.0,8.69,0,,,57.0,54.0,4,147.44,4,1
West Africa,Male,42,Informal worker,8,30.16,-1.525,9,0.85,0,3.0,0.0,0,,,69.0,67.0,3,93.45,24,0
East Africa,Male,23,Informal worker,10,51.52,0.734,13,3.12,0,14.0,0.0,0,,,18.0,22.0,2,273.63,4,0
Central Africa,Female,40,Salaried,4,13.72,-0.317,5,0.65,1,69.0,17.31,0,,,58.0,52.0,0,129.26,4,1
Southern Africa,Male,60,Salaried,9,14.76,-0.325,11,1.16,0,17.0,0.0,0,,,49.0,69.0,2,283.08,4,1
Southern Africa,Female,24,Trader,15,13.38,-0.327,7,3.2,1,96.0,16.87,0,,,35.0,30.0,3,239.8,4,1
West Africa,Female,29,Trader,35,21.61,0.361,15,2.62,1,74.0,32.19,0,,,41.0,83.0,8,254.96,8,1
East Africa,Male,51,Trader,27,39.21,1.029,12,2.8,0,4.0,0.0,0,,,66.0,93.0,8,493.14,4,0
East Africa,Female,60,Informal worker,21,74.24,-0.283,11,1.89,0,2.0,0.0,0,,,53.0,18.0,6,126.07,4,1
West Africa,Female,62,Informal worker,19,48.73,0.133,17,4.22,0,7.0,0.0,0,,,52.0,53.0,4,180.56,12,1
West Africa,Female,23,Trader,16,47.76,0.1,10,8.49,0,6.0,0.0,0,,,32.0,51.0,2,309.84,52,1
West Africa,Female,29,Salaried,11,20.05,-1.321,12,0.66,0,0.0,0.0,0,,,40.0,42.0,2,93.6,8,0
West Africa,Male,64,Farmer,14,84.48,-0.157,10,1.9,1,47.0,45.93,1,0.96,29.0,47.0,29.0,2,181.07,8,0
East Africa,Male,41,Farmer,13,93.64,0.922,20,3.75,0,2.0,0.0,1,0.59,9.2,83.0,44.0,12,481.86,12,0
Southern Africa,Female,57,Farmer,12,48.49,0.07,10,1.68,0,9.0,0.0,1,0.675,6.3,52.0,91.0,6,625.97,8,0
West Africa,Male,18,Informal worker,28,148.02,0.606,22,4.06,0,7.0,0.0,0,,,49.0,63.0,5,395.51,8,1
East Africa,Male,23,Trader,30,61.64,0.173,26,6.52,1,62.0,37.62,0,,,48.0,69.0,14,313.69,4,1
Southern Africa,Male,27,Self-employed,19,72.19,-0.849,15,2.11,1,40.0,12.6,0,,,27.0,79.0,7,383.89,8,0
Southern Africa,Male,22,Informal worker,32,56.81,0.936,23,2.32,0,5.0,0.0,1,0.911,3.9,52.0,49.0,8,745.92,4,1
Southern Africa,Female,59,Informal worker,32,39.72,0.077,11,7.98,0,2.0,0.0,0,,,38.0,65.0,10,297.61,4,1
East Africa,Female,55,Trader,14,81.05,-0.632,22,4.8,0,8.0,0.0,1,0.767,0.0,56.0,63.0,12,100.57,12,0
Southern Africa,Female,36,Salaried,11,24.59,-0.867,2,2.31,0,12.0,0.0,1,0.849,37.9,88.0,22.0,0,246.62,4,0
West Africa,Male,21,Salaried,10,33.25,-0.538,8,2.53,0,8.0,0.0,0,,,48.0,24.0,1,162.24,12,1
East Africa,Male,22,Farmer,28,76.53,-0.268,19,6.89,1,79.0,84.89,1,0.831,4.2,51.0,93.0,9,688.55,8,0
West Africa,Female,30,Trader,6,43.2,-0.114,7,1.67,0,2.0,0.0,0,,,24.0,42.0,3,103.47,4,1
East Africa,Male,52,Farmer,9,24.18,0.906,10,2.44,0,1.0,0.0,0,,,53.0,18.0,3,510.66,12,1
East Africa,Female,55,Farmer,6,8.62,-0.375,6,3.59,0,10.0,0.0,1,0.844,8.5,40.0,62.0,2,280.56,12,1
West Africa,Female,43,Farmer,25,34.95,-0.158,17,5.02,0,0.0,0.0,1,0.749,25.3,56.0,80.0,6,610.09,12,1
Southern Africa,Male,60,Informal worker,19,58.54,0.405,22,5.73,1,82.0,23.49,0,,,44.0,51.0,5,589.02,4,1
West Africa,Male,61,Farmer,5,29.86,0.174,10,1.28,0,9.0,0.0,0,,,21.0,44.0,0,214.68,4,1
West Africa,Female,54,Salaried,10,43.43,-1.434,12,2.57,0,8.0,0.0,0,,,29.0,64.0,3,229.97,24,1
West Africa,Male,21,Farmer,13,22.59,-0.323,15,1.07,0,9.0,0.0,1,0.809,1.3,57.0,67.0,3,687.31,12,1
East Africa,Female,59,Informal worker,18,41.34,0.249,17,2.34,1,82.0,40.49,1,0.816,5.2,44.0,35.0,4,216.23,8,1
West Africa,Female,60,Self-employed,5,4.43,-0.105,10,2.09,1,72.0,20.29,1,0.595,9.4,32.0,63.0,0,286.71,8,0
East Africa,Male,44,Farmer,26,83.95,0.177,13,4.83,0,9.0,0.0,0,,,61.0,81.0,2,437.08,8,1
West Africa,Female,46,Trader,12,68.04,-0.906,18,3.47,0,0.0,0.0,1,0.462,6.5,56.0,55.0,3,1557.45,8,1
Southern Africa,Male,54,Farmer,13,109.64,0.234,18,3.74,1,27.0,50.6,0,,,75.0,73.0,7,164.87,8,1
Central Africa,Male,45,Farmer,18,31.19,-0.123,21,3.47,1,53.0,23.18,1,0.747,1.6,37.0,66.0,8,1031.84,8,1
East Africa,Prefer not to say,34,Salaried,17,26.04,-1.498,8,1.5,0,2.0,0.0,1,0.736,3.1,50.0,58.0,1,320.91,8,0
East Africa,Female,50,Salaried,21,88.63,0.126,16,2.71,1,91.0,16.89,0,,,53.0,69.0,4,108.97,4,1
Central Africa,Female,54,Informal worker,26,120.71,0.422,12,3.43,0,6.0,0.0,0,,,94.0,71.0,6,728.33,4,1
Central Africa,Female,24,Self-employed,6,21.74,-0.509,12,0.57,1,46.0,7.9,0,,,48.0,20.0,0,36.41,8,1
East Africa,Female,49,Trader,6,26.84,0.596,8,3.96,1,47.0,7.87,1,0.907,35.1,54.0,48.0,1,124.83,8,1
Central Africa,Male,26,Trader,19,75.58,0.444,16,7.08,0,17.0,0.0,0,,,41.0,66.0,8,302.73,8,1
Central Africa,Male,45,Trader,11,28.43,0.412,19,3.3,0,8.0,0.0,1,0.728,8.9,24.0,68.0,7,510.93,24,0
Southern Africa,Male,23,Informal worker,24,98.15,1.373,13,4.74,1,13.0,27.11,0,,,34.0,46.0,6,68.5,4,1
East Africa,Male,64,Trader,24,96.03,1.263,21,4.69,0,19.0,0.0,0,,,70.0,35.0,10,352.29,52,1
West Africa,Male,49,Trader,21,49.12,0.751,22,5.99,0,4.0,0.0,0,,,46.0,63.0,6,1294.33,24,1
West Africa,Female,40,Self-employed,22,245.57,0.563,18,13.78,1,20.0,54.43,1,0.776,4.8,47.0,69.0,16,1057.62,8,1
East Africa,Male,41,Farmer,17,41.51,0.36,12,6.62,0,0.0,0.0,0,,,37.0,77.0,3,1429.74,12,1
East Africa,Female,47,Trader,13,20.31,0.704,17,4.04,1,49.0,45.91,1,0.791,4.1,37.0,56.0,6,387.35,12,1
East Africa,Female,23,Farmer,24,70.5,-0.837,24,3.78,0,6.0,0.0,1,0.92,4.1,75.0,93.0,5,198.16,8,1
East Africa,Prefer not to say,41,Trader,23,29.04,-0.296,15,6.61,1,38.0,28.46,0,,,81.0,89.0,6,932.81,8,1
East Africa,Male,51,Trader,12,47.98,0.164,13,2.71,1,37.0,30.99,1,0.5,9.5,15.0,32.0,3,156.56,8,1
Southern Africa,Female,30,Farmer,17,117.82,0.272,11,3.43,0,5.0,0.0,1,0.952,5.1,46.0,44.0,12,1462.09,24,1
West Africa,Female,40,Farmer,18,26.27,0.462,10,1.02,0,6.0,0.0,1,0.714,5.9,49.0,68.0,6,614.42,4,1
West Africa,Male,33,Salaried,9,43.27,0.044,10,1.1,0,19.0,0.0,0,,,16.0,37.0,3,64.79,8,0
Southern Africa,Male,25,Farmer,18,73.07,-0.429,14,7.1,1,79.0,28.89,1,0.766,3.4,58.0,56.0,7,203.44,8,1
Southern Africa,Male,64,Informal worker,11,33.85,0.03,15,3.75,0,0.0,0.0,0,,,59.0,80.0,7,274.85,12,1
Central Africa,Female,45,Informal worker,15,36.71,0.002,13,2.38,1,82.0,18.46,0,,,42.0,94.0,3,187.52,8,0
Central Africa,Female,36,Salaried,15,47.37,0.478,11,1.93,1,67.0,13.03,1,0.661,4.6,53.0,40.0,5,181.18,8,1
Central Africa,Male,33,Self-employed,16,47.63,0.481,7,2.9,1,75.0,16.11,0,,,62.0,64.0,8,279.11,12,1
West Africa,Female,49,Farmer,10,26.13,-1.215,11,1.71,0,9.0,0.0,0,,,31.0,52.0,6,106.56,24,1
East Africa,Male,23,Trader,14,27.15,-1.364,13,3.73,1,63.0,8.28,1,0.859,6.3,55.0,64.0,7,235.64,8,0
West Africa,Male,44,Trader,10,15.91,-0.58,14,1.46,0,13.0,0.0,0,,,24.0,57.0,5,300.58,24,1
East Africa,Female,28,Trader,23,31.26,0.884,15,2.53,0,1.0,0.0,0,,,67.0,42.0,3,278.96,24,1
Central Africa,Prefer not to say,59,Salaried,13,26.59,-0.476,12,1.08,0,2.0,0.0,0,,,45.0,47.0,5,66.55,24,0
West Africa,Female,54,Informal worker,9,75.92,1.315,12,2.06,0,6.0,0.0,0,,,35.0,51.0,5,79.99,4,0
East Africa,Male,53,Trader,10,9.5,-1.13,8,1.41,0,1.0,0.0,0,,,48.0,93.0,2,200.9,4,0
West Africa,Male,24,Trader,12,42.37,-0.607,11,2.18,1,85.0,11.44,0,,,24.0,31.0,4,345.2,4,1
West Africa,Male,21,Salaried,24,127.96,-0.217,18,5.45,1,62.0,54.25,0,,,24.0,64.0,2,330.8,8,1
West Africa,Male,39,Farmer,13,8.55,-0.763,10,1.67,0,0.0,0.0,0,,,28.0,33.0,4,477.79,12,1
West Africa,Male,34,Trader,19,73.15,-0.21,18,7.54,0,10.0,0.0,0,,,35.0,68.0,8,131.91,4,1
Central Africa,Female,52,Salaried,10,26.77,-0.081,6,2.65,0,8.0,0.0,1,0.914,15.3,84.0,33.0,1,121.57,8,1
East Africa,Female,51,Informal worker,22,65.37,0.41,24,4.58,1,85.0,51.91,0,,,52.0,83.0,4,447.23,12,1
Southern Africa,Male,36,Farmer,35,98.04,0.557,26,4.39,1,35.0,76.31,0,,,70.0,62.0,16,406.8,4,0
Southern Africa,Male,25,Farmer,12,94.3,0.042,11,2.4,0,10.0,0.0,0,,,57.0,79.0,6,195.11,8,1
West Africa,Male,33,Informal worker,25,53.4,0.093,14,5.55,0,11.0,0.0,0,,,76.0,80.0,9,599.72,4,1
West Africa,Male,41,Farmer,12,36.0,0.386,5,1.84,1,92.0,19.99,0,,,22.0,49.0,5,55.84,24,1
Southern Africa,Female,29,Self-employed,17,39.1,0.262,23,7.6,1,90.0,25.1,0,,,39.0,11.0,7,296.16,8,1
West Africa,Male,32,Salaried,16,64.84,0.393,11,3.06,1,15.0,20.88,1,0.88,2.6,53.0,38.0,4,416.53,52,1
Central Africa,Female,29,Informal worker,8,36.7,0.034,8,3.2,0,10.0,0.0,0,,,32.0,55.0,4,1073.97,8,1
West Africa,Male,21,Informal worker,40,75.84,0.327,20,3.33,1,26.0,129.84,0,,,44.0,87.0,7,403.09,8,1
Southern Africa,Male,46,Self-employed,22,101.6,0.464,16,5.23,1,32.0,41.77,0,,,64.0,68.0,5,581.96,12,1
Southern Africa,Prefer not to say,64,Trader,22,64.45,2.077,21,8.03,0,11.0,0.0,0,,,35.0,58.0,4,2390.49,24,1
West Africa,Male,62,Trader,11,27.9,-0.284,12,5.13,1,60.0,26.12,0,,,46.0,44.0,5,426.62,12,0
West Africa,Male,61,Salaried,12,8.59,0.212,9,2.07,1,69.0,22.83,0,,,18.0,54.0,4,845.88,12,1
Central Africa,Female,48,Trader,24,130.6,0.667,11,6.62,0,3.0,0.0,1,0.742,1.7,72.0,27.0,5,273.51,24,1
West Africa,Male,53,Informal worker,20,86.05,1.679,15,2.04,1,56.0,20.76,1,0.822,10.8,26.0,95.0,2,1411.62,12,1
East Africa,Male,21,Farmer,12,20.37,0.542,14,1.74,1,40.0,20.95,1,0.863,8.5,68.0,46.0,3,181.84,8,1
East Africa,Male,27,Farmer,17,40.57,-1.026,19,3.91,0,9.0,0.0,0,,,40.0,46.0,5,261.68,8,1
West Africa,Male,51,Trader,14,155.91,-0.13,6,7.2,1,71.0,14.36,0,,,79.0,56.0,4,205.96,4,1
Southern Africa,Female,64,Salaried,12,25.08,-1.348,11,1.85,1,90.0,9.94,1,0.646,23.8,30.0,71.0,8,328.53,52,0
Southern Africa,Male,60,Trader,15,119.39,0.602,21,2.94,0,22.0,0.0,0,,,29.0,96.0,9,138.94,8,0
East Africa,Female,47,Trader,20,194.62,0.693,14,3.65,1,32.0,42.02,1,0.813,7.2,68.0,67.0,11,392.44,4,0
Southern Africa,Female,23,Farmer,24,62.41,0.432,24,10.67,1,76.0,16.32,0,,,17.0,58.0,14,3613.95,24,1
West Africa,Male,63,Trader,18,21.23,0.094,7,1.7,1,54.0,21.95,1,0.983,11.3,33.0,86.0,3,126.34,4,1
West Africa,Male,32,Informal worker,7,38.48,0.204,7,2.09,1,62.0,15.64,1,0.839,25.3,44.0,66.0,2,43.99,8,0
East Africa,Male,20,Self-employed,5,20.31,-0.754,12,2.89,0,6.0,0.0,0,,,31.0,20.0,2,214.84,8,1
Central Africa,Male,54,Informal worker,6,30.3,-1.0,6,1.16,0,0.0,0.0,0,,,23.0,48.0,3,56.34,24,0
West Africa,Male,26,Informal worker,7,23.14,-0.582,14,3.05,1,74.0,13.85,0,,,77.0,72.0,3,113.67,8,0
West Africa,Female,32,Farmer,8,28.69,0.207,15,5.63,1,61.0,16.03,0,,,37.0,65.0,4,277.88,4,1
East Africa,Male,49,Self-employed,16,92.68,0.405,19,1.2,0,10.0,0.0,0,,,38.0,67.0,10,741.32,12,1
Southern Africa,Male,63,Salaried,6,10.18,0.286,11,3.4,0,1.0,0.0,0,,,34.0,82.0,4,249.59,8,1
West Africa,Female,60,Salaried,19,62.68,-0.626,16,8.93,0,1.0,0.0,0,,,55.0,19.0,7,150.04,4,1
East Africa,Female,25,Trader,33,53.48,1.177,18,5.29,0,14.0,0.0,1,0.879,6.4,67.0,79.0,9,215.31,12,1
Southern Africa,Male,26,Trader,14,50.99,0.849,15,2.83,0,6.0,0.0,0,,,51.0,84.0,2,101.51,12,1
East Africa,Male,56,Trader,14,13.96,1.015,17,2.3,0,8.0,0.0,1,0.7,13.7,39.0,35.0,4,202.64,24,0
West Africa,Prefer not to say,32,Trader,12,116.08,0.013,10,1.04,0,8.0,0.0,1,0.92,14.2,61.0,82.0,1,559.62,12,1
West Africa,Male,21,Trader,11,36.85,-0.149,12,4.73,0,7.0,0.0,1,0.881,15.6,60.0,67.0,2,506.21,12,0
East Africa,Female,45,Salaried,31,114.81,0.826,17,2.98,0,11.0,0.0,0,,,60.0,65.0,7,237.76,12,1
East Africa,Female,48,Trader,14,19.72,-0.168,12,3.84,0,8.0,0.0,1,0.877,1.1,59.0,78.0,1,511.56,8,0
Central Africa,Male,64,Trader,22,47.6,0.007,13,7.35,1,43.0,38.47,1,0.52,4.3,78.0,55.0,7,340.34,24,1
East Africa,Male,40,Salaried,9,45.37,-0.902,10,2.3,0,2.0,0.0,0,,,65.0,66.0,2,87.18,8,1
Southern Africa,Male,55,Self-employed,25,55.02,-0.245,9,2.42,0,7.0,0.0,1,0.792,18.5,68.0,84.0,6,194.12,12,1
Central Africa,Male,43,Trader,12,41.04,0.627,10,2.89,0,7.0,0.0,0,,,67.0,73.0,0,235.59,52,1
East Africa,Male,61,Trader,19,61.16,0.571,12,8.85,0,7.0,0.0,1,0.905,1.0,58.0,91.0,8,1193.88,8,1
East Africa,Female,40,Salaried,20,64.94,-0.367,25,5.1,0,5.0,0.0,0,,,91.0,32.0,8,2096.09,8,1
Central Africa,Female,49,Self-employed,4,33.67,-0.23,7,1.25,0,1.0,0.0,0,,,38.0,50.0,2,226.94,4,1
West Africa,Female,63,Informal worker,30,58.84,0.674,10,2.75,0,3.0,0.0,0,,,84.0,73.0,8,1124.77,4,0
Southern Africa,Prefer not to say,59,Farmer,18,36.32,0.568,10,4.44,0,16.0,0.0,1,0.377,8.8,43.0,59.0,7,293.63,12,1
Southern Africa,Female,36,Informal worker,16,43.46,-0.15,19,4.17,0,4.0,0.0,1,0.751,49.7,48.0,47.0,7,211.29,12,0
West Africa,Male,41,Salaried,7,42.56,-0.473,6,1.07,0,3.0,0.0,0,,,61.0,61.0,3,445.23,8,0
East Africa,Male,45,Trader,12,24.73,-1.025,15,4.69,1,20.0,18.2,1,0.866,0.3,50.0,83.0,6,195.11,8,0
West Africa,Female,23,Farmer,12,19.07,0.216,8,2.21,1,47.0,14.83,0,,,51.0,86.0,3,242.69,12,1
West Africa,Female,28,Salaried,16,35.85,-1.529,10,2.8,0,6.0,0.0,0,,,44.0,79.0,2,338.71,8,0
East Africa,Male,51,Informal worker,10,48.11,-0.366,7,1.17,1,65.0,46.31,0,,,38.0,93.0,2,287.06,8,1
West Africa,Female,21,Trader,12,221.44,-0.71,6,2.12,1,90.0,33.46,0,,,40.0,60.0,2,372.3,4,1
Southern Africa,Male,46,Salaried,30,55.92,1.792,18,3.19,0,10.0,0.0,1,0.823,1.5,84.0,81.0,10,314.93,12,1
Central Africa,Male,40,Informal worker,15,51.29,0.858,15,2.49,1,69.0,15.52,1,0.797,1.3,29.0,65.0,10,219.88,52,1
Southern Africa,Female,40,Trader,25,53.29,-0.119,14,3.32,1,69.0,13.88,1,0.625,10.8,74.0,73.0,10,238.05,8,1
West Africa,Male,57,Farmer,35,57.88,0.051,12,2.22,0,1.0,0.0,0,,,31.0,56.0,9,553.8,8,0
West Africa,Female,30,Farmer,25,80.94,-0.962,18,4.24,1,17.0,35.16,1,0.541,6.5,75.0,60.0,7,752.65,24,0
West Africa,Female,55,Self-employed,17,38.16,-0.255,14,2.59,0,5.0,0.0,1,0.9,9.4,61.0,80.0,6,803.12,8,0
West Africa,Female,54,Trader,29,75.43,-0.323,16,4.0,0,13.0,0.0,1,0.901,1.2,62.0,86.0,7,440.46,8,0
Central Africa,Male,64,Salaried,20,39.29,0.58,15,4.2,1,45.0,33.79,1,0.738,12.2,35.0,44.0,6,556.42,4,1
East Africa,Female,56,Farmer,20,49.41,0.746,14,4.91,0,7.0,0.0,1,0.596,2.8,66.0,82.0,10,1857.28,12,1
West Africa,Male,41,Salaried,10,72.0,-0.667,12,1.97,1,97.0,24.19,0,,,33.0,71.0,5,184.34,24,1
Southern Africa,Female,35,Self-employed,17,37.62,0.821,18,1.91,0,0.0,0.0,1,0.91,8.4,53.0,74.0,3,430.82,8,0
East Africa,Male,54,Self-employed,14,45.89,1.254,18,2.69,0,12.0,0.0,0,,,85.0,67.0,9,643.21,8,1
West Africa,Prefer not to say,61,Salaried,6,66.35,-0.599,8,3.72,1,63.0,23.08,1,0.537,2.4,17.0,67.0,3,141.99,8,1
West Africa,Female,31,Farmer,12,109.82,-0.743,10,1.48,0,9.0,0.0,0,,,14.0,51.0,1,216.43,4,0
East Africa,Male,35,Trader,8,44.62,0.13,10,2.93,1,60.0,5.37,0,,,31.0,68.0,1,125.73,12,1
Southern Africa,Male,41,Farmer,6,39.97,-0.217,8,2.1,1,48.0,16.71,1,0.808,23.4,22.0,91.0,2,49.63,12,0
West Africa,Male,23,Informal worker,23,29.15,0.042,10,2.02,1,60.0,31.87,0,,,19.0,51.0,4,130.12,8,1
Central Africa,Female,32,Farmer,17,30.01,0.135,14,3.9,1,48.0,11.24,1,0.943,22.1,37.0,86.0,3,592.69,4,1
Central Africa,Female,25,Farmer,17,26.98,0.385,11,2.11,1,32.0,47.67,0,,,25.0,84.0,8,240.53,4,1
Southern Africa,Female,54,Trader,9,30.4,1.513,13,1.72,1,75.0,33.7,0,,,8.0,15.0,4,783.39,4,1
West Africa,Female,41,Salaried,7,40.56,-0.293,9,3.28,0,1.0,0.0,1,0.762,8.7,41.0,22.0,4,159.14,8,0
West Africa,Male,46,Trader,10,43.78,0.38,14,4.38,1,81.0,11.54,1,0.802,1.0,13.0,20.0,8,217.61,8,1
Central Africa,Female,21,Farmer,13,33.79,-0.896,15,1.92,1,58.0,10.21,1,0.74,14.5,70.0,43.0,2,463.89,8,0
West Africa,Male,44,Informal worker,4,40.12,-1.459,11,1.99,0,13.0,0.0,0,,,27.0,38.0,4,143.86,8,1
East Africa,Female,51,Farmer,17,78.35,0.919,14,1.9,1,56.0,38.12,0,,,19.0,60.0,7,354.61,8,1
Southern Africa,Male,50,Salaried,15,40.87,-0.489,13,1.1,0,7.0,0.0,1,0.773,4.4,35.0,56.0,5,237.89,12,0
West Africa,Female,55,Informal worker,17,62.35,0.381,14,1.5,0,0.0,0.0,0,,,52.0,90.0,3,356.19,52,1
Southern Africa,Male,23,Salaried,31,442.8,0.957,10,4.06,1,78.0,17.89,0,,,64.0,81.0,17,430.15,12,1
Central Africa,Male,43,Farmer,16,59.68,0.399,15,1.06,1,81.0,41.31,0,,,49.0,93.0,8,76.82,8,1
Southern Africa,Male,40,Trader,20,97.63,-0.17,18,4.66,0,11.0,0.0,1,0.524,17.5,78.0,57.0,7,585.58,24,1
East Africa,Female,59,Informal worker,7,50.59,0.081,10,1.77,0,3.0,0.0,1,0.832,5.7,80.0,74.0,2,109.68,4,0
Central Africa,Male,50,Trader,23,60.47,1.553,14,8.92,0,23.0,0.0,0,,,78.0,68.0,6,513.56,4,1
East Africa,Male,62,Salaried,18,80.83,0.118,10,2.55,0,7.0,0.0,1,0.804,13.5,34.0,68.0,4,308.12,12,1
Southern Africa,Male,19,Self-employed,13,32.6,0.721,15,1.74,1,20.0,34.55,0,,,39.0,78.0,6,396.95,4,1
Southern Africa,Male,39,Trader,14,16.22,-0.473,5,6.74,1,84.0,39.18,1,0.675,2.2,62.0,61.0,1,268.0,8,1
Southern Africa,Female,51,Salaried,8,59.24,-0.424,11,0.97,0,8.0,0.0,0,,,77.0,91.0,5,1685.69,8,0
West Africa,Prefer not to say,22,Farmer,12,102.48,0.461,10,1.8,0,3.0,0.0,0,,,53.0,71.0,0,47.97,8,1
West Africa,Female,48,Trader,8,29.21,-0.453,14,2.15,0,4.0,0.0,0,,,51.0,7.0,4,192.4,24,1
West Africa,Female,28,Farmer,19,95.98,0.17,18,3.03,1,83.0,19.07,0,,,48.0,78.0,12,321.54,24,1
East Africa,Male,21,Informal worker,25,34.68,0.38,18,3.23,1,47.0,24.95,1,0.667,1.1,61.0,94.0,5,1556.63,12,1
East Africa,Male,48,Self-employed,40,239.58,0.119,13,3.96,1,51.0,56.77,1,0.747,7.7,51.0,91.0,8,200.88,8,1
East Africa,Female,38,Farmer,19,39.34,0.366,11,3.46,0,4.0,0.0,1,0.93,5.1,50.0,34.0,3,351.15,24,1
East Africa,Female,37,Informal worker,20,34.83,-0.37,8,1.51,0,14.0,0.0,0,,,56.0,63.0,1,237.61,4,0
Southern Africa,Male,33,Farmer,18,34.86,0.12,11,4.71,1,73.0,22.41,0,,,70.0,91.0,3,154.65,4,1
Central Africa,Female,50,Trader,8,28.02,-0.851,13,1.54,0,4.0,0.0,0,,,25.0,21.0,2,151.01,8,0
West Africa,Male,47,Informal worker,15,19.43,-0.274,17,2.22,1,53.0,26.16,1,0.847,1.0,49.0,81.0,6,182.81,4,1
Southern Africa,Male,49,Salaried,13,28.0,0.429,17,3.26,1,48.0,73.33,1,0.739,19.5,54.0,56.0,4,131.48,8,1
Southern Africa,Male,55,Informal worker,14,33.32,-0.561,8,2.64,1,76.0,23.0,1,0.481,21.4,48.0,60.0,0,225.56,12,1
East Africa,Female,46,Self-employed,7,42.42,0.183,16,2.71,0,19.0,0.0,0,,,72.0,72.0,4,59.84,4,0
West Africa,Female,21,Trader,10,91.06,0.007,16,3.12,0,1.0,0.0,0,,,62.0,74.0,7,343.35,4,1
Southern Africa,Female,25,Farmer,12,44.39,0.142,15,1.37,0,2.0,0.0,1,0.962,18.6,78.0,91.0,3,505.02,12,1
Central Africa,Female,64,Trader,12,231.19,1.558,14,2.4,1,51.0,28.47,0,,,58.0,82.0,6,1466.69,8,1
Southern Africa,Female,31,Salaried,20,94.0,0.957,16,4.44,0,2.0,0.0,0,,,37.0,69.0,4,225.55,52,1
Central Africa,Male,38,Trader,11,58.19,0.701,8,1.43,1,61.0,19.42,1,0.825,5.4,31.0,71.0,3,255.68,12,1
Central Africa,Female,35,Trader,11,16.22,-0.999,12,3.46,0,2.0,0.0,1,0.639,12.5,36.0,21.0,1,553.87,12,1
East Africa,Male,64,Salaried,25,137.13,0.789,19,8.22,1,65.0,34.02,1,0.83,6.5,54.0,57.0,8,654.36,24,1
East Africa,Male,56,Farmer,28,110.44,1.591,14,2.43,1,93.0,29.51,0,,,28.0,89.0,6,643.62,12,1
East Africa,Male,40,Informal worker,25,156.15,0.701,16,2.51,0,9.0,0.0,0,,,27.0,29.0,5,168.99,4,1
Central Africa,Male,50,Self-employed,12,14.88,-0.313,7,1.69,1,43.0,7.49,1,0.776,6.3,29.0,48.0,2,1578.98,4,1
West Africa,Female,43,Farmer,12,7.56,-0.372,17,1.03,0,0.0,0.0,0,,,18.0,46.0,0,217.67,8,0
East Africa,Male,48,Farmer,26,49.32,-0.471,13,1.94,0,17.0,0.0,0,,,59.0,49.0,6,718.28,24,1
Central Africa,Male,62,Self-employed,11,62.47,-0.285,12,3.59,0,8.0,0.0,0,,,32.0,61.0,2,897.94,24,1
West Africa,Female,49,Informal worker,15,119.07,0.063,18,6.58,1,94.0,86.15,1,0.715,3.4,52.0,82.0,5,446.06,8,1
Southern Africa,Female,23,Trader,14,56.17,-0.244,14,2.96,1,45.0,44.01,0,,,67.0,33.0,10,789.54,8,1
East Africa,Male,41,Salaried,14,150.05,0.258,12,1.63,0,8.0,0.0,0,,,53.0,50.0,6,334.32,8,1
Central Africa,Male,56,Farmer,24,64.01,0.239,18,3.34,1,91.0,32.68,1,0.899,0.3,52.0,78.0,10,540.41,8,1
Central Africa,Male,19,Salaried,9,30.97,0.08,14,1.81,1,74.0,13.65,1,0.907,18.2,38.0,44.0,3,607.01,4,1
West Africa,Female,34,Informal worker,35,87.62,0.565,21,4.03,1,61.0,13.29,0,,,54.0,65.0,11,89.01,24,1
Southern Africa,Female,27,Trader,19,21.12,1.134,13,1.75,0,0.0,0.0,1,0.976,9.4,44.0,41.0,6,278.86,24,1
West Africa,Male,51,Salaried,20,71.43,0.393,18,3.89,1,45.0,41.75,0,,,52.0,68.0,13,646.3,12,1
East Africa,Female,24,Trader,13,23.0,0.128,8,2.6,0,2.0,0.0,0,,,52.0,81.0,2,104.42,8,1
Southern Africa,Female,47,Salaried,4,60.81,-0.451,18,5.47,0,5.0,0.0,0,,,39.0,43.0,8,338.5,4,0
Southern Africa,Prefer not to say,21,Salaried,20,44.31,-0.103,14,2.91,1,54.0,23.75,1,0.634,33.9,15.0,89.0,7,234.27,12,0
West Africa,Male,61,Self-employed,40,101.99,1.242,23,9.77,1,69.0,46.1,0,,,44.0,92.0,11,2118.0,8,1
West Africa,Female,33,Trader,11,38.14,0.161,17,4.03,0,13.0,0.0,1,0.515,23.8,40.0,54.0,9,269.39,12,0
Southern Africa,Female,37,Farmer,30,107.48,0.731,17,5.36,1,84.0,28.46,0,,,39.0,89.0,12,428.97,4,1
East Africa,Male,55,Trader,15,139.74,-0.137,21,3.99,1,97.0,29.77,1,0.535,0.2,36.0,45.0,10,601.23,4,1
East Africa,Male,35,Farmer,8,17.62,0.167,10,1.67,0,8.0,0.0,0,,,24.0,32.0,2,119.16,24,0
West Africa,Male,23,Farmer,40,90.58,1.161,19,8.29,0,7.0,0.0,1,0.968,2.7,44.0,60.0,10,470.94,8,1
West Africa,Male,60,Informal worker,12,56.72,0.418,20,1.72,1,52.0,16.72,0,,,28.0,68.0,3,306.15,4,1
Central Africa,Female,23,Farmer,4,34.63,-0.341,8,2.82,0,3.0,0.0,1,0.539,28.5,51.0,13.0,2,75.96,8,1
West Africa,Female,41,Self-employed,24,157.91,1.213,15,2.68,1,80.0,26.51,1,0.826,1.7,54.0,82.0,5,685.16,12,1
East Africa,Male,23,Trader,16,14.39,-0.05,7,3.1,1,43.0,23.31,1,0.716,4.5,52.0,72.0,3,1299.58,24,1
Central Africa,Female,50,Farmer,14,25.86,-1.032,18,4.1,0,4.0,0.0,1,0.869,0.0,50.0,33.0,2,400.47,12,1
West Africa,Male,30,Informal worker,12,38.09,-0.023,9,3.24,0,10.0,0.0,0,,,55.0,47.0,3,259.12,12,1
Southern Africa,Prefer not to say,61,Trader,11,52.29,-1.474,7,1.66,0,1.0,0.0,1,0.648,2.7,12.0,51.0,4,257.28,4,0
West Africa,Male,27,Informal worker,21,47.21,0.312,22,2.77,0,11.0,0.0,1,0.675,9.5,48.0,56.0,2,409.41,24,1
Central Africa,Female,49,Informal worker,7,25.24,-0.134,14,1.21,1,88.0,24.43,1,0.739,15.0,45.0,35.0,3,635.32,4,0
Southern Africa,Female,18,Informal worker,7,28.81,-1.522,7,2.15,0,9.0,0.0,0,,,29.0,55.0,2,492.6,8,0
Central Africa,Female,23,Informal worker,15,38.04,-1.151,11,4.85,0,22.0,0.0,0,,,18.0,79.0,8,444.52,24,1
West Africa,Female,30,Salaried,29,134.11,-0.279,18,4.95,1,53.0,38.21,1,0.809,19.6,61.0,49.0,8,374.18,8,1
East Africa,Male,59,Self-employed,7,27.82,-0.501,9,2.5,0,6.0,0.0,0,,,30.0,15.0,2,320.48,4,1
Southern Africa,Female,64,Trader,12,42.21,-0.761,12,3.93,0,0.0,0.0,0,,,32.0,47.0,5,241.64,12,0
West Africa,Female,46,Farmer,14,62.03,0.872,15,1.78,1,22.0,20.49,0,,,45.0,78.0,8,152.37,4,1
West Africa,Male,33,Salaried,15,17.89,-0.816,15,3.69,0,4.0,0.0,0,,,8.0,74.0,5,196.2,12,0
West Africa,Prefer not to say,32,Trader,12,29.64,0.439,14,1.19,1,78.0,19.05,1,0.731,10.5,89.0,71.0,2,256.12,12,0
Central Africa,Male,27,Farmer,22,36.83,-1.116,8,2.22,0,20.0,0.0,1,0.906,26.7,65.0,58.0,5,619.77,8,1
Southern Africa,Male,34,Informal worker,10,90.76,0.839,16,3.97,0,6.0,0.0,0,,,17.0,50.0,3,221.91,52,0
East Africa,Female,41,Trader,17,123.11,0.635,15,1.28,1,48.0,32.25,0,,,62.0,86.0,4,623.1,4,1
Southern Africa,Male,50,Farmer,12,27.01,-1.105,16,3.59,0,0.0,0.0,1,0.827,19.2,23.0,88.0,4,166.38,24,1
East Africa,Male,28,Salaried,21,84.59,-0.039,9,2.46,0,6.0,0.0,1,0.836,0.1,61.0,55.0,6,200.32,4,0
East Africa,Male,19,Trader,15,53.22,0.348,16,2.6,1,71.0,15.29,1,0.875,21.3,68.0,58.0,3,489.51,8,1
East Africa,Female,44,Trader,21,51.73,1.159,17,2.22,0,5.0,0.0,0,,,49.0,78.0,4,374.7,8,1
East Africa,Female,29,Salaried,11,25.61,-1.111,14,0.7,1,54.0,41.55,0,,,68.0,71.0,0,67.96,24,1
West Africa,Male,36,Salaried,17,36.72,0.963,8,2.36,0,7.0,0.0,0,,,73.0,55.0,1,507.66,24,1
Central Africa,Female,51,Informal worker,21,48.3,0.007,15,4.17,1,87.0,15.15,1,0.87,29.3,24.0,66.0,6,595.19,12,1
Southern Africa,Female,60,Farmer,9,11.68,0.993,9,3.84,1,82.0,11.49,0,,,18.0,84.0,2,155.72,12,1
West Africa,Female,43,Trader,21,43.86,1.078,13,4.26,1,36.0,37.51,1,0.947,2.6,86.0,85.0,11,721.33,52,1
East Africa,Female,61,Salaried,11,43.11,-2.086,18,6.17,1,25.0,36.26,1,0.722,10.1,72.0,44.0,8,177.47,4,1
West Africa,Female,30,Trader,29,40.22,1.204,26,4.18,1,50.0,20.06,0,,,37.0,92.0,7,417.26,12,1
Central Africa,Male,51,Self-employed,11,28.45,-0.259,7,1.49,0,2.0,0.0,0,,,70.0,83.0,4,298.18,24,1
Central Africa,Male,64,Salaried,8,19.25,0.14,5,2.22,0,2.0,0.0,0,,,65.0,57.0,0,521.79,24,1
Central Africa,Female,28,Trader,11,14.03,0.07,11,4.62,0,23.0,0.0,0,,,38.0,80.0,3,236.84,12,1
West Africa,Male,52,Informal worker,7,52.93,-0.201,7,1.96,0,11.0,0.0,1,0.664,30.2,59.0,18.0,3,97.32,4,0
West Africa,Male,40,Self-employed,10,37.13,0.266,16,1.19,0,0.0,0.0,0,,,37.0,59.0,3,505.19,4,1
West Africa,Male,59,Salaried,17,17.23,-0.562,21,2.15,0,3.0,0.0,0,,,77.0,29.0,8,135.69,24,1
West Africa,Male,32,Informal worker,16,77.44,-0.942,14,3.7,0,2.0,0.0,1,0.734,25.6,40.0,35.0,4,391.29,52,1
West Africa,Female,63,Trader,11,21.07,0.122,7,2.64,0,15.0,0.0,1,0.953,7.0,27.0,79.0,1,284.46,4,1
West Africa,Male,55,Informal worker,20,33.7,0.776,15,3.88,1,24.0,42.68,0,,,47.0,52.0,10,83.42,52,1
Central Africa,Female,51,Informal worker,15,41.53,0.697,12,2.09,0,6.0,0.0,0,,,50.0,49.0,5,123.35,52,1
West Africa,Female,19,Informal worker,8,61.4,-0.118,6,1.04,0,0.0,0.0,0,,,49.0,66.0,1,124.87,24,0
West Africa,Male,21,Trader,11,37.68,-0.411,10,2.02,1,50.0,14.32,1,0.695,10.6,39.0,69.0,4,133.93,24,1
Southern Africa,Male,49,Self-employed,11,18.97,-0.158,9,1.87,0,6.0,0.0,0,,,31.0,17.0,0,228.51,8,1
East Africa,Male,40,Farmer,18,70.37,0.847,17,3.25,0,5.0,0.0,1,0.729,4.2,29.0,39.0,5,244.52,8,1
Southern Africa,Male,33,Trader,23,41.71,0.553,20,2.36,0,4.0,0.0,1,0.814,5.0,87.0,97.0,3,136.36,8,1
East Africa,Male,57,Trader,18,95.16,-1.396,13,3.19,0,0.0,0.0,0,,,71.0,53.0,1,124.3,52,1
Central Africa,Female,40,Trader,15,32.61,0.649,14,1.35,1,88.0,27.93,1,0.638,0.7,48.0,30.0,3,256.94,24,1
East Africa,Male,39,Farmer,29,112.64,-0.023,15,2.83,1,88.0,43.65,0,,,61.0,76.0,7,877.68,12,1
East Africa,Male,33,Trader,23,18.41,-0.234,12,2.45,0,11.0,0.0,1,0.766,1.9,57.0,93.0,6,309.93,4,1
Southern Africa,Male,64,Farmer,11,39.5,-0.751,10,3.26,0,5.0,0.0,1,0.777,1.0,73.0,92.0,2,1072.65,4,1
East Africa,Male,35,Trader,26,29.26,0.346,13,7.32,0,1.0,0.0,0,,,67.0,52.0,11,344.92,12,0
West Africa,Male,30,Trader,18,36.25,-0.265,10,1.64,0,3.0,0.0,0,,,40.0,77.0,8,673.36,24,0
East Africa,Female,49,Trader,15,52.33,0.416,17,4.43,1,92.0,23.37,1,0.386,7.7,44.0,62.0,7,261.71,8,1
West Africa,Male,19,Farmer,24,55.69,1.095,26,2.64,1,67.0,52.85,1,0.849,0.4,47.0,52.0,6,759.83,8,1
Southern Africa,Female,45,Farmer,18,36.13,-0.893,11,4.97,0,2.0,0.0,1,0.646,47.8,28.0,47.0,8,627.85,8,0
West Africa,Female,44,Farmer,34,175.04,-0.705,13,4.18,0,12.0,0.0,0,,,51.0,84.0,10,325.4,4,1
West Africa,Female,29,Informal worker,12,11.57,-0.365,12,1.48,0,7.0,0.0,1,0.705,18.1,44.0,23.0,7,392.91,4,0
West Africa,Female,54,Farmer,28,122.9,1.21,20,8.27,0,2.0,0.0,0,,,61.0,48.0,11,1029.65,24,1
Southern Africa,Male,20,Informal worker,6,22.58,-0.165,11,1.3,1,98.0,21.2,1,0.578,11.2,51.0,56.0,0,411.01,24,1
West Africa,Female,64,Trader,18,29.38,0.425,16,1.89,1,59.0,19.62,0,,,84.0,20.0,4,117.35,4,1
Southern Africa,Male,58,Farmer,12,20.05,-1.086,10,2.19,0,4.0,0.0,0,,,24.0,72.0,1,48.71,8,1
Central Africa,Female,26,Trader,11,33.38,-1.068,9,1.43,0,1.0,0.0,0,,,21.0,75.0,4,259.79,8,0
West Africa,Male,41,Farmer,26,84.45,0.79,15,3.2,0,9.0,0.0,1,0.827,4.5,31.0,92.0,5,347.32,4,1
Southern Africa,Female,27,Informal worker,15,31.9,-0.662,17,2.42,0,7.0,0.0,0,,,28.0,70.0,1,220.42,4,0
West Africa,Female,47,Salaried,15,39.29,-0.041,11,4.18,1,48.0,15.47,0,,,28.0,85.0,6,257.93,4,1
West Africa,Female,34,Informal worker,25,17.25,-0.699,16,1.43,1,30.0,24.22,0,,,58.0,34.0,7,623.98,4,1
Southern Africa,Male,40,Farmer,4,49.0,-0.486,13,1.12,1,66.0,17.64,0,,,34.0,29.0,6,622.92,4,0
Central Africa,Female,62,Trader,21,85.95,0.167,21,5.3,0,2.0,0.0,1,0.585,2.1,18.0,66.0,5,441.61,12,1
West Africa,Female,47,Self-employed,14,14.96,0.172,7,3.11,0,3.0,0.0,1,0.912,12.0,84.0,42.0,2,616.41,24,1
East Africa,Male,58,Trader,23,129.06,-0.577,21,4.01,0,22.0,0.0,0,,,23.0,84.0,14,159.53,12,1
West Africa,Male,47,Trader,11,35.88,0.223,13,0.85,0,7.0,0.0,1,0.683,2.3,57.0,87.0,1,428.51,8,0
East Africa,Male,40,Trader,20,57.37,0.177,12,2.81,1,19.0,39.71,0,,,69.0,77.0,6,950.47,4,0
East Africa,Male,18,Self-employed,18,37.86,0.874,16,1.71,0,3.0,0.0,1,0.808,8.3,88.0,60.0,6,279.6,8,1
East Africa,Female,22,Self-employed,6,16.51,-0.693,6,6.29,0,6.0,0.0,1,0.965,17.3,46.0,54.0,2,215.36,8,0
East Africa,Male,43,Farmer,15,33.92,0.687,6,3.93,0,6.0,0.0,0,,,72.0,86.0,5,738.79,8,1
West Africa,Female,41,Trader,8,171.63,-0.609,8,1.52,0,1.0,0.0,0,,,70.0,73.0,3,327.12,12,1
Southern Africa,Female,41,Salaried,20,43.17,1.042,14,8.05,0,2.0,0.0,0,,,15.0,74.0,8,301.19,8,1
Southern Africa,Female,57,Farmer,5,38.85,-1.361,10,4.16,1,70.0,24.66,0,,,55.0,68.0,3,221.93,8,0
Southern Africa,Female,22,Trader,12,85.44,-0.782,17,5.82,0,3.0,0.0,0,,,42.0,30.0,4,289.89,8,1
West Africa,Female,48,Farmer,17,175.56,0.261,15,6.25,0,5.0,0.0,0,,,68.0,74.0,7,706.27,8,1
East Africa,Male,53,Farmer,6,51.18,-0.046,13,1.88,1,30.0,38.85,0,,,53.0,58.0,4,123.42,4,0
East Africa,Male,48,Farmer,12,21.62,0.119,18,4.35,1,47.0,25.77,0,,,33.0,56.0,4,257.62,8,1
West Africa,Female,29,Informal worker,20,31.53,0.253,21,1.83,1,47.0,11.85,0,,,31.0,67.0,2,66.51,24,1
West Africa,Prefer not to say,37,Informal worker,12,27.07,-0.888,8,4.37,0,1.0,0.0,1,0.737,40.2,56.0,59.0,6,119.92,4,0
East Africa,Male,20,Informal worker,12,42.33,0.787,8,2.52,0,3.0,0.0,0,,,32.0,69.0,5,51.08,8,1
Southern Africa,Female,26,Trader,17,100.47,0.28,20,6.9,1,36.0,19.75,1,0.814,14.5,67.0,38.0,7,594.5,4,0
West Africa,Prefer not to say,55,Trader,18,88.23,0.635,16,4.02,1,37.0,18.52,1,0.847,2.9,24.0,72.0,5,295.56,8,1
Southern Africa,Male,47,Salaried,19,122.83,0.618,14,5.05,1,31.0,39.93,1,0.789,0.9,35.0,74.0,8,523.02,4,0
East Africa,Female,58,Trader,14,129.5,0.367,10,1.45,0,3.0,0.0,1,0.704,13.1,54.0,88.0,4,118.63,8,1
Southern Africa,Female,50,Farmer,19,109.2,2.47,19,1.6,0,4.0,0.0,1,0.834,27.8,27.0,46.0,4,627.51,8,1
East Africa,Male,29,Trader,8,18.98,-0.6,10,1.62,0,7.0,0.0,0,,,22.0,86.0,7,198.08,24,1
East Africa,Male,56,Trader,18,36.91,0.256,17,0.81,1,39.0,20.89,0,,,26.0,69.0,7,63.44,4,0
East Africa,Male,50,Farmer,29,257.02,0.803,27,4.88,1,48.0,23.27,1,0.735,0.6,52.0,59.0,12,369.41,8,1
Central Africa,Female,27,Trader,17,50.83,1.193,12,4.06,1,90.0,42.05,0,,,33.0,73.0,11,624.74,12,1
East Africa,Male,18,Informal worker,5,32.52,0.067,3,1.06,0,3.0,0.0,0,,,51.0,52.0,2,259.05,8,1
East Africa,Female,53,Farmer,9,16.05,0.16,9,3.42,0,5.0,0.0,1,0.415,12.3,66.0,27.0,0,193.91,4,1
East Africa,Female,51,Salaried,21,22.95,-0.151,15,5.17,0,1.0,0.0,0,,,56.0,88.0,7,379.12,8,0
Southern Africa,Female,22,Informal worker,13,49.14,0.361,15,2.69,0,10.0,0.0,0,,,23.0,82.0,0,579.6,24,1
West Africa,Male,39,Trader,10,59.78,-0.853,12,2.67,0,10.0,0.0,1,0.561,9.0,57.0,60.0,2,254.67,52,0
East Africa,Male,60,Salaried,24,62.57,0.183,15,3.75,1,42.0,44.88,1,0.564,0.7,58.0,44.0,9,321.73,8,1
East Africa,Male,55,Self-employed,15,13.43,0.772,24,4.55,0,3.0,0.0,1,0.695,26.5,37.0,51.0,1,139.78,12,1
Central Africa,Male,56,Trader,9,34.94,0.433,11,2.09,0,6.0,0.0,0,,,50.0,46.0,4,125.9,4,1
East Africa,Male,36,Informal worker,7,31.93,0.46,13,3.51,1,41.0,16.08,0,,,3.0,24.0,4,154.78,52,1
East Africa,Male,23,Informal worker,6,31.94,-0.777,8,1.46,1,65.0,11.99,1,0.809,20.6,82.0,71.0,0,474.8,24,1
Central Africa,Male,34,Informal worker,16,33.97,0.494,10,7.88,0,0.0,0.0,0,,,35.0,60.0,4,1062.55,12,1
East Africa,Female,50,Trader,17,18.14,-0.574,13,2.45,1,52.0,26.08,1,0.797,7.5,29.0,62.0,6,1086.77,4,1
West Africa,Male,57,Trader,24,40.48,0.443,14,1.95,1,80.0,35.17,1,0.867,9.2,75.0,75.0,5,413.44,24,1
West Africa,Male,48,Trader,21,29.67,0.645,8,1.65,0,3.0,0.0,1,0.639,1.8,17.0,34.0,7,473.91,4,1
West Africa,Female,19,Trader,28,108.42,0.653,11,4.91,1,67.0,40.1,0,,,19.0,70.0,8,147.48,24,1
West Africa,Female,45,Farmer,25,47.95,0.764,11,3.31,0,14.0,0.0,0,,,63.0,47.0,6,217.38,8,1
East Africa,Female,26,Salaried,18,75.97,-0.86,9,1.76,1,68.0,17.5,1,0.954,15.8,42.0,81.0,4,216.29,4,1
Southern Africa,Female,46,Farmer,14,33.19,-0.345,11,3.81,1,40.0,30.71,1,0.928,9.3,18.0,76.0,3,53.31,12,1
Southern Africa,Male,37,Farmer,15,23.77,-1.019,16,2.38,0,10.0,0.0,0,,,52.0,57.0,0,157.49,8,1
West Africa,Female,43,Trader,10,22.34,-0.582,11,2.74,0,5.0,0.0,1,0.885,4.2,19.0,17.0,1,398.73,24,0
East Africa,Female,46,Farmer,17,32.13,0.136,11,2.21,0,8.0,0.0,1,0.473,6.5,45.0,46.0,7,1122.34,52,0
West Africa,Female,47,Salaried,17,79.19,0.24,22,2.94,0,3.0,0.0,0,,,13.0,73.0,8,1485.21,4,0
Central Africa,Female,18,Salaried,22,22.21,0.954,21,5.52,1,64.0,41.98,0,,,55.0,78.0,7,243.4,24,1
West Africa,Male,63,Farmer,17,38.43,0.586,8,7.68,1,38.0,23.65,0,,,53.0,72.0,5,649.73,24,1
East Africa,Male,45,Farmer,14,45.39,-0.059,20,2.15,0,11.0,0.0,0,,,60.0,81.0,4,204.46,12,0
West Africa,Female,41,Trader,27,51.83,0.597,9,3.04,1,72.0,11.42,1,0.929,29.3,76.0,77.0,10,100.09,4,0
East Africa,Male,35,Self-employed,16,50.02,0.879,13,0.76,0,1.0,0.0,1,0.895,44.7,22.0,94.0,4,287.62,8,1
East Africa,Male,22,Farmer,19,22.55,1.355,19,4.54,1,47.0,23.34,1,0.806,5.7,69.0,78.0,5,372.72,12,1
Southern Africa,Male,47,Farmer,8,44.75,-0.176,10,0.9,1,40.0,25.31,0,,,40.0,84.0,5,204.77,12,1
West Africa,Male,35,Farmer,8,37.2,0.112,7,1.41,1,91.0,18.07,0,,,56.0,71.0,4,219.18,8,1
Central Africa,Male,60,Trader,23,71.45,0.184,15,3.15,0,10.0,0.0,1,0.579,16.0,71.0,43.0,3,2133.07,4,1
East Africa,Male,48,Farmer,13,75.41,-1.16,13,2.24,1,75.0,31.77,0,,,47.0,82.0,4,315.42,12,0
Southern Africa,Female,38,Self-employed,13,34.26,-0.868,13,3.35,0,2.0,0.0,1,0.86,1.1,57.0,84.0,3,242.28,8,0
Southern Africa,Male,19,Trader,12,30.53,-0.643,13,3.01,0,0.0,0.0,1,0.647,2.6,55.0,60.0,2,153.21,12,1
Central Africa,Male,44,Trader,7,59.83,-0.635,4,1.61,1,59.0,18.39,0,,,22.0,40.0,3,544.46,8,1
West Africa,Male,57,Trader,8,19.6,-0.013,11,2.41,1,17.0,30.92,1,0.856,19.0,48.0,57.0,7,90.1,24,1
West Africa,Female,39,Trader,8,83.22,-0.648,14,1.03,0,3.0,0.0,0,,,58.0,84.0,7,143.25,4,0
West Africa,Female,48,Self-employed,18,156.9,-0.094,16,2.38,1,85.0,27.4,0,,,69.0,38.0,3,625.83,4,1
West Africa,Female,23,Informal worker,29,150.49,0.738,23,3.5,1,47.0,60.13,0,,,60.0,65.0,8,406.23,4,1
East Africa,Female,37,Self-employed,6,23.48,-0.798,6,1.42,0,6.0,0.0,1,0.863,15.8,43.0,23.0,3,113.24,12,1
Central Africa,Prefer not to say,55,Salaried,10,35.68,-0.574,15,3.68,0,3.0,0.0,0,,,17.0,83.0,2,117.21,4,0
Central Africa,Female,37,Informal worker,8,99.23,-0.243,15,2.27,0,1.0,0.0,0,,,18.0,82.0,4,204.14,4,0
East Africa,Female,59,Informal worker,13,80.92,0.781,14,1.21,1,82.0,49.08,0,,,37.0,56.0,5,115.13,4,1
East Africa,Male,37,Farmer,15,54.07,0.279,8,1.78,0,6.0,0.0,0,,,72.0,33.0,5,182.2,24,1
Central Africa,Female,56,Informal worker,7,14.17,-0.636,12,1.23,1,67.0,20.79,0,,,54.0,68.0,0,617.79,8,1
Central Africa,Male,48,Informal worker,15,111.38,0.461,12,1.01,0,4.0,0.0,0,,,23.0,45.0,1,675.54,8,1
West Africa,Female,62,Informal worker,24,103.66,0.213,12,11.61,0,5.0,0.0,0,,,60.0,45.0,17,1375.48,8,1
East Africa,Male,43,Farmer,20,65.36,-0.051,14,1.83,0,3.0,0.0,1,0.451,5.2,70.0,31.0,9,120.09,24,1
Southern Africa,Male,39,Informal worker,8,54.18,-0.497,7,1.71,0,8.0,0.0,0,,,26.0,63.0,2,34.41,12,1
West Africa,Male,34,Trader,11,36.06,0.55,17,3.19,1,75.0,18.79,1,0.739,25.6,60.0,98.0,2,217.72,8,1
East Africa,Female,48,Informal worker,26,93.81,0.745,17,7.82,1,59.0,79.06,1,0.815,0.8,45.0,72.0,7,497.31,8,1
Central Africa,Female,64,Farmer,15,61.09,0.51,25,5.91,1,64.0,26.3,1,0.595,7.3,22.0,58.0,10,336.3,4,1
Central Africa,Male,25,Farmer,28,48.7,1.001,20,6.3,0,1.0,0.0,1,0.911,6.9,45.0,74.0,6,87.99,24,1
Central Africa,Male,62,Farmer,12,67.28,-0.078,12,1.5,0,3.0,0.0,0,,,8.0,42.0,7,207.44,4,0
Southern Africa,Male,63,Salaried,24,65.86,-0.293,25,2.51,1,25.0,13.58,1,0.941,5.0,38.0,40.0,8,673.4,12,0
West Africa,Female,54,Salaried,13,42.74,-0.541,11,3.18,1,77.0,43.16,0,,,86.0,71.0,4,183.74,8,1
West Africa,Male,45,Farmer,16,50.72,-0.705,12,2.48,0,6.0,0.0,0,,,33.0,62.0,7,332.55,4,0
East Africa,Male,58,Farmer,21,12.42,-0.588,11,1.37,0,6.0,0.0,0,,,17.0,36.0,6,591.18,8,0
East Africa,Female,30,Trader,7,73.59,-0.491,9,1.44,1,51.0,35.96,0,,,52.0,22.0,3,253.43,24,1
East Africa,Female,47,Trader,11,16.27,-1.046,6,1.25,0,3.0,0.0,1,0.898,7.5,11.0,29.0,1,531.26,8,0
East Africa,Female,55,Trader,16,114.98,0.003,16,2.39,0,10.0,0.0,0,,,62.0,52.0,7,866.97,52,0
East Africa,Female,55,Salaried,17,43.48,-0.675,8,2.23,0,9.0,0.0,1,0.925,1.0,82.0,61.0,3,724.98,24,0
Southern Africa,Female,45,Salaried,19,69.31,0.716,15,1.3,1,93.0,18.91,0,,,61.0,85.0,5,347.3,52,1
West Africa,Male,36,Trader,11,61.42,-0.49,15,1.95,0,9.0,0.0,1,0.886,2.1,39.0,84.0,3,1248.89,12,0
West Africa,Male,62,Salaried,8,25.54,-1.02,7,2.31,0,3.0,0.0,1,0.674,7.7,11.0,86.0,1,80.53,12,1
West Africa,Prefer not to say,49,Farmer,16,17.75,-0.237,8,1.47,1,27.0,13.41,1,0.933,12.1,78.0,22.0,1,116.06,8,1
West Africa,Male,54,Salaried,29,170.4,-0.323,18,3.91,1,63.0,39.61,1,0.721,1.0,64.0,88.0,13,1534.65,52,1
Central Africa,Female,47,Farmer,16,73.08,0.105,7,1.86,0,7.0,0.0,0,,,29.0,84.0,4,62.31,24,1
East Africa,Male,59,Informal worker,14,68.9,-0.568,14,4.86,0,1.0,0.0,1,0.729,29.8,71.0,36.0,7,2043.5,8,0
West Africa,Male,40,Farmer,13,82.04,0.391,11,1.72,0,5.0,0.0,0,,,55.0,53.0,5,315.64,4,1
Southern Africa,Male,43,Trader,4,34.09,-0.751,16,1.27,1,95.0,21.33,1,0.885,19.9,41.0,44.0,1,197.55,4,1
East Africa,Female,55,Trader,21,30.46,0.013,18,5.19,0,7.0,0.0,0,,,79.0,95.0,5,339.3,12,0
West Africa,Female,42,Informal worker,19,87.44,0.719,12,4.85,0,2.0,0.0,0,,,22.0,54.0,10,535.81,12,0
West Africa,Male,29,Self-employed,8,30.22,-0.11,9,2.87,0,5.0,0.0,1,0.772,15.4,38.0,63.0,3,70.04,24,1
West Africa,Male,53,Informal worker,20,64.19,-0.978,13,2.66,0,14.0,0.0,1,0.881,10.5,48.0,44.0,6,120.13,12,1
Southern Africa,Male,35,Salaried,17,38.73,0.267,16,3.54,1,69.0,12.93,0,,,42.0,93.0,5,353.78,4,1
West Africa,Male,22,Trader,15,13.74,-0.109,20,1.91,0,1.0,0.0,0,,,20.0,72.0,5,65.97,8,0
West Africa,Male,35,Salaried,21,48.13,0.148,17,1.85,1,57.0,26.81,0,,,48.0,35.0,8,254.31,24,1
West Africa,Female,20,Salaried,17,36.49,-0.224,15,4.2,1,64.0,15.46,0,,,47.0,33.0,4,104.89,12,1
East Africa,Male,59,Farmer,15,92.16,-0.654,10,3.2,1,48.0,32.03,1,0.59,9.8,70.0,41.0,0,99.22,4,1
West Africa,Male,64,Farmer,9,64.52,0.044,8,2.41,0,1.0,0.0,0,,,77.0,65.0,7,288.79,4,0
Southern Africa,Male,30,Trader,23,312.99,-0.261,16,5.03,0,4.0,0.0,1,0.782,5.9,16.0,55.0,8,226.78,12,0
West Africa,Male,61,Trader,14,52.16,1.149,16,4.65,0,1.0,0.0,1,0.923,1.3,57.0,46.0,7,591.25,4,1
East Africa,Male,51,Trader,20,40.11,0.971,8,2.55,0,1.0,0.0,0,,,44.0,57.0,3,326.86,24,1
East Africa,Female,62,Informal worker,26,59.9,0.351,20,5.28,0,20.0,0.0,1,0.915,4.2,57.0,38.0,10,613.35,12,1
East Africa,Female,25,Salaried,2,23.66,0.06,10,1.91,1,52.0,17.34,1,0.97,13.5,47.0,75.0,1,261.84,52,1
West Africa,Female,20,Trader,25,44.73,-0.233,7,2.96,1,53.0,37.85,1,0.696,7.0,27.0,37.0,6,378.47,24,1
Southern Africa,Male,61,Self-employed,17,29.08,-0.318,16,1.92,0,18.0,0.0,1,0.439,8.5,77.0,46.0,4,90.99,24,1
Central Africa,Female,30,Salaried,13,43.66,0.078,10,6.39,0,4.0,0.0,1,0.633,25.6,70.0,74.0,6,137.85,4,1
West Africa,Female,46,Informal worker,11,24.9,-0.766,16,1.33,0,7.0,0.0,0,,,48.0,82.0,3,670.02,12,1
West Africa,Female,60,Self-employed,11,36.83,-0.708,12,1.25,0,12.0,0.0,1,0.909,17.3,75.0,87.0,4,388.61,8,1
Central Africa,Female,34,Salaried,14,110.56,1.074,10,3.2,0,12.0,0.0,0,,,62.0,12.0,3,337.17,24,1
East Africa,Male,22,Trader,16,84.03,-0.134,12,3.47,1,59.0,14.18,1,0.813,10.9,36.0,59.0,7,486.59,12,0
West Africa,Prefer not to say,55,Self-employed,23,332.1,0.433,16,7.24,1,92.0,35.01,0,,,40.0,95.0,3,489.59,4,1
West Africa,Female,39,Farmer,13,42.68,0.289,8,0.76,0,0.0,0.0,0,,,16.0,67.0,8,465.7,8,1
Southern Africa,Female,19,Trader,13,109.2,-0.462,13,4.0,0,3.0,0.0,0,,,55.0,68.0,3,153.57,24,0
Southern Africa,Female,34,Trader,14,33.79,-0.973,13,2.51,0,5.0,0.0,1,0.545,12.5,62.0,29.0,2,284.64,8,1
East Africa,Prefer not to say,42,Informal worker,34,118.82,1.713,16,9.01,1,66.0,24.66,0,,,44.0,74.0,10,137.39,12,1
Central Africa,Male,59,Self-employed,13,33.94,-0.023,11,1.29,1,61.0,18.9,1,0.693,8.5,44.0,54.0,3,584.02,4,1
East Africa,Female,28,Farmer,14,157.03,-0.081,12,3.66,1,53.0,18.51,1,0.905,11.8,45.0,53.0,3,335.86,52,1
West Africa,Female,42,Informal worker,12,35.07,0.048,9,1.6,0,4.0,0.0,1,0.887,34.5,75.0,75.0,5,520.6,24,1
East Africa,Female,26,Farmer,4,18.11,-0.15,12,1.03,0,9.0,0.0,0,,,14.0,67.0,2,311.02,8,0
East Africa,Female,31,Salaried,3,30.88,0.205,9,3.58,0,14.0,0.0,1,0.509,20.5,60.0,82.0,1,272.83,4,1
West Africa,Male,30,Trader,6,24.19,0.237,10,2.53,0,11.0,0.0,0,,,70.0,40.0,0,93.43,4,1
West Africa,Male,42,Informal worker,25,203.13,0.218,15,5.06,0,2.0,0.0,1,0.944,8.9,22.0,36.0,8,344.23,4,0
East Africa,Male,49,Informal worker,10,32.49,-0.389,12,0.92,0,8.0,0.0,1,0.538,7.8,36.0,23.0,2,111.64,4,1
Southern Africa,Female,23,Trader,5,101.67,0.474,10,3.18,0,0.0,0.0,0,,,85.0,6.0,3,529.01,8,0
West Africa,Female,21,Self-employed,20,63.87,-0.766,19,3.08,0,1.0,0.0,0,,,24.0,72.0,8,640.86,24,0
East Africa,Female,52,Self-employed,13,49.41,-0.021,17,3.17,0,11.0,0.0,0,,,44.0,88.0,2,540.68,12,1
East Africa,Female,31,Farmer,25,74.01,-0.396,18,2.21,0,14.0,0.0,1,0.921,10.6,81.0,98.0,6,734.08,12,1
East Africa,Female,47,Informal worker,18,71.64,-0.729,14,4.17,0,6.0,0.0,0,,,32.0,61.0,5,300.64,8,0
Southern Africa,Male,21,Salaried,22,94.92,-0.126,13,6.28,0,8.0,0.0,0,,,34.0,93.0,2,419.64,12,0
Southern Africa,Female,46,Trader,5,45.84,-0.928,6,1.67,0,1.0,0.0,0,,,68.0,42.0,1,298.68,8,1
Southern Africa,Female,60,Trader,9,20.85,0.065,12,1.87,0,1.0,0.0,0,,,51.0,56.0,8,177.38,4,1
West Africa,Female,38,Informal worker,6,28.98,-1.515,7,3.15,1,43.0,13.84,1,0.647,19.8,75.0,72.0,1,117.83,24,0
East Africa,Female,45,Informal worker,15,44.81,0.822,13,1.35,0,11.0,0.0,0,,,66.0,67.0,3,418.72,12,1
East Africa,Prefer not to say,31,Informal worker,17,30.85,-0.34,8,4.39,0,6.0,0.0,0,,,61.0,29.0,4,222.99,4,1
West Africa,Male,31,Informal worker,15,13.09,0.224,9,1.2,0,2.0,0.0,0,,,29.0,63.0,3,205.97,24,1
West Africa,Female,21,Informal worker,11,15.81,-0.614,10,4.16,0,7.0,0.0,0,,,63.0,59.0,2,235.42,8,1
West Africa,Female,40,Trader,11,40.1,-0.402,15,6.37,0,2.0,0.0,1,0.73,20.0,82.0,70.0,12,206.33,8,0
East Africa,Male,62,Trader,25,65.77,0.392,11,2.77,1,89.0,79.4,1,0.808,0.3,89.0,71.0,9,408.45,8,1
East Africa,Male,23,Trader,22,110.61,-0.25,8,3.69,1,58.0,67.09,1,0.435,4.3,61.0,55.0,4,369.9,8,1
West Africa,Male,37,Farmer,23,43.34,0.062,13,3.09,0,8.0,0.0,0,,,70.0,86.0,6,1026.27,8,1
Southern Africa,Male,57,Salaried,9,17.82,-0.548,12,2.96,0,12.0,0.0,1,0.966,13.8,54.0,38.0,6,396.43,12,1
Central Africa,Female,41,Salaried,29,34.37,0.462,26,1.93,1,77.0,35.07,0,,,60.0,73.0,4,560.85,8,1
West Africa,Male,53,Farmer,24,78.76,0.86,24,2.6,1,32.0,113.16,1,0.857,7.5,46.0,76.0,14,2823.48,4,1
Central Africa,Male,35,Informal worker,17,85.78,0.399,15,2.17,1,82.0,10.77,1,0.671,9.1,68.0,40.0,7,362.24,4,1
West Africa,Female,46,Trader,14,74.93,0.633,17,1.5,0,2.0,0.0,0,,,14.0,45.0,5,495.9,52,1
Central Africa,Male,64,Farmer,8,47.43,0.189,12,1.92,0,5.0,0.0,0,,,78.0,80.0,2,169.91,52,0
Central Africa,Female,46,Self-employed,17,230.07,0.847,20,3.9,1,60.0,53.99,0,,,45.0,71.0,3,1227.53,12,1
West Africa,Male,55,Trader,13,26.42,0.651,10,1.65,0,11.0,0.0,1,0.537,6.8,16.0,69.0,0,137.07,12,1
Southern Africa,Male,50,Salaried,15,20.12,-0.555,7,2.53,0,2.0,0.0,1,0.716,4.5,71.0,23.0,2,342.35,24,0
Central Africa,Prefer not to say,22,Trader,12,44.65,0.593,15,3.66,1,25.0,15.52,0,,,23.0,44.0,11,278.48,8,1
Central Africa,Female,25,Farmer,31,28.07,-0.225,13,3.11,0,2.0,0.0,0,,,48.0,48.0,6,152.72,24,1
Central Africa,Female,46,Informal worker,34,53.01,0.009,10,1.94,1,88.0,14.92,1,0.817,16.9,39.0,94.0,7,324.92,4,0
East Africa,Female,34,Salaried,25,57.47,0.454,20,3.49,0,1.0,0.0,0,,,80.0,80.0,7,325.38,12,1
West Africa,Male,40,Informal worker,25,177.79,-1.305,20,2.25,0,3.0,0.0,0,,,30.0,65.0,9,484.15,12,0
Southern Africa,Female,40,Salaried,31,53.18,0.847,25,7.79,0,10.0,0.0,0,,,58.0,95.0,15,1026.29,8,1
East Africa,Male,55,Salaried,14,166.01,-0.401,15,1.03,0,7.0,0.0,1,0.784,21.4,22.0,90.0,10,268.07,12,1
East Africa,Male,64,Informal worker,6,30.29,-1.303,9,0.78,1,88.0,6.48,1,0.783,10.7,49.0,29.0,1,224.85,52,1
East Africa,Male,64,Farmer,10,78.98,-0.013,9,1.05,0,1.0,0.0,0,,,4.0,80.0,3,325.11,4,1
East Africa,Female,21,Farmer,31,150.16,0.398,19,2.59,1,84.0,54.09,1,0.692,0.8,63.0,72.0,8,260.63,8,1
West Africa,Male,52,Informal worker,14,33.92,0.329,14,2.81,0,1.0,0.0,1,0.396,11.1,49.0,43.0,5,111.01,8,1
Southern Africa,Male,52,Informal worker,12,36.22,0.416,10,3.18,1,31.0,31.92,1,0.953,5.4,61.0,65.0,2,461.7,4,1
West Africa,Male,58,Farmer,26,72.84,1.17,13,6.83,0,12.0,0.0,0,,,58.0,65.0,15,301.74,12,1
Southern Africa,Female,38,Farmer,16,39.53,1.468,12,2.85,0,1.0,0.0,0,,,53.0,87.0,4,90.26,52,1
Southern Africa,Male,41,Trader,22,99.92,-0.525,10,1.07,1,58.0,17.63,0,,,57.0,26.0,8,571.92,8,1
East Africa,Male,39,Trader,32,57.81,-0.199,16,2.23,0,8.0,0.0,0,,,74.0,59.0,11,479.15,8,0
East Africa,Male,35,Farmer,29,24.35,1.858,23,3.89,0,1.0,0.0,0,,,82.0,79.0,9,697.94,8,1
West Africa,Female,29,Salaried,24,53.06,0.134,22,4.67,1,75.0,58.43,1,0.974,11.1,62.0,70.0,10,140.87,24,1
Central Africa,Male,48,Salaried,16,48.79,0.086,15,2.65,0,9.0,0.0,1,0.726,11.8,69.0,57.0,3,271.28,24,1
Southern Africa,Female,18,Self-employed,21,44.78,0.648,12,2.14,1,52.0,21.83,0,,,70.0,90.0,6,553.83,24,1
East Africa,Male,53,Informal worker,13,47.15,-0.029,10,1.72,1,58.0,9.81,0,,,39.0,55.0,8,76.15,24,1
West Africa,Male,57,Trader,18,62.12,0.017,10,4.51,0,3.0,0.0,1,0.93,5.7,42.0,38.0,3,152.37,4,1
West Africa,Male,28,Informal worker,25,157.24,0.885,18,1.98,1,75.0,31.89,0,,,63.0,53.0,6,552.1,12,1
East Africa,Male,28,Salaried,14,69.07,-0.677,14,5.25,0,10.0,0.0,1,0.728,20.0,49.0,51.0,3,709.98,4,0
Central Africa,Male,41,Informal worker,15,12.77,-0.695,9,2.31,0,8.0,0.0,0,,,54.0,62.0,6,603.88,4,1
Southern Africa,Male,57,Farmer,10,11.03,-0.481,6,1.76,0,7.0,0.0,0,,,60.0,46.0,0,75.17,24,1
West Africa,Female,23,Informal worker,16,33.01,-1.239,16,2.2,1,56.0,27.2,0,,,39.0,60.0,1,165.78,24,0
Central Africa,Male,38,Trader,28,105.42,-0.533,22,6.29,1,39.0,13.47,1,0.777,8.9,50.0,56.0,7,236.88,4,1
East Africa,Male,28,Trader,13,32.32,0.62,10,1.25,0,8.0,0.0,1,0.794,8.5,40.0,48.0,1,41.91,12,0
Central Africa,Male,58,Trader,23,25.83,-0.892,16,2.37,0,12.0,0.0,1,0.941,9.1,67.0,40.0,7,745.84,8,0
West Africa,Male,59,Farmer,11,49.12,-0.555,17,2.39,0,4.0,0.0,0,,,47.0,46.0,3,145.95,12,1
East Africa,Male,21,Salaried,14,62.75,0.441,11,3.74,1,83.0,20.67,0,,,19.0,83.0,2,986.11,8,1
Central Africa,Male,24,Trader,15,74.27,0.445,9,2.83,0,12.0,0.0,1,0.843,9.9,54.0,28.0,4,342.83,12,1
West Africa,Male,25,Trader,17,34.52,0.259,21,2.63,1,40.0,9.73,0,,,53.0,67.0,5,519.77,24,1
Southern Africa,Male,56,Salaried,8,78.26,-0.2,12,2.25,0,2.0,0.0,0,,,67.0,87.0,4,174.82,12,1
Central Africa,Female,60,Salaried,10,45.79,-0.647,13,1.68,1,78.0,10.82,1,0.711,9.0,63.0,60.0,4,130.36,8,1
West Africa,Female,35,Farmer,11,18.18,-0.176,9,5.44,1,99.0,27.28,0,,,78.0,62.0,6,85.33,4,1
West Africa,Female,25,Farmer,14,89.09,0.336,18,1.61,1,96.0,72.78,1,0.685,1.7,20.0,84.0,8,203.17,8,1
Southern Africa,Male,49,Farmer,8,27.69,-1.196,14,1.78,0,4.0,0.0,0,,,75.0,77.0,2,316.11,4,1
West Africa,Female,59,Informal worker,23,100.5,0.812,10,3.01,1,63.0,14.04,1,0.915,12.4,54.0,86.0,12,399.45,12,1
West Africa,Male,60,Salaried,24,13.13,0.086,17,1.98,0,2.0,0.0,0,,,37.0,65.0,3,108.55,24,0
East Africa,Male,38,Trader,32,55.03,-0.1,14,2.39,0,1.0,0.0,0,,,59.0,59.0,6,429.35,24,1
Southern Africa,Female,54,Self-employed,17,35.95,0.496,17,1.56,0,24.0,0.0,1,0.87,31.9,37.0,50.0,6,304.14,8,1
West Africa,Male,62,Informal worker,20,119.76,1.069,20,4.94,1,29.0,37.22,1,0.706,1.0,52.0,80.0,5,206.03,8,1
West Africa,Male,56,Informal worker,4,20.88,-0.325,11,1.22,1,65.0,15.6,1,0.73,8.2,52.0,53.0,1,80.37,4,1
Southern Africa,Female,40,Trader,17,63.09,0.377,21,4.67,0,6.0,0.0,1,0.867,18.5,66.0,84.0,5,291.32,8,1
East Africa,Female,30,Self-employed,20,32.61,-0.407,14,1.83,1,63.0,15.64,0,,,30.0,40.0,3,299.55,4,1
Southern Africa,Male,35,Farmer,17,73.37,-0.746,18,2.23,1,60.0,15.54,0,,,52.0,95.0,6,818.87,24,1
East Africa,Male,34,Farmer,6,29.58,-0.86,10,2.0,0,9.0,0.0,1,0.824,22.1,49.0,71.0,3,248.19,4,1
Central Africa,Male,64,Farmer,16,25.64,-0.222,8,4.71,1,94.0,19.56,0,,,20.0,23.0,1,350.36,8,1
Southern Africa,Prefer not to say,52,Trader,24,86.32,-0.473,15,3.91,1,66.0,21.9,0,,,53.0,71.0,5,510.76,4,1
West Africa,Male,58,Trader,9,35.02,-0.598,13,2.9,0,3.0,0.0,0,,,46.0,69.0,5,535.42,8,1
Central Africa,Male,54,Trader,31,49.09,-0.321,10,6.05,0,11.0,0.0,0,,,58.0,40.0,6,296.58,52,1
East Africa,Male,40,Trader,16,42.98,0.228,15,5.74,0,10.0,0.0,0,,,51.0,89.0,5,308.67,12,1
West Africa,Female,55,Farmer,10,47.24,0.048,8,1.59,1,58.0,20.61,1,0.893,7.7,33.0,34.0,1,286.27,12,1
West Africa,Female,48,Informal worker,24,81.29,0.812,19,3.73,1,88.0,56.5,0,,,77.0,54.0,7,1450.58,12,1
Southern Africa,Male,52,Informal worker,26,23.82,1.018,15,2.72,0,16.0,0.0,0,,,43.0,46.0,3,223.32,8,0
West Africa,Female,32,Informal worker,10,32.51,-0.985,4,2.1,0,14.0,0.0,0,,,47.0,64.0,4,236.59,8,0
West Africa,Male,28,Trader,18,136.93,0.719,16,5.55,0,2.0,0.0,0,,,85.0,40.0,3,113.77,8,1
West Africa,Female,26,Farmer,19,37.7,0.359,19,5.26,0,19.0,0.0,1,0.568,68.3,73.0,90.0,6,431.59,24,1
East Africa,Male,31,Informal worker,3,24.9,-0.219,6,1.97,0,16.0,0.0,0,,,4.0,62.0,0,489.51,4,0
East Africa,Male,63,Informal worker,9,19.85,0.694,8,2.47,0,1.0,0.0,1,0.884,29.4,47.0,11.0,4,51.22,4,1
East Africa,Male,62,Farmer,23,35.34,-1.064,13,2.06,1,69.0,12.95,0,,,22.0,61.0,3,374.33,4,1
West Africa,Prefer not to say,24,Self-employed,10,29.87,-0.332,10,2.18,0,1.0,0.0,1,0.881,35.4,35.0,49.0,3,834.03,12,0
West Africa,Female,44,Salaried,8,59.72,-0.361,12,2.52,1,52.0,14.49,0,,,64.0,77.0,3,193.08,4,1
East Africa,Female,62,Salaried,22,34.59,-0.534,16,3.59,1,56.0,19.06,0,,,36.0,65.0,7,221.94,12,0
East Africa,Male,53,Informal worker,20,142.62,0.112,15,2.74,0,4.0,0.0,0,,,65.0,64.0,3,168.89,4,1
Southern Africa,Male,46,Farmer,15,23.0,0.17,20,4.05,1,27.0,18.5,1,0.745,18.4,21.0,71.0,5,312.68,8,0
West Africa,Male,46,Self-employed,18,42.32,-0.214,5,3.05,0,2.0,0.0,1,0.374,22.9,19.0,56.0,3,328.36,8,0
West Africa,Male,33,Self-employed,20,24.88,-0.717,15,2.32,1,58.0,33.69,0,,,37.0,28.0,7,234.08,12,0
West Africa,Male,61,Salaried,16,52.07,-0.092,12,2.32,0,21.0,0.0,0,,,80.0,45.0,3,332.31,24,1
East Africa,Female,21,Salaried,15,85.08,-0.717,8,3.47,0,1.0,0.0,0,,,65.0,81.0,3,527.3,8,0
East Africa,Female,58,Self-employed,17,68.88,-0.314,16,1.8,1,55.0,42.66,1,0.782,15.5,57.0,65.0,3,108.72,12,0
Southern Africa,Female,58,Informal worker,6,13.0,-0.925,3,2.17,1,45.0,64.52,0,,,21.0,61.0,2,258.51,52,1
East Africa,Male,30,Trader,31,257.99,1.664,13,2.7,1,53.0,31.47,0,,,73.0,70.0,6,89.31,4,1
East Africa,Male,42,Farmer,7,54.57,-0.602,11,2.08,0,10.0,0.0,0,,,35.0,20.0,2,210.42,52,1
East Africa,Male,59,Informal worker,37,68.16,0.463,17,22.2,0,7.0,0.0,0,,,60.0,97.0,8,245.6,12,1
West Africa,Male,40,Salaried,12,33.06,-0.296,8,1.58,0,1.0,0.0,0,,,58.0,74.0,3,85.36,12,0
East Africa,Female,32,Farmer,22,66.0,-0.094,23,5.68,0,10.0,0.0,1,0.919,2.4,65.0,54.0,9,1007.69,4,1
West Africa,Female,21,Farmer,20,25.86,0.996,22,2.54,1,47.0,30.17,0,,,61.0,72.0,5,97.92,8,1
East Africa,Male,38,Self-employed,17,34.54,0.532,18,2.67,1,33.0,20.32,1,0.624,2.7,68.0,65.0,11,156.21,24,1
West Africa,Male,31,Farmer,23,55.16,0.413,13,5.5,0,4.0,0.0,0,,,61.0,43.0,3,435.7,12,1
Southern Africa,Female,58,Trader,12,92.15,-0.151,7,1.03,1,94.0,22.8,0,,,55.0,75.0,3,191.33,4,1
Central Africa,Male,58,Informal worker,15,30.52,0.378,16,0.84,0,18.0,0.0,1,0.466,6.0,31.0,83.0,4,104.26,12,1
West Africa,Female,33,Farmer,25,53.97,0.221,18,2.44,1,73.0,34.32,1,0.677,6.7,19.0,52.0,6,149.65,12,1
East Africa,Female,27,Trader,9,63.16,0.314,8,1.19,1,55.0,26.31,1,0.698,12.2,40.0,72.0,4,224.99,4,1
Southern Africa,Female,31,Informal worker,32,115.61,0.792,17,6.71,1,75.0,37.78,0,,,14.0,47.0,4,247.33,12,1
West Africa,Male,36,Self-employed,14,138.67,-0.082,24,2.55,0,5.0,0.0,1,0.743,2.5,56.0,59.0,6,451.29,4,1
Southern Africa,Female,49,Farmer,17,82.2,0.113,12,1.45,0,9.0,0.0,1,0.828,18.4,63.0,50.0,13,278.01,12,1
East Africa,Female,25,Farmer,6,35.15,0.134,7,1.63,0,8.0,0.0,0,,,50.0,27.0,2,189.23,8,1
Central Africa,Male,64,Farmer,6,37.88,-0.211,8,2.96,0,2.0,0.0,0,,,38.0,29.0,2,225.06,4,1
Central Africa,Male,50,Informal worker,8,62.31,-0.842,8,1.16,1,44.0,20.92,0,,,8.0,45.0,0,202.63,12,1
West Africa,Female,24,Farmer,25,39.68,1.453,21,2.34,0,3.0,0.0,1,0.813,28.0,45.0,78.0,11,1061.52,24,1
East Africa,Female,32,Farmer,23,82.94,-0.117,11,4.1,0,4.0,0.0,0,,,40.0,61.0,3,292.69,12,0
East Africa,Male,50,Informal worker,11,27.89,-0.15,15,1.41,0,7.0,0.0,0,,,72.0,65.0,4,80.43,4,1
West Africa,Female,41,Self-employed,17,36.73,-0.017,16,6.39,0,3.0,0.0,0,,,52.0,55.0,4,213.09,8,1
West Africa,Female,42,Farmer,18,63.67,1.446,17,2.95,1,38.0,23.22,0,,,37.0,94.0,8,97.11,52,1
Central Africa,Male,19,Informal worker,21,52.16,0.061,12,3.69,1,27.0,13.26,0,,,49.0,24.0,3,82.84,8,1
West Africa,Male,37,Salaried,9,22.13,0.23,11,1.41,0,5.0,0.0,0,,,22.0,67.0,3,117.23,8,1
East Africa,Male,46,Trader,20,68.71,1.129,8,4.39,1,21.0,34.47,1,0.706,3.8,41.0,81.0,7,577.14,4,1
Southern Africa,Male,53,Salaried,9,20.46,-1.181,7,3.6,1,76.0,19.41,1,0.467,1.0,23.0,30.0,2,87.08,8,1
West Africa,Female,39,Farmer,13,70.35,1.075,20,5.88,1,60.0,64.28,1,0.363,0.3,59.0,22.0,4,119.93,8,0
East Africa,Female,44,Trader,26,63.1,0.451,15,3.4,1,72.0,64.73,0,,,73.0,87.0,7,900.19,12,1
Central Africa,Male,28,Trader,13,47.73,-0.146,7,1.22,1,67.0,11.44,1,0.912,28.1,47.0,33.0,3,232.26,4,1
East Africa,Female,55,Trader,14,58.16,0.236,11,2.66,0,7.0,0.0,1,0.66,31.7,49.0,56.0,5,257.79,12,1
West Africa,Male,50,Salaried,13,22.57,1.033,11,0.62,1,57.0,4.64,0,,,49.0,57.0,0,167.94,8,1
West Africa,Male,52,Informal worker,12,45.94,-0.154,18,3.22,1,80.0,8.87,1,0.562,9.3,73.0,80.0,6,327.09,4,1
Central Africa,Male,49,Salaried,26,17.04,0.728,24,2.58,0,13.0,0.0,1,0.803,14.9,45.0,79.0,12,463.04,12,1
West Africa,Female,64,Salaried,28,189.06,0.778,19,3.34,0,9.0,0.0,1,0.589,1.2,33.0,58.0,6,307.49,12,0
East Africa,Female,59,Farmer,17,159.75,0.134,18,2.44,0,4.0,0.0,0,,,57.0,64.0,3,413.57,8,1
West Africa,Female,56,Self-employed,11,35.41,0.421,7,3.3,0,9.0,0.0,0,,,67.0,49.0,6,196.58,12,1
East Africa,Male,33,Salaried,13,28.47,0.187,13,2.62,0,10.0,0.0,0,,,60.0,58.0,3,129.09,8,1
Central Africa,Male,21,Farmer,18,65.73,0.771,13,2.69,1,64.0,19.63,1,0.937,4.1,12.0,78.0,6,337.34,12,1
East Africa,Male,18,Salaried,10,17.68,0.271,16,5.02,1,59.0,35.09,1,0.966,0.1,35.0,45.0,3,599.97,8,1
Central Africa,Prefer not to say,54,Salaried,16,99.48,0.08,11,4.11,0,8.0,0.0,1,0.687,9.2,23.0,40.0,4,162.69,4,0
West Africa,Male,60,Farmer,7,28.7,0.169,5,1.05,0,2.0,0.0,1,0.82,11.2,17.0,40.0,1,44.86,4,0
East Africa,Female,48,Trader,12,29.72,0.49,16,3.62,1,96.0,7.97,1,0.807,13.2,50.0,67.0,1,125.69,8,1
Central Africa,Female,51,Farmer,14,21.37,-0.112,4,2.16,0,7.0,0.0,1,0.875,13.7,64.0,86.0,4,234.86,12,1
East Africa,Male,22,Self-employed,23,15.69,0.008,19,2.96,1,50.0,45.88,0,,,38.0,52.0,8,365.47,4,1
West Africa,Male,44,Informal worker,12,50.05,-0.008,14,1.55,0,2.0,0.0,1,0.916,5.7,31.0,69.0,11,225.05,12,1
Central Africa,Male,46,Salaried,17,22.36,0.986,11,2.14,1,98.0,24.9,1,0.793,11.0,51.0,80.0,5,121.78,24,1
East Africa,Female,25,Self-employed,18,48.26,-0.281,15,2.39,0,1.0,0.0,0,,,38.0,86.0,9,114.24,8,1
East Africa,Prefer not to say,53,Trader,16,56.42,0.169,14,2.09,1,49.0,36.69,1,0.74,0.7,51.0,72.0,6,419.9,24,1
Central Africa,Male,33,Self-employed,14,35.72,0.052,17,3.41,0,1.0,0.0,0,,,34.0,47.0,7,78.96,8,1
West Africa,Prefer not to say,27,Farmer,9,21.78,0.716,15,2.23,0,7.0,0.0,1,0.463,78.1,43.0,78.0,5,115.77,8,0
West Africa,Male,50,Informal worker,17,61.18,-0.364,19,4.74,0,1.0,0.0,0,,,38.0,59.0,15,185.85,24,1
West Africa,Male,38,Farmer,12,42.37,0.558,6,2.21,1,49.0,29.32,0,,,61.0,82.0,3,408.35,4,1
East Africa,Female,43,Farmer,15,45.64,-0.302,11,5.05,0,2.0,0.0,1,0.562,16.9,53.0,48.0,3,233.62,8,1
West Africa,Female,43,Farmer,16,104.61,-0.122,16,1.38,0,2.0,0.0,1,0.592,4.6,45.0,45.0,0,104.66,4,1
Southern Africa,Male,47,Farmer,28,210.81,0.968,15,1.39,1,85.0,33.96,0,,,80.0,60.0,7,381.79,24,1
West Africa,Female,37,Trader,21,53.47,1.209,14,3.68,0,3.0,0.0,1,0.665,0.2,77.0,94.0,11,307.69,8,1
Southern Africa,Female,56,Farmer,17,51.9,0.431,10,4.07,1,67.0,15.65,1,0.888,4.1,11.0,30.0,2,47.69,12,1
West Africa,Female,59,Informal worker,21,37.79,-0.224,11,2.74,0,9.0,0.0,0,,,76.0,48.0,7,506.62,24,1
East Africa,Female,40,Self-employed,18,22.9,-0.328,13,3.81,1,67.0,26.08,0,,,65.0,63.0,14,140.36,8,1
West Africa,Male,25,Trader,31,89.65,1.664,16,2.44,0,5.0,0.0,1,0.756,0.5,65.0,81.0,12,456.94,24,1
Southern Africa,Male,31,Trader,20,28.07,-0.354,20,6.4,0,13.0,0.0,1,0.771,16.3,83.0,90.0,10,168.48,8,1
East Africa,Female,54,Informal worker,12,99.41,1.173,17,2.89,0,5.0,0.0,0,,,50.0,85.0,5,266.38,4,1
East Africa,Male,30,Informal worker,7,28.3,0.276,10,2.33,1,31.0,25.53,0,,,50.0,43.0,6,192.86,52,1
Central Africa,Male,54,Informal worker,18,39.87,0.601,17,1.79,0,3.0,0.0,1,0.477,9.0,69.0,80.0,5,221.33,24,0
East Africa,Male,49,Self-employed,12,26.51,0.525,11,1.93,0,5.0,0.0,1,0.458,0.6,55.0,81.0,2,153.86,4,1
West Africa,Male,39,Trader,15,44.27,-0.538,14,2.45,0,0.0,0.0,0,,,53.0,41.0,3,109.54,8,1
Central Africa,Male,23,Farmer,19,52.64,0.246,16,2.72,0,11.0,0.0,0,,,62.0,74.0,7,473.29,12,0
West Africa,Male,43,Self-employed,16,23.3,1.455,15,5.46,0,4.0,0.0,0,,,63.0,97.0,6,1731.34,8,1
West Africa,Male,50,Informal worker,14,52.52,-0.434,16,2.98,1,66.0,19.44,0,,,49.0,53.0,11,186.9,8,1
East Africa,Male,25,Informal worker,23,69.47,1.437,8,4.39,1,55.0,82.91,1,0.899,4.9,51.0,71.0,9,115.41,4,0
West Africa,Female,56,Self-employed,24,68.21,1.217,7,5.63,0,3.0,0.0,1,0.943,22.3,16.0,60.0,6,342.21,24,1
West Africa,Female,27,Farmer,21,36.31,-0.423,11,4.11,0,0.0,0.0,1,0.847,9.3,83.0,55.0,4,176.32,8,1
Southern Africa,Male,37,Trader,16,52.19,0.797,12,6.87,0,8.0,0.0,0,,,63.0,60.0,8,297.11,4,1
West Africa,Male,42,Trader,6,19.06,0.74,10,0.95,0,1.0,0.0,0,,,31.0,51.0,1,553.5,24,0
Southern Africa,Male,52,Salaried,11,34.64,1.205,10,3.16,1,33.0,30.62,0,,,22.0,56.0,3,288.14,12,0
Central Africa,Female,28,Salaried,7,29.6,-1.38,17,1.06,0,4.0,0.0,0,,,67.0,55.0,3,372.32,4,0
East Africa,Female,33,Trader,17,67.99,0.921,11,2.14,1,47.0,22.17,1,0.96,17.1,58.0,70.0,9,283.01,4,1
Southern Africa,Female,55,Farmer,23,55.28,0.665,20,3.76,1,82.0,66.12,0,,,46.0,71.0,7,225.35,4,1
Southern Africa,Female,33,Informal worker,14,40.28,0.91,14,3.06,0,4.0,0.0,0,,,44.0,86.0,2,665.78,4,1
Central Africa,Male,46,Trader,4,43.45,-0.098,11,1.91,0,5.0,0.0,0,,,35.0,77.0,2,85.37,4,1
West Africa,Male,36,Salaried,41,97.72,1.098,21,5.32,1,48.0,148.41,0,,,32.0,76.0,14,534.49,8,1
West Africa,Male,20,Farmer,22,81.21,1.372,19,8.88,1,17.0,103.71,1,0.893,7.9,30.0,56.0,4,368.15,4,1
East Africa,Male,42,Salaried,18,23.92,0.495,16,2.66,0,18.0,0.0,1,0.883,10.7,36.0,78.0,4,172.6,4,0
East Africa,Male,34,Salaried,20,187.68,1.73,21,2.49,0,5.0,0.0,0,,,82.0,42.0,10,792.74,12,1
West Africa,Female,30,Trader,39,106.91,1.355,26,17.0,1,68.0,39.84,1,0.799,4.6,17.0,87.0,14,773.85,4,1
East Africa,Male,58,Informal worker,16,46.2,-0.489,14,7.4,0,3.0,0.0,1,0.862,1.5,16.0,90.0,4,208.31,4,1
West Africa,Female,54,Informal worker,29,129.43,1.074,20,6.89,0,6.0,0.0,0,,,59.0,59.0,9,351.94,4,1
Central Africa,Male,31,Farmer,15,121.46,1.036,16,4.51,0,4.0,0.0,1,0.875,14.2,54.0,53.0,6,209.31,24,1
West Africa,Male,42,Trader,4,14.29,-0.945,16,1.41,0,2.0,0.0,1,0.592,27.1,33.0,34.0,0,302.82,8,0
West Africa,Female,51,Salaried,22,18.22,0.483,13,3.18,0,7.0,0.0,0,,,54.0,58.0,13,52.88,8,1
West Africa,Male,20,Informal worker,36,103.0,-0.604,17,6.24,1,36.0,41.61,0,,,36.0,90.0,10,447.71,52,0
West Africa,Male,22,Informal worker,8,9.0,-0.953,8,1.92,1,88.0,5.02,0,,,37.0,53.0,0,249.82,8,1
West Africa,Male,43,Farmer,5,18.42,-0.982,17,1.62,0,9.0,0.0,0,,,60.0,86.0,3,317.69,24,0
West Africa,Female,61,Informal worker,25,279.55,0.036,19,6.57,1,38.0,60.36,1,0.71,7.5,33.0,63.0,8,538.07,12,1
West Africa,Male,61,Informal worker,30,40.33,1.448,16,15.52,0,2.0,0.0,0,,,63.0,77.0,13,422.64,4,1
West Africa,Female,39,Farmer,8,14.68,-0.495,16,2.98,1,77.0,11.56,1,0.865,16.7,46.0,26.0,7,633.03,12,1
East Africa,Prefer not to say,51,Trader,18,101.73,0.166,19,11.92,0,9.0,0.0,0,,,63.0,84.0,8,111.92,52,1
East Africa,Female,41,Farmer,23,88.97,-0.205,9,4.22,0,1.0,0.0,0,,,75.0,46.0,11,807.95,24,0
West Africa,Male,60,Informal worker,14,97.03,0.365,21,4.55,0,4.0,0.0,1,0.547,36.0,44.0,68.0,7,899.12,12,1
West Africa,Female,44,Trader,28,22.0,1.19,22,3.75,1,79.0,16.48,1,0.877,13.9,61.0,94.0,7,280.58,52,1
West Africa,Male,59,Salaried,23,36.87,0.385,12,3.48,0,7.0,0.0,0,,,44.0,67.0,2,742.08,52,0
West Africa,Female,35,Trader,20,73.12,0.58,16,2.11,1,57.0,21.58,0,,,49.0,68.0,6,255.04,52,1
West Africa,Male,61,Salaried,14,28.19,0.505,6,1.66,0,2.0,0.0,0,,,61.0,72.0,0,237.14,12,0
Southern Africa,Male,52,Trader,11,113.55,0.232,11,3.85,1,13.0,15.42,1,0.682,25.0,44.0,26.0,7,451.69,8,1
Central Africa,Male,54,Informal worker,28,51.06,-0.556,11,6.37,1,54.0,24.8,1,0.589,22.1,59.0,96.0,6,1418.72,8,1
Central Africa,Female,18,Informal worker,9,24.99,0.418,5,3.21,0,8.0,0.0,0,,,8.0,30.0,1,208.08,8,1
East Africa,Female,55,Informal worker,21,29.6,-0.318,12,4.1,0,15.0,0.0,1,0.721,3.7,55.0,23.0,2,190.77,24,1
East Africa,Male,25,Self-employed,9,54.82,-1.433,9,0.87,0,11.0,0.0,0,,,13.0,56.0,1,323.42,4,0
West Africa,Male,62,Trader,6,55.32,0.316,10,2.96,0,4.0,0.0,1,0.868,4.0,32.0,50.0,7,336.46,8,1
Southern Africa,Female,26,Trader,7,26.16,1.002,12,3.33,0,3.0,0.0,1,0.606,3.5,52.0,44.0,0,503.57,24,1
Southern Africa,Female,56,Trader,13,15.82,0.396,8,0.54,0,8.0,0.0,0,,,38.0,6.0,3,88.75,12,0
Southern Africa,Female,47,Farmer,13,35.33,-1.139,8,2.49,0,4.0,0.0,0,,,23.0,86.0,6,80.06,4,1
Central Africa,Male,36,Salaried,18,80.6,0.337,18,3.76,1,28.0,24.76,0,,,39.0,52.0,6,1082.22,4,1
East Africa,Female,59,Trader,36,85.07,0.192,24,5.8,1,54.0,47.1,1,0.732,11.1,50.0,59.0,10,108.11,24,0
Southern Africa,Female,36,Salaried,21,73.55,-0.198,12,2.96,0,2.0,0.0,1,0.733,3.8,31.0,41.0,9,242.5,12,1
Southern Africa,Male,20,Farmer,12,81.65,0.395,21,6.96,0,7.0,0.0,0,,,80.0,88.0,2,137.1,12,1
West Africa,Male,21,Self-employed,23,31.87,-0.062,16,3.54,0,13.0,0.0,0,,,53.0,80.0,3,300.32,12,1
Central Africa,Male,58,Farmer,12,45.78,-0.764,5,2.67,0,1.0,0.0,1,0.962,11.3,32.0,46.0,5,207.86,4,0
West Africa,Male,36,Self-employed,31,65.93,0.298,20,4.03,1,81.0,63.05,1,0.866,14.2,37.0,82.0,8,147.27,8,1
Central Africa,Female,56,Informal worker,15,31.33,0.116,9,3.13,0,13.0,0.0,1,0.586,6.2,40.0,70.0,7,155.74,4,0
Southern Africa,Male,18,Self-employed,11,34.47,-0.808,13,2.42,1,69.0,10.08,1,0.724,30.2,32.0,80.0,5,356.86,8,1
West Africa,Female,21,Informal worker,28,84.78,-0.315,13,3.95,0,5.0,0.0,1,0.976,1.5,49.0,52.0,9,959.97,4,1
Southern Africa,Male,64,Farmer,10,15.59,-0.712,12,2.45,0,8.0,0.0,0,,,58.0,57.0,2,359.08,4,1
West Africa,Female,24,Salaried,26,127.59,-0.412,20,4.23,1,37.0,36.57,1,0.82,2.9,72.0,67.0,10,96.75,24,1
Southern Africa,Female,50,Farmer,15,47.72,0.546,16,3.36,0,2.0,0.0,0,,,65.0,94.0,5,203.16,8,0
Southern Africa,Female,34,Farmer,22,64.91,0.359,19,2.66,0,6.0,0.0,0,,,78.0,83.0,8,331.39,8,1
East Africa,Female,41,Farmer,9,22.87,0.574,13,2.9,0,4.0,0.0,1,0.784,1.9,61.0,81.0,4,247.14,8,0
Central Africa,Male,23,Salaried,8,37.24,-1.461,13,4.43,0,0.0,0.0,0,,,50.0,60.0,1,184.7,8,0
West Africa,Female,30,Informal worker,10,137.42,0.65,8,4.81,0,10.0,0.0,0,,,21.0,61.0,0,240.47,8,1
West Africa,Female,53,Trader,17,69.5,-0.606,14,3.77,1,69.0,12.98,0,,,57.0,77.0,9,229.17,24,1
East Africa,Male,43,Salaried,11,34.95,-0.138,15,3.89,0,13.0,0.0,0,,,21.0,61.0,4,101.18,24,1
West Africa,Prefer not to say,41,Farmer,8,14.63,-0.507,5,1.58,1,43.0,23.46,0,,,36.0,38.0,4,261.12,4,1
East Africa,Male,62,Trader,11,28.9,-0.992,14,2.45,0,6.0,0.0,1,0.921,17.3,61.0,87.0,2,215.0,4,1
West Africa,Female,37,Trader,14,32.85,0.134,10,3.0,0,14.0,0.0,1,0.847,8.3,47.0,31.0,3,684.58,8,1
East Africa,Male,55,Trader,11,44.83,-0.159,11,3.18,0,4.0,0.0,0,,,36.0,71.0,0,141.9,8,0
East Africa,Female,52,Informal worker,33,45.6,1.636,19,2.1,1,78.0,21.31,0,,,75.0,81.0,13,345.91,4,1
Central Africa,Male,39,Trader,30,109.27,0.577,15,2.87,1,83.0,37.77,0,,,54.0,99.0,11,259.09,4,1
West Africa,Male,31,Trader,11,39.04,-0.203,9,3.14,1,34.0,9.19,1,0.833,5.2,61.0,83.0,6,87.48,4,1
Central Africa,Male,34,Farmer,23,20.96,-0.367,8,4.55,1,41.0,20.07,1,0.911,7.9,17.0,75.0,5,1666.53,4,1
East Africa,Prefer not to say,58,Salaried,17,113.8,-0.104,16,5.54,0,12.0,0.0,1,0.963,26.5,32.0,29.0,4,924.64,8,1
West Africa,Male,32,Informal worker,30,59.13,-0.73,24,11.15,1,69.0,58.18,0,,,52.0,47.0,10,221.09,24,1
East Africa,Female,48,Farmer,17,31.69,-0.259,12,2.3,1,55.0,25.84,0,,,57.0,44.0,6,556.51,24,1
East Africa,Male,23,Informal worker,16,38.41,0.182,12,4.06,1,25.0,13.22,1,0.781,6.1,35.0,37.0,3,252.22,52,1
West Africa,Female,34,Trader,14,47.83,-0.634,6,1.47,0,7.0,0.0,0,,,60.0,47.0,1,144.86,24,0
East Africa,Male,61,Salaried,26,58.48,1.296,21,6.78,0,10.0,0.0,0,,,11.0,75.0,11,223.12,24,1
West Africa,Female,43,Trader,11,54.05,-0.178,10,3.3,0,1.0,0.0,1,0.842,32.7,36.0,47.0,1,307.82,24,1
East Africa,Female,56,Trader,13,20.92,0.266,12,3.48,1,87.0,24.88,1,0.766,6.3,56.0,70.0,2,261.01,52,1
East Africa,Male,30,Farmer,23,144.39,0.361,18,6.2,0,12.0,0.0,0,,,36.0,83.0,14,300.22,52,1
East Africa,Male,53,Trader,8,17.05,-0.471,17,1.6,0,2.0,0.0,0,,,78.0,74.0,5,784.15,8,1
Southern Africa,Female,64,Trader,18,41.76,1.025,10,6.18,0,2.0,0.0,0,,,74.0,83.0,8,273.14,4,1
West Africa,Male,61,Informal worker,18,106.49,0.204,21,1.2,1,87.0,59.81,0,,,27.0,78.0,6,414.18,52,1
Central Africa,Male,38,Farmer,13,21.11,0.374,10,1.62,0,5.0,0.0,1,0.822,2.2,42.0,83.0,4,112.03,12,0
Southern Africa,Male,50,Trader,14,32.77,-0.324,8,3.2,0,4.0,0.0,0,,,34.0,85.0,2,463.8,8,0
Central Africa,Female,60,Informal worker,14,12.84,-2.452,13,2.27,0,4.0,0.0,1,0.826,33.3,28.0,57.0,0,164.59,12,0
Southern Africa,Female,56,Informal worker,6,61.11,0.829,9,1.22,0,1.0,0.0,1,0.854,40.7,64.0,11.0,4,466.44,8,1
West Africa,Female,63,Self-employed,9,34.16,-0.731,13,2.98,1,96.0,31.96,1,0.849,1.2,54.0,19.0,5,98.7,12,1
East Africa,Female,19,Trader,8,45.9,-1.127,10,6.31,0,2.0,0.0,0,,,66.0,74.0,2,399.74,24,0
West Africa,Male,43,Salaried,23,96.72,1.139,23,5.08,1,64.0,11.7,1,0.793,8.4,37.0,79.0,9,154.25,4,1
Southern Africa,Male,55,Informal worker,20,16.73,-1.045,17,2.99,0,7.0,0.0,0,,,36.0,87.0,5,334.11,8,0
East Africa,Male,52,Informal worker,23,22.3,1.038,15,2.29,1,56.0,12.35,0,,,44.0,89.0,8,179.63,52,1
West Africa,Male,25,Trader,15,31.38,0.047,15,1.49,0,4.0,0.0,0,,,36.0,89.0,4,511.74,12,1
Central Africa,Male,44,Farmer,25,205.64,0.676,11,2.42,0,16.0,0.0,1,0.93,13.9,42.0,86.0,6,657.91,52,1
West Africa,Female,25,Trader,8,20.46,-0.137,11,2.61,0,0.0,0.0,0,,,23.0,39.0,2,254.98,4,0
East Africa,Male,22,Informal worker,7,72.46,-1.043,9,2.36,0,3.0,0.0,1,0.746,9.9,54.0,77.0,2,372.92,8,0
Southern Africa,Male,23,Informal worker,23,20.31,-0.62,9,4.67,0,0.0,0.0,0,,,25.0,71.0,3,755.02,52,0
West Africa,Male,62,Trader,19,68.69,0.594,14,2.99,0,4.0,0.0,1,0.533,18.8,72.0,95.0,3,128.86,12,1
East Africa,Male,30,Trader,20,92.05,-0.033,14,2.98,0,5.0,0.0,0,,,70.0,46.0,8,162.23,8,1
Southern Africa,Male,39,Self-employed,14,20.87,-0.143,12,1.8,1,54.0,20.79,0,,,74.0,80.0,2,336.82,8,1
West Africa,Male,30,Farmer,18,15.38,0.133,16,1.31,1,89.0,25.87,1,0.761,16.6,58.0,75.0,5,334.14,8,1
East Africa,Male,60,Informal worker,10,110.74,0.446,15,2.52,0,1.0,0.0,0,,,58.0,87.0,3,421.54,4,1
West Africa,Female,59,Self-employed,12,27.27,-0.961,7,2.15,1,75.0,9.18,0,,,37.0,74.0,4,316.95,4,1
Southern Africa,Female,48,Trader,10,54.6,-0.085,10,4.67,0,5.0,0.0,1,0.669,4.2,20.0,73.0,2,187.29,4,1
West Africa,Female,56,Informal worker,21,39.22,0.949,13,6.58,1,50.0,18.03,0,,,74.0,67.0,8,572.41,8,1
Central Africa,Female,22,Salaried,27,123.35,0.694,16,2.38,0,8.0,0.0,0,,,81.0,82.0,6,506.84,12,1
Central Africa,Female,64,Farmer,10,32.89,0.65,12,2.2,1,42.0,17.65,0,,,43.0,55.0,5,255.64,4,0
West Africa,Female,37,Farmer,17,86.53,-0.054,15,0.84,0,7.0,0.0,1,0.797,0.2,19.0,83.0,4,99.61,12,1
West Africa,Male,36,Salaried,12,52.26,-1.139,7,2.47,0,8.0,0.0,0,,,43.0,62.0,1,236.79,8,1
East Africa,Female,27,Trader,24,107.11,0.317,14,3.28,0,1.0,0.0,0,,,88.0,75.0,2,83.28,8,1
Southern Africa,Male,59,Trader,17,127.85,0.216,21,4.01,0,8.0,0.0,1,0.797,20.4,21.0,59.0,7,1479.83,12,1
East Africa,Male,25,Farmer,19,92.02,1.426,12,5.08,0,8.0,0.0,0,,,54.0,62.0,9,217.35,24,1
West Africa,Male,58,Salaried,37,66.16,0.851,17,4.6,0,12.0,0.0,1,0.809,2.7,38.0,69.0,9,511.07,4,0
West Africa,Male,51,Farmer,21,17.3,0.63,12,2.85,0,11.0,0.0,1,0.812,7.0,73.0,81.0,6,387.82,8,1
Central Africa,Female,54,Trader,11,35.3,-0.31,8,2.55,1,69.0,42.21,1,0.963,9.2,22.0,48.0,2,170.73,4,1
East Africa,Male,19,Farmer,15,38.88,0.04,13,1.71,1,54.0,11.81,1,0.778,2.9,6.0,69.0,6,399.33,8,1
Central Africa,Female,52,Farmer,12,120.55,0.806,14,2.71,0,7.0,0.0,0,,,74.0,50.0,2,201.56,12,1
East Africa,Female,63,Informal worker,13,93.43,0.325,14,3.7,0,1.0,0.0,1,0.994,5.1,74.0,60.0,2,119.01,4,1
Central Africa,Male,36,Salaried,20,49.58,1.722,12,2.25,1,48.0,36.56,0,,,14.0,89.0,7,411.19,12,1
West Africa,Male,39,Farmer,14,36.59,0.19,7,3.66,1,82.0,8.95,0,,,30.0,21.0,2,254.28,12,0
West Africa,Male,23,Informal worker,13,85.93,-0.262,12,1.83,0,14.0,0.0,0,,,38.0,65.0,3,291.39,12,1
Central Africa,Male,41,Informal worker,8,27.97,0.13,13,2.13,0,9.0,0.0,0,,,26.0,85.0,5,359.7,8,0
Central Africa,Prefer not to say,49,Salaried,15,41.53,0.227,14,1.55,0,6.0,0.0,1,0.697,5.2,15.0,59.0,7,161.95,24,0
West Africa,Female,32,Informal worker,30,44.88,1.344,23,3.53,0,14.0,0.0,0,,,29.0,59.0,9,275.81,8,1
East Africa,Female,52,Trader,16,77.24,0.002,16,2.07,1,63.0,24.56,0,,,51.0,46.0,7,60.05,8,0
East Africa,Male,22,Informal worker,20,42.74,-0.767,22,3.82,1,48.0,18.84,1,0.686,17.8,35.0,95.0,6,107.39,8,1
East Africa,Female,49,Informal worker,17,13.98,0.415,15,3.38,0,3.0,0.0,1,0.846,11.7,32.0,41.0,4,1132.02,8,0
West Africa,Female,45,Informal worker,19,101.02,0.74,16,9.63,0,21.0,0.0,1,0.699,9.2,78.0,57.0,5,424.21,8,1
Central Africa,Male,28,Trader,24,58.27,0.079,18,2.45,1,47.0,27.17,0,,,51.0,83.0,6,640.11,52,1
West Africa,Male,34,Trader,9,128.99,1.084,12,3.18,1,63.0,19.12,1,0.683,1.8,74.0,56.0,3,272.84,4,1
Southern Africa,Male,29,Trader,5,43.89,0.049,8,1.94,0,7.0,0.0,1,0.541,26.8,44.0,66.0,4,98.15,12,0
West Africa,Male,47,Trader,10,36.24,-0.106,13,2.53,0,7.0,0.0,0,,,24.0,30.0,5,99.87,8,0
West Africa,Female,47,Trader,18,27.02,0.126,13,4.88,1,87.0,14.38,1,0.752,7.2,23.0,36.0,6,179.0,8,1
Southern Africa,Female,44,Trader,26,90.92,-0.016,9,7.19,1,64.0,36.76,1,0.569,24.9,72.0,98.0,10,559.5,24,0
West Africa,Male,27,Trader,14,30.4,0.242,11,1.9,0,11.0,0.0,1,0.76,4.7,73.0,41.0,7,244.47,4,0
Southern Africa,Female,28,Trader,28,264.56,0.658,17,3.9,1,53.0,15.37,0,,,20.0,65.0,10,377.3,12,1
West Africa,Male,56,Self-employed,10,52.8,-0.317,8,3.28,0,3.0,0.0,0,,,48.0,93.0,2,193.45,8,1
Central Africa,Male,39,Farmer,8,92.75,-1.132,13,1.06,0,5.0,0.0,1,0.55,3.6,16.0,51.0,2,210.88,24,0
Southern Africa,Female,38,Farmer,3,27.77,-0.044,12,1.24,0,3.0,0.0,1,0.52,4.5,56.0,90.0,0,376.56,4,0
Central Africa,Female,32,Informal worker,49,187.21,1.101,17,4.66,0,18.0,0.0,0,,,57.0,81.0,9,989.48,8,1
West Africa,Female,61,Farmer,10,54.16,-0.026,6,3.56,0,2.0,0.0,0,,,38.0,14.0,4,92.2,12,1
West Africa,Male,29,Trader,8,25.17,-0.343,18,1.87,0,3.0,0.0,1,0.735,19.8,12.0,88.0,1,201.12,4,1
East Africa,Prefer not to say,54,Farmer,16,68.67,-0.838,9,2.65,0,1.0,0.0,0,,,49.0,26.0,4,117.53,4,0
East Africa,Female,54,Farmer,6,12.34,0.155,7,0.74,0,8.0,0.0,1,0.445,3.7,8.0,59.0,3,101.89,12,1
West Africa,Female,29,Informal worker,6,89.42,0.943,9,1.49,1,30.0,23.01,0,,,41.0,56.0,2,104.31,8,1
West Africa,Male,18,Trader,25,170.66,-0.095,20,1.67,0,3.0,0.0,0,,,40.0,64.0,7,207.51,8,1
East Africa,Male,29,Farmer,11,66.11,-0.433,9,3.19,0,7.0,0.0,0,,,38.0,82.0,6,130.28,8,1
West Africa,Female,30,Trader,10,28.68,-0.346,15,1.92,0,2.0,0.0,1,0.898,13.7,48.0,73.0,4,211.73,12,1
East Africa,Female,53,Trader,21,30.25,1.045,10,4.92,0,14.0,0.0,0,,,59.0,46.0,5,434.22,8,1
West Africa,Female,42,Informal worker,14,86.81,1.021,16,3.33,0,15.0,0.0,0,,,22.0,86.0,7,240.0,8,0
West Africa,Female,38,Trader,12,88.44,0.278,19,2.99,0,1.0,0.0,0,,,74.0,78.0,3,88.95,8,1
East Africa,Female,40,Farmer,27,24.3,0.651,15,5.17,0,3.0,0.0,1,0.903,2.2,62.0,96.0,4,152.58,4,1
East Africa,Female,62,Trader,5,24.08,-0.255,8,2.57,1,36.0,14.45,1,0.709,2.4,8.0,7.0,3,531.28,4,1
West Africa,Male,62,Informal worker,9,10.8,-1.19,12,1.54,1,77.0,6.28,1,0.703,2.1,48.0,73.0,2,398.18,8,1
East Africa,Male,19,Farmer,7,34.32,-1.134,13,2.82,1,65.0,26.93,1,0.665,30.5,60.0,68.0,5,264.35,12,1
Southern Africa,Male,57,Salaried,11,26.03,0.069,19,1.34,1,24.0,19.19,0,,,47.0,64.0,3,80.22,12,1
East Africa,Female,34,Farmer,22,61.26,1.523,14,3.99,0,2.0,0.0,0,,,48.0,81.0,5,82.58,12,1
East Africa,Male,53,Self-employed,10,27.0,1.674,15,4.1,1,75.0,15.93,0,,,63.0,52.0,4,146.21,4,1
Central Africa,Male,64,Trader,17,115.66,-0.016,18,2.85,1,58.0,39.72,0,,,89.0,45.0,3,532.91,4,1
East Africa,Female,42,Informal worker,8,10.34,-0.811,7,1.54,0,2.0,0.0,0,,,53.0,45.0,2,196.03,52,1
Central Africa,Female,47,Farmer,8,46.26,-0.976,11,0.91,0,15.0,0.0,0,,,50.0,74.0,2,80.07,12,0
Southern Africa,Male,38,Farmer,22,105.08,1.502,13,4.29,0,10.0,0.0,0,,,58.0,66.0,7,287.23,8,1
West Africa,Male,21,Informal worker,14,21.46,-0.651,10,1.8,1,74.0,18.39,1,0.7,2.2,17.0,72.0,7,232.4,8,1
East Africa,Female,19,Self-employed,14,25.07,-0.237,9,0.95,1,33.0,13.81,0,,,48.0,64.0,4,48.84,12,1
Southern Africa,Male,34,Salaried,12,46.64,0.631,10,2.72,1,55.0,19.57,1,0.646,5.8,63.0,50.0,6,287.82,24,1
Central Africa,Male,56,Farmer,11,11.22,-0.24,11,1.18,1,91.0,28.37,0,,,71.0,34.0,3,155.11,8,1
East Africa,Male,34,Farmer,6,21.55,0.5,5,0.86,0,4.0,0.0,0,,,20.0,87.0,2,397.68,12,1
West Africa,Male,38,Trader,13,14.33,-1.032,11,3.09,0,7.0,0.0,1,0.617,11.7,71.0,60.0,3,252.0,4,0
East Africa,Female,42,Informal worker,20,38.33,-0.472,12,3.04,1,55.0,33.86,1,0.726,0.1,47.0,81.0,4,321.9,4,0
West Africa,Male,33,Farmer,21,31.1,-0.293,10,3.41,0,12.0,0.0,0,,,76.0,64.0,2,251.64,4,0
Southern Africa,Male,41,Trader,19,60.77,0.104,20,7.28,0,22.0,0.0,0,,,52.0,53.0,7,482.42,8,1
East Africa,Male,46,Trader,10,26.45,0.4,10,2.45,1,93.0,23.26,1,0.761,7.4,17.0,66.0,4,151.02,8,1
Southern Africa,Male,58,Self-employed,15,64.25,-1.128,13,3.61,1,66.0,32.14,1,0.674,3.3,71.0,26.0,6,483.26,8,0
Central Africa,Male,53,Trader,12,30.13,-0.078,14,2.11,1,83.0,37.74,1,0.765,5.9,31.0,77.0,2,244.89,8,1
East Africa,Female,56,Farmer,33,7.87,0.544,14,7.8,1,7.0,25.17,1,0.923,7.8,95.0,98.0,2,190.83,8,1
East Africa,Male,42,Trader,24,54.31,0.936,18,2.49,1,28.0,65.26,0,,,20.0,63.0,14,543.48,12,0
Southern Africa,Male,50,Farmer,7,10.95,-0.719,6,4.52,1,61.0,8.37,1,0.78,6.5,29.0,73.0,2,197.29,4,0
Southern Africa,Male,25,Trader,15,94.61,0.12,15,1.74,1,81.0,52.97,0,,,61.0,55.0,4,219.65,8,1
Central Africa,Female,24,Informal worker,18,27.57,0.378,11,2.69,1,65.0,27.87,0,,,53.0,82.0,8,539.11,4,1
West Africa,Male,61,Trader,16,83.89,0.376,13,4.17,0,8.0,0.0,1,0.943,0.5,61.0,91.0,3,686.45,8,0
East Africa,Female,46,Trader,20,78.23,1.218,24,5.78,0,1.0,0.0,1,0.96,10.7,55.0,70.0,6,533.43,4,1
West Africa,Female,23,Trader,25,78.27,0.514,22,2.11,1,62.0,23.31,0,,,22.0,82.0,3,434.97,12,0
Central Africa,Female,37,Trader,12,95.28,0.396,15,3.22,0,2.0,0.0,0,,,76.0,91.0,4,169.37,4,1
East Africa,Female,63,Informal worker,10,8.98,-1.284,7,3.69,0,7.0,0.0,0,,,18.0,41.0,5,126.79,12,0
East Africa,Male,18,Trader,13,42.33,-0.122,17,3.87,1,60.0,31.61,1,0.828,10.6,75.0,85.0,4,389.7,12,1
West Africa,Female,38,Informal worker,18,53.61,0.636,18,4.56,1,60.0,15.19,1,0.427,4.6,58.0,58.0,8,239.7,4,1
West Africa,Female,57,Farmer,15,36.17,0.726,16,1.8,0,2.0,0.0,1,0.897,6.6,12.0,52.0,5,238.85,4,1
Southern Africa,Male,62,Trader,11,45.61,-1.011,14,6.75,0,4.0,0.0,0,,,31.0,62.0,7,49.28,24,0
West Africa,Female,35,Trader,9,32.18,-0.2,15,1.28,0,5.0,0.0,1,0.465,5.6,30.0,64.0,6,97.09,52,0
West Africa,Male,60,Farmer,13,19.11,-0.309,11,3.68,1,90.0,19.17,0,,,56.0,95.0,5,372.66,4,1
Central Africa,Female,51,Farmer,8,36.65,0.378,9,3.29,0,3.0,0.0,1,0.701,13.2,60.0,85.0,2,213.03,24,1
Southern Africa,Female,37,Farmer,15,30.98,-0.976,7,5.4,0,6.0,0.0,1,0.867,38.8,44.0,82.0,5,348.41,12,0
West Africa,Female,54,Salaried,23,57.14,0.438,13,5.61,0,0.0,0.0,0,,,51.0,83.0,7,250.67,4,1
West Africa,Male,55,Trader,18,58.43,0.477,12,6.39,1,72.0,37.44,0,,,38.0,36.0,7,486.3,4,1
Central Africa,Female,30,Farmer,21,105.07,0.749,14,7.29,0,3.0,0.0,0,,,63.0,71.0,7,144.19,4,1
Southern Africa,Female,22,Farmer,15,132.48,0.097,12,2.62,0,11.0,0.0,1,0.937,13.3,68.0,37.0,5,447.32,12,1
East Africa,Male,54,Trader,4,7.53,-0.13,5,1.23,0,0.0,0.0,1,0.779,4.4,20.0,16.0,3,129.75,8,0
West Africa,Female,21,Farmer,14,70.68,0.303,14,4.22,0,7.0,0.0,1,0.993,2.2,52.0,63.0,2,139.59,8,1
West Africa,Female,54,Informal worker,19,100.7,0.075,16,6.35,0,4.0,0.0,0,,,38.0,54.0,12,269.57,4,1
West Africa,Female,34,Informal worker,9,36.58,-0.395,9,2.89,0,6.0,0.0,1,0.805,5.3,49.0,23.0,4,376.42,4,1
Southern Africa,Prefer not to say,51,Informal worker,20,102.28,0.775,12,3.35,0,2.0,0.0,1,0.538,8.9,86.0,48.0,7,71.9,8,1
West Africa,Male,46,Trader,14,145.6,0.265,13,1.14,0,5.0,0.0,0,,,51.0,40.0,4,466.73,8,1
West Africa,Male,19,Farmer,6,17.27,-1.614,7,3.28,0,1.0,0.0,0,,,73.0,37.0,2,180.07,12,1
Southern Africa,Male,18,Salaried,6,171.0,-1.346,8,2.11,0,10.0,0.0,0,,,48.0,13.0,0,56.56,4,1
Central Africa,Male,47,Farmer,40,33.11,1.402,17,6.41,0,6.0,0.0,1,0.729,0.4,68.0,59.0,4,274.49,8,1
Southern Africa,Male,42,Informal worker,6,27.53,-0.5,15,1.81,1,58.0,16.3,1,0.663,5.8,43.0,77.0,2,140.02,12,1
East Africa,Female,20,Informal worker,8,50.2,-1.527,15,2.26,0,2.0,0.0,1,0.752,13.1,60.0,26.0,4,324.97,4,0
East Africa,Male,63,Farmer,11,26.68,-0.496,9,1.76,0,6.0,0.0,0,,,50.0,79.0,2,440.96,12,1
East Africa,Female,29,Trader,12,44.44,0.533,20,2.48,0,2.0,0.0,0,,,27.0,69.0,3,533.85,4,1
West Africa,Male,58,Informal worker,12,60.78,-0.358,6,3.02,0,8.0,0.0,1,0.889,0.1,56.0,35.0,7,212.34,4,1
East Africa,Male,23,Farmer,20,54.2,0.885,7,10.31,0,7.0,0.0,1,0.578,8.0,33.0,83.0,3,398.44,4,0
East Africa,Female,28,Trader,15,134.66,-0.582,13,1.14,1,73.0,19.15,0,,,22.0,27.0,5,506.02,24,0
East Africa,Female,42,Trader,30,183.71,0.996,25,5.87,1,72.0,49.34,0,,,85.0,75.0,12,183.44,4,1
Central Africa,Male,42,Trader,17,28.7,0.389,13,6.31,1,29.0,20.76,0,,,79.0,36.0,5,373.1,4,1
Central Africa,Female,46,Informal worker,17,53.87,0.166,10,4.76,0,2.0,0.0,1,0.875,17.4,50.0,66.0,3,135.36,24,1
West Africa,Male,26,Trader,16,122.53,0.885,20,9.06,0,4.0,0.0,0,,,70.0,58.0,11,482.64,12,1
East Africa,Male,30,Salaried,16,16.67,1.325,24,1.52,1,50.0,29.67,0,,,64.0,50.0,7,291.89,12,1
West Africa,Male,30,Self-employed,9,51.57,0.356,13,1.71,1,61.0,24.19,0,,,28.0,32.0,6,205.47,12,1
East Africa,Female,38,Self-employed,13,29.23,-1.264,12,3.05,1,93.0,13.46,0,,,83.0,52.0,3,269.96,12,1
West Africa,Male,61,Trader,25,56.5,0.236,12,10.92,1,86.0,41.35,0,,,51.0,82.0,7,1510.25,4,1
West Africa,Female,39,Farmer,29,208.56,0.745,18,3.25,0,20.0,0.0,0,,,38.0,73.0,7,586.75,24,0
Southern Africa,Female,64,Salaried,17,132.2,1.42,21,2.49,1,48.0,51.15,1,0.873,0.9,44.0,58.0,8,865.72,4,1
East Africa,Male,29,Informal worker,6,37.82,-0.09,7,2.13,0,4.0,0.0,1,0.783,20.7,50.0,57.0,3,87.85,24,1
Central Africa,Female,29,Trader,5,18.59,-0.156,10,2.72,0,7.0,0.0,1,0.728,1.5,24.0,58.0,4,187.01,52,0
West Africa,Male,22,Salaried,19,97.54,0.491,9,3.58,0,2.0,0.0,0,,,55.0,60.0,6,448.74,24,1
West Africa,Male,27,Informal worker,15,28.44,0.408,15,5.45,1,77.0,18.68,0,,,87.0,65.0,6,119.13,12,1
East Africa,Male,32,Informal worker,26,77.82,0.236,22,7.23,0,1.0,0.0,1,0.937,27.2,35.0,83.0,12,638.48,12,1
West Africa,Male,36,Self-employed,24,94.0,1.263,19,3.22,1,59.0,43.77,1,0.775,2.9,20.0,69.0,6,200.31,8,1
West Africa,Male,51,Self-employed,18,57.31,-0.369,14,4.82,0,4.0,0.0,0,,,50.0,55.0,2,527.09,4,1
Central Africa,Male,38,Farmer,18,36.02,-0.966,16,1.61,1,92.0,17.59,1,0.825,3.1,41.0,32.0,8,748.53,12,1
West Africa,Female,50,Trader,11,23.75,0.011,9,1.84,1,77.0,16.24,1,0.756,5.0,26.0,28.0,2,154.04,12,1
West Africa,Male,22,Informal worker,28,221.09,0.172,28,8.44,0,2.0,0.0,0,,,40.0,74.0,11,255.26,12,0
East Africa,Male,62,Informal worker,14,23.5,0.181,18,1.37,0,7.0,0.0,0,,,53.0,84.0,2,294.15,12,1
East Africa,Female,24,Informal worker,12,71.05,-0.951,9,2.02,0,1.0,0.0,0,,,25.0,67.0,2,236.79,8,1
East Africa,Male,19,Farmer,15,40.08,0.11,16,2.57,0,18.0,0.0,0,,,67.0,46.0,3,400.65,12,1
East Africa,Female,37,Informal worker,10,20.96,-0.389,9,1.75,0,3.0,0.0,0,,,18.0,73.0,5,473.99,4,1
Southern Africa,Female,48,Farmer,12,28.89,-0.298,10,2.62,0,3.0,0.0,0,,,88.0,75.0,2,198.89,4,1
West Africa,Male,29,Self-employed,20,49.08,0.306,21,1.83,0,1.0,0.0,0,,,32.0,8.0,6,552.35,52,0
East Africa,Male,25,Salaried,20,27.74,0.066,21,2.44,0,11.0,0.0,1,0.65,11.5,71.0,84.0,3,650.53,8,1
Southern Africa,Male,57,Farmer,11,98.26,-0.501,19,1.66,1,80.0,21.14,1,0.722,9.3,47.0,71.0,7,75.42,4,1
Central Africa,Male,56,Informal worker,21,67.83,-0.508,9,7.13,0,6.0,0.0,0,,,69.0,79.0,9,312.83,8,0
East Africa,Male,53,Informal worker,13,16.81,-0.008,7,1.72,1,36.0,11.24,0,,,47.0,85.0,1,402.66,8,1
East Africa,Female,28,Farmer,18,26.73,-0.485,14,5.27,0,3.0,0.0,0,,,17.0,90.0,4,152.05,4,0
West Africa,Female,43,Trader,7,14.02,-0.983,16,0.83,1,70.0,30.2,1,0.784,39.0,22.0,36.0,7,693.47,12,0
West Africa,Male,50,Informal worker,17,45.05,-0.444,9,2.54,1,85.0,53.49,1,0.909,12.5,48.0,31.0,6,99.11,12,1
West Africa,Female,38,Informal worker,6,27.0,-0.636,8,3.85,1,26.0,12.68,0,,,71.0,79.0,4,195.44,4,1
Southern Africa,Male,26,Farmer,24,19.32,-0.275,14,3.62,1,20.0,27.86,0,,,40.0,69.0,4,575.21,12,1
West Africa,Female,57,Self-employed,24,28.65,0.699,10,4.1,0,2.0,0.0,1,0.728,0.9,60.0,33.0,6,168.32,4,1
Southern Africa,Female,62,Self-employed,14,35.49,-0.425,17,1.81,0,3.0,0.0,1,0.722,0.8,68.0,78.0,4,321.43,4,0
West Africa,Male,25,Salaried,19,38.25,1.431,10,3.43,0,11.0,0.0,0,,,66.0,43.0,7,503.13,12,1
Central Africa,Male,51,Self-employed,10,152.56,-0.246,10,3.16,0,6.0,0.0,0,,,69.0,41.0,1,475.56,8,1
Southern Africa,Male,59,Farmer,24,116.69,0.137,13,4.91,0,7.0,0.0,0,,,22.0,64.0,4,1122.13,12,0
West Africa,Female,43,Self-employed,15,25.47,0.95,14,6.12,1,78.0,29.9,0,,,35.0,74.0,2,23.54,8,1
West Africa,Male,20,Self-employed,6,46.31,-0.353,17,2.47,0,2.0,0.0,0,,,17.0,65.0,4,682.96,8,1
West Africa,Female,50,Informal worker,21,55.46,0.05,21,5.62,0,9.0,0.0,0,,,84.0,58.0,8,128.64,24,0
Central Africa,Male,61,Trader,25,78.56,0.391,27,8.3,1,62.0,35.56,0,,,43.0,93.0,4,676.63,8,1
West Africa,Male,30,Trader,12,30.74,2.098,16,3.98,0,1.0,0.0,0,,,55.0,86.0,4,223.13,4,0
East Africa,Female,24,Farmer,16,87.55,-1.337,13,3.09,1,41.0,21.19,0,,,20.0,59.0,7,234.72,24,1
East Africa,Male,29,Informal worker,21,139.81,0.357,22,4.22,0,6.0,0.0,0,,,62.0,38.0,7,500.47,12,1
Southern Africa,Male,56,Farmer,24,67.46,1.014,10,5.61,0,4.0,0.0,1,0.75,12.8,17.0,51.0,5,300.51,24,1
East Africa,Female,44,Salaried,30,40.33,0.781,20,6.38,0,3.0,0.0,0,,,63.0,52.0,6,877.85,4,0
East Africa,Male,18,Salaried,25,68.12,0.679,14,3.42,0,9.0,0.0,1,0.826,6.6,48.0,74.0,7,1212.13,24,1
Central Africa,Female,45,Trader,19,88.2,0.692,11,3.01,1,51.0,114.64,1,0.817,1.4,66.0,76.0,4,307.33,4,1
West Africa,Prefer not to say,56,Trader,32,143.52,1.218,18,2.72,1,22.0,114.56,1,0.532,16.0,41.0,68.0,10,513.06,8,1
Southern Africa,Male,26,Informal worker,36,67.56,0.555,26,6.38,0,10.0,0.0,1,0.705,0.7,38.0,63.0,10,359.01,24,1
West Africa,Female,45,Farmer,27,30.83,1.052,22,5.52,0,1.0,0.0,0,,,66.0,80.0,9,1458.22,24,1
East Africa,Male,28,Self-employed,17,107.16,0.241,16,4.23,1,50.0,23.27,0,,,59.0,37.0,8,1331.77,4,1
Central Africa,Female,18,Salaried,34,72.97,0.902,26,4.39,1,96.0,35.6,1,0.919,0.8,88.0,62.0,11,515.71,8,1
Southern Africa,Prefer not to say,36,Farmer,13,36.4,-0.896,16,3.66,1,61.0,19.05,1,0.579,46.7,60.0,82.0,4,127.47,8,1
Southern Africa,Female,54,Informal worker,13,110.09,-0.634,7,4.47,1,88.0,17.94,0,,,40.0,87.0,3,433.65,12,1
West Africa,Female,49,Salaried,13,57.22,-0.419,12,2.61,1,82.0,37.4,0,,,81.0,61.0,5,340.33,4,1
East Africa,Male,22,Salaried,7,44.49,-0.809,10,1.3,0,2.0,0.0,0,,,20.0,40.0,5,367.7,8,0
East Africa,Female,26,Informal worker,13,36.67,-0.764,11,0.93,1,75.0,18.73,0,,,50.0,92.0,4,162.28,8,1
East Africa,Male,43,Self-employed,16,85.49,0.744,13,1.83,1,63.0,23.2,0,,,68.0,63.0,8,263.68,8,1
East Africa,Female,33,Farmer,3,5.89,-0.898,6,2.32,1,24.0,11.52,0,,,80.0,53.0,1,168.38,12,0
West Africa,Male,33,Trader,18,11.24,-0.698,15,1.69,1,90.0,6.88,1,0.548,30.2,65.0,33.0,9,264.4,4,1
West Africa,Male,38,Informal worker,32,100.81,0.997,33,6.63,0,0.0,0.0,1,0.898,0.8,24.0,76.0,9,963.19,8,1
West Africa,Male,53,Salaried,19,16.56,-0.604,12,1.58,0,2.0,0.0,1,0.889,8.3,36.0,71.0,2,106.04,12,1
East Africa,Male,45,Self-employed,17,142.82,0.49,11,1.6,0,7.0,0.0,0,,,60.0,65.0,7,193.44,4,1
West Africa,Male,58,Trader,34,157.41,0.971,21,6.06,0,2.0,0.0,0,,,32.0,74.0,11,431.77,8,1
Central Africa,Male,22,Farmer,20,135.82,0.375,13,2.85,0,6.0,0.0,0,,,48.0,67.0,5,697.52,52,1
East Africa,Female,39,Informal worker,3,25.36,-0.809,8,1.51,1,67.0,16.19,0,,,28.0,63.0,3,124.03,24,0
West Africa,Female,43,Salaried,29,96.0,0.374,23,6.09,1,63.0,57.92,0,,,25.0,30.0,10,101.93,8,1
Southern Africa,Male,53,Informal worker,16,48.83,0.43,7,7.14,0,5.0,0.0,0,,,72.0,93.0,8,328.2,8,1
Southern Africa,Female,42,Trader,10,24.38,-1.271,13,1.47,0,1.0,0.0,0,,,51.0,88.0,1,173.21,4,0
West Africa,Male,61,Salaried,16,25.91,0.249,8,2.82,1,47.0,16.4,0,,,63.0,91.0,7,187.06,4,1
West Africa,Female,57,Informal worker,10,23.0,-0.338,9,1.45,0,6.0,0.0,0,,,69.0,64.0,2,92.82,12,0
West Africa,Male,50,Salaried,7,15.2,0.356,13,2.22,1,58.0,26.42,0,,,41.0,47.0,3,416.77,52,1
West Africa,Female,36,Salaried,12,70.62,-0.807,14,3.42,0,0.0,0.0,0,,,37.0,90.0,3,772.26,12,1
Southern Africa,Male,33,Trader,10,23.93,-0.527,13,1.77,0,12.0,0.0,1,0.893,4.6,75.0,33.0,3,89.32,12,1
Central Africa,Male,43,Self-employed,26,165.8,0.715,20,11.38,1,79.0,18.42,1,0.568,0.7,47.0,89.0,6,964.65,4,1
West Africa,Female,39,Farmer,23,29.96,0.854,23,1.4,1,72.0,29.15,0,,,29.0,40.0,0,177.04,24,1
Southern Africa,Female,19,Self-employed,10,33.54,0.344,25,2.57,0,7.0,0.0,1,0.692,44.6,41.0,91.0,2,214.17,12,1
West Africa,Female,28,Trader,21,87.39,0.113,16,5.58,1,61.0,21.89,0,,,58.0,75.0,6,329.97,12,1
East Africa,Male,57,Salaried,5,29.74,-0.172,6,1.7,0,5.0,0.0,0,,,57.0,66.0,3,186.46,8,1
Southern Africa,Male,39,Farmer,11,29.69,0.476,7,3.31,0,4.0,0.0,0,,,18.0,32.0,2,1106.66,8,0
East Africa,Female,62,Trader,25,96.26,0.802,25,4.21,1,64.0,50.36,0,,,58.0,63.0,7,118.47,12,1
West Africa,Male,29,Self-employed,23,48.17,1.002,19,6.15,1,73.0,63.65,0,,,74.0,51.0,8,323.73,12,1
East Africa,Male,63,Farmer,33,145.92,-0.048,18,7.69,0,11.0,0.0,0,,,64.0,82.0,4,334.47,8,1
Central Africa,Male,55,Trader,29,67.79,1.663,21,3.83,1,63.0,106.85,0,,,59.0,66.0,12,249.94,8,0
West Africa,Male,34,Salaried,10,45.87,-0.809,13,3.45,1,62.0,8.12,1,0.473,13.9,89.0,66.0,5,210.15,12,1
West Africa,Male,46,Farmer,15,48.1,-0.022,10,5.23,1,88.0,20.57,1,0.799,3.3,47.0,80.0,3,394.14,8,1
West Africa,Male,64,Informal worker,11,14.9,-0.429,12,2.98,0,3.0,0.0,1,0.776,1.4,28.0,64.0,2,171.32,4,0
East Africa,Female,47,Self-employed,44,332.33,1.25,28,5.0,1,69.0,166.52,0,,,53.0,70.0,17,176.84,12,1
East Africa,Female,61,Farmer,17,14.61,-0.354,11,1.85,0,11.0,0.0,1,0.811,9.3,60.0,82.0,4,160.07,4,0
Southern Africa,Female,23,Trader,4,52.27,0.685,6,2.79,1,73.0,26.12,0,,,74.0,56.0,0,197.36,12,1
Southern Africa,Female,25,Informal worker,27,55.37,-0.239,24,2.76,1,84.0,27.58,1,0.668,28.0,18.0,79.0,5,836.21,12,1
Central Africa,Male,18,Informal worker,29,58.08,-0.8,12,2.77,0,12.0,0.0,1,0.577,3.0,55.0,24.0,8,818.47,12,0
Southern Africa,Female,33,Trader,6,22.65,-0.857,10,2.5,0,11.0,0.0,0,,,56.0,92.0,2,185.42,12,1
West Africa,Female,55,Farmer,13,45.48,-1.013,12,1.21,1,63.0,8.65,1,0.784,20.2,39.0,54.0,4,116.1,24,1
East Africa,Female,63,Farmer,9,26.19,0.236,12,2.56,1,72.0,18.88,1,0.802,5.5,11.0,46.0,3,203.27,4,1
West Africa,Male,43,Trader,19,24.39,-0.059,12,4.63,0,10.0,0.0,0,,,61.0,71.0,4,173.32,12,0
West Africa,Female,37,Farmer,32,216.18,1.231,25,3.14,0,5.0,0.0,0,,,46.0,77.0,12,342.01,8,1
Central Africa,Female,61,Self-employed,13,97.89,0.124,9,3.21,1,65.0,17.01,0,,,74.0,33.0,1,287.47,8,1
Southern Africa,Female,45,Farmer,6,32.17,-0.714,12,3.11,1,31.0,45.69,1,0.791,29.7,16.0,33.0,3,101.56,8,1
Central Africa,Female,43,Trader,17,22.58,-0.388,10,5.37,0,2.0,0.0,0,,,25.0,33.0,4,451.93,4,0
East Africa,Female,21,Self-employed,5,32.89,-0.708,8,2.81,0,12.0,0.0,1,0.909,16.6,20.0,68.0,5,293.49,4,0
East Africa,Female,28,Farmer,26,49.27,0.791,16,3.55,1,74.0,33.32,0,,,54.0,67.0,6,485.33,12,1
East Africa,Female,50,Self-employed,20,101.58,-0.563,13,2.9,0,6.0,0.0,0,,,67.0,96.0,7,355.26,4,0
West Africa,Prefer not to say,50,Salaried,9,114.1,-1.284,21,1.77,1,76.0,32.49,1,0.89,8.5,46.0,66.0,3,112.7,8,0
West Africa,Female,41,Farmer,12,51.57,-0.634,6,4.35,1,71.0,8.4,1,0.525,18.1,38.0,36.0,0,217.03,12,1
East Africa,Male,50,Farmer,26,53.92,1.162,13,3.97,0,1.0,0.0,0,,,43.0,25.0,11,255.36,24,1
West Africa,Female,50,Trader,11,16.22,-0.809,11,2.14,0,2.0,0.0,1,0.481,12.8,37.0,79.0,3,89.17,4,0
Central Africa,Male,21,Trader,7,42.98,-0.418,7,2.12,0,4.0,0.0,0,,,54.0,77.0,2,123.84,52,0
West Africa,Male,57,Trader,17,38.55,-1.089,6,1.53,0,13.0,0.0,1,0.503,2.2,21.0,45.0,2,237.5,8,0
West Africa,Male,50,Farmer,18,25.91,-0.609,9,2.67,0,6.0,0.0,0,,,24.0,73.0,5,508.83,8,1
Southern Africa,Male,28,Farmer,27,54.49,-0.24,16,3.26,1,63.0,40.56,1,0.805,17.9,40.0,84.0,6,958.39,8,1
West Africa,Male,27,Salaried,19,79.66,0.407,10,2.09,1,68.0,34.11,1,0.74,0.1,49.0,89.0,5,520.57,8,1
Central Africa,Male,63,Trader,13,43.76,-0.907,16,2.92,1,44.0,25.48,1,0.957,0.4,56.0,71.0,9,296.22,4,0
Southern Africa,Male,29,Farmer,14,38.46,0.779,16,1.93,0,19.0,0.0,0,,,39.0,20.0,2,1202.37,24,1
West Africa,Female,19,Trader,20,75.92,-1.063,7,2.5,1,58.0,16.28,0,,,33.0,34.0,5,286.34,4,1
Southern Africa,Female,19,Trader,7,27.95,-0.868,6,0.89,1,79.0,12.84,1,0.692,10.4,70.0,74.0,1,226.1,4,1
East Africa,Prefer not to say,28,Salaried,39,21.01,0.049,23,8.63,1,85.0,18.87,0,,,82.0,90.0,10,370.01,24,1
Southern Africa,Male,47,Informal worker,13,87.45,-0.391,11,2.81,1,52.0,18.37,0,,,24.0,40.0,3,493.98,24,1
Southern Africa,Male,39,Farmer,35,129.39,2.013,28,4.49,1,64.0,48.99,0,,,58.0,74.0,12,148.41,4,1
Southern Africa,Female,52,Informal worker,21,19.13,-0.152,9,2.42,1,75.0,39.6,1,0.809,4.9,43.0,66.0,6,160.35,24,1
East Africa,Male,28,Farmer,12,74.69,-0.345,16,5.57,0,2.0,0.0,0,,,18.0,56.0,2,220.32,8,0
West Africa,Prefer not to say,28,Salaried,11,23.19,0.229,13,1.91,0,1.0,0.0,1,0.607,2.4,45.0,82.0,6,161.19,4,1
Southern Africa,Female,36,Farmer,7,44.5,-0.964,8,3.27,0,1.0,0.0,0,,,53.0,61.0,4,82.77,12,1
Central Africa,Male,55,Informal worker,4,9.79,-0.439,9,1.2,0,10.0,0.0,1,0.684,64.4,59.0,19.0,0,314.51,8,1
East Africa,Male,41,Trader,16,65.61,0.866,14,3.83,0,5.0,0.0,0,,,37.0,75.0,10,195.89,4,0
Southern Africa,Male,53,Farmer,19,59.49,0.524,18,4.2,1,76.0,18.35,1,0.755,3.2,57.0,96.0,5,221.64,4,1
East Africa,Female,22,Farmer,13,30.99,0.408,19,6.51,0,4.0,0.0,1,0.895,3.8,55.0,68.0,6,1231.67,8,1
Southern Africa,Male,37,Trader,12,53.55,0.29,15,3.53,1,68.0,48.36,1,0.88,15.6,37.0,73.0,8,757.43,4,1
Central Africa,Female,38,Informal worker,26,190.24,0.239,28,3.68,1,81.0,29.91,1,0.75,1.3,80.0,77.0,4,922.49,4,1
West Africa,Female,21,Informal worker,7,141.31,-0.829,11,4.92,0,12.0,0.0,0,,,59.0,46.0,4,456.85,4,0
West Africa,Male,32,Trader,14,37.73,0.387,19,4.03,0,16.0,0.0,1,0.496,7.0,26.0,83.0,6,845.73,4,0
East Africa,Male,31,Self-employed,17,91.87,0.033,14,1.27,1,20.0,16.05,1,0.762,9.9,38.0,55.0,2,644.78,8,1
East Africa,Male,39,Trader,24,24.17,0.73,16,7.73,1,41.0,28.35,0,,,48.0,73.0,8,1044.25,8,1
East Africa,Male,25,Salaried,35,177.15,1.64,17,3.0,0,5.0,0.0,0,,,86.0,86.0,14,122.07,4,1
West Africa,Female,30,Farmer,5,51.54,0.498,9,2.65,0,2.0,0.0,0,,,44.0,27.0,3,194.98,4,1
East Africa,Female,63,Trader,1,80.79,-0.319,12,2.04,0,9.0,0.0,0,,,45.0,84.0,2,60.8,8,0
East Africa,Female,24,Trader,6,19.99,-0.239,4,0.42,0,15.0,0.0,0,,,61.0,41.0,0,180.01,52,1
East Africa,Male,56,Informal worker,20,42.5,-0.366,15,7.6,0,12.0,0.0,1,0.807,18.0,48.0,70.0,7,1475.66,4,1
Southern Africa,Male,43,Salaried,8,71.89,-0.611,9,3.76,0,7.0,0.0,0,,,30.0,82.0,5,218.28,8,0
Southern Africa,Female,21,Informal worker,18,63.76,-0.138,12,2.59,0,2.0,0.0,0,,,53.0,61.0,8,647.23,8,0
East Africa,Female,36,Farmer,13,34.0,-0.01,14,7.06,1,74.0,15.68,0,,,35.0,38.0,2,73.79,12,1
Southern Africa,Female,42,Trader,26,119.97,0.369,22,3.84,0,10.0,0.0,0,,,7.0,71.0,8,674.6,24,0
East Africa,Female,31,Salaried,23,94.9,0.456,22,3.35,0,7.0,0.0,1,0.72,8.2,49.0,93.0,9,515.52,24,1
East Africa,Female,30,Salaried,13,54.25,-0.048,19,2.6,1,81.0,59.21,0,,,78.0,39.0,6,203.52,4,1
East Africa,Male,51,Farmer,16,106.12,-0.181,17,4.78,1,38.0,52.17,1,0.824,3.9,65.0,66.0,8,290.82,24,1
West Africa,Male,19,Salaried,16,53.44,0.255,14,3.28,1,80.0,22.27,1,0.528,5.3,43.0,58.0,1,312.16,52,1
West Africa,Female,61,Informal worker,13,70.19,0.661,13,3.85,0,8.0,0.0,1,0.721,1.9,18.0,79.0,13,1032.08,24,1
East Africa,Male,33,Farmer,26,24.03,-0.195,11,2.79,1,63.0,39.36,0,,,28.0,39.0,11,192.1,8,1
Central Africa,Female,35,Informal worker,24,57.76,0.786,19,6.57,0,9.0,0.0,1,0.734,0.3,29.0,85.0,4,264.69,8,1
Southern Africa,Male,23,Trader,7,33.58,-0.636,13,1.42,0,5.0,0.0,1,0.956,4.7,61.0,26.0,3,201.74,4,0
West Africa,Male,59,Trader,18,16.74,0.423,7,3.35,1,88.0,15.74,0,,,76.0,39.0,6,233.91,8,1
East Africa,Male,28,Informal worker,16,16.43,0.751,8,2.62,0,0.0,0.0,0,,,57.0,93.0,1,135.86,4,1
West Africa,Female,55,Self-employed,17,15.34,-0.489,7,0.8,0,12.0,0.0,0,,,30.0,27.0,3,654.87,24,1
Southern Africa,Female,33,Farmer,3,23.05,-0.263,8,1.79,0,4.0,0.0,0,,,51.0,90.0,2,87.01,24,0
Southern Africa,Male,19,Trader,19,60.72,0.676,10,2.39,0,6.0,0.0,0,,,64.0,50.0,7,351.54,12,0
East Africa,Male,37,Trader,7,13.84,-0.375,7,2.28,1,94.0,31.14,1,0.521,33.1,43.0,47.0,5,163.05,12,1
East Africa,Male,42,Farmer,14,23.1,-0.573,9,3.13,1,79.0,11.46,0,,,29.0,72.0,3,266.06,4,1
West Africa,Male,40,Informal worker,18,120.29,0.337,14,6.56,1,9.0,18.82,0,,,82.0,80.0,5,396.61,8,1
East Africa,Female,64,Trader,9,75.99,0.559,15,3.81,0,9.0,0.0,0,,,19.0,41.0,7,267.33,24,1
Central Africa,Male,42,Trader,18,67.24,-0.839,13,3.57,0,1.0,0.0,0,,,61.0,30.0,3,253.69,52,1
Southern Africa,Male,54,Informal worker,10,15.53,-0.385,5,1.63,0,2.0,0.0,0,,,35.0,58.0,2,338.89,52,1
East Africa,Male,35,Trader,19,55.31,0.539,18,2.15,0,13.0,0.0,0,,,21.0,72.0,7,151.92,4,1
East Africa,Female,24,Farmer,24,55.92,1.119,15,7.37,1,51.0,47.03,1,0.53,23.9,65.0,73.0,6,217.22,8,1
West Africa,Female,41,Informal worker,9,15.84,-0.925,9,1.77,0,17.0,0.0,0,,,55.0,57.0,4,130.55,24,1
West Africa,Female,44,Trader,15,18.76,-1.031,13,1.97,0,2.0,0.0,1,0.763,7.4,21.0,37.0,4,333.31,12,1
West Africa,Female,37,Farmer,18,102.22,0.862,12,3.06,1,9.0,27.62,1,0.43,10.3,35.0,73.0,8,156.83,8,1
East Africa,Prefer not to say,54,Trader,18,14.0,-1.245,14,5.63,1,37.0,23.98,1,0.799,25.7,38.0,85.0,6,293.78,8,1
Central Africa,Male,63,Farmer,15,175.98,-0.611,10,1.72,0,5.0,0.0,1,0.553,12.8,48.0,50.0,5,138.38,4,1
East Africa,Female,21,Self-employed,13,11.03,0.293,9,6.34,1,76.0,23.81,0,,,75.0,33.0,4,125.92,4,1
West Africa,Female,21,Informal worker,16,66.46,0.577,12,4.91,0,13.0,0.0,1,0.702,0.8,25.0,90.0,3,268.06,4,1
West Africa,Male,30,Trader,16,62.52,-0.475,11,6.01,0,1.0,0.0,0,,,59.0,68.0,2,229.14,8,1
West Africa,Female,45,Trader,17,108.96,0.645,14,3.18,1,51.0,57.83,0,,,40.0,47.0,3,1177.92,12,1
Southern Africa,Female,19,Trader,20,70.4,0.739,12,2.67,0,2.0,0.0,1,0.673,6.3,27.0,92.0,4,396.47,12,1
East Africa,Female,27,Salaried,18,92.26,-0.136,15,2.51,0,3.0,0.0,1,0.958,12.1,32.0,76.0,7,253.81,8,0
Southern Africa,Male,37,Informal worker,18,39.31,-0.373,11,4.07,0,9.0,0.0,0,,,57.0,94.0,9,202.71,12,0
Southern Africa,Male,35,Informal worker,20,70.1,1.243,16,3.55,0,4.0,0.0,1,0.786,9.7,33.0,56.0,5,409.64,8,1
West Africa,Female,57,Trader,13,80.83,0.329,21,4.07,1,65.0,56.6,1,0.676,5.2,35.0,48.0,1,973.69,12,1
East Africa,Male,43,Self-employed,26,68.35,-1.314,17,2.42,1,74.0,37.44,0,,,32.0,67.0,8,533.24,12,1
Central Africa,Male,58,Salaried,10,40.85,-0.077,8,3.34,1,62.0,12.46,0,,,55.0,93.0,5,195.14,52,1
East Africa,Male,53,Trader,13,106.96,0.541,14,3.49,0,16.0,0.0,1,0.52,22.8,23.0,67.0,6,248.34,4,1
West Africa,Male,37,Farmer,14,17.45,0.476,6,1.29,1,31.0,27.67,0,,,40.0,59.0,5,208.94,4,1
Central Africa,Female,63,Farmer,9,61.85,0.355,11,2.65,1,71.0,12.0,0,,,33.0,63.0,6,332.77,12,1
Central Africa,Female,57,Informal worker,8,20.88,-0.104,8,1.29,0,2.0,0.0,1,0.853,13.4,56.0,56.0,4,131.72,52,0
East Africa,Female,41,Farmer,6,27.69,-0.869,9,0.91,0,4.0,0.0,0,,,37.0,79.0,1,88.19,24,0
East Africa,Male,57,Trader,11,177.88,0.953,18,1.03,0,1.0,0.0,0,,,49.0,58.0,5,331.59,8,1
West Africa,Male,30,Informal worker,14,71.54,-0.326,14,1.09,0,1.0,0.0,1,0.556,15.4,16.0,58.0,5,183.46,4,1
Southern Africa,Male,27,Informal worker,8,10.73,0.173,6,4.09,0,1.0,0.0,1,0.425,11.1,52.0,12.0,2,415.07,12,0
East Africa,Male,55,Farmer,19,40.8,0.668,22,1.79,1,23.0,20.53,0,,,57.0,59.0,4,385.69,12,1
West Africa,Female,55,Farmer,10,21.87,0.139,6,2.98,0,8.0,0.0,0,,,39.0,83.0,2,471.43,12,1
Southern Africa,Male,28,Trader,18,62.1,-0.291,9,7.29,0,1.0,0.0,1,0.899,10.1,62.0,40.0,7,80.11,8,1
Central Africa,Male,53,Farmer,20,65.56,0.591,12,1.24,1,94.0,13.92,0,,,26.0,27.0,0,131.18,8,0
Southern Africa,Female,41,Salaried,17,28.38,0.2,10,2.86,0,1.0,0.0,0,,,67.0,56.0,5,167.02,4,1
West Africa,Female,44,Informal worker,20,46.73,0.347,13,8.11,1,39.0,37.34,1,0.68,3.0,53.0,47.0,8,185.11,12,1
West Africa,Male,57,Self-employed,20,64.88,0.791,18,6.44,0,10.0,0.0,1,0.541,9.6,67.0,68.0,6,171.8,8,1
Central Africa,Female,25,Informal worker,9,19.21,-0.398,6,3.93,0,9.0,0.0,0,,,38.0,53.0,1,85.57,4,1
Central Africa,Male,36,Salaried,14,48.25,0.633,11,2.22,0,5.0,0.0,0,,,47.0,43.0,4,862.62,52,0
East Africa,Female,31,Farmer,22,118.65,0.787,14,6.74,0,12.0,0.0,0,,,23.0,87.0,7,567.11,12,1
East Africa,Female,44,Trader,11,55.48,-0.307,14,1.92,0,7.0,0.0,1,0.686,1.8,19.0,48.0,0,247.43,52,1
East Africa,Male,25,Self-employed,10,39.44,0.514,15,2.45,1,83.0,17.82,1,0.623,4.5,44.0,67.0,1,454.75,12,1
East Africa,Male,23,Informal worker,13,93.84,-0.756,9,6.86,1,36.0,21.98,1,0.88,2.5,40.0,48.0,3,274.71,8,1
West Africa,Male,50,Self-employed,15,12.28,0.127,18,4.2,0,9.0,0.0,0,,,45.0,67.0,4,138.24,8,1
West Africa,Female,20,Informal worker,9,7.74,-0.47,15,4.02,1,58.0,12.07,0,,,54.0,81.0,5,229.81,24,0
West Africa,Male,37,Farmer,13,40.57,0.611,11,1.59,0,0.0,0.0,0,,,74.0,71.0,6,203.3,24,0
Southern Africa,Female,64,Trader,13,37.02,0.166,9,1.49,0,3.0,0.0,0,,,64.0,78.0,4,136.59,12,1
West Africa,Male,64,Farmer,32,45.04,0.443,13,2.29,1,28.0,36.15,1,0.756,1.9,50.0,39.0,14,348.22,52,1
West Africa,Male,26,Informal worker,5,117.73,-0.832,10,1.8,0,2.0,0.0,1,0.768,11.1,45.0,33.0,3,293.73,12,1
East Africa,Male,61,Self-employed,16,58.6,1.0,15,8.13,0,4.0,0.0,1,0.897,1.2,59.0,64.0,6,77.49,12,1
West Africa,Male,33,Salaried,22,52.06,1.238,12,3.01,1,47.0,20.49,0,,,56.0,74.0,5,306.75,8,1
West Africa,Male,27,Farmer,1,36.9,1.066,8,1.67,1,83.0,11.18,0,,,52.0,67.0,1,63.37,24,1
East Africa,Female,41,Farmer,34,31.01,0.435,18,5.8,0,2.0,0.0,0,,,43.0,78.0,7,1626.75,52,0
East Africa,Female,40,Trader,14,121.46,-0.22,17,3.21,1,57.0,20.49,0,,,42.0,82.0,7,380.27,24,1
East Africa,Male,35,Farmer,23,27.12,-0.402,12,3.27,1,74.0,32.34,1,0.547,8.9,74.0,68.0,9,410.71,4,0
Central Africa,Female,38,Self-employed,18,20.62,-0.121,8,2.12,1,42.0,9.73,0,,,49.0,78.0,5,415.52,24,0
West Africa,Male,22,Informal worker,25,64.93,-0.606,14,3.22,1,64.0,37.8,1,0.965,1.6,46.0,36.0,4,291.87,4,0
Central Africa,Female,30,Farmer,13,33.38,-0.238,9,3.05,0,15.0,0.0,0,,,70.0,50.0,3,86.47,24,1
Central Africa,Male,27,Salaried,8,54.85,-0.141,15,2.77,1,36.0,12.36,0,,,47.0,72.0,3,459.86,4,1
Southern Africa,Female,61,Trader,19,39.81,-0.886,12,6.13,0,9.0,0.0,1,0.971,21.0,68.0,34.0,5,591.79,4,1
East Africa,Male,41,Self-employed,10,73.78,0.041,9,1.94,0,2.0,0.0,0,,,76.0,71.0,3,252.79,12,1
East Africa,Male,43,Informal worker,6,43.78,0.344,12,3.05,0,19.0,0.0,1,0.785,7.1,24.0,96.0,1,136.0,24,1
East Africa,Female,38,Trader,6,34.42,-0.13,7,1.69,0,3.0,0.0,0,,,80.0,67.0,2,830.57,12,1
Southern Africa,Male,59,Informal worker,9,35.37,0.279,4,2.41,0,6.0,0.0,1,0.715,0.7,37.0,31.0,2,139.8,8,1
West Africa,Male,55,Trader,15,25.58,-0.735,13,1.39,0,14.0,0.0,0,,,37.0,92.0,1,100.52,8,0
Central Africa,Male,50,Informal worker,9,26.44,-1.247,10,2.01,1,93.0,13.61,0,,,44.0,9.0,2,205.13,8,1
East Africa,Female,32,Farmer,18,46.55,0.659,17,2.75,0,9.0,0.0,1,0.796,27.1,64.0,88.0,3,237.38,4,1
Southern Africa,Male,32,Trader,12,81.76,0.281,13,3.84,0,3.0,0.0,1,0.702,8.5,65.0,92.0,6,315.36,8,1
East Africa,Female,62,Informal worker,24,68.3,0.24,19,2.01,0,13.0,0.0,0,,,90.0,70.0,12,289.69,4,1
West Africa,Female,61,Farmer,13,42.06,0.309,18,2.21,1,45.0,24.22,1,0.804,27.9,92.0,60.0,8,213.01,52,1
East Africa,Female,31,Trader,14,69.0,-0.655,9,4.76,0,1.0,0.0,1,0.933,0.1,57.0,52.0,5,247.32,12,0
East Africa,Male,33,Salaried,29,64.57,1.002,24,3.02,1,82.0,32.1,0,,,63.0,56.0,9,469.39,8,1
East Africa,Female,33,Trader,8,81.79,-0.047,10,2.14,1,57.0,21.95,0,,,17.0,70.0,4,370.14,4,1
West Africa,Male,54,Informal worker,11,72.1,0.307,10,2.19,0,6.0,0.0,0,,,45.0,62.0,5,289.72,8,1
West Africa,Female,62,Informal worker,6,78.32,-0.49,11,2.24,0,1.0,0.0,0,,,43.0,57.0,4,345.68,8,0
East Africa,Male,59,Trader,16,40.71,0.169,16,2.55,0,4.0,0.0,1,0.605,11.8,49.0,51.0,3,227.03,24,1
East Africa,Female,57,Self-employed,21,85.52,0.445,18,4.15,1,90.0,66.59,1,0.819,2.3,70.0,61.0,5,120.32,8,1
Central Africa,Female,34,Farmer,14,62.85,0.557,19,2.3,0,5.0,0.0,0,,,36.0,48.0,9,271.07,24,1
West Africa,Male,32,Trader,14,39.54,0.199,15,2.09,0,3.0,0.0,1,0.739,1.9,9.0,11.0,8,649.46,12,1
West Africa,Male,59,Farmer,13,61.39,-0.145,10,5.44,0,1.0,0.0,1,0.851,9.5,32.0,54.0,2,247.74,4,0
West Africa,Male,36,Informal worker,15,25.41,-0.348,11,5.01,1,82.0,9.16,1,0.717,10.3,66.0,46.0,2,713.07,12,1
East Africa,Female,28,Trader,20,35.1,0.154,14,1.74,0,8.0,0.0,1,0.906,9.5,67.0,64.0,4,578.35,12,0
East Africa,Male,57,Farmer,19,21.2,-0.597,20,4.19,0,11.0,0.0,0,,,74.0,69.0,7,145.42,24,1
East Africa,Female,40,Farmer,16,91.98,-0.059,14,1.29,0,8.0,0.0,1,0.323,8.6,39.0,77.0,6,303.13,24,1
Central Africa,Male,22,Informal worker,13,41.72,0.014,14,2.47,1,31.0,28.19,1,0.962,14.6,40.0,83.0,8,728.55,8,1
West Africa,Female,60,Farmer,8,26.87,0.756,8,3.87,0,5.0,0.0,0,,,69.0,37.0,4,560.37,12,1
Southern Africa,Male,31,Farmer,18,45.5,-0.275,11,2.85,0,1.0,0.0,1,0.882,4.2,77.0,69.0,11,1284.52,12,0
West Africa,Male,32,Trader,14,31.81,-0.882,10,4.62,0,1.0,0.0,0,,,43.0,53.0,1,188.08,4,1
West Africa,Male,42,Trader,20,35.1,-0.236,23,1.31,0,2.0,0.0,0,,,68.0,83.0,4,381.56,52,1
East Africa,Female,30,Informal worker,24,33.97,0.588,16,6.16,1,57.0,21.83,1,0.347,6.6,33.0,87.0,10,1117.75,8,1
West Africa,Male,56,Farmer,18,73.84,-0.026,24,3.34,1,17.0,36.67,0,,,15.0,67.0,2,492.94,8,1
East Africa,Male,50,Trader,21,39.05,-0.803,14,4.11,1,69.0,42.34,1,0.806,29.0,73.0,94.0,6,185.21,4,1
Southern Africa,Male,44,Trader,26,109.37,-0.479,25,2.21,1,58.0,35.02,0,,,31.0,71.0,5,321.92,12,1
Southern Africa,Female,27,Informal worker,21,68.39,1.056,10,1.79,0,5.0,0.0,1,0.845,3.5,69.0,67.0,13,741.63,8,1
East Africa,Female,41,Informal worker,26,16.95,1.455,9,2.76,1,80.0,32.22,0,,,44.0,87.0,4,390.58,52,1
East Africa,Male,30,Farmer,23,64.62,0.324,15,11.57,1,77.0,5.34,0,,,36.0,62.0,4,121.09,12,1
East Africa,Male,63,Informal worker,29,67.32,0.335,13,2.94,1,59.0,17.2,1,0.864,1.6,67.0,79.0,9,363.19,4,0
West Africa,Male,55,Informal worker,13,51.17,0.198,9,1.94,0,0.0,0.0,0,,,21.0,18.0,5,208.75,8,1
West Africa,Male,23,Trader,17,62.41,-0.538,13,2.11,1,88.0,14.94,0,,,28.0,95.0,4,123.91,8,1
Southern Africa,Prefer not to say,42,Farmer,13,29.05,0.829,11,2.95,0,6.0,0.0,1,0.875,33.2,57.0,65.0,6,373.2,4,1
Central Africa,Male,54,Trader,27,147.3,1.414,24,3.29,0,12.0,0.0,0,,,71.0,71.0,14,150.96,24,0
West Africa,Female,42,Salaried,17,47.87,-0.142,18,3.61,0,5.0,0.0,1,0.81,0.3,83.0,93.0,8,598.58,24,0
East Africa,Female,23,Trader,19,170.73,0.65,11,3.83,0,10.0,0.0,0,,,65.0,84.0,3,253.98,12,1
Southern Africa,Female,24,Farmer,20,27.8,-0.037,19,4.62,0,10.0,0.0,0,,,71.0,86.0,8,185.97,8,1
Southern Africa,Male,52,Farmer,20,31.89,0.625,20,3.31,0,11.0,0.0,0,,,48.0,66.0,7,132.34,4,1
East Africa,Female,42,Farmer,18,56.75,-0.073,14,3.34,0,2.0,0.0,1,0.36,16.3,43.0,38.0,8,368.9,8,1
East Africa,Male,43,Salaried,22,64.74,-0.315,16,1.41,0,12.0,0.0,0,,,37.0,71.0,6,303.43,8,0
Southern Africa,Male,30,Farmer,11,37.4,0.025,11,2.01,0,3.0,0.0,1,0.843,0.3,26.0,84.0,7,216.43,52,1
Central Africa,Prefer not to say,30,Trader,30,89.03,-0.103,23,3.48,1,88.0,18.03,0,,,13.0,58.0,10,1707.26,12,1
West Africa,Male,37,Informal worker,9,63.48,-0.191,7,1.67,0,17.0,0.0,1,0.773,7.5,64.0,83.0,1,114.55,8,1
Central Africa,Male,43,Informal worker,16,34.69,-0.225,13,3.04,0,1.0,0.0,1,0.73,9.2,60.0,59.0,5,242.52,4,1
West Africa,Male,40,Self-employed,20,33.45,0.748,23,2.78,1,70.0,33.89,0,,,79.0,71.0,4,104.47,12,1
Southern Africa,Male,59,Informal worker,15,128.5,0.341,10,1.99,1,48.0,35.34,1,0.684,5.9,37.0,82.0,7,298.16,8,1
West Africa,Female,26,Farmer,11,80.08,-0.085,17,4.93,0,11.0,0.0,1,0.602,12.9,59.0,40.0,5,257.41,24,1
West Africa,Female,40,Trader,14,85.13,0.561,16,2.45,1,65.0,30.45,1,0.61,4.6,32.0,84.0,4,464.74,12,0
West Africa,Female,29,Self-employed,18,26.62,0.68,18,4.72,0,2.0,0.0,1,0.754,31.7,86.0,57.0,9,910.94,8,1
East Africa,Male,18,Informal worker,17,43.66,1.072,21,3.24,0,12.0,0.0,0,,,30.0,84.0,6,2584.36,52,1
West Africa,Male,37,Trader,19,78.62,-0.372,20,2.23,1,35.0,58.8,0,,,22.0,93.0,6,435.31,8,1
West Africa,Male,20,Farmer,23,202.82,0.886,15,1.98,0,2.0,0.0,0,,,77.0,54.0,6,649.35,8,1
East Africa,Male,35,Informal worker,20,120.84,1.014,8,6.79,0,0.0,0.0,0,,,54.0,79.0,2,338.7,4,1
East Africa,Female,47,Trader,11,29.86,-1.233,13,3.04,0,7.0,0.0,1,0.607,13.6,31.0,47.0,5,532.52,4,0
Southern Africa,Female,35,Informal worker,14,23.42,-0.88,11,1.68,1,90.0,22.82,0,,,16.0,41.0,4,214.31,24,1
Central Africa,Female,49,Informal worker,12,20.78,0.986,12,7.07,0,0.0,0.0,1,0.627,17.4,19.0,69.0,3,198.26,24,1
Southern Africa,Female,31,Trader,17,38.7,0.273,9,1.19,0,6.0,0.0,0,,,58.0,76.0,3,122.0,8,1
West Africa,Male,36,Self-employed,14,192.6,-0.532,10,2.53,0,2.0,0.0,1,0.516,10.5,30.0,50.0,3,192.43,24,0
West Africa,Female,59,Self-employed,11,16.94,-1.014,8,1.08,0,1.0,0.0,0,,,83.0,49.0,3,520.21,24,1
Central Africa,Female,29,Trader,12,45.09,-0.395,23,1.53,0,12.0,0.0,0,,,84.0,52.0,2,189.83,4,1
West Africa,Female,41,Farmer,27,38.49,-0.903,15,0.86,0,4.0,0.0,0,,,47.0,69.0,5,419.23,4,1
East Africa,Male,51,Salaried,3,25.67,-0.269,8,1.51,0,1.0,0.0,0,,,37.0,36.0,1,52.16,12,0
Central Africa,Female,35,Farmer,42,32.23,1.571,17,6.56,0,4.0,0.0,1,0.942,0.9,40.0,84.0,12,471.93,4,1
Central Africa,Male,32,Self-employed,22,22.76,0.841,14,4.34,0,6.0,0.0,0,,,50.0,41.0,3,728.01,12,1
East Africa,Female,50,Trader,15,20.69,-1.255,6,3.03,0,1.0,0.0,1,0.627,36.6,70.0,76.0,3,567.26,24,1
Southern Africa,Female,21,Informal worker,13,21.15,0.313,15,2.82,0,2.0,0.0,0,,,31.0,66.0,5,401.8,24,1
East Africa,Female,30,Informal worker,17,26.18,0.027,9,4.86,0,9.0,0.0,0,,,19.0,95.0,5,226.72,24,0
Southern Africa,Male,37,Farmer,18,52.31,0.595,8,5.41,0,0.0,0.0,1,0.564,5.3,30.0,53.0,8,261.17,12,0
West Africa,Male,28,Informal worker,21,141.86,-1.114,14,2.49,0,5.0,0.0,1,0.774,23.0,45.0,84.0,7,81.72,4,0
West Africa,Female,43,Trader,26,49.14,0.217,12,4.84,1,70.0,58.11,0,,,71.0,63.0,8,144.47,8,1
East Africa,Female,47,Trader,12,22.7,-0.82,11,3.39,1,31.0,17.74,1,0.617,22.7,57.0,41.0,7,282.98,12,0
West Africa,Female,63,Trader,22,101.06,-0.035,12,2.57,1,24.0,36.27,0,,,75.0,71.0,8,287.06,12,1
Southern Africa,Male,46,Trader,8,74.76,1.008,18,2.77,0,7.0,0.0,0,,,12.0,96.0,2,110.13,24,1
East Africa,Female,45,Trader,8,11.66,0.578,9,0.86,0,2.0,0.0,0,,,43.0,83.0,2,45.38,8,1
Central Africa,Female,52,Farmer,40,51.51,0.914,16,4.03,0,0.0,0.0,1,0.697,10.5,78.0,41.0,12,313.7,8,1
Southern Africa,Male,27,Trader,12,22.85,-1.401,17,3.06,1,79.0,35.43,0,,,59.0,77.0,4,95.55,12,1
East Africa,Male,40,Trader,10,41.67,-0.306,24,4.51,0,8.0,0.0,1,0.817,7.4,48.0,81.0,5,404.02,24,0
Southern Africa,Female,57,Trader,31,72.14,1.834,27,3.07,0,8.0,0.0,0,,,78.0,19.0,11,1320.87,8,1
West Africa,Male,26,Salaried,8,38.85,-0.3,7,2.51,0,24.0,0.0,1,0.722,20.9,36.0,51.0,4,407.68,12,1
East Africa,Female,31,Trader,23,56.43,-0.191,21,6.73,1,62.0,45.41,1,0.779,7.5,65.0,74.0,5,299.33,24,1
West Africa,Female,28,Informal worker,19,71.07,0.206,14,2.77,1,56.0,10.25,1,0.926,2.5,6.0,95.0,7,394.59,12,1
Central Africa,Male,63,Trader,11,39.49,0.005,16,2.5,1,84.0,18.03,0,,,67.0,46.0,6,95.5,4,1
Southern Africa,Male,34,Trader,19,13.35,-0.859,5,4.33,0,6.0,0.0,0,,,36.0,37.0,5,88.74,24,0
Central Africa,Prefer not to say,33,Farmer,17,64.59,-0.358,16,3.99,0,2.0,0.0,1,0.791,0.1,29.0,51.0,8,362.36,12,0
Central Africa,Female,56,Farmer,16,24.39,-0.904,15,2.94,1,58.0,15.45,1,0.745,0.5,40.0,83.0,3,267.75,8,1
Central Africa,Female,60,Farmer,9,33.33,1.449,14,1.16,1,42.0,24.44,0,,,72.0,81.0,6,293.91,12,1
West Africa,Female,18,Informal worker,14,68.2,-0.535,11,3.03,1,56.0,19.06,0,,,42.0,18.0,3,430.75,8,1
Central Africa,Female,59,Farmer,11,62.51,-0.207,11,2.57,0,4.0,0.0,1,0.382,0.1,79.0,48.0,8,601.07,8,1
East Africa,Female,51,Trader,8,26.22,-0.375,20,1.51,0,5.0,0.0,0,,,11.0,44.0,5,220.74,8,1
East Africa,Female,58,Salaried,18,78.24,0.307,14,2.51,1,44.0,15.94,0,,,9.0,30.0,5,219.81,12,1
East Africa,Female,22,Trader,23,104.99,-0.971,17,6.02,1,82.0,13.21,0,,,6.0,65.0,10,754.61,8,1
West Africa,Male,19,Salaried,14,24.39,0.137,11,9.3,0,9.0,0.0,1,0.72,5.1,58.0,65.0,6,322.45,8,0
West Africa,Male,33,Informal worker,34,12.67,0.629,13,5.98,0,5.0,0.0,1,0.709,7.4,74.0,69.0,13,1094.64,12,1
West Africa,Female,57,Trader,11,23.67,-0.15,7,1.04,0,11.0,0.0,0,,,21.0,69.0,2,106.75,8,1
West Africa,Male,41,Farmer,10,50.84,0.336,11,2.81,1,85.0,24.65,1,0.616,8.5,61.0,50.0,8,197.19,12,1
East Africa,Female,51,Farmer,17,85.47,-0.5,9,2.5,0,2.0,0.0,0,,,50.0,44.0,8,324.45,4,1
Central Africa,Female,29,Informal worker,18,124.98,0.111,12,2.08,0,19.0,0.0,0,,,76.0,74.0,7,792.64,8,1
East Africa,Male,33,Self-employed,9,62.48,-0.087,3,2.49,1,66.0,24.62,1,0.943,0.5,15.0,80.0,3,341.85,52,1
East Africa,Male,59,Farmer,35,253.72,0.654,12,3.54,1,40.0,29.69,0,,,53.0,65.0,8,1944.26,24,1
East Africa,Female,41,Self-employed,9,23.54,-0.048,15,1.43,0,4.0,0.0,1,0.672,1.9,61.0,86.0,4,75.07,12,1
East Africa,Male,54,Trader,18,120.88,0.962,11,3.29,1,40.0,18.01,0,,,39.0,82.0,4,399.11,8,1
West Africa,Female,48,Trader,9,10.54,0.163,11,4.58,0,10.0,0.0,0,,,55.0,68.0,3,117.9,8,1
Southern Africa,Female,26,Farmer,11,7.66,-0.562,13,2.96,0,11.0,0.0,0,,,27.0,71.0,4,409.32,8,1
West Africa,Male,62,Self-employed,19,16.63,-0.36,15,1.73,0,13.0,0.0,0,,,10.0,24.0,4,338.28,4,1
Southern Africa,Female,62,Farmer,27,66.58,0.607,16,8.64,1,33.0,18.86,1,0.839,9.8,29.0,68.0,3,372.97,52,1
Southern Africa,Male,54,Salaried,25,87.34,-0.193,17,3.81,1,44.0,24.28,1,0.77,31.1,58.0,83.0,5,107.16,8,1
East Africa,Male,40,Farmer,11,31.05,-0.099,9,2.75,1,52.0,12.82,1,0.83,10.0,40.0,24.0,4,733.67,12,1
Central Africa,Male,38,Salaried,13,39.47,0.19,13,2.93,0,0.0,0.0,1,0.761,0.9,70.0,60.0,6,150.29,4,1
West Africa,Male,31,Salaried,12,49.67,-0.637,16,6.66,1,41.0,44.48,1,0.772,16.4,71.0,63.0,4,187.15,24,1
Central Africa,Female,48,Informal worker,15,44.31,0.5,17,2.65,0,2.0,0.0,1,0.881,33.5,36.0,55.0,1,495.24,12,1
Southern Africa,Male,32,Informal worker,9,17.72,0.286,11,1.7,0,1.0,0.0,0,,,48.0,86.0,3,311.81,12,1
Southern Africa,Male,26,Farmer,8,32.07,-1.524,11,3.48,1,75.0,7.65,1,0.884,19.7,40.0,78.0,1,197.41,52,0
Southern Africa,Male,20,Self-employed,22,162.82,0.729,13,8.86,0,4.0,0.0,1,0.849,9.8,84.0,88.0,12,513.91,4,0
Southern Africa,Male,37,Informal worker,7,34.28,0.773,8,2.35,0,4.0,0.0,1,0.763,3.3,68.0,63.0,3,146.95,12,0
Central Africa,Male,56,Farmer,28,28.38,0.375,13,3.05,1,76.0,32.85,0,,,37.0,70.0,8,294.54,8,1
East Africa,Female,55,Salaried,10,87.55,-1.063,13,2.57,0,6.0,0.0,1,0.832,6.3,15.0,49.0,0,294.67,4,0
Southern Africa,Male,57,Informal worker,6,39.29,0.216,13,0.75,1,52.0,22.06,1,0.641,3.0,56.0,86.0,5,200.69,52,0
Southern Africa,Female,46,Informal worker,14,44.94,-0.172,16,2.55,1,56.0,35.54,1,0.844,22.9,54.0,47.0,5,565.86,8,1
East Africa,Male,58,Informal worker,12,115.58,0.317,9,1.45,0,7.0,0.0,0,,,36.0,62.0,6,487.55,4,1
Central Africa,Male,54,Farmer,11,23.6,0.275,8,1.12,0,3.0,0.0,0,,,50.0,91.0,2,151.21,24,1
East Africa,Male,55,Farmer,27,81.79,-0.244,24,1.93,1,80.0,22.27,0,,,44.0,40.0,3,161.76,52,1
East Africa,Female,41,Trader,9,10.86,-0.144,10,2.01,0,13.0,0.0,1,0.619,8.5,30.0,60.0,2,293.98,8,1
West Africa,Female,22,Salaried,6,28.48,-0.607,12,1.83,1,34.0,28.93,0,,,25.0,85.0,3,188.81,12,0
West Africa,Male,35,Informal worker,24,21.29,-0.64,18,1.6,1,13.0,32.75,0,,,60.0,62.0,2,321.86,4,1
Southern Africa,Female,57,Salaried,16,48.58,0.629,9,3.19,0,1.0,0.0,0,,,34.0,75.0,10,880.0,8,1
East Africa,Male,52,Farmer,24,86.72,0.431,16,3.33,0,1.0,0.0,0,,,45.0,54.0,7,524.78,8,0
East Africa,Female,18,Self-employed,12,35.87,-1.629,17,3.1,0,6.0,0.0,1,0.896,2.6,39.0,76.0,3,311.25,4,1
West Africa,Female,22,Farmer,19,61.68,0.379,15,3.41,0,4.0,0.0,0,,,69.0,90.0,6,476.5,8,1
East Africa,Male,48,Farmer,16,42.67,-0.749,14,2.24,0,16.0,0.0,1,0.551,8.1,58.0,72.0,7,569.66,4,1
Southern Africa,Male,63,Self-employed,12,35.26,0.406,20,5.23,0,9.0,0.0,0,,,34.0,44.0,5,635.03,52,0
Central Africa,Male,52,Informal worker,18,63.12,-0.435,10,1.66,0,5.0,0.0,0,,,70.0,83.0,3,225.85,8,1
West Africa,Female,62,Self-employed,15,93.03,0.936,19,3.02,0,3.0,0.0,0,,,63.0,59.0,5,310.42,4,1
East Africa,Male,21,Informal worker,10,47.58,0.045,8,2.21,0,9.0,0.0,0,,,26.0,94.0,2,89.39,24,1
East Africa,Female,59,Trader,11,21.41,-0.123,11,2.95,0,4.0,0.0,1,0.88,47.3,33.0,48.0,1,427.29,8,1
East Africa,Male,24,Farmer,12,13.36,0.14,11,1.9,0,8.0,0.0,0,,,41.0,2.0,4,206.55,4,0
East Africa,Female,59,Salaried,21,57.68,0.162,18,1.6,1,46.0,31.03,1,0.88,10.8,64.0,31.0,6,441.52,4,0
East Africa,Male,63,Farmer,13,68.9,0.402,14,4.26,0,2.0,0.0,0,,,46.0,57.0,4,116.21,4,1
East Africa,Female,42,Informal worker,11,24.46,-0.089,23,1.42,0,9.0,0.0,1,0.8,6.6,65.0,87.0,3,359.32,8,1
East Africa,Male,43,Trader,15,24.83,0.409,8,3.2,0,0.0,0.0,1,0.858,8.3,17.0,90.0,3,389.55,4,1
East Africa,Male,41,Farmer,9,47.29,0.741,16,1.54,1,81.0,18.97,1,0.366,4.0,73.0,20.0,4,282.76,12,1
East Africa,Male,44,Salaried,18,18.32,0.78,15,1.07,0,1.0,0.0,1,0.692,18.1,70.0,54.0,4,377.95,8,0
Southern Africa,Female,56,Self-employed,18,15.29,0.11,16,2.38,1,63.0,46.67,0,,,21.0,86.0,6,375.44,12,1
Southern Africa,Male,31,Farmer,24,94.07,1.265,15,5.3,1,33.0,37.06,1,0.574,4.0,34.0,69.0,7,518.78,4,1
West Africa,Female,31,Trader,25,63.76,-0.151,15,1.84,0,6.0,0.0,0,,,44.0,49.0,5,397.34,24,1
Southern Africa,Prefer not to say,63,Trader,8,49.76,-0.162,9,2.14,1,23.0,22.44,0,,,71.0,48.0,3,215.28,52,1
Central Africa,Male,57,Trader,6,23.69,-0.14,10,2.28,0,5.0,0.0,0,,,22.0,72.0,1,163.28,8,1
West Africa,Male,43,Salaried,9,17.4,-0.233,10,3.2,1,64.0,14.74,0,,,57.0,42.0,1,110.6,24,0
East Africa,Male,27,Farmer,16,35.38,0.729,25,18.44,0,1.0,0.0,1,0.717,9.1,37.0,66.0,8,349.55,12,0
West Africa,Male,62,Trader,10,35.51,-0.011,21,3.75,1,76.0,14.7,0,,,27.0,38.0,6,416.78,24,1
Southern Africa,Male,59,Salaried,9,47.54,-1.189,12,2.56,0,24.0,0.0,0,,,61.0,27.0,2,220.98,4,0
West Africa,Female,33,Salaried,16,35.1,-0.724,12,2.41,1,42.0,19.87,1,0.801,18.0,22.0,30.0,1,121.61,24,0
Southern Africa,Male,43,Farmer,17,77.92,0.831,14,2.58,1,64.0,61.94,0,,,70.0,94.0,8,83.95,4,1
West Africa,Male,37,Self-employed,20,36.93,-0.275,20,3.63,1,56.0,46.1,0,,,70.0,54.0,8,206.75,12,0
East Africa,Female,57,Farmer,20,147.1,0.338,21,4.76,0,2.0,0.0,0,,,38.0,84.0,2,462.82,12,1
Central Africa,Male,50,Trader,10,50.93,-0.234,12,1.29,0,5.0,0.0,0,,,46.0,55.0,4,116.49,52,1
East Africa,Female,41,Salaried,12,48.9,0.166,12,1.98,1,42.0,28.73,1,0.689,0.7,38.0,50.0,2,127.56,12,1
Central Africa,Female,63,Trader,24,77.4,0.227,11,1.88,1,68.0,18.02,1,0.569,49.0,36.0,75.0,6,270.83,8,1
Central Africa,Male,46,Self-employed,19,10.76,-0.456,10,1.74,0,17.0,0.0,0,,,73.0,78.0,5,229.24,24,1
Central Africa,Male,40,Informal worker,25,85.98,-0.408,15,7.42,0,2.0,0.0,0,,,93.0,29.0,14,177.53,8,0
West Africa,Female,61,Self-employed,30,63.41,0.957,14,4.49,0,10.0,0.0,0,,,66.0,56.0,8,380.48,4,1
Southern Africa,Female,39,Trader,18,35.4,-0.164,10,4.73,1,42.0,30.75,0,,,51.0,71.0,7,203.99,8,1
West Africa,Female,37,Farmer,22,72.41,-0.589,17,5.7,1,35.0,50.06,0,,,66.0,89.0,9,869.53,8,0
East Africa,Female,36,Salaried,10,20.94,-0.208,8,1.35,0,4.0,0.0,1,0.787,15.8,49.0,37.0,1,429.45,8,0
Central Africa,Female,28,Salaried,12,70.15,-0.058,9,1.86,0,8.0,0.0,1,0.577,28.5,76.0,39.0,1,376.95,8,0
Southern Africa,Female,31,Salaried,21,173.71,0.069,12,5.98,0,4.0,0.0,0,,,44.0,60.0,7,262.54,24,1
East Africa,Female,22,Trader,19,70.97,0.335,25,2.18,0,5.0,0.0,1,0.763,16.8,36.0,64.0,6,404.39,12,1
East Africa,Female,52,Informal worker,8,51.18,0.371,12,2.27,0,16.0,0.0,1,0.386,1.7,31.0,57.0,2,496.98,12,1
Southern Africa,Female,45,Farmer,5,26.16,-0.214,9,1.57,0,9.0,0.0,1,0.589,19.0,80.0,81.0,4,439.02,4,1
Southern Africa,Male,61,Farmer,8,13.0,-1.283,8,1.29,0,8.0,0.0,1,0.945,25.0,45.0,60.0,1,192.4,12,0
East Africa,Female,46,Farmer,27,102.29,0.751,15,4.99,0,12.0,0.0,0,,,71.0,70.0,13,763.02,4,1
Central Africa,Male,21,Informal worker,21,28.28,0.779,11,3.17,1,65.0,28.4,0,,,71.0,7.0,7,109.18,4,1
West Africa,Male,47,Farmer,8,21.35,-1.049,16,1.55,0,6.0,0.0,0,,,45.0,45.0,3,525.18,12,0
West Africa,Male,26,Trader,15,52.69,0.6,18,3.61,1,28.0,60.24,0,,,69.0,40.0,4,729.17,4,1
East Africa,Male,19,Salaried,11,33.54,-0.229,9,4.23,1,50.0,52.24,1,0.552,1.5,29.0,66.0,2,260.22,12,1
Central Africa,Female,49,Self-employed,6,26.0,-1.261,9,0.67,0,1.0,0.0,0,,,11.0,42.0,2,220.2,8,1
West Africa,Male,19,Farmer,21,80.65,0.477,8,1.65,0,14.0,0.0,0,,,26.0,71.0,5,75.56,24,1
West Africa,Female,37,Salaried,25,178.09,0.594,24,3.5,0,5.0,0.0,0,,,64.0,87.0,12,535.69,8,1
West Africa,Male,60,Salaried,21,104.19,0.26,17,5.34,0,4.0,0.0,1,0.927,3.1,19.0,61.0,14,182.74,8,0
Central Africa,Male,30,Trader,19,62.5,0.402,19,3.87,0,3.0,0.0,0,,,58.0,80.0,5,110.97,8,1
West Africa,Male,50,Informal worker,9,14.73,-0.211,7,1.92,0,14.0,0.0,0,,,63.0,65.0,1,266.96,8,1
East Africa,Female,35,Self-employed,13,32.91,-0.559,13,1.19,0,11.0,0.0,0,,,83.0,45.0,2,474.54,24,1
Central Africa,Female,23,Informal worker,26,50.33,1.293,18,9.75,1,59.0,44.94,0,,,69.0,82.0,13,509.78,8,1
West Africa,Male,27,Trader,17,55.43,-0.399,11,1.84,1,33.0,16.51,1,0.622,3.7,55.0,45.0,8,865.79,4,1
East Africa,Male,21,Informal worker,12,64.7,-0.467,5,1.18,0,15.0,0.0,1,0.913,37.1,35.0,82.0,3,777.58,8,1
East Africa,Male,25,Salaried,22,87.66,1.029,18,0.98,0,2.0,0.0,0,,,63.0,76.0,12,657.87,4,1
Southern Africa,Male,25,Informal worker,14,53.62,0.188,15,2.29,0,4.0,0.0,1,0.633,17.6,73.0,46.0,8,208.19,52,1
East Africa,Male,59,Trader,9,44.55,-0.544,10,1.57,0,5.0,0.0,1,0.686,3.6,6.0,19.0,3,274.66,24,0
East Africa,Prefer not to say,55,Trader,9,33.44,-0.408,7,1.84,0,1.0,0.0,1,0.592,22.6,55.0,32.0,3,487.52,4,1
West Africa,Male,34,Salaried,28,62.46,-0.648,21,5.24,1,78.0,43.46,0,,,16.0,87.0,8,209.01,4,1
Southern Africa,Male,51,Farmer,15,65.36,0.522,10,3.03,0,4.0,0.0,0,,,16.0,37.0,10,123.71,4,1
Southern Africa,Female,27,Self-employed,21,92.15,-0.246,19,5.03,1,84.0,68.42,0,,,28.0,6.0,11,583.33,12,1
West Africa,Female,48,Farmer,30,50.95,0.583,15,2.51,0,0.0,0.0,0,,,51.0,46.0,8,301.16,4,0
East Africa,Male,27,Salaried,18,20.25,-1.348,17,4.36,0,12.0,0.0,0,,,68.0,63.0,6,417.64,12,0
Central Africa,Female,48,Trader,14,49.49,0.027,19,2.88,1,12.0,14.96,0,,,56.0,43.0,7,397.86,4,1
West Africa,Female,34,Salaried,7,19.92,-1.215,11,1.48,0,1.0,0.0,0,,,83.0,38.0,3,66.7,24,0
West Africa,Male,58,Salaried,15,30.24,-1.167,9,1.35,0,2.0,0.0,0,,,45.0,55.0,6,195.03,24,0
East Africa,Male,57,Farmer,7,23.4,-0.879,10,2.35,0,6.0,0.0,1,0.857,4.3,18.0,10.0,3,181.99,24,1
West Africa,Female,33,Farmer,11,39.47,-1.09,14,3.74,0,12.0,0.0,0,,,51.0,30.0,5,476.82,24,0
West Africa,Female,19,Self-employed,17,58.08,0.108,20,4.88,0,5.0,0.0,1,0.806,2.8,34.0,65.0,4,489.83,12,1
East Africa,Prefer not to say,33,Salaried,15,26.66,-0.172,9,1.92,0,7.0,0.0,1,0.883,14.6,62.0,25.0,1,1043.59,8,1
West Africa,Male,31,Informal worker,8,18.25,-0.417,11,2.87,0,0.0,0.0,0,,,45.0,38.0,4,886.24,24,1
East Africa,Female,37,Farmer,13,17.38,-0.376,13,1.03,1,24.0,9.91,0,,,50.0,70.0,6,718.28,4,0
Southern Africa,Male,44,Self-employed,15,46.18,0.463,21,2.47,0,7.0,0.0,1,0.816,0.5,51.0,83.0,4,315.99,8,1
East Africa,Female,64,Informal worker,13,64.86,-0.266,15,5.05,0,10.0,0.0,0,,,61.0,40.0,4,216.19,52,1
West Africa,Female,20,Farmer,21,75.0,1.119,24,4.29,1,40.0,20.17,0,,,79.0,37.0,9,460.62,8,1
Southern Africa,Male,44,Farmer,11,15.41,-1.534,10,1.46,1,91.0,16.2,0,,,10.0,45.0,2,140.58,4,1
West Africa,Male,26,Trader,18,32.35,0.267,15,1.28,0,10.0,0.0,0,,,52.0,82.0,7,212.67,8,0
Southern Africa,Female,43,Salaried,12,25.87,0.144,10,2.07,0,6.0,0.0,0,,,42.0,59.0,8,203.54,24,1
East Africa,Female,47,Salaried,22,30.58,-0.381,10,2.66,0,11.0,0.0,1,0.837,2.9,22.0,70.0,3,352.36,8,1
Southern Africa,Male,56,Farmer,22,50.43,1.278,15,5.6,1,31.0,12.18,0,,,53.0,81.0,7,274.56,12,1
West Africa,Female,44,Farmer,26,37.66,0.131,20,4.17,1,74.0,10.0,0,,,74.0,81.0,4,234.39,12,1
West Africa,Male,26,Trader,17,161.76,-0.07,12,3.45,0,6.0,0.0,1,0.584,9.7,61.0,50.0,2,351.81,24,1
East Africa,Male,60,Trader,12,31.35,0.139,14,3.05,1,52.0,21.49,1,0.678,4.6,61.0,56.0,4,71.08,24,1
West Africa,Male,37,Self-employed,14,14.07,1.056,13,3.65,0,0.0,0.0,1,0.752,3.5,46.0,47.0,5,408.09,4,1
West Africa,Female,40,Salaried,12,60.77,-0.548,8,3.73,0,8.0,0.0,1,0.699,1.0,35.0,35.0,5,295.02,4,1
Southern Africa,Male,48,Farmer,22,63.97,0.327,25,4.54,0,3.0,0.0,1,0.841,33.6,70.0,57.0,7,1554.44,4,0
Southern Africa,Female,30,Trader,19,92.52,0.857,14,3.76,1,41.0,19.77,0,,,21.0,61.0,7,477.99,4,1
West Africa,Male,64,Trader,16,39.15,-0.227,18,2.57,1,24.0,41.96,1,0.956,4.9,38.0,81.0,3,568.0,52,1
Central Africa,Female,20,Informal worker,11,81.6,0.404,10,2.65,0,1.0,0.0,0,,,56.0,64.0,3,546.98,4,1
Southern Africa,Female,25,Trader,14,53.25,-0.005,9,2.89,0,12.0,0.0,0,,,60.0,54.0,6,284.98,4,1
Central Africa,Male,64,Farmer,8,66.75,-0.005,12,2.04,0,5.0,0.0,1,0.945,14.1,61.0,50.0,6,397.21,8,1
Southern Africa,Male,39,Self-employed,22,95.17,0.031,19,13.84,1,73.0,44.52,0,,,18.0,56.0,6,1451.2,4,1
Southern Africa,Male,59,Informal worker,18,25.6,-0.515,12,1.5,0,0.0,0.0,0,,,61.0,55.0,1,295.67,24,1
East Africa,Male,60,Salaried,16,67.07,0.23,24,3.15,0,10.0,0.0,0,,,43.0,82.0,5,407.31,24,1
Southern Africa,Female,64,Trader,7,76.35,-0.697,11,1.53,1,65.0,11.44,0,,,38.0,68.0,4,146.58,8,1
Central Africa,Female,52,Farmer,17,95.74,-0.014,23,12.1,1,66.0,95.44,0,,,36.0,79.0,7,1826.85,4,0
West Africa,Male,50,Salaried,15,73.04,-0.259,12,3.07,0,0.0,0.0,0,,,24.0,54.0,7,139.35,8,0
West Africa,Female,46,Salaried,19,206.14,0.02,17,5.48,1,24.0,81.32,0,,,74.0,87.0,1,392.45,4,0
West Africa,Male,50,Informal worker,10,22.43,0.016,6,5.75,0,9.0,0.0,0,,,40.0,59.0,5,67.15,8,1
Central Africa,Male,30,Informal worker,18,34.25,-0.363,11,3.32,0,14.0,0.0,1,0.685,29.3,40.0,44.0,7,361.26,4,1
East Africa,Male,56,Trader,13,18.84,0.879,10,4.29,0,13.0,0.0,0,,,22.0,66.0,6,76.86,8,1
Southern Africa,Male,26,Informal worker,17,28.01,-0.626,16,6.48,0,6.0,0.0,0,,,36.0,53.0,6,374.36,4,0
Southern Africa,Female,40,Trader,30,46.23,-0.058,23,3.52,1,29.0,20.12,1,0.908,11.3,47.0,49.0,6,1360.28,24,0
Central Africa,Male,35,Trader,6,33.84,-0.187,7,1.59,1,31.0,7.78,1,0.561,5.3,21.0,21.0,1,363.45,4,1
West Africa,Female,53,Farmer,26,58.78,1.166,14,4.47,1,46.0,24.57,0,,,59.0,65.0,6,182.22,12,1
Southern Africa,Male,29,Trader,18,36.77,-0.36,15,2.7,1,72.0,63.01,1,0.536,9.7,66.0,57.0,5,288.3,52,1
Central Africa,Female,27,Trader,4,24.89,0.5,10,1.4,0,10.0,0.0,0,,,20.0,48.0,0,714.77,8,0
West Africa,Male,55,Trader,25,52.51,0.981,16,3.82,1,77.0,25.52,1,0.477,23.2,41.0,58.0,10,1082.54,8,1
Southern Africa,Male,40,Farmer,20,42.27,0.347,18,3.71,0,14.0,0.0,1,0.696,2.0,28.0,87.0,6,703.1,4,1
East Africa,Male,51,Salaried,15,17.76,0.186,9,2.99,1,86.0,28.57,1,0.699,4.0,79.0,46.0,4,116.61,24,0
East Africa,Male,59,Self-employed,23,161.63,0.729,12,2.73,1,32.0,36.08,0,,,42.0,91.0,13,372.25,24,1
East Africa,Male,57,Trader,8,21.09,-0.757,11,1.39,0,4.0,0.0,1,0.938,9.1,25.0,49.0,3,177.09,8,0
West Africa,Male,36,Trader,28,43.46,-0.007,11,3.03,0,12.0,0.0,1,0.943,6.9,28.0,66.0,8,1196.68,52,1
West Africa,Female,26,Salaried,5,24.07,-0.693,11,1.01,1,72.0,6.95,1,0.695,3.3,64.0,88.0,3,128.41,4,1
West Africa,Male,63,Trader,13,28.0,-0.284,12,3.05,1,61.0,26.92,1,0.448,11.0,74.0,61.0,4,228.95,8,0
West Africa,Female,32,Informal worker,21,98.56,0.45,14,1.98,0,20.0,0.0,1,0.727,1.5,71.0,55.0,3,106.79,24,1
East Africa,Female,54,Trader,9,16.62,0.562,9,5.56,0,13.0,0.0,0,,,69.0,78.0,3,93.71,8,1
East Africa,Male,54,Informal worker,10,32.33,-0.958,14,2.28,0,7.0,0.0,1,0.599,12.6,54.0,76.0,3,158.42,12,1
West Africa,Female,38,Trader,13,99.15,-0.74,5,2.83,1,63.0,14.15,0,,,75.0,63.0,5,240.54,8,1
Southern Africa,Male,25,Informal worker,20,33.45,0.923,18,4.48,0,14.0,0.0,0,,,27.0,66.0,4,207.4,4,1
Southern Africa,Female,40,Farmer,25,17.71,0.269,14,2.21,0,13.0,0.0,1,0.929,3.4,51.0,65.0,6,821.09,24,1
East Africa,Female,24,Trader,7,28.95,0.062,8,2.36,0,11.0,0.0,0,,,49.0,44.0,1,453.7,24,0
Central Africa,Female,34,Farmer,13,28.03,-0.574,13,1.74,0,18.0,0.0,1,0.98,9.7,39.0,45.0,2,449.59,8,1
East Africa,Male,36,Farmer,19,42.34,1.102,9,3.47,0,2.0,0.0,0,,,62.0,62.0,5,238.44,4,1
Southern Africa,Female,42,Self-employed,5,22.51,-0.235,14,2.01,1,48.0,19.86,1,0.842,48.2,58.0,77.0,5,196.31,52,1
West Africa,Male,26,Farmer,7,37.0,0.16,9,1.64,1,47.0,17.09,0,,,44.0,22.0,3,370.11,24,1
Southern Africa,Male,57,Trader,15,44.18,0.129,8,0.98,1,12.0,8.97,1,0.749,33.3,28.0,9.0,0,839.3,8,1
Central Africa,Male,21,Informal worker,21,41.56,-0.744,22,1.22,0,10.0,0.0,0,,,45.0,51.0,6,292.1,52,0
Southern Africa,Male,64,Trader,21,79.73,-0.557,24,7.06,0,4.0,0.0,0,,,78.0,88.0,8,520.75,8,1
East Africa,Female,32,Salaried,11,26.35,-0.48,9,2.12,0,5.0,0.0,1,0.615,3.1,37.0,29.0,3,206.8,8,1
East Africa,Female,41,Salaried,24,235.05,0.408,21,4.17,0,8.0,0.0,0,,,58.0,85.0,9,1184.12,12,1
East Africa,Male,59,Trader,9,69.82,-0.205,7,2.37,0,3.0,0.0,1,0.796,6.3,27.0,48.0,3,351.78,12,1
Southern Africa,Female,48,Informal worker,17,184.01,0.825,14,1.0,0,6.0,0.0,0,,,28.0,66.0,5,307.84,8,1
Southern Africa,Female,20,Informal worker,14,82.77,-0.552,15,1.98,0,4.0,0.0,0,,,78.0,62.0,5,330.95,12,1
Central Africa,Female,46,Trader,16,18.82,-0.755,16,3.31,0,4.0,0.0,1,0.692,7.7,31.0,51.0,2,216.83,24,1
East Africa,Female,44,Informal worker,7,21.28,-0.841,17,3.49,0,4.0,0.0,1,0.707,23.4,54.0,25.0,6,223.85,4,0
West Africa,Male,61,Farmer,16,63.52,0.569,11,2.57,0,1.0,0.0,1,0.872,8.8,66.0,84.0,4,587.42,24,1
East Africa,Male,44,Farmer,9,24.5,0.101,11,1.15,0,3.0,0.0,1,0.756,2.3,81.0,72.0,1,96.88,8,1
West Africa,Female,64,Informal worker,8,40.99,-1.176,10,2.82,0,4.0,0.0,0,,,40.0,47.0,3,95.35,12,0
West Africa,Male,42,Informal worker,12,37.24,0.33,9,5.04,1,65.0,27.28,0,,,53.0,45.0,4,532.15,12,1
West Africa,Female,27,Informal worker,20,89.8,-0.171,18,3.67,0,12.0,0.0,0,,,67.0,54.0,6,397.27,24,1
Southern Africa,Female,41,Farmer,27,160.8,-0.792,20,2.45,0,1.0,0.0,0,,,19.0,64.0,3,144.12,8,1
West Africa,Female,61,Informal worker,20,18.26,-0.163,17,1.5,1,53.0,20.86,0,,,20.0,24.0,4,446.53,12,1
West Africa,Male,18,Farmer,17,21.12,0.101,18,3.17,0,7.0,0.0,1,0.872,14.5,83.0,54.0,7,653.11,12,1
West Africa,Female,36,Informal worker,27,59.42,0.917,19,5.51,1,69.0,50.21,0,,,67.0,57.0,5,319.51,4,1
Central Africa,Female,20,Trader,23,47.34,-0.03,15,2.06,1,62.0,15.12,1,0.872,12.3,40.0,93.0,4,265.39,12,1
Southern Africa,Male,57,Farmer,13,28.82,0.527,14,2.99,0,2.0,0.0,0,,,40.0,50.0,6,51.33,12,1
West Africa,Male,42,Farmer,22,68.51,0.894,17,2.33,0,3.0,0.0,1,0.488,2.8,77.0,70.0,6,232.59,4,0
West Africa,Male,51,Farmer,10,26.9,-0.623,11,1.86,0,1.0,0.0,1,0.546,17.3,33.0,29.0,1,79.86,12,0
East Africa,Male,63,Trader,24,44.55,0.388,19,10.76,0,1.0,0.0,1,0.715,3.1,67.0,96.0,8,535.6,4,1
West Africa,Female,57,Farmer,10,37.33,0.278,7,1.07,0,8.0,0.0,0,,,72.0,19.0,4,343.57,12,1
East Africa,Female,37,Trader,10,48.27,-0.321,4,2.39,1,78.0,12.88,0,,,47.0,74.0,0,575.38,12,1
East Africa,Male,61,Farmer,17,51.81,0.573,14,2.95,0,1.0,0.0,1,0.746,5.7,42.0,79.0,5,782.92,4,1
Central Africa,Female,40,Farmer,13,142.31,0.591,9,2.69,0,3.0,0.0,1,0.588,5.1,33.0,73.0,6,938.55,24,1
West Africa,Male,63,Informal worker,26,37.23,-1.008,16,3.35,1,55.0,22.61,0,,,24.0,55.0,4,180.22,24,1
Southern Africa,Male,64,Self-employed,23,28.8,0.374,10,3.65,0,5.0,0.0,0,,,51.0,89.0,6,265.86,8,1
West Africa,Male,28,Salaried,22,65.29,0.423,15,3.4,0,2.0,0.0,0,,,27.0,51.0,7,255.97,4,1
Central Africa,Female,54,Self-employed,8,13.0,0.079,11,1.88,0,9.0,0.0,1,0.848,4.7,41.0,43.0,4,117.3,8,1
Central Africa,Female,50,Self-employed,17,129.17,0.066,7,3.37,1,39.0,17.98,0,,,34.0,35.0,6,208.02,52,1
Southern Africa,Female,54,Trader,15,91.92,-0.059,5,1.47,0,3.0,0.0,0,,,48.0,21.0,4,155.17,24,0
East Africa,Female,25,Trader,9,73.75,0.818,11,2.12,1,40.0,25.22,0,,,7.0,44.0,1,151.2,8,1
West Africa,Male,41,Trader,16,12.69,0.332,12,3.65,0,8.0,0.0,0,,,56.0,82.0,4,397.39,4,1
Southern Africa,Female,25,Trader,31,52.51,0.156,18,2.35,0,6.0,0.0,0,,,27.0,80.0,11,136.97,8,1
Southern Africa,Male,60,Salaried,24,71.27,0.296,16,4.43,0,1.0,0.0,0,,,32.0,94.0,12,113.84,12,1
West Africa,Male,59,Salaried,21,73.3,0.32,24,2.16,1,81.0,16.19,0,,,86.0,61.0,7,246.77,12,1
East Africa,Male,45,Informal worker,9,43.49,0.419,8,2.3,0,8.0,0.0,0,,,58.0,68.0,4,207.99,8,0
East Africa,Male,24,Salaried,15,80.49,-0.698,16,2.33,0,6.0,0.0,1,0.638,4.3,80.0,28.0,5,153.56,8,1
Southern Africa,Male,48,Informal worker,13,88.22,0.656,14,3.27,0,10.0,0.0,0,,,53.0,55.0,4,345.77,8,1
Southern Africa,Male,38,Farmer,12,50.73,-0.149,17,1.89,0,10.0,0.0,0,,,47.0,26.0,1,146.18,8,0
East Africa,Male,55,Trader,13,37.25,-1.39,11,1.82,0,0.0,0.0,1,0.629,17.3,20.0,22.0,4,133.46,8,1
East Africa,Female,22,Self-employed,14,33.96,0.571,15,1.66,0,4.0,0.0,0,,,19.0,85.0,5,110.04,12,1
West Africa,Male,37,Informal worker,19,90.72,0.745,12,3.63,1,85.0,19.6,1,0.9,1.2,68.0,77.0,7,166.1,12,1
East Africa,Male,34,Farmer,17,21.59,-0.24,13,2.08,0,1.0,0.0,0,,,33.0,44.0,4,168.07,8,0
West Africa,Prefer not to say,62,Trader,11,39.33,0.082,19,3.11,0,10.0,0.0,1,0.738,4.5,58.0,40.0,4,516.97,4,1
Southern Africa,Female,32,Salaried,38,249.38,1.52,21,11.56,1,53.0,77.66,0,,,52.0,61.0,11,265.31,4,1
East Africa,Male,64,Salaried,23,74.61,0.798,16,1.69,1,30.0,68.75,0,,,60.0,56.0,2,871.53,8,1
East Africa,Female,61,Farmer,23,120.54,0.282,21,3.4,0,18.0,0.0,0,,,56.0,88.0,5,1236.78,12,1
West Africa,Male,45,Self-employed,20,60.62,0.92,12,3.55,0,0.0,0.0,0,,,65.0,61.0,5,622.21,4,0
West Africa,Male,26,Farmer,10,86.01,-0.065,12,1.77,1,38.0,33.2,1,0.909,5.2,52.0,76.0,7,561.52,12,1
East Africa,Female,28,Self-employed,20,72.44,0.875,16,4.18,1,69.0,18.95,0,,,76.0,33.0,9,214.45,8,1
West Africa,Male,18,Informal worker,8,98.04,-1.218,12,0.8,0,4.0,0.0,1,0.637,27.4,32.0,83.0,4,282.2,12,1
West Africa,Female,54,Informal worker,13,30.25,0.793,11,2.97,0,2.0,0.0,0,,,37.0,51.0,4,235.12,4,1
Southern Africa,Male,52,Self-employed,26,41.76,-0.656,12,1.53,1,75.0,52.94,1,0.675,2.6,58.0,65.0,3,352.39,52,1
East Africa,Female,33,Salaried,32,29.4,0.289,20,4.26,1,71.0,29.96,0,,,43.0,79.0,11,505.42,4,1
East Africa,Female,52,Trader,9,24.59,0.212,5,1.27,0,0.0,0.0,0,,,77.0,24.0,1,126.46,4,1
East Africa,Prefer not to say,45,Salaried,19,79.35,0.073,20,1.92,0,2.0,0.0,1,0.807,17.5,20.0,50.0,3,141.17,8,1
Southern Africa,Male,56,Farmer,14,82.45,0.301,14,2.07,0,3.0,0.0,0,,,29.0,26.0,3,158.18,12,1
West Africa,Male,22,Trader,2,26.68,-1.094,10,1.74,0,2.0,0.0,0,,,51.0,48.0,2,206.07,8,1
Southern Africa,Female,27,Informal worker,10,85.52,-0.656,11,2.49,1,49.0,28.77,0,,,64.0,69.0,4,462.9,4,0
Central Africa,Female,55,Farmer,4,27.65,-0.615,5,1.99,0,13.0,0.0,1,0.626,13.4,32.0,54.0,4,134.11,52,1
Southern Africa,Male,35,Farmer,22,33.93,-0.476,19,2.21,1,71.0,55.45,0,,,74.0,49.0,6,513.72,4,1
East Africa,Male,63,Farmer,9,56.62,0.437,10,5.93,0,5.0,0.0,0,,,57.0,98.0,3,57.62,24,1
Southern Africa,Female,59,Trader,10,22.67,-0.298,15,1.28,0,5.0,0.0,0,,,34.0,65.0,2,32.01,4,1
East Africa,Female,22,Trader,11,35.11,-0.672,16,4.91,0,7.0,0.0,0,,,50.0,67.0,1,1077.14,8,1
East Africa,Female,36,Salaried,13,72.3,-0.278,9,6.4,0,10.0,0.0,0,,,8.0,88.0,2,294.43,4,1
East Africa,Female,52,Trader,12,88.98,-0.098,10,5.28,1,27.0,21.02,1,0.83,5.9,41.0,39.0,7,216.08,4,1
West Africa,Male,24,Informal worker,17,56.67,0.27,13,2.47,0,13.0,0.0,0,,,30.0,89.0,5,617.66,8,1
West Africa,Male,58,Farmer,13,17.59,-0.427,13,2.77,1,82.0,14.66,1,0.847,9.3,71.0,24.0,3,83.06,4,1
East Africa,Female,22,Trader,14,27.79,-0.297,12,4.17,1,62.0,56.41,0,,,30.0,41.0,5,433.87,8,1
West Africa,Female,23,Trader,8,46.29,-0.341,13,1.39,0,3.0,0.0,0,,,25.0,86.0,3,305.56,12,0
East Africa,Male,43,Farmer,16,63.11,1.429,17,1.23,0,2.0,0.0,0,,,58.0,59.0,1,388.45,8,0
East Africa,Female,29,Salaried,12,31.47,0.071,12,3.12,0,5.0,0.0,0,,,39.0,66.0,3,403.66,12,1
Central Africa,Male,48,Self-employed,8,37.25,-0.941,8,2.41,1,52.0,11.87,1,0.589,6.2,68.0,38.0,1,202.17,52,1
West Africa,Male,36,Farmer,7,26.8,0.193,6,1.59,0,4.0,0.0,1,0.695,10.9,32.0,74.0,1,507.06,12,0
East Africa,Female,30,Trader,20,34.33,1.441,8,3.88,0,4.0,0.0,1,0.744,4.7,55.0,60.0,3,143.95,12,0
East Africa,Male,57,Informal worker,34,39.23,0.9,22,4.39,0,0.0,0.0,0,,,17.0,70.0,8,721.19,8,1
West Africa,Male,25,Farmer,11,32.07,-0.277,13,4.17,1,24.0,14.37,0,,,41.0,65.0,6,299.31,12,1
West Africa,Female,41,Farmer,6,23.69,-1.203,8,0.51,0,19.0,0.0,0,,,65.0,57.0,1,131.36,24,0
West Africa,Male,25,Farmer,22,48.28,0.224,15,12.32,1,76.0,29.1,0,,,30.0,48.0,3,564.97,8,1
West Africa,Male,24,Informal worker,29,67.31,-0.224,23,3.06,0,8.0,0.0,0,,,47.0,94.0,10,634.07,4,1
West Africa,Female,27,Farmer,17,50.43,0.28,15,2.08,0,8.0,0.0,0,,,45.0,80.0,7,810.2,12,1
East Africa,Male,30,Salaried,6,22.05,-1.545,11,4.69,0,2.0,0.0,1,0.405,0.7,69.0,8.0,4,402.28,4,1
East Africa,Female,37,Farmer,7,43.23,0.036,13,1.24,0,5.0,0.0,0,,,85.0,42.0,4,32.58,8,1
West Africa,Male,39,Farmer,20,62.97,-0.43,26,7.37,1,71.0,76.26,1,0.652,16.7,21.0,77.0,4,323.81,24,1
West Africa,Male,24,Self-employed,29,91.18,0.651,24,9.49,1,37.0,30.97,0,,,60.0,53.0,6,805.88,12,1
West Africa,Female,19,Farmer,27,34.33,1.189,21,5.07,0,2.0,0.0,1,0.951,28.3,44.0,72.0,6,165.35,12,1
East Africa,Male,22,Trader,3,16.54,-1.016,9,2.94,0,8.0,0.0,1,0.654,24.9,38.0,72.0,1,298.22,8,0
West Africa,Female,47,Trader,29,87.74,-0.025,22,5.61,0,4.0,0.0,0,,,38.0,46.0,10,299.02,8,0
East Africa,Female,63,Informal worker,21,26.16,0.494,12,4.69,1,32.0,33.4,1,0.631,0.2,79.0,32.0,10,352.05,4,1
West Africa,Female,19,Informal worker,18,66.23,-0.612,10,1.12,0,0.0,0.0,0,,,35.0,63.0,3,303.28,8,1
West Africa,Male,19,Farmer,16,59.87,0.663,11,3.24,0,0.0,0.0,0,,,44.0,97.0,5,128.35,12,0
Central Africa,Male,54,Trader,19,56.9,0.043,15,2.37,1,20.0,21.61,0,,,32.0,91.0,9,143.26,12,0
West Africa,Female,52,Trader,25,74.55,0.775,13,4.39,1,77.0,32.56,1,0.215,26.7,49.0,51.0,3,239.92,24,1
West Africa,Male,52,Farmer,16,23.08,0.338,19,2.53,0,21.0,0.0,0,,,20.0,72.0,5,357.36,12,1
West Africa,Female,26,Farmer,15,76.37,0.362,16,7.97,0,10.0,0.0,1,0.922,2.1,85.0,76.0,12,663.23,52,1
Central Africa,Female,58,Farmer,3,8.49,-0.345,10,1.07,1,48.0,25.53,0,,,18.0,48.0,0,93.42,8,1
East Africa,Male,47,Farmer,32,144.03,0.967,32,5.65,0,3.0,0.0,1,0.958,0.0,57.0,77.0,14,1362.23,24,1
East Africa,Male,25,Informal worker,17,29.07,-0.122,14,2.99,0,2.0,0.0,0,,,53.0,39.0,7,240.66,12,1
Central Africa,Female,23,Informal worker,12,58.77,0.528,9,4.75,0,10.0,0.0,0,,,17.0,73.0,13,469.15,4,0
West Africa,Female,46,Informal worker,22,28.96,-0.632,12,3.08,0,6.0,0.0,0,,,35.0,72.0,6,1271.28,12,1
Central Africa,Male,54,Informal worker,22,69.74,1.423,24,2.56,0,8.0,0.0,0,,,39.0,59.0,9,562.34,12,1
West Africa,Female,54,Trader,10,45.3,-0.808,19,1.56,0,7.0,0.0,1,0.991,15.9,19.0,31.0,3,32.22,8,0
East Africa,Female,45,Informal worker,15,51.64,0.72,13,2.39,1,74.0,17.72,1,0.698,3.2,46.0,60.0,6,232.11,8,0
East Africa,Male,42,Trader,10,42.27,0.861,7,1.25,0,6.0,0.0,0,,,82.0,48.0,1,307.78,8,0
East Africa,Male,50,Informal worker,23,35.56,1.48,14,5.45,1,64.0,35.24,0,,,27.0,48.0,12,1674.94,12,1
Central Africa,Female,24,Farmer,23,20.72,-0.877,11,2.84,0,2.0,0.0,1,0.795,29.6,40.0,87.0,5,817.12,4,0
West Africa,Female,35,Informal worker,33,46.67,0.559,18,2.06,0,1.0,0.0,0,,,80.0,90.0,9,137.37,12,1
Central Africa,Female,22,Salaried,19,127.07,0.458,17,3.93,0,4.0,0.0,1,0.697,11.1,91.0,68.0,7,205.06,12,1
East Africa,Male,57,Farmer,12,32.63,0.894,10,0.99,0,12.0,0.0,1,0.571,1.6,57.0,91.0,2,371.81,8,0
East Africa,Female,46,Trader,29,49.53,-0.271,21,7.62,0,3.0,0.0,1,0.678,0.6,32.0,98.0,5,719.95,4,0
Central Africa,Female,54,Salaried,15,168.72,0.218,11,2.61,0,6.0,0.0,1,0.731,49.0,40.0,43.0,4,512.21,12,0
West Africa,Female,41,Farmer,35,44.35,0.2,24,10.44,1,72.0,63.12,0,,,49.0,47.0,11,458.95,4,1
Central Africa,Male,61,Farmer,18,86.08,0.218,16,4.67,0,2.0,0.0,0,,,54.0,57.0,3,232.97,4,1
East Africa,Male,61,Trader,13,22.86,-0.383,10,2.46,1,69.0,33.54,1,0.818,15.8,70.0,31.0,4,295.6,24,1
Southern Africa,Male,46,Farmer,28,37.49,0.612,19,6.65,1,84.0,30.27,1,0.936,7.6,72.0,89.0,5,458.08,12,1
West Africa,Male,57,Farmer,17,105.33,0.136,18,1.64,0,4.0,0.0,0,,,51.0,90.0,11,896.54,12,1
East Africa,Male,48,Salaried,2,39.42,-1.233,9,1.65,1,44.0,9.31,0,,,21.0,59.0,2,54.9,8,1
Southern Africa,Female,52,Informal worker,18,35.27,0.852,18,3.26,0,10.0,0.0,0,,,67.0,94.0,11,145.54,12,1
East Africa,Male,29,Farmer,12,12.78,-1.224,14,2.1,0,1.0,0.0,1,0.508,5.1,59.0,48.0,1,261.28,4,1
West Africa,Female,64,Salaried,23,52.46,0.332,18,2.0,0,8.0,0.0,0,,,69.0,60.0,3,93.18,8,1
West Africa,Male,26,Salaried,20,54.39,0.115,9,3.78,0,1.0,0.0,1,0.601,33.3,77.0,58.0,11,611.71,12,1
Central Africa,Female,50,Trader,13,97.93,0.113,12,3.01,0,5.0,0.0,1,0.849,0.6,42.0,51.0,5,112.83,12,1
West Africa,Male,46,Informal worker,29,36.49,1.94,24,4.56,1,55.0,24.63,0,,,35.0,83.0,10,140.68,4,0
Southern Africa,Female,22,Trader,15,43.65,-0.995,18,3.16,0,4.0,0.0,0,,,21.0,82.0,8,219.33,4,0
Central Africa,Female,54,Farmer,21,47.01,-0.271,6,2.31,0,5.0,0.0,1,0.798,3.9,46.0,95.0,2,335.44,4,0
West Africa,Female,21,Salaried,9,32.04,-0.364,12,2.23,0,2.0,0.0,0,,,30.0,43.0,2,121.75,52,1
West Africa,Male,41,Salaried,20,31.18,-0.445,12,1.45,0,2.0,0.0,0,,,83.0,81.0,9,538.11,4,1
Southern Africa,Male,56,Salaried,29,54.58,1.004,19,3.11,0,5.0,0.0,0,,,40.0,51.0,16,190.44,8,1
West Africa,Female,23,Farmer,13,42.2,0.017,14,1.33,1,21.0,11.65,0,,,67.0,64.0,3,472.89,8,1
East Africa,Male,34,Trader,27,99.61,0.319,18,4.54,1,48.0,22.06,1,0.791,11.6,27.0,58.0,14,328.99,12,0
Southern Africa,Female,41,Trader,10,75.61,-0.627,12,4.5,0,0.0,0.0,1,0.801,0.6,31.0,80.0,5,108.33,4,1
East Africa,Male,61,Trader,11,34.69,-1.559,11,1.5,0,2.0,0.0,1,0.786,17.2,14.0,88.0,6,96.33,24,1
East Africa,Male,35,Farmer,19,38.93,0.558,17,2.09,0,3.0,0.0,1,0.887,4.7,80.0,74.0,5,406.16,12,1
Southern Africa,Female,23,Farmer,22,98.11,-0.273,13,2.68,1,77.0,22.08,0,,,75.0,44.0,1,470.74,8,1
East Africa,Female,24,Informal worker,11,36.86,0.839,7,1.99,0,14.0,0.0,0,,,56.0,24.0,1,254.07,24,1
West Africa,Female,27,Trader,6,30.66,0.364,7,1.53,0,7.0,0.0,0,,,67.0,75.0,2,216.01,24,1
East Africa,Male,58,Trader,7,17.87,-0.495,11,1.37,0,3.0,0.0,0,,,58.0,28.0,4,288.47,8,1
Central Africa,Female,54,Trader,21,97.62,-0.018,17,1.3,0,11.0,0.0,0,,,81.0,81.0,8,214.68,12,1
Southern Africa,Prefer not to say,37,Salaried,17,45.84,-0.549,16,2.69,1,77.0,51.49,0,,,34.0,72.0,5,492.87,4,1
East Africa,Male,57,Farmer,19,85.34,0.005,17,5.29,1,15.0,90.98,1,0.654,5.4,83.0,79.0,3,1025.79,12,1
West Africa,Male,61,Trader,9,23.73,-0.578,7,1.67,1,76.0,20.96,1,0.916,10.5,39.0,46.0,1,94.78,4,1
West Africa,Male,58,Farmer,18,34.86,0.145,14,2.21,1,78.0,15.27,0,,,32.0,89.0,5,234.7,8,1
West Africa,Female,18,Trader,6,10.25,0.097,12,1.65,1,71.0,7.42,1,0.68,46.0,19.0,19.0,0,376.01,12,1
West Africa,Male,22,Farmer,12,39.81,1.018,11,1.64,0,4.0,0.0,0,,,48.0,70.0,6,248.43,12,1
Central Africa,Female,52,Salaried,17,29.14,-0.248,12,3.86,0,9.0,0.0,0,,,52.0,93.0,9,726.81,8,0
West Africa,Male,35,Farmer,29,33.38,-0.649,12,2.5,0,14.0,0.0,0,,,58.0,57.0,6,564.71,24,1
Southern Africa,Female,25,Trader,2,44.5,-0.564,8,5.25,0,3.0,0.0,0,,,12.0,77.0,5,724.98,12,1
West Africa,Female,48,Trader,15,59.4,0.017,11,2.91,1,54.0,14.76,1,0.518,9.5,12.0,52.0,1,673.71,52,1
West Africa,Male,34,Trader,13,21.73,0.145,10,1.23,1,79.0,20.28,1,0.781,31.7,76.0,74.0,0,166.99,24,1
East Africa,Male,61,Self-employed,19,6.85,0.449,8,2.65,0,2.0,0.0,0,,,59.0,25.0,7,180.1,12,1
West Africa,Male,45,Informal worker,16,16.01,-1.11,8,1.19,0,14.0,0.0,1,0.787,8.0,28.0,31.0,2,108.89,12,1
Southern Africa,Male,29,Farmer,22,194.2,0.358,13,2.72,1,74.0,24.91,1,0.751,28.9,56.0,81.0,2,342.36,12,1
Central Africa,Male,61,Informal worker,14,45.83,1.081,13,1.43,0,5.0,0.0,0,,,67.0,45.0,3,147.89,8,1
Central Africa,Female,46,Trader,13,30.51,0.247,17,1.23,0,7.0,0.0,1,0.835,0.1,21.0,81.0,8,477.18,4,0
West Africa,Male,31,Farmer,25,84.84,-0.513,15,6.62,0,0.0,0.0,0,,,54.0,66.0,8,333.87,24,1
Southern Africa,Male,24,Farmer,22,39.0,-0.647,14,2.41,0,1.0,0.0,0,,,48.0,47.0,2,376.55,4,1
West Africa,Male,44,Salaried,10,23.47,-0.158,14,1.83,0,0.0,0.0,1,0.791,2.4,44.0,43.0,6,352.11,8,0
Central Africa,Female,53,Informal worker,24,56.84,1.018,19,1.75,0,6.0,0.0,1,0.806,4.6,26.0,20.0,5,925.67,8,1
East Africa,Female,57,Trader,21,56.2,0.09,12,2.54,0,4.0,0.0,1,0.941,4.8,36.0,60.0,10,102.06,8,1
West Africa,Male,23,Salaried,15,23.59,-0.306,9,3.63,0,1.0,0.0,1,0.872,1.3,50.0,37.0,6,726.98,12,1
West Africa,Male,38,Trader,16,45.6,-0.502,17,1.97,0,8.0,0.0,0,,,39.0,63.0,5,489.23,12,0
West Africa,Male,64,Trader,8,22.21,1.158,11,1.86,0,8.0,0.0,0,,,87.0,66.0,2,398.42,12,1
West Africa,Prefer not to say,49,Trader,11,56.84,-1.219,22,2.39,1,44.0,29.67,0,,,18.0,59.0,6,465.21,12,1
Central Africa,Female,22,Trader,6,19.88,-0.71,5,0.59,1,35.0,8.42,1,0.722,0.6,25.0,83.0,0,652.32,4,1
Southern Africa,Male,61,Trader,11,61.93,-0.927,12,3.19,0,6.0,0.0,1,0.726,19.0,48.0,62.0,4,248.99,52,0
Central Africa,Female,50,Self-employed,8,15.34,-0.362,7,3.23,1,55.0,17.82,1,0.758,0.9,65.0,78.0,2,260.79,12,1
West Africa,Female,39,Farmer,22,64.84,0.112,5,2.85,0,5.0,0.0,1,0.894,18.0,64.0,72.0,3,468.45,8,1
East Africa,Female,54,Farmer,18,33.89,0.598,10,4.16,1,68.0,37.7,1,0.904,24.1,58.0,82.0,6,363.02,4,0
West Africa,Male,48,Trader,29,106.87,-0.405,22,6.97,1,50.0,27.47,1,0.344,1.1,38.0,56.0,4,347.85,8,1
East Africa,Female,30,Trader,20,14.07,0.14,15,1.4,0,10.0,0.0,0,,,76.0,51.0,6,469.63,8,1
West Africa,Female,55,Trader,14,102.65,-0.929,17,0.56,1,76.0,42.34,1,0.575,14.0,52.0,71.0,4,300.92,12,0
West Africa,Male,29,Trader,13,76.12,-1.056,8,3.3,0,3.0,0.0,1,0.538,8.3,86.0,33.0,6,408.72,8,0
East Africa,Male,28,Farmer,10,47.39,-0.241,7,2.06,1,57.0,36.57,1,0.608,22.0,35.0,93.0,9,728.43,8,1
West Africa,Male,46,Trader,9,85.07,0.019,11,1.38,0,4.0,0.0,0,,,20.0,48.0,2,329.54,4,0
East Africa,Male,18,Trader,9,20.71,0.088,6,2.96,1,78.0,19.46,1,0.776,30.2,42.0,93.0,1,240.7,52,1
Southern Africa,Male,47,Informal worker,12,107.81,0.335,13,5.23,0,1.0,0.0,1,0.934,5.2,70.0,93.0,5,253.99,8,1
West Africa,Female,43,Self-employed,30,105.42,0.457,23,7.46,1,51.0,32.02,0,,,36.0,73.0,8,142.15,8,1
Central Africa,Female,51,Trader,16,50.22,0.413,13,3.1,0,3.0,0.0,0,,,64.0,65.0,6,1358.16,4,0
East Africa,Male,25,Informal worker,22,139.23,-0.093,13,6.09,1,63.0,32.41,0,,,34.0,80.0,6,361.6,4,1
Southern Africa,Male,45,Informal worker,28,95.13,0.084,21,2.91,0,23.0,0.0,0,,,32.0,82.0,11,505.15,52,0
Southern Africa,Female,38,Informal worker,16,41.52,-0.444,13,1.79,0,7.0,0.0,1,0.866,4.3,30.0,44.0,5,548.25,4,1
Southern Africa,Male,26,Informal worker,14,67.12,-0.231,11,2.3,0,21.0,0.0,0,,,26.0,67.0,7,592.08,12,0
Southern Africa,Male,39,Farmer,14,50.1,-0.121,12,3.38,0,5.0,0.0,0,,,25.0,57.0,10,501.22,8,1
Central Africa,Female,61,Self-employed,12,20.36,0.885,18,3.75,1,84.0,11.56,1,0.711,0.9,81.0,75.0,3,366.61,12,1
East Africa,Male,56,Trader,9,40.33,-0.64,8,2.59,0,15.0,0.0,0,,,42.0,66.0,3,134.94,12,1
West Africa,Male,25,Farmer,17,53.54,-1.176,18,1.54,1,48.0,118.82,0,,,40.0,56.0,5,850.84,12,0
West Africa,Female,57,Informal worker,9,35.77,0.198,14,1.8,0,6.0,0.0,0,,,33.0,64.0,3,710.92,8,0
East Africa,Female,44,Self-employed,27,58.05,0.72,20,3.73,1,66.0,14.37,0,,,77.0,61.0,3,122.47,4,1
West Africa,Male,20,Farmer,7,20.11,-0.306,8,2.19,0,9.0,0.0,0,,,11.0,63.0,3,229.61,8,1
West Africa,Female,61,Self-employed,22,36.09,0.278,16,2.32,0,4.0,0.0,0,,,52.0,46.0,11,416.18,8,0
West Africa,Female,42,Informal worker,25,111.12,0.136,13,4.95,0,6.0,0.0,0,,,32.0,82.0,9,315.33,12,1
East Africa,Male,60,Informal worker,8,58.89,-0.013,19,3.32,0,4.0,0.0,1,0.777,18.3,58.0,78.0,7,202.1,8,0
West Africa,Female,22,Salaried,24,68.88,0.287,20,1.76,1,71.0,73.63,1,0.723,3.8,48.0,83.0,12,249.57,24,0
East Africa,Male,25,Informal worker,20,23.22,0.188,14,2.9,0,13.0,0.0,1,0.788,10.3,72.0,67.0,7,297.04,8,1
Southern Africa,Male,60,Farmer,9,47.81,-0.455,8,2.19,0,8.0,0.0,1,0.666,6.9,73.0,7.0,1,319.72,8,0
Southern Africa,Male,29,Salaried,30,46.41,-0.633,19,4.8,1,84.0,38.88,1,0.72,8.4,60.0,12.0,8,116.98,12,1
West Africa,Male,43,Trader,11,31.16,-0.713,8,4.72,1,67.0,17.5,0,,,55.0,60.0,2,282.48,12,1
East Africa,Male,46,Self-employed,21,102.5,0.643,19,5.71,1,65.0,26.08,0,,,51.0,41.0,12,267.07,8,1
East Africa,Female,62,Salaried,9,33.52,-0.547,8,7.25,1,64.0,34.36,1,0.849,23.9,36.0,40.0,5,278.54,8,0
East Africa,Male,33,Informal worker,31,78.11,0.117,23,7.57,1,73.0,59.48,1,0.885,6.7,56.0,87.0,12,119.52,24,1
Southern Africa,Female,53,Trader,18,56.66,0.564,16,2.38,0,6.0,0.0,1,0.862,1.4,57.0,63.0,3,185.68,4,1
West Africa,Male,52,Trader,18,46.9,-1.105,13,1.82,1,53.0,25.44,0,,,63.0,67.0,3,377.32,8,1
Central Africa,Female,50,Trader,10,34.58,-0.926,10,2.24,0,9.0,0.0,1,0.678,22.0,33.0,22.0,1,182.45,4,0
West Africa,Female,42,Trader,17,35.54,0.023,11,3.65,0,3.0,0.0,1,0.802,10.2,29.0,53.0,2,217.51,8,1
Southern Africa,Male,21,Informal worker,30,131.99,0.112,18,1.78,0,16.0,0.0,0,,,65.0,41.0,11,410.54,8,0
East Africa,Female,30,Salaried,16,66.23,0.138,14,5.18,0,5.0,0.0,1,0.706,14.2,74.0,57.0,4,174.32,8,1
West Africa,Female,44,Informal worker,18,101.6,-1.711,6,3.36,0,1.0,0.0,1,0.699,2.3,43.0,38.0,4,34.01,12,0
Southern Africa,Male,37,Farmer,8,31.82,0.385,12,1.95,1,43.0,10.35,0,,,33.0,22.0,3,88.87,52,1
West Africa,Male,26,Self-employed,30,83.37,1.295,20,5.25,1,44.0,58.29,0,,,53.0,54.0,9,2383.74,12,1
Southern Africa,Female,50,Salaried,21,213.92,0.16,16,2.36,0,7.0,0.0,1,0.834,2.6,45.0,77.0,2,527.45,4,1
East Africa,Female,39,Informal worker,22,40.21,-0.365,15,5.02,0,12.0,0.0,0,,,20.0,22.0,3,228.5,8,1
West Africa,Male,54,Farmer,10,21.08,0.593,9,1.56,0,4.0,0.0,0,,,48.0,69.0,5,154.01,8,1
West Africa,Female,43,Informal worker,11,25.9,1.07,9,2.16,0,9.0,0.0,0,,,14.0,82.0,3,294.73,4,0
Southern Africa,Male,35,Farmer,3,68.01,0.59,7,1.28,1,51.0,8.19,1,0.578,24.9,30.0,84.0,2,319.99,4,1
West Africa,Male,23,Trader,21,91.15,0.914,28,6.85,1,54.0,31.24,1,0.584,21.5,46.0,71.0,10,244.65,12,1
Central Africa,Female,22,Informal worker,25,113.14,0.517,14,3.88,1,37.0,24.24,0,,,58.0,65.0,13,278.25,12,0
Southern Africa,Prefer not to say,41,Informal worker,10,48.01,-0.024,20,2.47,1,77.0,29.36,0,,,36.0,97.0,10,987.41,24,1
Southern Africa,Male,34,Farmer,9,23.84,0.665,9,1.27,0,3.0,0.0,0,,,87.0,57.0,1,585.49,4,0
West Africa,Male,51,Self-employed,25,36.83,0.311,17,4.15,0,5.0,0.0,0,,,21.0,21.0,4,855.38,24,0
Southern Africa,Male,47,Salaried,10,27.37,-2.048,12,0.91,1,45.0,14.19,0,,,52.0,71.0,3,418.77,12,1
Central Africa,Female,31,Informal worker,14,74.75,-0.11,10,2.99,0,17.0,0.0,0,,,73.0,21.0,3,313.11,4,1
West Africa,Male,53,Trader,30,57.74,0.231,14,1.73,0,1.0,0.0,1,0.742,1.9,41.0,62.0,6,356.28,12,1
West Africa,Male,44,Trader,21,81.63,-0.028,18,3.19,0,7.0,0.0,0,,,46.0,91.0,4,307.52,8,1
West Africa,Male,59,Informal worker,14,11.87,0.363,14,2.67,1,78.0,17.73,0,,,66.0,82.0,3,245.35,8,0
East Africa,Female,62,Salaried,6,23.21,-0.739,15,0.62,0,20.0,0.0,0,,,4.0,80.0,0,77.68,24,1
Southern Africa,Male,63,Farmer,19,35.08,0.243,14,5.64,0,5.0,0.0,0,,,28.0,61.0,9,135.57,8,1
East Africa,Female,23,Trader,22,53.87,-1.452,12,2.35,0,8.0,0.0,1,0.761,26.3,75.0,77.0,5,606.64,8,0
East Africa,Male,42,Trader,13,110.99,-0.731,13,3.24,0,9.0,0.0,0,,,48.0,92.0,6,1323.41,4,1
West Africa,Male,19,Trader,9,55.84,-0.487,10,1.54,1,87.0,17.83,1,0.452,4.8,18.0,83.0,1,760.07,4,1
West Africa,Male,59,Informal worker,15,30.94,-1.317,17,4.6,0,2.0,0.0,0,,,68.0,30.0,3,1047.94,12,1
West Africa,Male,51,Farmer,11,19.28,-0.64,10,3.82,1,56.0,44.42,1,0.636,5.7,50.0,71.0,6,195.24,4,0
Central Africa,Male,30,Trader,16,61.41,0.478,11,1.85,0,12.0,0.0,1,0.734,7.2,55.0,71.0,4,466.38,4,1
East Africa,Male,46,Farmer,31,78.64,0.264,20,5.23,1,63.0,49.51,1,0.733,5.7,55.0,64.0,13,152.02,8,1
East Africa,Male,44,Salaried,17,60.67,1.006,18,4.35,0,1.0,0.0,0,,,25.0,85.0,9,347.9,4,1
Southern Africa,Male,43,Farmer,14,17.94,-0.229,11,1.12,0,10.0,0.0,0,,,49.0,68.0,1,139.55,4,0
West Africa,Male,43,Trader,26,88.44,-0.533,8,4.65,1,64.0,77.51,0,,,55.0,64.0,6,676.89,8,1
West Africa,Male,64,Informal worker,20,43.49,0.89,14,2.55,1,34.0,23.33,1,0.871,62.6,64.0,33.0,3,181.19,4,1
West Africa,Male,54,Self-employed,5,12.56,0.023,9,4.84,0,3.0,0.0,1,0.551,14.2,69.0,61.0,3,157.33,8,1
Central Africa,Male,36,Trader,18,105.8,0.203,13,1.76,1,37.0,17.96,1,0.954,5.7,57.0,79.0,4,492.37,24,1
Southern Africa,Female,54,Trader,7,39.28,0.344,9,2.85,1,58.0,14.72,1,0.752,18.6,18.0,67.0,1,326.66,52,1
East Africa,Female,24,Informal worker,16,109.05,-0.43,11,3.57,1,46.0,32.0,1,0.712,0.7,57.0,84.0,6,201.86,8,1
West Africa,Female,31,Farmer,29,97.38,0.427,16,3.69,1,76.0,40.76,1,0.784,6.8,55.0,41.0,6,293.32,4,1
West Africa,Male,23,Salaried,14,49.8,-0.749,11,2.34,0,10.0,0.0,1,0.724,1.9,15.0,68.0,3,215.49,24,0
East Africa,Prefer not to say,59,Informal worker,27,286.33,0.99,25,5.1,1,50.0,21.34,0,,,36.0,87.0,12,534.44,4,1
East Africa,Prefer not to say,19,Trader,16,72.76,-0.722,10,9.79,0,8.0,0.0,0,,,57.0,65.0,4,240.13,8,0
Central Africa,Male,59,Salaried,10,19.88,0.043,16,3.87,1,33.0,16.94,1,0.643,2.9,29.0,58.0,9,244.92,4,1
Southern Africa,Male,57,Informal worker,4,16.6,0.351,3,3.63,1,60.0,7.38,1,0.849,15.8,73.0,24.0,2,308.48,12,1
East Africa,Female,62,Farmer,15,30.79,-0.356,10,0.94,1,70.0,10.37,0,,,33.0,42.0,0,656.52,8,0
Southern Africa,Prefer not to say,53,Trader,13,15.49,0.613,11,3.44,0,6.0,0.0,1,0.536,22.4,11.0,54.0,5,238.35,4,1
Central Africa,Female,39,Informal worker,3,9.86,-0.865,10,1.0,0,8.0,0.0,1,0.494,4.5,77.0,65.0,1,127.9,12,1
East Africa,Female,56,Salaried,21,123.02,-0.496,10,2.99,1,42.0,23.69,1,0.575,8.1,68.0,60.0,6,1641.49,8,0
East Africa,Female,64,Trader,8,45.41,-0.2,14,2.41,0,3.0,0.0,0,,,60.0,35.0,2,100.08,12,1
Central Africa,Prefer not to say,59,Farmer,10,54.33,-0.314,10,4.2,1,43.0,25.66,1,0.789,4.4,34.0,21.0,7,78.25,12,1
West Africa,Male,54,Self-employed,22,46.2,1.167,21,25.25,1,58.0,21.85,0,,,58.0,87.0,8,126.65,8,1
Central Africa,Male,54,Farmer,19,35.91,-0.184,16,2.28,1,87.0,24.57,0,,,92.0,25.0,9,186.42,8,1
West Africa,Female,48,Trader,6,19.08,0.125,12,1.31,0,8.0,0.0,0,,,56.0,54.0,1,256.42,4,1
East Africa,Male,59,Trader,22,108.6,0.332,15,8.44,1,88.0,14.33,1,0.753,5.6,84.0,76.0,9,708.46,8,1
Southern Africa,Male,38,Informal worker,11,26.81,0.269,7,2.01,1,30.0,23.21,1,0.896,6.0,41.0,28.0,1,223.54,8,1
East Africa,Male,41,Informal worker,25,87.74,-0.276,25,1.91,0,2.0,0.0,1,0.884,2.3,64.0,39.0,4,159.81,8,0
East Africa,Male,57,Trader,12,93.0,-0.426,18,1.13,0,11.0,0.0,1,0.667,5.4,38.0,62.0,3,128.43,8,1
East Africa,Male,30,Trader,14,30.88,-0.122,11,3.21,0,2.0,0.0,0,,,24.0,31.0,4,201.41,8,1
West Africa,Female,53,Informal worker,14,19.64,0.581,10,3.07,0,4.0,0.0,0,,,59.0,65.0,0,1300.5,12,1
West Africa,Male,23,Informal worker,25,136.96,0.311,8,3.3,1,68.0,22.64,1,0.865,3.5,68.0,69.0,2,133.64,24,1
West Africa,Female,45,Trader,18,51.8,-1.011,6,0.72,1,36.0,33.25,1,0.927,5.6,75.0,23.0,5,154.98,4,1
East Africa,Male,19,Farmer,19,32.85,-0.274,12,1.83,1,46.0,28.88,1,0.875,1.3,47.0,78.0,6,304.82,8,1
East Africa,Female,64,Informal worker,16,26.92,-0.123,15,6.08,0,0.0,0.0,0,,,70.0,70.0,9,367.81,8,1
West Africa,Female,57,Trader,27,126.17,-0.0,15,5.38,0,6.0,0.0,1,0.852,0.3,26.0,68.0,4,447.13,8,0
Central Africa,Prefer not to say,29,Trader,25,55.03,1.356,12,3.47,1,39.0,40.33,0,,,75.0,61.0,5,132.82,8,1
East Africa,Male,25,Self-employed,8,12.67,-0.847,10,1.75,0,1.0,0.0,0,,,24.0,61.0,0,87.74,8,0
East Africa,Male,48,Salaried,23,31.04,-0.367,17,5.67,0,5.0,0.0,0,,,76.0,75.0,8,151.76,4,0
East Africa,Female,60,Farmer,6,33.89,-0.786,10,4.47,0,11.0,0.0,1,0.899,14.8,40.0,64.0,1,144.05,8,0
West Africa,Female,33,Salaried,15,74.41,0.51,17,1.28,0,4.0,0.0,1,0.855,6.6,35.0,84.0,4,253.39,8,1
Southern Africa,Male,63,Informal worker,33,203.8,0.412,23,6.54,0,5.0,0.0,1,0.803,4.9,41.0,69.0,10,378.71,4,1
East Africa,Female,39,Self-employed,46,24.35,2.259,25,5.99,1,65.0,127.12,0,,,67.0,89.0,21,397.3,24,1
West Africa,Female,38,Self-employed,11,42.71,-0.941,13,2.66,0,1.0,0.0,0,,,35.0,73.0,6,115.72,12,1
Central Africa,Male,33,Informal worker,12,23.2,-0.292,15,2.31,0,1.0,0.0,1,0.906,10.1,75.0,30.0,4,185.02,12,1
Southern Africa,Female,30,Farmer,31,30.91,2.123,15,4.44,0,17.0,0.0,1,0.923,12.6,53.0,70.0,9,1330.99,24,1
Southern Africa,Male,33,Trader,7,23.11,-0.052,10,2.41,0,3.0,0.0,0,,,41.0,81.0,2,151.25,24,1
Central Africa,Male,26,Farmer,13,59.03,-0.395,9,2.76,0,3.0,0.0,1,0.726,2.6,54.0,47.0,8,307.8,24,0
Central Africa,Female,35,Farmer,23,113.99,-0.674,9,3.66,0,18.0,0.0,1,0.673,9.6,55.0,29.0,4,356.8,4,1
West Africa,Male,31,Informal worker,26,172.48,-0.268,20,5.3,1,68.0,29.19,1,0.859,2.0,22.0,31.0,11,197.69,24,1
East Africa,Female,20,Trader,21,31.2,0.243,25,3.82,0,6.0,0.0,1,0.753,1.5,58.0,71.0,2,205.11,12,1
East Africa,Female,35,Salaried,18,58.77,0.781,23,2.91,0,3.0,0.0,0,,,64.0,87.0,3,159.27,8,1
West Africa,Prefer not to say,19,Self-employed,8,36.72,-0.57,8,3.24,0,6.0,0.0,1,0.881,17.2,53.0,49.0,7,762.3,8,0
West Africa,Male,26,Trader,12,21.74,-0.632,13,5.35,0,7.0,0.0,1,0.931,5.8,60.0,34.0,6,231.8,12,1
West Africa,Male,52,Informal worker,18,110.19,0.092,19,2.14,0,6.0,0.0,0,,,52.0,64.0,9,75.4,24,0
Southern Africa,Male,19,Salaried,19,103.3,1.27,19,4.75,1,68.0,164.0,0,,,74.0,53.0,5,387.67,8,1
Southern Africa,Female,32,Informal worker,6,43.62,0.485,12,2.8,0,1.0,0.0,0,,,70.0,44.0,4,215.06,52,1
Southern Africa,Male,50,Self-employed,7,42.74,-1.363,6,2.86,1,49.0,4.88,1,0.955,3.8,52.0,36.0,4,261.27,4,0
West Africa,Female,18,Farmer,22,47.67,0.211,22,5.49,0,7.0,0.0,0,,,52.0,53.0,7,193.0,4,1
West Africa,Male,52,Trader,16,60.46,0.34,20,1.9,0,6.0,0.0,0,,,46.0,94.0,10,535.85,12,1
East Africa,Male,21,Farmer,18,62.65,0.188,18,4.02,0,15.0,0.0,0,,,65.0,88.0,6,361.76,8,1
East Africa,Female,20,Farmer,14,44.37,-0.568,15,7.08,0,16.0,0.0,1,0.815,2.0,38.0,70.0,6,452.99,24,1
Central Africa,Female,27,Trader,16,70.11,0.553,20,3.34,1,29.0,16.2,1,0.788,18.2,44.0,39.0,3,2881.13,4,1
Central Africa,Male,58,Salaried,8,25.41,0.224,10,2.76,1,71.0,17.64,0,,,38.0,45.0,3,98.32,12,1
Central Africa,Female,20,Informal worker,9,68.24,0.672,11,2.4,0,18.0,0.0,1,0.829,38.0,30.0,88.0,2,652.18,8,0
Central Africa,Male,22,Farmer,22,165.8,0.743,15,2.76,0,13.0,0.0,0,,,8.0,46.0,13,1060.23,4,1
Central Africa,Female,62,Farmer,16,85.95,0.039,13,2.05,0,8.0,0.0,0,,,46.0,60.0,3,200.66,8,0
East Africa,Male,46,Farmer,36,84.15,0.903,20,3.42,0,1.0,0.0,0,,,21.0,24.0,8,473.23,24,1
West Africa,Female,44,Farmer,12,30.95,-0.672,12,3.57,0,5.0,0.0,0,,,68.0,67.0,0,37.73,8,1
West Africa,Male,19,Farmer,12,28.92,0.358,13,7.2,0,3.0,0.0,1,0.735,9.4,43.0,36.0,3,986.66,8,1
East Africa,Male,36,Farmer,10,53.5,0.985,13,1.78,0,3.0,0.0,1,0.701,0.7,45.0,81.0,4,718.28,12,1
West Africa,Female,45,Salaried,11,22.46,-0.769,12,0.69,0,2.0,0.0,1,0.576,18.1,64.0,62.0,5,130.31,12,0
West Africa,Male,43,Self-employed,6,25.34,-0.477,11,2.13,0,4.0,0.0,1,0.728,6.6,45.0,60.0,6,179.58,4,0
Central Africa,Male,42,Farmer,19,43.4,1.573,21,16.35,1,48.0,62.51,1,0.891,10.9,65.0,85.0,5,811.68,24,1
West Africa,Male,23,Informal worker,13,31.93,0.401,19,6.71,1,83.0,14.55,0,,,41.0,30.0,6,149.19,4,0
Central Africa,Male,64,Self-employed,10,25.17,-0.031,10,1.81,1,61.0,42.15,0,,,91.0,69.0,4,110.94,4,1
Southern Africa,Female,50,Trader,26,27.92,-0.664,18,2.52,0,16.0,0.0,1,0.711,3.9,34.0,28.0,9,501.83,12,0
East Africa,Male,29,Trader,24,35.26,0.032,16,3.46,0,3.0,0.0,1,0.654,13.6,64.0,64.0,6,401.08,4,0
Southern Africa,Female,63,Trader,30,74.43,0.508,23,6.3,1,73.0,30.3,0,,,67.0,83.0,8,661.69,12,1
West Africa,Female,32,Farmer,20,48.74,-0.069,10,4.16,1,51.0,12.6,0,,,80.0,37.0,6,400.66,12,1
East Africa,Male,24,Farmer,7,42.75,-0.061,16,4.63,0,4.0,0.0,0,,,61.0,56.0,4,163.28,24,1
West Africa,Female,59,Informal worker,14,80.61,-1.137,13,3.87,0,4.0,0.0,0,,,58.0,84.0,4,379.51,8,0
Central Africa,Male,25,Farmer,9,43.42,-0.092,15,5.73,0,5.0,0.0,0,,,59.0,70.0,4,64.74,4,1
West Africa,Male,20,Trader,19,25.45,0.253,10,3.44,1,34.0,28.52,1,0.563,14.1,66.0,75.0,1,99.85,8,1
West Africa,Male,47,Farmer,18,87.85,-0.223,11,5.2,0,2.0,0.0,1,0.621,10.0,48.0,49.0,5,239.17,4,0
Southern Africa,Male,30,Trader,6,32.95,0.534,8,1.89,1,66.0,21.62,0,,,51.0,60.0,4,262.82,8,1
Southern Africa,Male,25,Farmer,11,45.51,-0.599,13,2.39,0,3.0,0.0,0,,,34.0,65.0,2,619.94,12,1
East Africa,Male,22,Trader,12,37.32,-0.01,9,2.26,0,6.0,0.0,0,,,76.0,48.0,4,192.29,12,0
East Africa,Female,23,Trader,23,54.78,0.86,23,3.25,0,3.0,0.0,0,,,45.0,62.0,3,222.64,8,1
West Africa,Female,63,Trader,17,215.31,0.94,18,2.1,1,69.0,35.9,1,0.977,0.2,14.0,38.0,8,1162.62,12,1
Southern Africa,Female,49,Informal worker,19,40.88,-0.822,7,1.27,1,48.0,18.1,0,,,54.0,90.0,4,408.25,4,0
West Africa,Female,57,Trader,23,114.96,1.449,18,5.31,1,65.0,25.76,0,,,38.0,78.0,5,646.42,52,1
West Africa,Female,47,Informal worker,36,69.9,0.412,20,15.77,1,59.0,78.28,0,,,56.0,77.0,9,872.2,8,1
West Africa,Male,43,Salaried,12,46.94,0.531,7,4.77,1,63.0,17.25,1,0.877,2.9,48.0,43.0,4,128.35,8,1
West Africa,Female,28,Farmer,8,40.01,0.189,10,4.69,0,0.0,0.0,0,,,49.0,51.0,9,453.17,12,1
West Africa,Male,63,Trader,20,18.33,0.724,18,3.43,0,11.0,0.0,1,0.798,21.7,39.0,34.0,3,187.09,24,1
East Africa,Female,56,Informal worker,5,41.0,0.223,9,1.98,1,67.0,13.49,0,,,13.0,56.0,1,82.09,24,1
West Africa,Female,42,Trader,11,58.19,-0.322,15,2.09,0,2.0,0.0,0,,,89.0,82.0,3,216.91,52,0
West Africa,Male,22,Salaried,25,10.31,-0.012,19,3.41,1,94.0,40.06,0,,,16.0,53.0,3,158.81,52,1
East Africa,Female,53,Salaried,12,34.39,0.134,15,2.26,0,4.0,0.0,0,,,35.0,44.0,3,609.63,24,0
West Africa,Female,33,Farmer,17,53.44,-0.121,11,2.01,0,16.0,0.0,0,,,29.0,94.0,8,413.48,12,1
Southern Africa,Female,27,Trader,12,47.48,0.632,7,6.07,1,71.0,31.21,0,,,78.0,66.0,5,159.82,8,1
Central Africa,Male,52,Informal worker,16,70.06,1.053,17,3.74,0,2.0,0.0,0,,,37.0,59.0,7,209.82,8,1
East Africa,Female,57,Informal worker,28,48.91,0.59,14,2.59,0,9.0,0.0,0,,,37.0,90.0,7,430.17,4,0
Central Africa,Female,46,Trader,15,50.01,-0.222,19,2.75,0,2.0,0.0,0,,,17.0,38.0,4,253.08,12,0
West Africa,Male,21,Salaried,14,153.16,0.704,14,2.1,1,51.0,18.6,0,,,49.0,40.0,6,188.32,8,0
West Africa,Male,46,Farmer,10,11.82,0.49,10,3.33,1,63.0,17.43,0,,,36.0,76.0,0,95.99,4,1
Southern Africa,Male,61,Salaried,2,41.59,-0.483,8,3.06,0,8.0,0.0,1,0.676,23.0,50.0,13.0,4,494.8,8,0
Southern Africa,Female,50,Salaried,18,32.95,-0.603,12,1.98,1,45.0,47.37,1,0.861,0.2,39.0,80.0,8,1239.46,12,1
Southern Africa,Male,30,Trader,22,40.18,-0.447,12,2.42,0,17.0,0.0,1,0.744,1.3,38.0,46.0,6,209.33,12,1
West Africa,Male,48,Trader,23,107.92,-0.464,23,1.65,0,2.0,0.0,0,,,48.0,70.0,5,58.35,4,0
Southern Africa,Male,29,Farmer,16,40.1,-0.015,12,2.99,0,7.0,0.0,0,,,47.0,62.0,6,1639.27,8,1
East Africa,Female,59,Salaried,20,51.01,0.817,23,4.01,0,1.0,0.0,1,0.8,0.9,43.0,72.0,4,659.38,8,1
West Africa,Female,57,Trader,24,55.08,-0.7,11,3.74,1,71.0,45.55,0,,,76.0,59.0,6,145.39,4,1
West Africa,Male,44,Farmer,15,30.95,0.771,24,1.91,1,58.0,35.5,1,0.807,4.5,35.0,50.0,7,950.73,24,1
Central Africa,Male,24,Informal worker,6,67.73,0.267,8,1.59,0,4.0,0.0,1,0.686,5.7,28.0,69.0,3,261.07,12,1
West Africa,Female,36,Trader,12,43.46,0.763,7,2.85,1,94.0,23.45,1,0.779,12.0,32.0,29.0,0,341.53,8,1
Southern Africa,Male,23,Trader,11,21.32,-0.505,3,2.91,0,1.0,0.0,1,0.916,5.8,46.0,75.0,2,101.71,8,1
East Africa,Male,54,Salaried,13,23.36,0.689,7,1.83,0,10.0,0.0,0,,,48.0,58.0,1,426.82,12,1
Southern Africa,Prefer not to say,49,Farmer,10,42.04,0.033,11,1.56,1,39.0,34.47,0,,,38.0,54.0,4,552.28,8,1
Southern Africa,Male,30,Informal worker,14,50.66,-0.502,12,2.11,1,58.0,12.65,0,,,9.0,55.0,3,39.89,8,1
Central Africa,Male,58,Trader,23,37.58,-0.08,21,6.14,0,4.0,0.0,1,0.819,14.1,80.0,77.0,6,746.55,8,0
West Africa,Male,53,Farmer,10,25.48,-0.15,15,2.8,1,28.0,10.82,0,,,77.0,88.0,7,448.06,12,1
West Africa,Female,62,Farmer,21,101.1,-0.078,23,3.44,1,74.0,15.15,1,0.841,6.6,58.0,46.0,6,65.32,4,1
East Africa,Female,31,Farmer,12,25.55,-0.359,16,1.85,0,5.0,0.0,0,,,9.0,75.0,4,307.86,4,1
East Africa,Male,26,Self-employed,33,63.13,0.265,29,2.95,0,7.0,0.0,0,,,63.0,53.0,14,742.55,4,1
West Africa,Female,40,Trader,20,72.75,-0.783,11,1.5,0,0.0,0.0,0,,,55.0,74.0,7,234.29,12,1
West Africa,Female,30,Farmer,12,11.52,-0.028,8,2.15,0,0.0,0.0,0,,,17.0,36.0,2,47.13,8,1
West Africa,Female,52,Salaried,22,96.31,0.48,16,2.24,1,69.0,45.93,1,0.923,0.7,23.0,71.0,5,918.61,4,1
West Africa,Male,37,Trader,26,51.24,0.41,21,8.91,0,8.0,0.0,0,,,28.0,77.0,6,641.89,4,1
West Africa,Male,47,Self-employed,38,296.55,1.244,28,6.19,0,15.0,0.0,1,0.9,9.8,62.0,66.0,13,863.01,8,1
Central Africa,Female,26,Farmer,17,92.98,-0.022,9,3.04,0,7.0,0.0,0,,,59.0,63.0,2,265.98,8,0
West Africa,Male,22,Trader,6,68.9,-1.102,6,1.99,0,5.0,0.0,1,0.386,12.4,76.0,28.0,2,111.33,8,1
Central Africa,Male,62,Trader,12,31.85,0.316,11,3.29,1,35.0,66.1,0,,,59.0,77.0,9,42.63,8,1
Central Africa,Male,38,Farmer,19,30.35,0.42,14,4.67,0,4.0,0.0,0,,,50.0,30.0,9,364.84,52,1
West Africa,Female,24,Self-employed,21,53.71,0.167,25,2.49,0,0.0,0.0,0,,,86.0,72.0,14,233.84,4,0
Southern Africa,Male,56,Self-employed,9,42.82,-1.451,9,1.73,0,2.0,0.0,1,0.883,9.2,76.0,11.0,3,86.9,8,1
East Africa,Male,24,Informal worker,11,47.72,1.579,7,3.78,0,2.0,0.0,1,0.938,17.8,53.0,29.0,1,28.42,12,1
Southern Africa,Female,64,Trader,9,28.6,-0.54,9,3.36,1,50.0,16.3,0,,,53.0,80.0,3,545.29,8,1
West Africa,Male,36,Farmer,4,5.74,-0.723,11,0.82,0,2.0,0.0,0,,,28.0,55.0,6,454.45,52,1
West Africa,Male,39,Farmer,4,27.56,-0.241,12,0.78,1,81.0,23.21,0,,,16.0,90.0,2,212.17,4,1
West Africa,Male,30,Trader,13,15.12,-0.373,14,1.45,0,6.0,0.0,0,,,74.0,72.0,7,280.97,12,1
East Africa,Male,22,Trader,16,57.49,-0.402,6,1.41,1,44.0,19.11,0,,,80.0,24.0,7,142.85,24,1
Central Africa,Prefer not to say,37,Farmer,13,37.16,0.531,9,2.86,0,7.0,0.0,1,0.839,26.5,26.0,47.0,1,91.24,4,1
Southern Africa,Male,35,Farmer,10,20.05,-1.057,9,2.59,0,10.0,0.0,0,,,5.0,18.0,4,371.01,24,1
Southern Africa,Female,39,Informal worker,2,73.67,-0.929,12,1.73,1,92.0,3.82,0,,,43.0,39.0,4,113.57,8,1
Central Africa,Male,41,Farmer,22,71.47,0.054,15,4.67,0,2.0,0.0,0,,,56.0,93.0,7,160.42,4,0
Southern Africa,Male,47,Trader,25,106.58,0.707,18,4.84,1,28.0,58.22,0,,,80.0,71.0,5,571.85,8,1
West Africa,Male,21,Trader,12,61.43,0.573,10,2.7,0,16.0,0.0,0,,,17.0,68.0,2,240.58,12,1
Central Africa,Male,35,Informal worker,25,41.09,-0.29,17,5.49,0,0.0,0.0,1,0.642,17.4,18.0,29.0,6,528.83,24,1
East Africa,Male,58,Informal worker,37,89.87,0.628,25,7.61,1,75.0,13.84,1,0.932,25.5,66.0,58.0,9,316.95,4,1
West Africa,Male,62,Trader,15,25.59,-0.736,14,4.79,1,51.0,31.86,0,,,40.0,84.0,7,940.38,8,1
East Africa,Female,43,Salaried,17,41.33,-0.546,16,1.58,0,2.0,0.0,0,,,50.0,47.0,6,279.52,24,0
Central Africa,Male,35,Informal worker,39,58.06,0.784,22,9.62,0,6.0,0.0,0,,,62.0,93.0,14,535.0,8,1
West Africa,Female,37,Trader,20,55.22,0.409,16,7.2,0,5.0,0.0,1,0.833,7.8,50.0,55.0,13,1290.42,12,1
East Africa,Male,54,Trader,10,62.24,-0.918,22,3.8,0,2.0,0.0,0,,,47.0,76.0,7,497.39,8,1
West Africa,Male,36,Self-employed,11,28.79,-0.776,6,1.92,0,1.0,0.0,1,0.783,25.1,71.0,43.0,5,185.71,12,1
West Africa,Female,62,Farmer,26,98.62,0.555,18,2.82,0,5.0,0.0,1,0.596,10.3,81.0,32.0,6,169.3,24,1
West Africa,Male,19,Trader,14,59.43,0.398,15,2.14,0,7.0,0.0,0,,,28.0,27.0,6,169.25,24,1
Southern Africa,Male,46,Farmer,14,37.63,-0.491,6,6.86,1,40.0,20.04,0,,,21.0,38.0,3,102.63,12,1
Central Africa,Male,42,Trader,5,104.1,-0.788,12,0.93,0,4.0,0.0,1,0.773,9.9,81.0,64.0,1,199.91,24,1
West Africa,Male,39,Salaried,12,17.15,-0.653,7,3.79,0,6.0,0.0,0,,,46.0,76.0,6,81.69,24,0
West Africa,Female,40,Salaried,12,14.78,0.495,14,4.8,0,13.0,0.0,1,0.634,6.1,53.0,32.0,2,148.37,12,0
West Africa,Male,25,Salaried,11,85.04,0.222,12,4.57,0,3.0,0.0,0,,,46.0,50.0,5,511.55,12,1
West Africa,Prefer not to say,34,Informal worker,16,102.85,1.224,14,3.97,0,4.0,0.0,0,,,42.0,46.0,6,367.35,4,1
East Africa,Male,34,Informal worker,34,121.46,1.087,13,2.8,1,68.0,33.61,0,,,79.0,94.0,9,295.95,8,1
Southern Africa,Male,48,Farmer,7,83.45,-0.262,10,0.75,0,13.0,0.0,1,0.698,6.0,24.0,55.0,4,293.21,24,1
East Africa,Male,46,Salaried,26,160.87,0.347,12,4.46,0,9.0,0.0,0,,,73.0,57.0,7,152.91,8,1
East Africa,Male,37,Trader,31,42.62,0.567,13,3.8,1,65.0,27.88,0,,,46.0,68.0,6,522.67,52,1
East Africa,Female,42,Trader,11,32.05,-0.246,20,1.84,0,3.0,0.0,0,,,60.0,68.0,3,199.78,4,1
West Africa,Female,44,Self-employed,15,91.51,0.672,14,3.24,1,44.0,42.76,1,0.704,12.4,71.0,58.0,8,487.33,8,1
West Africa,Male,20,Self-employed,24,26.18,0.532,14,4.47,0,16.0,0.0,1,0.717,6.1,53.0,88.0,10,607.86,52,1
Central Africa,Male,59,Farmer,13,24.09,0.498,12,0.69,1,96.0,10.45,0,,,55.0,73.0,7,93.88,12,1
Southern Africa,Female,59,Farmer,20,156.9,-0.301,16,4.84,0,8.0,0.0,1,0.961,13.8,29.0,79.0,7,89.58,12,1
Central Africa,Male,35,Trader,29,33.08,0.668,11,3.55,0,11.0,0.0,0,,,30.0,65.0,7,264.39,8,1
Central Africa,Female,53,Informal worker,14,55.21,-0.364,10,3.0,1,73.0,30.42,0,,,37.0,52.0,2,681.83,4,1
East Africa,Male,36,Trader,30,68.97,1.016,12,2.36,0,11.0,0.0,0,,,44.0,45.0,9,916.42,12,0
Central Africa,Male,21,Farmer,22,95.42,-0.666,17,4.62,1,50.0,24.97,1,0.623,0.7,78.0,77.0,10,680.88,52,1
East Africa,Male,58,Farmer,28,38.89,1.128,11,11.69,1,40.0,30.19,0,,,69.0,63.0,6,278.3,8,1
West Africa,Male,30,Salaried,8,55.29,-0.697,10,4.57,0,7.0,0.0,1,0.655,42.0,42.0,49.0,8,213.04,8,0
West Africa,Female,34,Self-employed,7,9.93,-0.39,12,1.05,0,9.0,0.0,1,0.667,1.7,61.0,47.0,1,244.56,12,1
West Africa,Female,45,Self-employed,17,27.0,-0.15,10,2.03,0,3.0,0.0,1,0.422,1.3,25.0,41.0,7,145.04,12,1
West Africa,Female,38,Salaried,25,63.96,0.015,26,5.13,1,29.0,36.21,0,,,71.0,78.0,13,535.53,8,1
East Africa,Female,30,Trader,19,56.74,-0.207,9,5.34,0,5.0,0.0,0,,,28.0,70.0,4,752.67,52,1
Southern Africa,Male,55,Trader,30,151.95,0.718,19,3.51,0,5.0,0.0,1,0.956,1.8,37.0,11.0,11,471.66,24,1
Southern Africa,Male,34,Farmer,24,39.62,0.285,25,6.82,1,64.0,12.26,1,0.736,35.4,34.0,85.0,9,476.2,8,1
East Africa,Male,45,Trader,35,149.3,1.005,22,3.13,1,64.0,17.18,1,0.777,0.3,44.0,72.0,10,164.87,12,1
West Africa,Female,49,Informal worker,21,117.69,0.686,15,2.82,0,2.0,0.0,1,0.464,11.8,61.0,51.0,11,102.13,4,1
Southern Africa,Male,61,Farmer,25,48.19,0.472,23,8.36,1,67.0,80.01,1,0.924,8.1,68.0,77.0,7,148.96,8,1
East Africa,Female,40,Salaried,11,11.72,0.306,10,1.79,0,8.0,0.0,1,0.872,29.0,30.0,68.0,3,131.48,4,1
West Africa,Female,40,Farmer,7,25.2,-0.888,11,1.19,1,54.0,8.83,0,,,74.0,80.0,3,195.44,4,1
West Africa,Female,60,Farmer,28,125.32,1.606,13,4.36,0,19.0,0.0,0,,,42.0,55.0,3,229.24,8,1
West Africa,Male,40,Salaried,25,154.01,-0.231,20,4.01,0,5.0,0.0,0,,,37.0,67.0,5,174.54,12,1
West Africa,Female,31,Informal worker,26,48.8,0.147,22,1.88,1,78.0,45.64,0,,,62.0,70.0,13,424.06,8,1
Southern Africa,Female,20,Trader,18,49.28,0.66,15,4.03,1,31.0,15.79,0,,,48.0,83.0,2,85.1,12,1
Southern Africa,Female,33,Informal worker,20,104.13,0.843,21,4.38,1,76.0,13.41,1,0.626,5.2,61.0,90.0,8,684.98,8,1
Southern Africa,Male,27,Informal worker,8,77.48,0.202,14,1.26,0,0.0,0.0,1,0.892,13.3,45.0,39.0,4,518.52,52,1
West Africa,Female,32,Trader,17,86.06,0.178,13,5.25,1,82.0,26.75,0,,,72.0,68.0,5,93.58,8,1
Southern Africa,Male,43,Farmer,13,116.6,-0.383,18,3.34,1,88.0,12.79,0,,,23.0,32.0,4,112.37,4,0
Southern Africa,Female,42,Self-employed,8,55.63,-1.045,12,4.48,0,1.0,0.0,1,0.533,11.1,11.0,46.0,3,129.75,4,0
West Africa,Female,26,Trader,10,39.93,0.248,6,2.97,1,66.0,43.47,1,0.958,19.4,76.0,68.0,5,123.98,12,1
East Africa,Male,39,Farmer,10,38.3,0.175,10,1.8,0,3.0,0.0,1,0.534,4.8,73.0,32.0,2,376.05,4,0
East Africa,Female,39,Trader,13,37.54,0.047,11,2.18,1,86.0,49.45,1,0.706,15.1,72.0,81.0,3,148.82,8,1
East Africa,Male,20,Farmer,8,42.63,-0.455,10,1.89,0,5.0,0.0,0,,,51.0,40.0,4,66.58,24,0
West Africa,Female,31,Self-employed,19,24.59,1.275,17,3.86,0,7.0,0.0,0,,,8.0,54.0,2,634.41,4,1
East Africa,Female,51,Farmer,28,51.94,0.887,19,4.58,1,66.0,29.36,0,,,41.0,65.0,6,308.8,24,1
West Africa,Female,18,Salaried,25,87.65,0.606,19,2.52,1,74.0,38.0,1,0.897,0.1,88.0,69.0,12,438.32,4,1
West Africa,Female,32,Salaried,8,52.56,-0.074,8,2.02,0,10.0,0.0,0,,,49.0,8.0,4,372.13,4,1
West Africa,Male,40,Trader,23,106.49,1.505,12,5.65,0,10.0,0.0,0,,,82.0,73.0,9,283.06,24,1
Central Africa,Male,25,Salaried,23,15.26,-0.116,11,4.22,1,74.0,36.71,0,,,65.0,51.0,11,298.26,12,0
West Africa,Female,48,Self-employed,15,110.35,-0.287,16,1.53,1,88.0,18.23,0,,,63.0,53.0,8,370.31,24,1
East Africa,Male,51,Self-employed,26,62.15,0.331,16,6.04,1,57.0,49.16,1,0.732,18.7,53.0,67.0,2,248.51,4,1
West Africa,Male,33,Informal worker,21,19.91,0.055,10,2.28,0,19.0,0.0,1,0.881,49.3,19.0,49.0,9,57.88,12,1
Central Africa,Male,28,Trader,13,29.5,0.442,7,0.93,0,6.0,0.0,1,0.696,9.8,70.0,85.0,3,161.52,8,0
East Africa,Male,54,Trader,18,19.23,0.167,11,5.63,0,7.0,0.0,0,,,43.0,95.0,12,731.05,8,1
Central Africa,Prefer not to say,28,Trader,7,39.8,0.199,10,0.95,0,3.0,0.0,0,,,17.0,68.0,3,307.26,8,0
West Africa,Male,24,Informal worker,9,25.59,0.452,16,1.4,0,16.0,0.0,0,,,14.0,21.0,3,236.63,24,1
West Africa,Male,19,Farmer,35,50.59,0.378,19,2.52,1,74.0,40.16,1,0.845,11.9,55.0,64.0,5,445.03,8,1
East Africa,Female,22,Informal worker,21,176.08,1.027,14,1.49,0,3.0,0.0,0,,,57.0,79.0,5,183.99,12,0
West Africa,Prefer not to say,58,Salaried,20,90.79,0.359,18,1.41,0,3.0,0.0,0,,,56.0,57.0,7,452.58,24,1
Southern Africa,Male,61,Trader,12,66.79,0.221,13,2.23,0,2.0,0.0,1,0.705,1.3,59.0,73.0,3,151.73,24,1
Central Africa,Female,43,Self-employed,32,65.83,0.571,16,5.98,1,28.0,17.44,1,0.688,0.6,33.0,28.0,7,293.45,4,0
East Africa,Male,61,Trader,26,74.15,-0.102,15,9.08,1,67.0,20.24,1,0.862,7.1,53.0,57.0,5,303.42,24,1
Central Africa,Female,51,Trader,13,54.44,0.049,17,4.23,0,5.0,0.0,1,0.717,33.9,70.0,77.0,8,226.41,4,0
East Africa,Male,37,Salaried,6,78.11,0.981,16,2.4,0,11.0,0.0,0,,,83.0,99.0,4,409.72,8,1
West Africa,Male,51,Trader,17,135.06,-0.252,17,5.0,1,24.0,47.72,0,,,51.0,94.0,5,192.86,4,1
East Africa,Male,37,Trader,25,69.29,1.115,20,7.11,0,12.0,0.0,0,,,54.0,57.0,4,758.02,12,1
West Africa,Female,63,Self-employed,5,17.29,-1.385,4,1.4,0,0.0,0.0,1,0.671,2.8,49.0,73.0,1,298.29,24,0
Southern Africa,Male,57,Self-employed,7,97.74,0.098,22,2.17,0,7.0,0.0,1,0.604,3.5,62.0,54.0,3,377.67,8,1
West Africa,Male,57,Salaried,17,42.5,0.618,7,7.07,0,1.0,0.0,1,0.935,43.3,69.0,70.0,3,1309.42,12,1
West Africa,Female,42,Trader,11,13.65,-1.017,14,2.61,0,2.0,0.0,0,,,51.0,81.0,2,49.21,12,0
East Africa,Male,42,Trader,17,189.89,-0.507,16,3.67,1,58.0,12.28,1,0.688,5.6,46.0,93.0,4,51.44,8,0
West Africa,Female,23,Trader,15,50.7,0.701,17,0.97,0,6.0,0.0,0,,,60.0,27.0,5,163.99,4,1
West Africa,Male,48,Trader,16,48.34,-0.325,12,1.47,0,3.0,0.0,0,,,59.0,55.0,3,487.66,8,1
Southern Africa,Male,23,Self-employed,15,10.65,-0.381,18,4.95,0,8.0,0.0,0,,,65.0,65.0,1,177.89,4,1
West Africa,Male,43,Trader,11,77.59,-0.131,10,3.63,1,88.0,20.2,0,,,49.0,24.0,3,260.05,4,1
East Africa,Male,24,Informal worker,11,17.06,-0.884,7,0.71,1,90.0,18.36,1,0.761,5.8,67.0,76.0,0,305.04,4,1
West Africa,Male,40,Trader,29,216.85,0.716,12,3.48,0,1.0,0.0,1,0.863,0.7,33.0,57.0,7,305.54,52,1
West Africa,Male,54,Farmer,20,14.99,1.049,13,4.53,0,5.0,0.0,1,0.874,15.5,54.0,90.0,5,170.74,8,1
West Africa,Female,32,Trader,13,89.19,0.294,10,1.64,1,37.0,25.61,1,0.661,1.2,35.0,54.0,6,101.87,8,0
Southern Africa,Male,46,Trader,35,188.65,1.363,17,2.82,0,19.0,0.0,0,,,54.0,83.0,13,429.91,12,1
Central Africa,Male,30,Trader,15,48.94,-0.222,18,2.07,0,9.0,0.0,1,0.938,47.2,28.0,59.0,4,255.97,52,0
West Africa,Female,32,Self-employed,24,65.65,0.478,9,3.5,1,83.0,15.21,0,,,45.0,62.0,5,213.81,24,1
Central Africa,Male,26,Informal worker,9,41.6,0.372,15,1.83,0,6.0,0.0,0,,,52.0,52.0,8,378.84,24,1
East Africa,Female,25,Informal worker,7,8.93,-0.274,7,2.55,0,6.0,0.0,0,,,25.0,58.0,5,431.17,24,0
East Africa,Female,35,Trader,14,25.06,-0.829,11,5.06,0,4.0,0.0,0,,,36.0,52.0,2,437.38,4,1
Southern Africa,Male,23,Informal worker,19,67.86,-0.204,17,3.64,0,1.0,0.0,0,,,35.0,90.0,4,296.89,8,1
Southern Africa,Female,59,Informal worker,12,57.66,-0.169,8,2.01,1,80.0,9.46,0,,,30.0,52.0,2,114.61,12,0
Southern Africa,Female,52,Farmer,9,56.56,0.27,14,1.59,0,4.0,0.0,1,0.761,32.7,26.0,47.0,1,252.89,12,1
East Africa,Female,28,Informal worker,19,40.1,0.466,22,3.59,1,72.0,38.35,0,,,31.0,72.0,6,690.31,12,1
East Africa,Prefer not to say,59,Salaried,9,45.86,0.268,7,2.3,0,5.0,0.0,1,0.818,16.9,23.0,43.0,3,85.76,8,1
West Africa,Male,35,Self-employed,9,64.66,1.062,9,2.34,1,73.0,15.11,1,0.882,1.9,38.0,55.0,4,203.01,8,1
West Africa,Female,42,Self-employed,18,17.04,0.946,8,4.12,0,4.0,0.0,0,,,63.0,80.0,8,237.03,4,1
Southern Africa,Male,50,Farmer,8,17.07,-0.304,10,3.39,0,10.0,0.0,1,0.807,3.6,57.0,21.0,3,170.67,8,0
West Africa,Male,54,Trader,13,79.33,-0.177,18,4.1,0,9.0,0.0,0,,,52.0,34.0,5,448.32,8,1
West Africa,Prefer not to say,18,Trader,21,57.29,1.055,10,5.22,0,7.0,0.0,1,0.626,7.8,53.0,44.0,6,556.27,8,0
West Africa,Male,31,Trader,9,57.66,-0.152,15,4.46,1,47.0,21.28,1,0.849,26.0,40.0,62.0,0,300.86,8,0
West Africa,Prefer not to say,33,Farmer,4,100.76,-0.255,11,1.05,0,7.0,0.0,1,0.505,34.1,34.0,43.0,2,196.69,4,1
East Africa,Female,45,Farmer,9,67.88,-0.379,17,1.72,0,8.0,0.0,0,,,51.0,39.0,4,246.8,24,1
East Africa,Female,59,Informal worker,13,41.88,-0.283,16,3.68,0,2.0,0.0,0,,,43.0,45.0,10,734.06,4,0
East Africa,Prefer not to say,38,Farmer,17,29.7,-0.713,12,1.7,0,16.0,0.0,0,,,54.0,77.0,5,288.35,12,0
West Africa,Female,39,Informal worker,18,41.56,-0.29,14,1.67,1,78.0,19.44,0,,,40.0,60.0,1,347.24,8,1
East Africa,Prefer not to say,22,Self-employed,22,97.01,0.189,21,6.52,0,9.0,0.0,1,0.856,11.1,59.0,68.0,11,712.52,12,1
East Africa,Female,42,Trader,26,153.21,0.93,22,6.44,1,64.0,15.86,0,,,35.0,79.0,13,2018.54,12,1
Southern Africa,Female,40,Trader,12,15.96,-0.215,11,3.09,0,4.0,0.0,0,,,35.0,89.0,6,555.24,12,1
East Africa,Female,47,Informal worker,20,51.31,0.052,11,2.91,0,1.0,0.0,1,0.689,11.2,41.0,37.0,6,301.57,4,1
East Africa,Male,57,Farmer,11,80.81,-0.238,16,4.47,0,0.0,0.0,1,0.586,3.8,88.0,49.0,4,316.02,12,0
East Africa,Male,44,Farmer,16,113.57,-0.053,20,5.12,1,55.0,41.29,0,,,59.0,66.0,6,377.94,4,1
Central Africa,Male,20,Salaried,14,89.64,0.102,14,1.78,0,0.0,0.0,1,0.662,19.8,41.0,95.0,1,937.33,4,1
Southern Africa,Male,56,Trader,22,21.91,-1.322,18,3.56,0,2.0,0.0,1,0.496,0.2,25.0,35.0,12,514.08,12,0
East Africa,Male,40,Informal worker,8,10.96,0.521,11,2.36,0,3.0,0.0,0,,,85.0,73.0,2,91.89,12,1
East Africa,Male,40,Self-employed,8,38.89,-0.418,7,1.61,1,68.0,10.32,1,0.779,32.4,32.0,53.0,1,467.83,24,1
West Africa,Female,59,Farmer,9,98.83,-0.8,11,1.34,0,15.0,0.0,1,0.765,17.1,45.0,33.0,3,38.36,12,1
Central Africa,Female,45,Informal worker,17,43.92,-0.846,10,1.04,1,34.0,39.8,0,,,46.0,63.0,3,177.01,24,1
West Africa,Female,55,Trader,20,52.75,0.2,14,4.02,0,1.0,0.0,0,,,50.0,65.0,3,209.43,8,1
West Africa,Prefer not to say,59,Farmer,20,30.29,-1.415,12,2.58,0,5.0,0.0,1,0.74,1.6,53.0,55.0,6,147.65,12,0
Central Africa,Female,41,Trader,16,35.84,0.943,11,3.3,0,3.0,0.0,0,,,57.0,30.0,8,269.48,8,0
Southern Africa,Female,64,Informal worker,11,19.39,-0.718,8,2.33,1,55.0,13.9,1,0.673,12.2,68.0,59.0,0,189.86,8,0
West Africa,Male,26,Informal worker,21,54.07,1.131,11,4.51,1,78.0,99.59,0,,,56.0,76.0,9,189.67,12,1
West Africa,Female,58,Self-employed,16,32.61,0.396,15,2.72,1,57.0,27.33,0,,,71.0,71.0,3,263.2,12,1
West Africa,Male,57,Informal worker,30,108.57,0.549,26,4.42,0,7.0,0.0,0,,,50.0,94.0,9,629.92,4,1
East Africa,Male,22,Trader,8,82.63,0.321,9,1.41,1,91.0,22.03,1,0.842,0.5,29.0,90.0,6,800.13,4,1
West Africa,Male,25,Salaried,8,29.63,-0.584,10,1.52,0,3.0,0.0,0,,,19.0,57.0,3,342.88,8,0
Central Africa,Female,19,Farmer,20,42.36,0.072,16,4.32,1,77.0,50.98,1,0.819,0.6,28.0,79.0,3,240.5,8,1
Central Africa,Female,31,Informal worker,6,19.84,0.749,13,1.47,0,2.0,0.0,0,,,24.0,49.0,2,30.08,52,1
East Africa,Male,64,Trader,14,147.2,0.488,14,2.32,0,1.0,0.0,0,,,53.0,25.0,7,215.42,4,1
East Africa,Female,23,Salaried,17,22.21,0.465,12,5.91,1,65.0,18.85,1,0.756,2.4,43.0,84.0,0,314.22,4,1
West Africa,Male,19,Self-employed,26,57.21,0.116,14,3.83,0,4.0,0.0,1,0.612,4.3,46.0,46.0,4,693.52,12,0
West Africa,Male,39,Trader,14,21.94,-0.585,11,2.77,0,1.0,0.0,1,0.663,10.2,68.0,51.0,7,192.28,4,1
Southern Africa,Male,34,Farmer,16,11.59,-0.272,7,2.62,1,82.0,26.83,0,,,77.0,95.0,4,122.88,52,1
West Africa,Male,47,Farmer,8,30.22,-0.836,12,2.96,1,68.0,17.74,1,0.791,0.5,71.0,48.0,4,245.58,24,0
West Africa,Female,46,Trader,8,59.55,-0.666,19,5.35,0,10.0,0.0,0,,,65.0,37.0,11,291.85,24,1
West Africa,Male,56,Farmer,7,20.38,-0.169,16,3.95,0,2.0,0.0,1,0.489,0.6,78.0,25.0,4,377.22,8,1
West Africa,Male,37,Informal worker,29,37.34,-0.004,14,7.96,0,12.0,0.0,0,,,59.0,68.0,3,424.65,12,1
East Africa,Male,39,Trader,22,27.81,0.517,21,2.84,1,74.0,52.74,0,,,58.0,59.0,5,148.85,4,1
Southern Africa,Female,19,Trader,9,32.51,-0.507,10,2.87,0,2.0,0.0,1,0.769,11.8,21.0,94.0,9,93.06,24,0
Southern Africa,Prefer not to say,63,Salaried,17,31.35,-1.276,13,2.83,1,78.0,45.77,0,,,45.0,77.0,3,145.88,8,1
East Africa,Female,28,Informal worker,9,94.61,0.31,17,8.97,0,1.0,0.0,0,,,54.0,70.0,5,863.3,8,1
Southern Africa,Female,46,Trader,4,49.9,0.067,13,3.21,1,84.0,10.95,0,,,56.0,30.0,2,668.22,8,1
East Africa,Female,59,Self-employed,14,40.37,0.241,10,3.86,0,2.0,0.0,1,0.791,9.7,49.0,68.0,5,125.28,8,1
Southern Africa,Male,46,Salaried,26,33.31,0.3,19,3.39,1,39.0,50.71,0,,,30.0,44.0,5,603.42,4,1
East Africa,Male,47,Self-employed,24,36.11,1.281,18,2.54,0,3.0,0.0,0,,,39.0,58.0,13,456.54,8,1
West Africa,Male,26,Farmer,3,30.64,-0.522,15,2.57,0,4.0,0.0,0,,,40.0,72.0,0,304.25,8,1
Central Africa,Male,51,Trader,9,97.25,-0.344,6,3.38,0,2.0,0.0,0,,,22.0,70.0,3,118.35,4,1
West Africa,Male,26,Trader,24,47.33,0.487,13,4.1,0,4.0,0.0,1,0.723,22.9,62.0,81.0,7,481.76,4,0
West Africa,Male,50,Self-employed,25,22.22,-0.392,13,2.07,1,77.0,32.96,0,,,30.0,65.0,6,361.44,12,0
West Africa,Male,45,Salaried,13,62.13,-0.076,11,3.29,1,87.0,20.77,1,0.856,5.1,50.0,95.0,3,456.05,12,1
East Africa,Male,41,Informal worker,19,93.72,-0.024,10,4.07,0,10.0,0.0,0,,,13.0,74.0,9,323.87,24,1
East Africa,Male,51,Farmer,7,33.5,-0.039,13,1.08,0,1.0,0.0,0,,,67.0,38.0,6,184.2,24,0
East Africa,Male,51,Farmer,33,72.75,0.836,16,7.33,1,73.0,45.81,0,,,84.0,50.0,11,305.83,8,1
Central Africa,Female,27,Informal worker,20,35.87,0.953,10,3.64,1,58.0,33.78,0,,,60.0,81.0,8,285.96,24,0
West Africa,Female,35,Trader,33,52.16,1.849,19,10.48,1,53.0,52.2,1,0.934,0.5,60.0,64.0,13,203.77,4,1
East Africa,Male,40,Farmer,26,71.65,0.012,10,1.42,1,25.0,31.86,0,,,49.0,94.0,6,201.17,12,0
West Africa,Male,25,Informal worker,8,20.42,-1.349,14,1.63,0,0.0,0.0,0,,,87.0,40.0,1,424.77,4,1
Southern Africa,Male,34,Salaried,12,46.04,-1.412,13,2.88,0,14.0,0.0,0,,,22.0,53.0,2,749.56,24,1
West Africa,Male,19,Farmer,9,18.73,0.372,7,6.14,1,57.0,12.83,0,,,38.0,73.0,4,156.81,8,1
West Africa,Male,38,Informal worker,31,122.94,-0.121,17,7.41,1,62.0,97.24,0,,,51.0,49.0,7,876.84,52,1
East Africa,Male,27,Trader,19,34.53,-0.214,6,1.54,0,12.0,0.0,1,0.557,7.5,80.0,58.0,3,270.32,8,1
Southern Africa,Female,28,Trader,6,30.81,0.374,14,1.27,0,0.0,0.0,1,0.662,2.8,35.0,67.0,3,177.77,8,1
Southern Africa,Female,56,Trader,15,71.36,0.32,18,4.1,0,6.0,0.0,1,0.645,1.6,41.0,36.0,7,365.96,4,1
East Africa,Female,24,Farmer,11,72.94,1.14,11,1.73,1,79.0,10.45,0,,,33.0,81.0,4,416.99,4,0
Southern Africa,Female,23,Farmer,29,77.73,0.624,8,1.29,0,2.0,0.0,0,,,44.0,7.0,4,136.29,4,1
East Africa,Female,33,Farmer,11,45.12,-0.384,11,2.43,0,6.0,0.0,0,,,13.0,68.0,1,295.9,4,0
West Africa,Female,19,Farmer,7,33.4,-0.634,14,2.74,0,1.0,0.0,1,0.833,7.8,55.0,73.0,4,728.21,24,1
West Africa,Female,58,Farmer,4,15.63,0.268,7,1.68,0,16.0,0.0,1,0.606,20.5,28.0,76.0,4,267.66,24,1
West Africa,Female,64,Farmer,6,26.07,-0.489,8,2.03,1,25.0,9.67,1,0.678,8.4,65.0,80.0,3,161.85,8,1
West Africa,Female,55,Salaried,12,68.83,0.1,11,1.91,1,58.0,18.27,1,0.828,5.6,60.0,29.0,2,143.78,12,0
East Africa,Female,55,Trader,12,34.46,0.818,11,2.12,0,8.0,0.0,0,,,42.0,41.0,10,881.24,12,1
East Africa,Female,22,Farmer,29,49.6,-0.082,22,4.03,0,9.0,0.0,1,0.845,3.1,29.0,97.0,8,202.53,4,1
East Africa,Male,44,Trader,20,94.24,-0.326,14,1.96,1,43.0,64.8,0,,,89.0,20.0,8,321.32,24,1
East Africa,Male,22,Trader,18,56.36,-0.768,9,3.8,1,98.0,9.66,1,0.704,11.6,69.0,62.0,4,170.59,12,1
Southern Africa,Male,32,Informal worker,30,20.9,-0.42,12,2.38,0,0.0,0.0,0,,,53.0,63.0,3,408.33,12,0
Southern Africa,Male,41,Salaried,11,20.42,-0.671,15,1.85,0,19.0,0.0,1,0.81,12.5,64.0,76.0,3,213.84,8,0
West Africa,Male,50,Farmer,7,17.57,-0.36,6,2.18,1,79.0,13.82,0,,,52.0,80.0,2,553.82,4,1
West Africa,Male,31,Farmer,8,16.98,-0.567,9,1.16,1,71.0,17.9,0,,,50.0,59.0,1,304.98,12,0
East Africa,Male,30,Trader,25,47.94,0.628,17,4.48,1,94.0,82.83,1,0.791,10.4,46.0,67.0,6,834.6,12,1
East Africa,Prefer not to say,56,Trader,12,66.01,-0.161,8,1.85,0,1.0,0.0,0,,,62.0,19.0,2,260.51,12,0
West Africa,Male,28,Salaried,16,32.46,0.817,14,2.4,1,20.0,19.92,0,,,52.0,80.0,7,74.56,8,1
West Africa,Male,40,Informal worker,5,14.95,1.614,11,1.78,1,95.0,19.91,0,,,64.0,45.0,4,187.33,12,1
Southern Africa,Male,31,Informal worker,7,55.88,-0.277,8,7.24,0,5.0,0.0,0,,,63.0,74.0,2,658.97,8,1
East Africa,Male,58,Salaried,14,45.16,-0.221,14,3.37,1,85.0,35.68,1,0.835,18.4,78.0,80.0,4,169.25,8,1
West Africa,Female,43,Informal worker,23,115.6,-0.007,16,8.87,0,4.0,0.0,1,0.775,26.7,53.0,48.0,10,278.01,24,1
East Africa,Female,23,Trader,11,40.89,-1.127,9,1.59,0,8.0,0.0,0,,,23.0,30.0,1,158.51,8,1
Central Africa,Male,24,Informal worker,25,773.22,0.391,21,6.49,1,62.0,15.85,1,0.764,1.9,43.0,56.0,12,701.06,52,1
West Africa,Male,63,Informal worker,21,50.0,0.271,13,2.36,1,79.0,20.82,0,,,46.0,66.0,5,1387.94,4,1
Central Africa,Male,62,Farmer,12,26.34,-0.091,15,2.85,0,5.0,0.0,1,0.779,1.3,62.0,50.0,3,685.17,24,1
West Africa,Female,54,Informal worker,12,52.71,1.047,12,1.63,0,2.0,0.0,1,0.658,13.6,53.0,45.0,2,485.36,52,1
East Africa,Female,21,Farmer,12,27.13,0.037,10,2.49,1,13.0,19.31,0,,,27.0,30.0,4,420.4,24,1
East Africa,Female,52,Farmer,18,55.89,0.734,16,3.66,0,4.0,0.0,0,,,56.0,61.0,6,466.09,4,1
West Africa,Male,49,Informal worker,9,27.33,-0.491,18,2.7,0,15.0,0.0,0,,,53.0,59.0,4,94.7,12,0
Central Africa,Female,62,Trader,32,148.32,-0.398,21,4.43,1,70.0,33.09,0,,,45.0,75.0,8,258.64,8,1
East Africa,Female,40,Farmer,8,55.25,0.099,6,1.42,0,8.0,0.0,0,,,69.0,36.0,3,306.56,24,0
Central Africa,Female,40,Farmer,29,51.98,1.118,20,1.48,1,90.0,30.38,0,,,62.0,78.0,8,655.36,8,1
West Africa,Male,47,Informal worker,13,106.42,-0.127,18,1.63,0,5.0,0.0,0,,,42.0,78.0,9,429.69,8,0
Central Africa,Male,24,Salaried,11,72.33,-1.223,14,1.73,0,2.0,0.0,0,,,51.0,89.0,3,579.63,24,1
Central Africa,Male,53,Informal worker,23,117.53,-0.665,24,4.17,0,2.0,0.0,1,0.804,3.6,49.0,47.0,8,295.2,4,1
East Africa,Male,41,Informal worker,18,14.22,0.345,15,1.29,1,29.0,18.37,1,0.919,32.9,9.0,45.0,2,122.09,12,1
West Africa,Female,26,Trader,7,36.79,-0.259,11,0.96,0,11.0,0.0,1,0.687,2.8,11.0,62.0,2,586.92,4,1
Southern Africa,Male,56,Informal worker,22,32.9,0.254,18,5.84,1,58.0,27.44,1,0.683,1.5,22.0,96.0,9,319.25,8,1
East Africa,Male,30,Trader,10,28.08,0.295,8,1.48,1,53.0,44.51,0,,,51.0,52.0,6,372.52,12,1
Central Africa,Female,58,Farmer,10,30.38,-0.48,18,1.48,0,1.0,0.0,0,,,46.0,53.0,2,54.12,8,1
East Africa,Male,30,Informal worker,11,36.72,-0.86,8,3.66,0,10.0,0.0,1,0.882,12.0,30.0,93.0,2,352.72,12,1
West Africa,Prefer not to say,40,Trader,26,78.22,0.289,9,2.84,1,37.0,78.57,1,0.624,4.0,84.0,68.0,9,401.99,4,1
West Africa,Female,38,Self-employed,23,79.94,1.768,9,2.29,0,0.0,0.0,1,0.962,19.8,56.0,89.0,8,226.96,24,1
Southern Africa,Female,52,Farmer,11,44.55,0.584,12,2.37,0,11.0,0.0,0,,,42.0,53.0,5,370.52,8,1
Central Africa,Female,26,Informal worker,17,35.09,0.245,12,3.17,0,3.0,0.0,1,0.885,10.3,50.0,95.0,3,129.57,24,1
West Africa,Male,29,Farmer,19,51.22,-0.41,14,4.99,0,2.0,0.0,1,0.942,5.0,53.0,83.0,6,208.17,24,1
Southern Africa,Male,27,Informal worker,10,37.92,0.041,10,1.0,0,15.0,0.0,0,,,43.0,81.0,3,142.37,24,1
Central Africa,Female,28,Informal worker,8,37.83,0.283,5,0.6,1,40.0,29.44,0,,,37.0,58.0,1,490.62,52,1
West Africa,Male,39,Trader,18,29.8,0.406,9,3.36,0,5.0,0.0,0,,,51.0,49.0,8,241.14,24,1
West Africa,Male,45,Self-employed,6,18.14,-0.469,6,2.78,1,70.0,16.87,0,,,8.0,57.0,1,74.53,52,1
Southern Africa,Female,58,Informal worker,10,43.75,-0.246,8,2.34,0,3.0,0.0,1,0.609,0.7,33.0,87.0,3,353.2,12,1
East Africa,Male,37,Farmer,16,160.2,1.021,15,3.2,0,7.0,0.0,0,,,78.0,46.0,3,426.63,8,1
West Africa,Male,37,Informal worker,8,27.33,-0.011,15,2.03,0,4.0,0.0,1,0.632,10.8,57.0,68.0,7,574.59,12,1
Southern Africa,Male,25,Trader,15,58.15,-0.033,12,4.22,0,11.0,0.0,0,,,41.0,75.0,7,329.12,24,1
East Africa,Male,22,Salaried,20,42.26,0.137,13,2.68,1,30.0,21.56,0,,,54.0,40.0,4,1230.33,8,1
Central Africa,Female,53,Farmer,7,14.4,-0.716,8,1.46,1,43.0,28.43,1,0.816,4.8,57.0,66.0,5,117.68,4,1
Central Africa,Male,47,Salaried,26,86.69,0.576,18,3.77,0,7.0,0.0,0,,,61.0,40.0,6,64.05,12,0
Southern Africa,Male,43,Trader,11,27.51,-1.177,9,1.38,0,4.0,0.0,1,0.552,0.0,31.0,82.0,3,280.91,4,0
East Africa,Male,38,Salaried,15,82.36,-0.345,16,3.06,0,1.0,0.0,0,,,37.0,61.0,4,264.76,12,1
West Africa,Female,42,Self-employed,20,33.46,-0.266,13,1.14,1,55.0,21.38,1,0.851,7.3,49.0,43.0,5,186.23,12,1
East Africa,Male,57,Self-employed,20,56.0,0.722,12,4.68,0,20.0,0.0,1,0.863,14.0,33.0,58.0,6,300.98,52,1
West Africa,Male,26,Salaried,35,83.44,0.762,29,4.83,0,10.0,0.0,0,,,67.0,74.0,5,641.0,8,1
Southern Africa,Female,41,Informal worker,6,36.24,1.285,11,2.96,1,57.0,16.68,0,,,12.0,59.0,2,131.08,4,0
West Africa,Male,29,Farmer,11,14.09,-0.389,6,1.37,0,9.0,0.0,0,,,60.0,50.0,0,209.43,8,1
East Africa,Female,22,Trader,10,21.11,0.484,8,4.37,0,9.0,0.0,1,0.45,18.1,31.0,48.0,3,715.84,4,1
West Africa,Male,50,Informal worker,30,104.14,-0.536,19,4.37,0,1.0,0.0,1,0.715,11.4,62.0,86.0,12,120.44,4,1
West Africa,Male,51,Informal worker,19,112.22,0.145,19,4.87,0,2.0,0.0,1,0.934,4.9,42.0,47.0,5,142.25,12,0
West Africa,Male,58,Trader,4,12.28,-0.754,10,1.86,0,4.0,0.0,0,,,48.0,85.0,3,91.31,12,1
East Africa,Female,19,Informal worker,6,6.06,-1.153,12,2.08,1,43.0,20.87,1,0.46,33.8,37.0,81.0,2,151.26,8,0
Southern Africa,Male,26,Trader,26,94.58,0.703,16,3.38,1,55.0,24.15,1,0.697,5.9,35.0,99.0,11,417.2,24,1
West Africa,Male,45,Informal worker,32,82.78,1.315,22,1.71,0,1.0,0.0,0,,,60.0,69.0,5,394.42,4,1
Central Africa,Female,56,Farmer,37,114.64,0.711,22,3.1,1,49.0,44.78,1,0.812,26.6,65.0,46.0,7,447.95,8,1
Central Africa,Male,62,Salaried,30,83.93,-0.44,12,4.29,1,53.0,37.52,0,,,35.0,76.0,6,258.24,24,0
West Africa,Female,55,Trader,15,69.06,-1.197,9,2.37,1,28.0,25.55,0,,,37.0,77.0,7,124.71,12,0
Southern Africa,Prefer not to say,60,Trader,14,121.34,-0.036,9,1.52,1,49.0,16.41,1,0.657,53.2,22.0,50.0,7,282.13,8,0
East Africa,Female,56,Informal worker,13,27.75,-0.451,14,2.2,1,24.0,11.59,1,0.659,20.8,65.0,29.0,2,57.87,4,1
West Africa,Male,32,Farmer,25,131.77,-0.379,13,2.8,0,6.0,0.0,0,,,38.0,76.0,5,307.07,4,1
East Africa,Male,45,Trader,12,93.92,0.108,13,2.07,0,2.0,0.0,0,,,80.0,46.0,3,154.77,12,1
West Africa,Prefer not to say,47,Informal worker,23,62.6,1.054,18,6.77,0,0.0,0.0,1,0.721,5.3,50.0,80.0,4,540.23,8,1
Central Africa,Male,34,Self-employed,31,62.6,-0.436,20,9.39,0,11.0,0.0,0,,,62.0,68.0,10,134.57,4,1
Central Africa,Male,59,Informal worker,12,33.31,0.638,14,2.29,1,70.0,21.19,0,,,53.0,34.0,6,982.68,52,1
Southern Africa,Prefer not to say,54,Trader,14,18.29,-0.508,16,2.55,0,4.0,0.0,1,0.965,4.0,50.0,74.0,6,199.28,8,0
East Africa,Prefer not to say,42,Trader,14,5.79,-0.24,8,0.75,0,0.0,0.0,0,,,15.0,24.0,6,318.01,8,1
East Africa,Male,40,Informal worker,21,126.55,1.002,14,3.51,0,2.0,0.0,1,0.778,8.7,42.0,52.0,9,148.64,24,1
Central Africa,Male,55,Informal worker,10,38.59,-0.389,10,1.91,0,1.0,0.0,1,0.69,10.6,32.0,51.0,11,116.14,24,0
West Africa,Female,28,Self-employed,12,25.24,-0.408,11,1.94,0,4.0,0.0,0,,,50.0,86.0,1,207.02,4,1
West Africa,Female,28,Trader,13,24.43,-0.602,14,1.08,1,33.0,23.18,1,0.908,13.3,46.0,41.0,4,80.19,8,0
East Africa,Male,36,Farmer,17,44.49,0.273,12,2.18,0,5.0,0.0,0,,,53.0,93.0,2,159.01,12,1
West Africa,Male,23,Self-employed,8,59.88,-0.01,5,0.87,0,3.0,0.0,1,0.23,18.1,29.0,78.0,1,313.96,8,0
West Africa,Male,39,Trader,10,24.53,-1.054,8,1.77,0,7.0,0.0,1,0.414,9.6,68.0,42.0,4,246.16,12,1
West Africa,Male,38,Self-employed,3,94.83,-0.787,7,5.51,0,9.0,0.0,0,,,12.0,40.0,3,93.53,12,0
East Africa,Male,41,Farmer,8,26.5,0.548,10,1.09,0,5.0,0.0,0,,,67.0,74.0,1,208.51,12,0
West Africa,Female,39,Informal worker,19,50.9,0.41,9,1.5,0,3.0,0.0,0,,,47.0,73.0,5,533.46,8,1
West Africa,Male,60,Farmer,8,80.97,0.099,5,2.28,1,79.0,27.53,1,0.974,7.9,9.0,67.0,5,254.38,12,1
West Africa,Male,30,Salaried,8,37.42,0.131,8,0.91,0,7.0,0.0,1,0.853,0.1,33.0,53.0,1,101.87,12,1
East Africa,Female,37,Self-employed,8,89.12,-0.344,18,4.86,0,4.0,0.0,0,,,68.0,68.0,8,326.8,52,1
Central Africa,Male,52,Trader,13,245.43,-0.065,17,1.75,0,0.0,0.0,0,,,83.0,41.0,4,317.59,24,0
West Africa,Male,31,Informal worker,8,44.71,-0.914,10,0.78,1,44.0,12.91,1,0.328,8.2,47.0,49.0,3,415.32,8,1
Southern Africa,Female,48,Trader,16,53.95,-0.837,11,3.4,1,59.0,38.52,0,,,52.0,67.0,13,428.25,4,1
Southern Africa,Male,63,Trader,29,168.59,0.638,29,9.03,1,57.0,27.21,1,0.755,1.2,28.0,77.0,9,810.5,8,1
West Africa,Female,35,Informal worker,20,41.02,0.403,17,3.7,0,2.0,0.0,1,0.489,61.7,85.0,47.0,4,397.07,4,1
Southern Africa,Male,29,Informal worker,11,50.07,0.331,9,1.71,0,6.0,0.0,1,0.77,10.2,64.0,70.0,6,280.06,8,1
Southern Africa,Male,26,Farmer,12,120.16,0.459,7,2.29,1,62.0,11.31,0,,,53.0,48.0,5,324.15,8,1
East Africa,Female,18,Trader,10,34.28,0.019,17,3.14,1,79.0,16.28,1,0.486,8.4,55.0,73.0,5,106.78,12,1
West Africa,Male,31,Trader,8,47.71,0.072,10,3.26,0,19.0,0.0,0,,,25.0,72.0,2,196.41,4,1
West Africa,Female,57,Trader,32,53.0,1.13,21,4.91,1,80.0,22.79,1,0.672,1.3,39.0,94.0,6,1350.95,8,1
Central Africa,Male,29,Trader,7,20.63,0.366,14,0.73,1,71.0,13.38,1,0.504,32.7,19.0,17.0,2,82.87,24,0
Southern Africa,Female,62,Trader,16,39.55,-0.198,17,2.72,1,44.0,18.17,0,,,61.0,75.0,9,422.74,4,1
Central Africa,Male,62,Salaried,15,110.92,-0.514,11,1.7,0,1.0,0.0,1,0.851,5.7,40.0,34.0,3,275.2,8,0
Central Africa,Female,50,Trader,15,61.96,0.077,14,2.27,1,56.0,37.07,0,,,68.0,60.0,3,275.95,8,1
West Africa,Female,64,Self-employed,24,53.8,1.594,14,0.85,0,9.0,0.0,1,0.618,14.9,67.0,87.0,6,290.51,8,1
Southern Africa,Male,37,Trader,16,42.15,0.636,21,2.03,0,13.0,0.0,0,,,58.0,18.0,4,133.18,8,0
East Africa,Male,62,Farmer,23,51.35,0.034,9,1.62,0,4.0,0.0,0,,,32.0,75.0,8,281.88,24,1
Southern Africa,Male,43,Trader,19,50.43,0.035,15,3.41,1,65.0,10.33,1,0.647,3.6,65.0,70.0,6,380.09,4,1
West Africa,Female,21,Trader,27,41.98,0.677,22,3.48,1,50.0,99.43,0,,,60.0,48.0,10,830.9,8,1
West Africa,Male,57,Informal worker,18,62.42,-0.715,11,2.99,0,16.0,0.0,0,,,42.0,18.0,6,695.98,52,1
Southern Africa,Female,62,Farmer,11,75.85,-0.562,15,3.5,0,5.0,0.0,0,,,31.0,70.0,7,295.42,8,0
Southern Africa,Male,59,Farmer,14,40.9,0.239,16,1.85,1,67.0,33.3,0,,,65.0,60.0,4,242.03,12,1
East Africa,Male,37,Farmer,19,33.35,1.003,19,4.11,0,6.0,0.0,1,0.726,1.1,69.0,51.0,11,255.05,4,0
West Africa,Female,22,Salaried,25,87.82,0.518,19,5.38,1,72.0,47.16,0,,,61.0,73.0,12,226.88,12,1
West Africa,Male,45,Farmer,19,27.68,-0.012,16,7.87,0,21.0,0.0,0,,,41.0,32.0,7,872.83,52,1
Central Africa,Male,58,Trader,13,11.53,-0.129,10,4.33,1,69.0,19.63,0,,,17.0,68.0,2,445.16,24,1
East Africa,Female,57,Trader,15,64.95,-0.649,12,3.36,1,47.0,11.35,1,0.87,5.0,46.0,89.0,2,156.95,12,0
East Africa,Female,47,Informal worker,27,21.26,0.307,12,3.26,0,7.0,0.0,0,,,71.0,66.0,9,835.03,12,1
East Africa,Male,54,Self-employed,23,81.3,2.321,13,13.29,0,4.0,0.0,1,0.899,26.3,84.0,63.0,10,290.63,4,1
East Africa,Male,19,Trader,5,48.53,-0.79,10,3.43,0,3.0,0.0,1,0.84,16.5,35.0,54.0,2,471.28,8,1
East Africa,Male,47,Farmer,15,170.17,0.555,15,4.72,0,12.0,0.0,0,,,35.0,82.0,3,258.93,12,0
East Africa,Female,23,Farmer,23,20.19,-0.021,14,6.23,0,2.0,0.0,0,,,66.0,76.0,3,261.44,52,1
Southern Africa,Male,53,Self-employed,24,37.63,0.408,14,2.26,0,4.0,0.0,1,0.923,1.7,57.0,82.0,3,257.95,12,1
Central Africa,Female,20,Trader,36,47.11,1.195,13,2.26,0,2.0,0.0,0,,,70.0,32.0,11,241.35,24,1
Central Africa,Female,45,Salaried,5,47.53,-1.132,13,2.17,1,54.0,8.69,1,0.695,1.0,15.0,53.0,1,295.51,4,1
East Africa,Female,62,Informal worker,14,25.73,-0.02,13,3.52,1,46.0,15.82,0,,,50.0,26.0,10,191.1,8,1
East Africa,Male,23,Farmer,17,145.03,-0.85,7,2.3,1,30.0,29.31,1,0.647,5.2,5.0,35.0,0,910.09,12,1
Southern Africa,Male,38,Salaried,11,23.31,-0.622,9,1.73,0,3.0,0.0,0,,,53.0,60.0,3,370.51,24,0
Southern Africa,Male,19,Informal worker,17,59.11,1.037,11,9.46,0,3.0,0.0,0,,,65.0,59.0,2,254.76,8,1
East Africa,Male,51,Trader,25,108.9,0.116,22,6.96,1,50.0,73.33,0,,,64.0,71.0,10,1653.85,4,1
Southern Africa,Male,61,Trader,11,63.44,-0.416,9,2.36,1,74.0,8.22,0,,,76.0,59.0,4,402.42,8,1
Southern Africa,Female,18,Farmer,23,54.97,0.748,14,15.5,0,2.0,0.0,0,,,40.0,91.0,6,225.41,52,0
Southern Africa,Male,43,Farmer,13,11.15,1.446,8,0.85,0,0.0,0.0,0,,,61.0,43.0,2,58.49,8,1
Southern Africa,Male,55,Informal worker,10,21.67,-0.653,7,1.05,0,12.0,0.0,1,0.878,44.6,65.0,71.0,1,214.32,12,0
West Africa,Female,19,Informal worker,6,11.27,-0.788,11,3.13,0,9.0,0.0,1,0.721,4.1,61.0,20.0,4,191.3,4,1
East Africa,Prefer not to say,40,Salaried,18,31.36,-0.345,12,3.16,0,4.0,0.0,0,,,53.0,24.0,2,135.76,8,1
East Africa,Male,24,Farmer,8,49.27,0.347,13,1.25,0,3.0,0.0,1,0.791,56.1,79.0,67.0,3,465.48,24,0
West Africa,Female,61,Farmer,1,18.83,0.235,9,2.28,1,81.0,14.99,1,0.849,17.8,72.0,39.0,3,283.9,8,1
Central Africa,Female,41,Trader,21,50.2,-0.353,16,2.67,0,7.0,0.0,1,0.811,7.8,64.0,64.0,8,447.62,12,1
East Africa,Male,42,Salaried,13,24.68,1.134,19,1.64,1,24.0,23.54,0,,,42.0,84.0,4,166.29,24,1
West Africa,Female,64,Trader,8,142.02,0.02,7,3.27,1,68.0,20.39,1,0.732,51.4,32.0,70.0,2,369.27,4,1
Southern Africa,Male,55,Farmer,41,124.54,0.399,21,3.48,0,5.0,0.0,0,,,65.0,84.0,11,641.61,4,1
Southern Africa,Male,32,Informal worker,20,29.89,0.206,19,4.27,1,88.0,23.38,1,0.858,4.7,52.0,55.0,5,1397.21,4,1
Southern Africa,Male,47,Salaried,9,18.27,0.08,17,1.05,0,2.0,0.0,1,0.802,0.9,74.0,46.0,4,83.42,4,1
East Africa,Male,31,Trader,17,90.54,0.479,27,1.16,0,11.0,0.0,0,,,52.0,38.0,9,414.1,8,1
Central Africa,Female,42,Informal worker,17,15.84,0.031,13,0.76,0,2.0,0.0,1,0.849,24.0,24.0,60.0,5,501.41,4,1
East Africa,Female,56,Trader,14,16.57,0.885,11,2.6,1,74.0,27.18,1,0.579,26.4,38.0,79.0,0,448.01,12,1
East Africa,Male,62,Salaried,23,101.15,0.627,12,2.31,0,2.0,0.0,0,,,49.0,80.0,7,336.64,12,1
West Africa,Female,62,Informal worker,23,123.86,0.216,15,2.88,1,68.0,51.11,1,0.343,10.1,55.0,79.0,10,325.71,24,1
East Africa,Male,41,Informal worker,3,31.0,-0.589,12,1.33,0,1.0,0.0,1,0.642,29.1,42.0,61.0,3,171.96,4,1
Southern Africa,Male,60,Trader,11,37.79,0.898,14,1.61,0,1.0,0.0,0,,,62.0,98.0,4,334.14,4,1
East Africa,Female,59,Informal worker,10,105.6,0.129,9,2.51,1,33.0,9.77,1,0.537,20.9,27.0,51.0,5,383.97,52,1
East Africa,Male,43,Trader,21,31.12,-0.327,20,6.43,1,75.0,15.88,1,0.5,1.9,57.0,47.0,9,347.99,8,1
Southern Africa,Female,19,Farmer,8,14.06,-0.616,10,0.73,0,4.0,0.0,0,,,16.0,28.0,3,377.25,8,1
Southern Africa,Male,23,Self-employed,29,195.03,0.509,13,2.86,0,0.0,0.0,1,0.906,7.4,30.0,95.0,8,2625.71,12,0
West Africa,Female,48,Trader,8,26.78,-0.948,15,3.35,0,1.0,0.0,0,,,9.0,43.0,0,67.46,12,0
Central Africa,Male,57,Informal worker,22,55.02,0.889,13,1.34,1,62.0,23.83,1,0.685,2.8,35.0,59.0,9,247.04,4,1
Southern Africa,Male,60,Trader,37,81.67,-0.122,13,3.09,0,13.0,0.0,0,,,67.0,47.0,8,968.52,24,1
Central Africa,Female,29,Farmer,21,319.65,1.277,15,3.49,1,62.0,12.42,0,,,71.0,74.0,6,242.85,12,1
Central Africa,Male,60,Farmer,9,25.85,-0.899,11,1.63,0,8.0,0.0,0,,,23.0,40.0,4,457.92,24,1
Central Africa,Male,56,Farmer,35,153.43,0.987,23,2.06,0,7.0,0.0,1,0.672,5.7,74.0,89.0,9,432.56,24,1
Southern Africa,Female,40,Informal worker,34,30.26,1.59,24,2.93,1,37.0,83.14,0,,,46.0,75.0,7,208.98,4,1
East Africa,Male,35,Self-employed,9,45.08,-0.226,5,2.3,1,59.0,12.1,0,,,49.0,93.0,3,254.32,52,1
West Africa,Male,40,Salaried,11,87.62,-0.523,14,2.34,1,58.0,54.72,0,,,46.0,81.0,7,274.93,4,1
East Africa,Male,49,Self-employed,34,104.82,0.415,17,3.53,1,66.0,26.26,1,0.641,7.2,42.0,74.0,3,362.92,12,1
Southern Africa,Female,56,Trader,26,82.19,0.529,11,4.81,1,82.0,15.49,1,0.704,3.1,40.0,92.0,7,159.86,12,1
East Africa,Female,26,Self-employed,14,64.26,0.705,12,6.46,0,3.0,0.0,0,,,67.0,57.0,4,447.04,24,0
Central Africa,Female,33,Farmer,9,22.09,-0.964,11,2.76,0,2.0,0.0,0,,,50.0,58.0,4,90.31,4,0
West Africa,Female,23,Trader,6,47.27,-0.874,7,4.02,0,2.0,0.0,0,,,27.0,39.0,4,344.6,24,1
East Africa,Male,62,Farmer,12,144.72,1.206,13,2.3,0,7.0,0.0,0,,,31.0,47.0,5,160.29,8,0
East Africa,Male,37,Trader,8,22.0,-0.125,15,1.34,0,0.0,0.0,0,,,5.0,56.0,0,154.93,12,0
East Africa,Male,29,Salaried,4,67.32,-0.156,12,2.21,0,10.0,0.0,1,0.645,0.4,41.0,49.0,0,130.72,8,1
West Africa,Female,27,Trader,28,73.62,0.897,20,2.73,1,62.0,37.15,1,0.919,5.1,53.0,29.0,10,404.87,4,1
West Africa,Male,21,Farmer,12,38.4,-0.232,6,2.42,0,6.0,0.0,1,0.424,7.8,35.0,32.0,2,151.76,24,0
Southern Africa,Female,40,Trader,17,8.92,0.627,15,3.73,0,1.0,0.0,0,,,68.0,86.0,5,142.08,4,1
East Africa,Female,54,Trader,15,19.69,0.309,9,2.1,1,68.0,29.8,0,,,24.0,77.0,1,185.22,12,0
West Africa,Female,33,Salaried,12,54.19,0.244,8,2.93,1,39.0,93.59,1,0.886,22.6,41.0,32.0,5,369.08,24,1
West Africa,Male,37,Farmer,10,75.2,-1.055,15,2.05,0,0.0,0.0,0,,,66.0,70.0,5,414.03,12,1
East Africa,Male,47,Farmer,17,47.52,1.023,14,2.86,1,82.0,23.54,0,,,58.0,50.0,4,317.48,12,1
West Africa,Female,34,Informal worker,15,31.47,1.199,20,1.84,0,12.0,0.0,1,0.837,15.4,41.0,70.0,7,248.66,4,1
Southern Africa,Female,52,Salaried,13,34.29,0.744,12,2.37,1,20.0,22.85,0,,,33.0,79.0,6,196.74,12,1
Southern Africa,Male,33,Farmer,18,218.98,-0.967,15,3.55,0,3.0,0.0,1,0.86,23.3,40.0,75.0,10,264.44,4,1
West Africa,Female,38,Trader,16,108.86,1.018,12,1.15,1,57.0,17.58,1,0.616,11.0,67.0,23.0,8,229.08,8,1
East Africa,Female,64,Self-employed,14,48.45,0.617,10,2.99,0,5.0,0.0,1,0.778,15.7,52.0,30.0,6,204.69,12,0
West Africa,Male,57,Farmer,16,53.71,0.199,18,2.94,0,5.0,0.0,1,0.685,9.3,73.0,63.0,6,169.27,12,0
West Africa,Female,44,Trader,30,23.23,0.027,21,1.86,0,12.0,0.0,1,0.723,1.8,29.0,72.0,10,363.95,12,1
Central Africa,Male,36,Trader,9,20.74,-0.602,11,3.45,1,58.0,13.89,0,,,55.0,60.0,5,143.87,4,0
East Africa,Prefer not to say,64,Trader,30,51.95,1.259,17,8.53,1,59.0,102.39,1,0.871,4.7,51.0,60.0,15,922.84,8,1
Central Africa,Male,39,Self-employed,5,20.52,-0.688,9,2.5,0,6.0,0.0,1,0.706,39.4,42.0,74.0,2,136.69,4,1
West Africa,Male,34,Self-employed,5,72.0,1.012,11,1.13,0,1.0,0.0,1,0.607,1.3,33.0,88.0,3,82.92,4,1
West Africa,Male,46,Farmer,13,29.28,-1.153,12,5.68,0,11.0,0.0,1,0.965,5.6,46.0,49.0,5,796.8,8,1
East Africa,Female,37,Informal worker,9,18.92,-0.202,12,1.89,0,7.0,0.0,1,0.767,3.1,35.0,99.0,5,447.7,24,1
East Africa,Prefer not to say,59,Salaried,29,49.71,-0.613,20,3.2,0,6.0,0.0,1,0.906,5.5,55.0,53.0,9,411.43,24,1
Central Africa,Male,27,Informal worker,26,64.66,-0.329,21,3.22,1,84.0,46.91,1,0.5,12.7,30.0,82.0,8,585.56,12,1
West Africa,Male,20,Informal worker,25,72.25,0.03,21,3.48,1,37.0,26.02,0,,,66.0,66.0,9,266.95,12,0
Central Africa,Male,38,Self-employed,31,67.27,-0.549,18,7.15,0,6.0,0.0,0,,,44.0,86.0,9,579.45,4,1
Central Africa,Male,62,Trader,14,78.83,0.607,16,4.06,0,3.0,0.0,1,0.975,2.3,26.0,93.0,2,124.55,8,1
East Africa,Female,20,Trader,14,26.45,-0.41,24,2.56,1,89.0,13.51,0,,,74.0,84.0,5,435.06,12,1
West Africa,Male,55,Salaried,26,149.37,-0.3,14,3.78,1,61.0,47.22,0,,,38.0,49.0,11,353.63,24,0
East Africa,Prefer not to say,18,Informal worker,8,16.78,-0.36,5,0.49,1,80.0,10.82,0,,,57.0,13.0,4,206.36,52,1
West Africa,Female,44,Trader,35,89.5,0.384,13,3.53,1,65.0,62.53,0,,,36.0,59.0,5,224.11,24,1
Southern Africa,Male,39,Farmer,10,19.99,-0.296,15,1.33,0,5.0,0.0,0,,,68.0,32.0,3,190.6,52,0
East Africa,Female,25,Informal worker,14,20.69,-0.39,11,1.52,1,42.0,11.79,1,0.95,15.7,66.0,88.0,3,188.4,4,0
Central Africa,Prefer not to say,53,Farmer,14,92.53,0.265,15,3.76,0,1.0,0.0,0,,,32.0,75.0,2,137.38,52,1
East Africa,Female,26,Salaried,24,87.19,0.556,9,3.92,1,87.0,41.72,1,0.809,11.8,28.0,47.0,6,190.07,24,1
East Africa,Female,38,Salaried,11,63.46,-0.907,3,1.32,1,54.0,22.47,0,,,50.0,57.0,3,168.63,8,1
Southern Africa,Male,44,Farmer,42,163.56,1.821,17,6.43,0,2.0,0.0,1,0.726,9.3,67.0,64.0,12,577.23,8,1
East Africa,Male,42,Informal worker,10,9.96,-0.264,7,2.26,0,4.0,0.0,0,,,79.0,67.0,2,117.93,4,0
Central Africa,Female,19,Informal worker,19,82.29,0.977,14,4.57,0,4.0,0.0,0,,,78.0,86.0,8,688.27,4,1
West Africa,Male,38,Trader,10,51.74,0.095,8,2.57,1,57.0,24.19,1,0.937,14.0,56.0,80.0,6,175.67,8,1
Central Africa,Female,48,Farmer,12,24.93,0.534,10,1.56,0,23.0,0.0,1,0.892,8.9,60.0,36.0,4,334.82,24,1
Southern Africa,Female,42,Farmer,15,26.93,-0.969,14,1.61,0,5.0,0.0,0,,,66.0,62.0,4,136.38,12,0
Central Africa,Male,52,Salaried,21,25.83,-0.623,16,2.65,0,0.0,0.0,1,0.758,7.1,68.0,76.0,5,182.78,52,0
East Africa,Male,54,Salaried,3,38.68,-0.69,13,1.47,1,48.0,22.61,0,,,15.0,51.0,2,95.04,4,1
Southern Africa,Male,26,Trader,11,60.6,-1.015,15,1.76,0,3.0,0.0,0,,,38.0,61.0,6,118.32,8,0
West Africa,Female,55,Salaried,12,30.98,-0.128,12,2.83,0,2.0,0.0,1,0.685,9.4,45.0,45.0,3,661.64,12,1
Southern Africa,Male,60,Informal worker,14,13.91,-0.07,8,0.76,0,9.0,0.0,1,0.855,14.7,50.0,71.0,7,313.7,4,1
West Africa,Male,57,Trader,26,58.38,-0.188,18,4.8,0,11.0,0.0,1,0.798,15.9,73.0,71.0,9,432.24,12,1
West Africa,Female,58,Farmer,9,20.63,0.5,15,5.12,1,75.0,22.35,0,,,33.0,32.0,4,197.58,8,1
East Africa,Female,27,Salaried,23,239.67,0.779,22,3.15,1,19.0,22.91,1,0.873,3.8,79.0,67.0,11,824.08,4,0
West Africa,Female,48,Farmer,24,128.79,-0.782,16,4.45,1,34.0,29.25,0,,,43.0,77.0,6,610.62,12,1
East Africa,Female,39,Informal worker,7,45.27,0.241,10,2.55,0,3.0,0.0,1,0.787,27.0,46.0,46.0,4,197.38,4,1
Southern Africa,Male,64,Informal worker,14,19.31,0.431,10,2.77,1,69.0,27.0,0,,,23.0,48.0,4,774.42,12,1
West Africa,Prefer not to say,57,Informal worker,8,64.18,-1.142,9,2.39,1,54.0,49.47,0,,,67.0,37.0,3,156.28,4,0
Southern Africa,Female,25,Farmer,15,43.62,-0.569,16,1.82,0,8.0,0.0,1,0.885,2.1,50.0,36.0,2,215.12,12,0
West Africa,Male,62,Farmer,10,32.28,-0.572,9,1.23,0,4.0,0.0,0,,,48.0,78.0,6,1092.03,4,1
Southern Africa,Male,50,Self-employed,18,58.61,-0.58,6,1.21,1,50.0,8.68,0,,,33.0,57.0,5,223.96,24,1
Southern Africa,Male,43,Farmer,16,11.37,0.895,10,4.17,0,4.0,0.0,0,,,39.0,68.0,4,480.89,4,0
East Africa,Female,38,Trader,22,67.91,0.034,12,2.57,0,13.0,0.0,0,,,85.0,47.0,14,850.86,24,1
Southern Africa,Female,41,Farmer,21,41.44,-1.272,18,2.29,0,3.0,0.0,1,0.755,1.0,71.0,84.0,4,513.89,24,1
Central Africa,Female,54,Informal worker,6,28.07,-0.253,20,1.22,1,21.0,19.64,0,,,44.0,19.0,5,131.45,12,1
Southern Africa,Prefer not to say,53,Farmer,13,23.31,-0.458,15,2.52,1,63.0,18.24,0,,,19.0,52.0,4,184.68,12,1
East Africa,Male,43,Informal worker,12,38.81,-0.301,16,4.81,1,61.0,34.11,0,,,12.0,59.0,5,208.66,12,1
East Africa,Female,64,Trader,14,30.76,0.051,10,1.12,0,3.0,0.0,0,,,15.0,46.0,8,403.25,12,1
Southern Africa,Female,28,Informal worker,15,79.86,-0.539,13,4.07,1,47.0,28.42,0,,,67.0,67.0,11,394.74,8,1
West Africa,Male,38,Salaried,16,47.07,1.323,9,3.55,0,6.0,0.0,0,,,54.0,88.0,4,332.92,8,1
Southern Africa,Male,46,Farmer,34,13.33,0.56,17,2.51,1,72.0,44.67,0,,,95.0,63.0,13,125.16,12,1
West Africa,Female,25,Informal worker,9,23.9,-0.205,9,1.8,0,14.0,0.0,0,,,62.0,84.0,2,126.14,12,0
Southern Africa,Female,41,Informal worker,5,29.19,-0.541,14,1.73,1,76.0,10.11,1,0.935,5.0,25.0,68.0,1,69.3,12,1
West Africa,Male,57,Informal worker,20,56.04,1.205,12,2.99,0,3.0,0.0,1,0.794,3.8,51.0,73.0,5,150.89,8,1
West Africa,Female,49,Farmer,4,76.64,-0.789,11,3.01,0,2.0,0.0,1,0.731,11.3,76.0,53.0,3,144.37,24,0
Central Africa,Male,51,Informal worker,7,20.38,-0.056,10,3.88,1,94.0,29.72,1,0.75,2.5,69.0,46.0,5,100.06,4,1
Central Africa,Male,25,Farmer,17,27.75,0.645,14,3.36,0,5.0,0.0,0,,,41.0,91.0,10,706.33,8,1
Central Africa,Female,24,Farmer,24,86.57,-0.016,15,3.97,0,2.0,0.0,1,0.602,1.5,29.0,61.0,3,144.55,52,1
Central Africa,Male,38,Farmer,8,24.95,-0.1,6,1.15,1,46.0,16.7,1,0.806,2.3,78.0,63.0,2,222.6,4,1
East Africa,Female,33,Farmer,14,66.23,0.38,10,1.17,1,36.0,10.01,0,,,12.0,90.0,7,407.69,4,1
West Africa,Female,18,Trader,17,11.43,0.438,10,2.38,0,8.0,0.0,1,0.677,11.6,40.0,65.0,10,243.51,12,1
West Africa,Male,44,Informal worker,16,33.6,0.038,9,3.04,0,5.0,0.0,1,0.66,11.6,37.0,55.0,7,217.87,12,1
East Africa,Male,53,Informal worker,20,72.72,-0.002,15,3.59,1,77.0,26.23,0,,,48.0,64.0,8,212.37,4,0
West Africa,Male,52,Trader,26,42.55,0.444,20,2.82,0,6.0,0.0,0,,,59.0,29.0,7,119.69,24,1
Central Africa,Male,22,Trader,14,87.46,-0.365,8,4.67,0,5.0,0.0,0,,,27.0,86.0,3,928.24,4,1
West Africa,Female,54,Informal worker,16,23.32,-0.642,12,2.94,0,10.0,0.0,0,,,69.0,61.0,3,345.47,8,0
West Africa,Male,35,Farmer,9,101.84,-0.143,8,2.28,0,11.0,0.0,1,0.693,1.2,38.0,30.0,6,117.98,8,1
West Africa,Prefer not to say,25,Informal worker,19,33.09,0.832,8,1.59,1,55.0,9.98,0,,,65.0,74.0,6,164.11,24,1
West Africa,Male,40,Farmer,20,79.14,0.644,21,5.47,1,75.0,37.73,0,,,53.0,84.0,9,240.17,4,1
West Africa,Male,28,Salaried,10,30.69,-0.634,14,2.32,0,2.0,0.0,0,,,36.0,85.0,2,82.89,8,0
Southern Africa,Female,49,Trader,11,25.33,-0.212,7,4.14,0,3.0,0.0,1,0.919,10.7,41.0,58.0,1,198.72,12,1
West Africa,Male,52,Informal worker,15,131.47,0.572,14,2.05,0,7.0,0.0,0,,,32.0,78.0,8,775.17,4,1
East Africa,Female,52,Farmer,14,28.81,-0.129,16,3.51,1,39.0,50.43,1,0.881,0.5,77.0,64.0,7,453.29,4,1
Central Africa,Female,23,Farmer,32,71.53,0.673,25,13.26,1,80.0,34.59,0,,,80.0,75.0,0,739.64,12,1
East Africa,Female,34,Self-employed,15,97.7,2.098,15,5.13,1,36.0,18.63,1,0.88,6.1,15.0,41.0,6,433.79,8,1
Southern Africa,Male,41,Salaried,22,42.22,1.636,18,6.57,0,3.0,0.0,0,,,35.0,84.0,6,164.24,12,1
East Africa,Male,64,Trader,15,63.24,-0.134,18,3.78,0,8.0,0.0,0,,,29.0,63.0,2,365.95,4,0
West Africa,Prefer not to say,43,Trader,20,48.72,0.719,19,2.23,0,0.0,0.0,0,,,18.0,63.0,6,357.48,8,1
West Africa,Male,48,Salaried,20,20.95,0.07,15,3.28,1,54.0,32.92,1,0.701,32.1,44.0,71.0,7,323.57,8,1
Central Africa,Female,33,Trader,4,44.94,-0.548,9,1.94,1,73.0,18.7,0,,,18.0,8.0,1,167.55,8,0
East Africa,Female,31,Self-employed,11,216.87,0.67,16,4.88,0,2.0,0.0,1,0.815,2.7,45.0,49.0,6,286.22,4,0
West Africa,Female,55,Trader,15,95.41,0.595,10,5.77,0,13.0,0.0,0,,,32.0,60.0,3,291.94,8,0
East Africa,Female,57,Farmer,17,62.57,0.541,11,3.82,1,55.0,46.31,1,0.764,1.9,63.0,8.0,6,146.36,8,1
Southern Africa,Prefer not to say,20,Trader,29,36.07,0.004,11,3.41,0,4.0,0.0,0,,,58.0,88.0,2,146.03,12,0
Southern Africa,Male,43,Farmer,4,35.57,0.831,13,1.47,0,7.0,0.0,1,0.848,36.9,15.0,60.0,0,57.75,8,1
East Africa,Female,54,Trader,11,58.35,-0.837,8,2.11,0,9.0,0.0,1,0.814,8.3,20.0,64.0,1,356.71,4,0
Central Africa,Female,25,Farmer,18,30.83,0.483,21,6.93,0,13.0,0.0,0,,,45.0,57.0,10,386.59,12,1
Southern Africa,Male,48,Self-employed,8,7.58,-0.948,11,1.86,0,15.0,0.0,0,,,47.0,44.0,4,119.62,4,0
East Africa,Female,40,Trader,41,33.96,0.961,22,2.73,1,65.0,43.08,0,,,84.0,62.0,15,143.85,12,1
West Africa,Male,41,Informal worker,16,33.77,0.009,14,3.81,1,48.0,29.87,1,0.812,9.7,44.0,30.0,8,147.32,8,1
West Africa,Male,45,Trader,23,51.6,1.231,12,3.98,1,45.0,19.48,1,0.711,0.0,35.0,74.0,9,299.52,24,1
Central Africa,Female,59,Informal worker,26,39.25,0.172,11,3.9,1,49.0,40.34,1,0.895,0.9,50.0,13.0,4,201.81,4,1
East Africa,Female,22,Trader,23,59.56,1.216,20,2.97,1,34.0,69.96,0,,,55.0,79.0,10,915.63,24,1
East Africa,Male,27,Informal worker,12,25.8,-0.036,17,1.81,0,7.0,0.0,0,,,48.0,67.0,5,201.73,8,0
East Africa,Female,34,Salaried,12,48.37,-0.287,15,2.69,1,43.0,11.9,0,,,34.0,26.0,7,457.86,4,0
West Africa,Male,55,Salaried,12,26.52,0.044,14,2.5,0,1.0,0.0,1,0.693,1.5,42.0,17.0,5,309.43,24,1
Southern Africa,Male,45,Self-employed,20,51.2,-0.683,16,8.57,1,37.0,28.74,1,0.859,7.9,46.0,36.0,11,281.64,4,1
West Africa,Male,26,Trader,7,32.86,-0.409,8,2.8,1,16.0,9.61,1,0.879,37.8,32.0,90.0,3,527.17,4,0
Southern Africa,Female,19,Trader,17,24.12,-0.036,15,2.87,0,2.0,0.0,1,0.815,12.9,62.0,52.0,5,120.48,4,1
East Africa,Male,64,Trader,24,161.83,1.877,26,4.18,0,4.0,0.0,1,0.79,0.6,58.0,68.0,11,394.15,8,1
West Africa,Male,24,Informal worker,27,52.75,0.944,19,2.68,0,6.0,0.0,1,0.586,13.7,68.0,87.0,6,1241.96,8,0
West Africa,Female,19,Trader,13,28.69,-1.333,7,1.79,1,49.0,13.36,0,,,20.0,71.0,2,197.17,52,1
Southern Africa,Male,37,Salaried,10,81.39,-0.63,11,1.98,1,60.0,24.73,0,,,22.0,53.0,4,135.21,8,1
West Africa,Male,44,Self-employed,20,33.97,-0.498,19,6.32,0,2.0,0.0,0,,,29.0,92.0,4,199.63,12,1
West Africa,Male,30,Trader,12,50.07,-0.029,12,1.06,0,18.0,0.0,1,0.78,12.0,29.0,44.0,2,202.44,4,0
Southern Africa,Female,25,Trader,33,48.69,1.01,16,4.15,0,12.0,0.0,0,,,27.0,47.0,11,148.54,24,1
East Africa,Female,22,Farmer,8,91.61,-1.248,17,1.13,0,1.0,0.0,1,0.79,69.3,54.0,92.0,2,156.64,12,0
East Africa,Female,37,Farmer,22,50.95,1.193,16,5.51,0,15.0,0.0,0,,,55.0,39.0,7,551.36,8,1
West Africa,Male,62,Farmer,14,27.73,-0.299,12,2.39,0,5.0,0.0,0,,,41.0,38.0,8,537.76,24,1
Central Africa,Male,24,Trader,17,86.7,-0.513,15,4.14,0,7.0,0.0,0,,,66.0,41.0,3,1025.59,8,1
West Africa,Female,44,Salaried,20,208.72,-0.502,10,5.09,0,6.0,0.0,0,,,22.0,22.0,8,314.32,4,0
West Africa,Male,27,Informal worker,8,49.71,-0.507,19,2.01,0,4.0,0.0,1,0.957,28.7,55.0,22.0,2,114.19,8,0
West Africa,Male,49,Trader,7,25.21,-0.247,14,1.88,0,16.0,0.0,0,,,79.0,78.0,0,133.82,24,0
West Africa,Male,20,Trader,30,25.5,1.007,15,3.15,1,67.0,22.73,1,0.751,16.3,30.0,80.0,6,610.53,12,1
West Africa,Male,27,Salaried,8,46.15,-0.86,8,2.06,1,50.0,21.41,0,,,42.0,66.0,8,333.27,24,1
West Africa,Male,18,Trader,17,135.23,-0.66,9,1.99,0,8.0,0.0,1,0.629,8.1,74.0,65.0,3,279.15,8,1
West Africa,Female,48,Salaried,8,48.86,0.313,10,2.88,0,13.0,0.0,0,,,61.0,42.0,3,292.89,4,1
East Africa,Male,51,Farmer,15,41.02,-0.074,12,6.38,0,1.0,0.0,1,0.531,3.3,38.0,55.0,1,196.18,12,1
Central Africa,Female,26,Self-employed,22,46.43,-0.088,10,4.77,1,36.0,23.56,1,0.955,0.9,54.0,85.0,11,464.4,8,1
West Africa,Male,39,Salaried,18,57.76,0.222,11,3.94,1,70.0,36.95,0,,,72.0,53.0,5,120.95,8,1
West Africa,Female,31,Salaried,5,16.24,-0.618,14,2.04,0,5.0,0.0,0,,,24.0,29.0,5,333.14,12,0
Central Africa,Female,20,Informal worker,12,42.49,-0.72,8,2.59,1,78.0,18.11,0,,,68.0,57.0,3,132.03,8,1
Central Africa,Female,19,Informal worker,15,93.39,-0.084,22,2.43,0,3.0,0.0,1,0.636,0.4,59.0,69.0,7,153.74,8,1
Southern Africa,Male,62,Trader,11,62.91,0.212,15,4.41,1,44.0,14.84,1,0.924,19.7,34.0,59.0,5,528.0,8,1
West Africa,Female,48,Informal worker,16,53.77,-0.564,14,3.17,0,0.0,0.0,1,0.877,26.0,57.0,72.0,5,154.48,8,1
East Africa,Male,49,Informal worker,18,21.24,0.533,9,3.55,0,5.0,0.0,1,0.751,1.4,59.0,70.0,8,193.24,24,0
West Africa,Female,31,Farmer,15,57.48,-0.104,10,6.2,1,88.0,20.85,1,0.68,1.1,43.0,49.0,2,483.88,52,0
West Africa,Female,30,Informal worker,13,24.78,-0.13,16,3.27,0,0.0,0.0,1,0.603,10.2,63.0,90.0,5,279.61,12,0
East Africa,Female,55,Trader,25,103.52,0.055,18,4.52,1,86.0,17.92,1,0.905,5.7,39.0,49.0,7,579.39,8,1
East Africa,Female,38,Farmer,6,56.34,-0.431,11,1.6,0,0.0,0.0,0,,,43.0,68.0,3,145.75,8,1
East Africa,Female,22,Trader,37,34.97,0.274,19,6.39,0,9.0,0.0,0,,,74.0,54.0,13,141.28,12,1
East Africa,Female,40,Farmer,10,25.44,0.65,14,1.96,1,44.0,18.74,0,,,65.0,47.0,10,242.76,8,1
West Africa,Male,42,Farmer,3,23.94,-0.263,9,2.42,1,86.0,15.68,1,0.848,18.8,85.0,67.0,1,85.82,4,1
West Africa,Male,44,Salaried,4,16.37,-0.705,9,2.53,0,3.0,0.0,0,,,24.0,45.0,2,318.98,12,0
Southern Africa,Female,43,Farmer,25,58.25,0.225,20,7.23,1,49.0,43.37,1,0.718,0.5,57.0,71.0,9,493.27,8,1
Central Africa,Prefer not to say,58,Self-employed,45,154.28,0.772,28,8.36,0,11.0,0.0,0,,,85.0,40.0,8,670.12,8,1
West Africa,Male,29,Self-employed,7,38.55,-0.086,12,1.54,0,0.0,0.0,1,0.654,59.2,45.0,61.0,2,124.21,4,1
East Africa,Male,45,Trader,11,42.16,-0.562,8,1.12,1,79.0,11.99,0,,,24.0,58.0,3,141.82,4,1
West Africa,Female,59,Informal worker,17,82.45,0.067,12,5.32,0,4.0,0.0,0,,,66.0,56.0,5,306.49,8,0
West Africa,Male,64,Trader,10,113.02,-0.05,13,3.4,0,13.0,0.0,1,0.769,8.6,4.0,90.0,4,119.14,12,0
Southern Africa,Male,63,Salaried,27,55.3,0.037,17,2.13,0,2.0,0.0,1,0.784,4.4,54.0,78.0,7,656.83,4,1
West Africa,Male,52,Farmer,37,136.62,0.859,20,11.73,0,18.0,0.0,0,,,46.0,78.0,14,265.72,4,1
East Africa,Male,23,Trader,34,19.53,1.883,25,5.49,0,15.0,0.0,0,,,46.0,65.0,6,639.57,8,1
East Africa,Female,64,Trader,22,28.64,0.525,17,4.61,0,1.0,0.0,0,,,25.0,83.0,8,592.32,12,0
West Africa,Male,19,Informal worker,5,47.07,-0.132,6,1.11,1,76.0,27.37,0,,,37.0,73.0,3,44.73,12,1
West Africa,Male,43,Trader,10,27.73,-0.802,9,1.0,1,62.0,6.85,0,,,46.0,67.0,2,108.73,4,0
West Africa,Male,38,Farmer,14,41.67,0.461,14,4.56,0,6.0,0.0,0,,,50.0,91.0,5,98.28,12,0
Central Africa,Male,49,Salaried,36,65.01,0.139,22,5.54,0,2.0,0.0,1,0.82,7.1,35.0,72.0,8,465.59,12,1
East Africa,Male,54,Trader,3,11.57,0.112,13,5.7,1,41.0,34.81,1,0.608,36.7,88.0,77.0,4,158.98,12,1
East Africa,Male,52,Informal worker,14,23.72,-1.295,17,5.49,0,13.0,0.0,0,,,18.0,86.0,6,161.44,8,0
West Africa,Male,28,Informal worker,8,34.54,-0.669,14,1.1,0,7.0,0.0,0,,,40.0,33.0,6,35.28,8,1
East Africa,Female,53,Farmer,22,123.91,-0.105,21,2.32,0,8.0,0.0,1,0.8,11.4,55.0,73.0,5,575.9,12,0
West Africa,Male,53,Trader,18,61.65,-0.008,22,1.91,0,0.0,0.0,0,,,64.0,77.0,2,269.87,12,1
East Africa,Male,19,Trader,31,60.8,0.197,23,1.61,1,50.0,20.19,0,,,15.0,77.0,6,182.09,24,1
Southern Africa,Male,47,Self-employed,10,27.22,0.4,6,2.34,0,1.0,0.0,1,0.518,29.2,41.0,18.0,2,353.3,8,1
East Africa,Male,23,Informal worker,22,44.74,0.444,23,1.59,1,50.0,30.06,0,,,75.0,51.0,15,249.48,4,1
West Africa,Male,44,Farmer,15,94.19,0.609,13,2.8,0,20.0,0.0,0,,,77.0,81.0,6,163.75,4,0
West Africa,Male,28,Salaried,22,51.81,-0.252,9,7.19,0,2.0,0.0,1,0.621,22.0,54.0,78.0,11,515.18,52,0
West Africa,Male,34,Trader,9,84.54,-1.0,11,1.86,0,7.0,0.0,0,,,61.0,60.0,3,271.86,12,1
East Africa,Male,30,Trader,30,51.12,1.236,19,7.49,1,31.0,53.66,1,0.786,10.1,38.0,64.0,12,617.09,8,1
Central Africa,Female,58,Trader,7,26.51,-0.886,12,3.08,1,19.0,39.48,1,0.645,12.9,28.0,80.0,2,207.13,24,1
West Africa,Male,60,Salaried,20,40.62,0.14,13,2.18,0,5.0,0.0,1,0.928,1.6,39.0,78.0,3,297.35,12,1
East Africa,Male,55,Farmer,13,61.19,-0.013,22,4.85,0,5.0,0.0,1,0.577,19.9,58.0,76.0,7,352.72,8,1
Southern Africa,Female,51,Informal worker,8,17.55,-0.763,13,5.07,0,8.0,0.0,0,,,30.0,68.0,7,394.71,24,1
West Africa,Male,35,Trader,11,25.6,-1.217,8,9.04,1,30.0,15.49,1,0.674,30.1,59.0,24.0,2,195.11,8,1
West Africa,Female,24,Salaried,26,48.31,0.014,26,4.53,0,1.0,0.0,1,0.859,2.6,26.0,70.0,13,693.01,4,1
West Africa,Male,44,Salaried,11,32.87,-0.475,10,2.67,1,79.0,8.48,0,,,51.0,38.0,2,254.66,12,1
Southern Africa,Male,38,Farmer,16,41.03,0.38,12,7.73,1,44.0,19.87,0,,,44.0,73.0,2,89.41,8,1
East Africa,Female,31,Trader,20,19.48,0.227,14,3.26,1,32.0,11.09,1,0.733,3.8,55.0,67.0,11,651.48,4,1
Southern Africa,Male,29,Informal worker,15,43.96,-0.003,9,5.34,1,66.0,66.22,0,,,40.0,58.0,8,445.29,12,1
Central Africa,Male,25,Trader,18,89.95,0.765,20,3.37,0,12.0,0.0,1,0.862,12.4,43.0,88.0,7,757.08,12,1
Southern Africa,Female,57,Trader,24,37.82,0.736,14,3.6,1,59.0,38.16,1,0.872,10.6,36.0,45.0,4,348.55,12,1
Central Africa,Prefer not to say,33,Informal worker,15,24.66,-0.117,8,1.02,0,1.0,0.0,1,0.442,0.7,29.0,81.0,0,462.59,12,1
Southern Africa,Male,61,Farmer,17,20.24,0.247,19,6.81,1,51.0,36.78,1,0.801,8.3,77.0,75.0,15,271.24,24,1
Central Africa,Female,49,Salaried,15,26.92,-0.22,7,1.8,0,0.0,0.0,1,0.919,26.7,33.0,62.0,4,58.71,8,0
Southern Africa,Male,25,Trader,11,50.14,0.088,10,6.17,0,12.0,0.0,1,0.347,3.4,28.0,75.0,6,512.54,8,1
Southern Africa,Female,20,Trader,19,85.14,-0.97,13,1.45,1,66.0,39.58,0,,,61.0,74.0,4,188.74,8,0
Southern Africa,Male,37,Informal worker,12,6.25,-0.128,10,4.78,0,19.0,0.0,0,,,54.0,64.0,2,77.73,4,0
Central Africa,Female,21,Informal worker,11,86.88,-0.081,14,3.74,1,87.0,22.55,1,0.919,1.2,51.0,49.0,7,89.84,12,1
East Africa,Male,62,Farmer,15,61.41,-0.644,9,4.13,1,23.0,93.21,1,0.703,31.8,30.0,90.0,2,177.93,12,1
East Africa,Female,60,Farmer,6,24.22,-0.702,9,2.89,0,6.0,0.0,1,0.695,29.5,71.0,52.0,2,185.66,8,0
East Africa,Male,48,Trader,24,37.23,-0.17,11,1.81,1,84.0,32.25,0,,,48.0,81.0,2,120.43,12,0
Central Africa,Female,31,Farmer,11,68.23,0.614,16,3.62,1,78.0,9.61,0,,,45.0,61.0,3,736.78,24,1
East Africa,Female,58,Self-employed,17,48.38,-0.741,17,3.61,1,91.0,19.09,1,0.486,7.4,67.0,72.0,4,488.34,24,1
Southern Africa,Female,48,Trader,10,11.85,-0.087,11,2.16,0,7.0,0.0,0,,,48.0,44.0,3,167.9,4,1
Southern Africa,Prefer not to say,34,Informal worker,16,54.3,0.72,15,1.48,1,54.0,12.31,0,,,21.0,46.0,1,411.77,8,1
Central Africa,Male,59,Trader,16,53.02,-0.097,11,1.62,1,30.0,20.44,0,,,30.0,58.0,5,91.23,12,1
West Africa,Female,27,Farmer,7,55.46,0.405,8,1.19,0,6.0,0.0,1,0.535,25.4,40.0,82.0,1,215.09,52,1
Southern Africa,Male,44,Salaried,30,83.83,0.488,18,2.6,1,56.0,35.54,0,,,24.0,88.0,7,373.53,12,1
Southern Africa,Female,50,Informal worker,18,186.4,0.733,13,5.14,1,62.0,30.23,0,,,49.0,91.0,8,806.22,4,1
Central Africa,Female,60,Trader,13,126.84,-0.71,15,3.04,0,6.0,0.0,0,,,66.0,50.0,11,139.93,8,1
Central Africa,Male,24,Farmer,25,48.45,1.117,12,3.65,1,44.0,30.03,0,,,25.0,66.0,4,288.48,8,1
East Africa,Male,31,Trader,13,78.35,-0.41,7,4.53,0,4.0,0.0,1,0.861,0.6,50.0,71.0,1,402.77,24,0
East Africa,Female,57,Farmer,12,19.29,-0.277,11,2.52,0,10.0,0.0,0,,,54.0,47.0,2,127.6,12,1
West Africa,Female,41,Salaried,9,10.87,-0.55,10,2.55,0,22.0,0.0,0,,,50.0,87.0,5,168.19,4,1
Central Africa,Female,53,Trader,9,20.83,-0.807,10,2.94,0,8.0,0.0,1,0.57,2.6,17.0,40.0,3,192.73,24,1
West Africa,Male,54,Farmer,16,108.62,0.463,7,4.78,1,57.0,15.81,1,0.848,19.6,38.0,73.0,4,796.29,12,1
Southern Africa,Male,32,Farmer,18,47.42,-0.384,15,4.5,1,75.0,9.2,1,0.534,46.1,76.0,70.0,2,77.28,52,1
Southern Africa,Female,33,Salaried,13,44.21,-0.59,15,3.19,1,75.0,31.73,1,0.626,37.9,90.0,37.0,7,723.55,24,1
East Africa,Female,41,Trader,15,76.35,-0.449,16,3.95,0,2.0,0.0,0,,,55.0,85.0,8,568.98,24,1
West Africa,Female,19,Informal worker,5,15.23,-0.913,6,2.74,0,1.0,0.0,0,,,17.0,26.0,3,135.67,8,1
West Africa,Female,55,Trader,18,45.08,1.117,14,4.72,1,52.0,26.06,0,,,62.0,95.0,8,200.79,12,0
Central Africa,Female,23,Trader,6,42.68,-0.069,11,0.64,0,2.0,0.0,0,,,51.0,11.0,4,57.27,8,1
East Africa,Female,61,Trader,16,38.19,-0.715,12,1.64,1,17.0,8.46,0,,,16.0,39.0,4,790.79,4,1
West Africa,Female,54,Informal worker,13,37.76,-0.642,13,5.0,0,21.0,0.0,0,,,14.0,32.0,0,273.81,4,1
Southern Africa,Female,34,Trader,20,19.92,0.804,16,4.02,0,4.0,0.0,0,,,50.0,93.0,8,273.7,4,1
West Africa,Female,21,Self-employed,15,45.84,0.695,18,7.76,0,8.0,0.0,0,,,56.0,87.0,6,728.67,12,0
Central Africa,Male,55,Farmer,22,41.36,-0.833,20,2.98,0,18.0,0.0,0,,,18.0,27.0,6,311.32,8,0
West Africa,Male,39,Salaried,20,25.01,-1.69,11,3.65,1,56.0,30.4,1,0.952,18.3,62.0,75.0,2,113.67,4,1
West Africa,Female,27,Trader,8,12.9,-0.304,9,1.32,0,1.0,0.0,1,0.805,26.9,64.0,41.0,2,99.34,4,1
West Africa,Female,38,Farmer,23,94.58,1.411,21,5.05,0,1.0,0.0,0,,,56.0,72.0,6,224.46,52,1
East Africa,Female,60,Informal worker,15,21.8,-0.246,22,5.22,0,0.0,0.0,1,0.596,0.2,68.0,66.0,5,997.69,12,1
East Africa,Female,50,Farmer,16,23.93,0.54,12,1.55,1,46.0,29.31,0,,,68.0,51.0,5,314.94,8,1
Southern Africa,Male,50,Farmer,8,23.77,0.883,14,1.14,0,5.0,0.0,0,,,58.0,57.0,3,495.11,12,0
East Africa,Male,42,Salaried,6,78.15,-1.045,5,2.71,0,7.0,0.0,0,,,25.0,26.0,6,68.6,24,1
West Africa,Female,25,Informal worker,18,87.53,-0.631,6,5.05,1,71.0,39.85,1,0.895,3.2,41.0,67.0,3,739.01,12,1
West Africa,Female,62,Salaried,7,11.66,-0.466,10,1.68,0,6.0,0.0,1,0.873,10.2,43.0,14.0,0,425.43,12,1
West Africa,Male,52,Trader,14,30.07,0.136,10,1.8,0,14.0,0.0,0,,,44.0,35.0,7,237.74,4,1
Central Africa,Male,42,Informal worker,30,88.29,0.357,16,2.02,0,6.0,0.0,0,,,62.0,82.0,8,268.66,8,1
West Africa,Male,52,Informal worker,3,59.33,-0.502,6,1.88,0,1.0,0.0,0,,,45.0,44.0,4,107.3,12,1
Central Africa,Male,35,Informal worker,11,25.42,1.506,15,2.26,0,4.0,0.0,0,,,60.0,81.0,7,325.28,12,1
West Africa,Male,52,Informal worker,10,37.38,0.185,12,3.91,1,74.0,16.02,1,0.881,0.1,42.0,20.0,6,359.23,4,1
West Africa,Male,63,Informal worker,7,26.65,-0.188,10,2.24,0,10.0,0.0,0,,,62.0,66.0,6,1082.24,4,1
West Africa,Male,34,Salaried,9,53.68,-0.414,12,1.21,0,1.0,0.0,0,,,22.0,27.0,1,136.0,12,0
West Africa,Female,18,Trader,31,63.91,0.517,16,2.8,1,86.0,48.9,0,,,64.0,72.0,13,278.17,4,1
Southern Africa,Female,52,Trader,3,18.63,0.272,9,1.76,0,7.0,0.0,1,0.565,86.8,43.0,88.0,1,102.21,4,0
East Africa,Female,58,Trader,22,24.2,-0.655,17,3.62,0,2.0,0.0,1,0.958,6.4,49.0,25.0,5,958.52,12,1
West Africa,Male,56,Trader,21,85.14,-0.013,19,2.86,1,77.0,65.94,1,0.44,26.6,50.0,60.0,3,169.74,12,1
Southern Africa,Male,63,Informal worker,13,54.05,-1.177,17,2.06,0,13.0,0.0,0,,,45.0,46.0,5,175.35,12,1
East Africa,Male,34,Farmer,16,50.58,0.159,12,2.55,1,94.0,12.17,1,0.794,2.2,74.0,23.0,3,58.79,8,1
Central Africa,Female,61,Farmer,21,47.58,0.652,22,9.37,0,3.0,0.0,1,0.582,7.4,52.0,51.0,5,458.14,8,1
Central Africa,Male,27,Self-employed,20,40.31,-0.659,11,1.21,0,16.0,0.0,1,0.787,7.1,57.0,67.0,4,221.18,8,0
Southern Africa,Female,45,Self-employed,10,35.11,-1.358,10,1.27,0,5.0,0.0,0,,,71.0,33.0,2,180.8,8,0
Southern Africa,Female,59,Farmer,11,26.46,-0.12,13,1.65,0,6.0,0.0,0,,,60.0,22.0,1,290.91,8,1
Southern Africa,Female,61,Farmer,22,110.2,0.65,11,2.68,1,45.0,37.68,0,,,59.0,65.0,14,426.13,4,0
East Africa,Male,47,Trader,15,106.06,-0.741,12,3.85,1,49.0,15.6,0,,,62.0,80.0,4,361.42,8,1
Southern Africa,Male,43,Farmer,8,27.02,-0.362,11,1.74,0,2.0,0.0,0,,,29.0,57.0,0,691.67,12,0
West Africa,Female,39,Farmer,16,52.01,0.522,13,1.67,0,6.0,0.0,0,,,84.0,87.0,4,172.71,8,1
Southern Africa,Male,58,Trader,18,14.97,0.303,13,1.85,0,5.0,0.0,1,0.803,2.9,77.0,79.0,6,161.44,8,1
Central Africa,Female,59,Salaried,8,22.46,-0.641,12,1.99,0,10.0,0.0,0,,,30.0,38.0,2,97.31,12,1
West Africa,Male,29,Farmer,11,42.4,-0.376,12,3.2,0,4.0,0.0,0,,,70.0,55.0,9,584.49,4,0
Southern Africa,Prefer not to say,24,Trader,2,39.22,-1.73,10,2.5,0,7.0,0.0,1,0.566,14.7,43.0,40.0,6,205.69,8,1
Central Africa,Female,56,Informal worker,26,107.83,0.051,16,2.69,0,2.0,0.0,0,,,65.0,76.0,8,100.01,8,1
West Africa,Male,56,Farmer,21,84.02,0.657,11,2.98,0,6.0,0.0,0,,,42.0,38.0,10,567.18,12,1
East Africa,Female,22,Farmer,12,68.21,-0.22,13,2.49,1,79.0,11.9,0,,,43.0,46.0,3,207.59,4,1
Central Africa,Female,41,Trader,18,51.27,0.559,12,4.45,0,12.0,0.0,1,0.785,4.6,25.0,76.0,2,91.34,24,1
Central Africa,Female,41,Trader,13,33.82,1.478,22,3.69,0,19.0,0.0,1,0.859,5.5,29.0,66.0,7,295.72,8,1
West Africa,Male,19,Farmer,11,100.68,0.08,15,1.12,1,57.0,12.25,1,0.882,2.9,42.0,77.0,5,153.09,4,1
West Africa,Male,49,Farmer,19,33.66,-0.791,25,10.4,1,93.0,43.76,0,,,77.0,75.0,7,493.15,12,1
Southern Africa,Female,63,Trader,31,43.55,0.298,28,4.74,1,78.0,23.67,1,0.731,16.7,66.0,76.0,8,252.44,24,1
West Africa,Male,27,Salaried,24,51.9,0.887,20,2.66,0,11.0,0.0,1,0.686,1.4,52.0,33.0,11,850.24,4,1
West Africa,Female,54,Salaried,9,17.39,0.524,10,1.37,0,7.0,0.0,0,,,84.0,47.0,2,674.18,24,1
West Africa,Male,21,Farmer,9,26.88,-1.241,13,7.44,1,56.0,10.31,0,,,35.0,88.0,1,135.18,24,1
West Africa,Female,28,Salaried,7,13.18,-0.744,12,2.81,0,9.0,0.0,0,,,37.0,70.0,4,400.13,8,0
East Africa,Male,44,Farmer,8,19.83,-0.474,9,3.74,1,65.0,9.84,1,0.903,16.2,75.0,34.0,3,171.98,8,1
Southern Africa,Female,61,Trader,28,34.35,1.325,12,3.66,0,11.0,0.0,1,0.852,0.3,31.0,68.0,13,1078.21,8,1
East Africa,Male,59,Farmer,17,64.73,-0.492,6,2.37,1,52.0,14.4,0,,,44.0,69.0,6,117.11,24,1
Southern Africa,Male,61,Farmer,28,82.82,0.964,12,2.38,1,34.0,21.41,1,0.782,5.2,26.0,49.0,6,286.21,8,1
East Africa,Male,64,Farmer,18,24.87,-1.543,18,5.56,1,43.0,36.08,1,0.868,4.5,22.0,63.0,7,270.09,4,0
West Africa,Female,55,Self-employed,11,15.82,-0.296,10,5.7,0,6.0,0.0,1,0.41,15.9,59.0,31.0,3,1061.85,4,0
West Africa,Male,35,Farmer,12,25.35,-0.906,7,0.86,0,1.0,0.0,1,0.7,4.3,63.0,65.0,4,200.86,12,1
West Africa,Female,23,Trader,10,18.54,-0.624,9,1.29,0,9.0,0.0,0,,,7.0,66.0,1,137.43,24,1
West Africa,Male,56,Trader,17,93.84,-0.633,11,8.51,0,12.0,0.0,1,0.826,10.6,75.0,72.0,4,367.9,8,1
West Africa,Female,26,Salaried,16,26.28,0.346,14,2.6,0,4.0,0.0,1,0.689,13.0,46.0,40.0,6,455.66,24,1
West Africa,Female,42,Trader,21,118.47,0.771,18,2.88,0,3.0,0.0,0,,,74.0,84.0,8,807.84,8,0
West Africa,Male,53,Self-employed,23,38.54,0.256,19,3.65,0,7.0,0.0,0,,,15.0,89.0,6,238.31,52,1
Southern Africa,Male,19,Trader,14,28.15,0.538,13,4.94,0,6.0,0.0,1,0.585,11.4,41.0,20.0,3,224.52,52,1
East Africa,Male,60,Salaried,20,25.03,0.247,12,4.11,0,8.0,0.0,1,0.757,22.5,56.0,93.0,6,557.02,52,0
Central Africa,Female,32,Trader,24,44.38,0.286,13,3.46,1,48.0,42.37,0,,,65.0,76.0,10,354.3,24,1
Southern Africa,Prefer not to say,28,Trader,11,14.57,-0.636,7,6.07,0,8.0,0.0,1,0.683,5.5,52.0,61.0,4,132.86,12,1
East Africa,Male,35,Trader,5,42.93,0.185,15,2.25,0,9.0,0.0,1,0.765,0.9,46.0,32.0,2,150.64,24,0
West Africa,Female,39,Trader,14,102.66,-0.145,14,1.87,1,49.0,17.93,0,,,58.0,78.0,7,281.63,12,1
East Africa,Female,39,Trader,35,301.65,0.603,25,4.83,0,1.0,0.0,1,0.935,2.2,79.0,65.0,16,1525.39,8,1
West Africa,Female,25,Trader,22,46.33,0.716,8,2.49,0,1.0,0.0,1,0.876,17.4,55.0,77.0,9,749.7,24,1
East Africa,Male,26,Informal worker,20,50.02,0.997,14,2.2,0,16.0,0.0,1,0.797,17.3,82.0,62.0,3,223.8,12,1
East Africa,Prefer not to say,40,Informal worker,20,74.98,0.212,15,4.08,0,7.0,0.0,1,0.923,2.8,60.0,55.0,7,82.23,12,0
East Africa,Male,28,Trader,47,250.06,1.092,22,6.57,0,13.0,0.0,1,0.945,0.4,69.0,88.0,20,340.55,8,1
West Africa,Female,48,Informal worker,25,64.86,-0.065,19,2.79,1,56.0,24.32,1,0.895,14.9,68.0,34.0,7,175.48,12,1
Southern Africa,Male,60,Salaried,26,30.36,-0.259,10,2.23,1,69.0,36.14,1,0.758,10.6,40.0,51.0,8,607.92,4,1
Southern Africa,Female,18,Self-employed,20,63.39,-0.939,17,1.25,1,59.0,30.45,0,,,80.0,69.0,10,455.14,12,1
Southern Africa,Prefer not to say,19,Farmer,21,29.68,0.714,18,2.64,0,6.0,0.0,1,0.924,16.9,62.0,56.0,4,213.93,24,1
East Africa,Female,48,Farmer,6,91.94,-0.506,10,3.67,0,1.0,0.0,0,,,25.0,62.0,2,809.0,24,0
East Africa,Male,19,Self-employed,10,49.39,0.851,8,2.32,0,2.0,0.0,0,,,53.0,30.0,8,89.7,12,1
West Africa,Female,48,Self-employed,19,91.83,-0.336,16,2.77,1,54.0,55.83,1,0.533,6.2,39.0,33.0,3,312.27,12,1
Southern Africa,Male,41,Self-employed,5,19.55,-0.303,13,2.3,0,1.0,0.0,0,,,44.0,86.0,3,77.39,4,1
East Africa,Female,39,Informal worker,22,75.32,0.669,17,2.73,1,65.0,18.38,1,0.729,6.0,82.0,34.0,10,104.95,8,1
West Africa,Male,46,Informal worker,17,53.09,1.746,15,9.9,0,23.0,0.0,0,,,73.0,57.0,10,234.61,24,1
West Africa,Female,60,Self-employed,18,17.19,-0.385,17,2.12,0,2.0,0.0,0,,,53.0,70.0,8,836.39,24,1
Central Africa,Male,23,Farmer,19,27.49,-0.059,21,5.09,0,16.0,0.0,0,,,27.0,60.0,3,453.43,4,1
East Africa,Male,24,Trader,19,78.87,0.507,18,7.05,1,45.0,16.98,1,0.522,5.2,75.0,25.0,8,813.66,24,1
East Africa,Male,50,Self-employed,12,184.59,-0.211,12,2.32,1,88.0,11.38,1,0.697,96.7,22.0,73.0,6,178.57,52,1
East Africa,Male,20,Salaried,23,103.91,0.728,20,5.94,1,40.0,42.06,1,0.792,16.1,37.0,73.0,10,576.76,4,1
East Africa,Male,38,Trader,10,51.25,-0.106,11,1.51,0,3.0,0.0,1,0.897,11.6,8.0,65.0,5,385.06,24,1
East Africa,Female,41,Trader,14,140.63,0.992,12,2.36,1,64.0,19.56,0,,,57.0,38.0,9,540.76,12,1
West Africa,Female,36,Salaried,21,35.85,-0.022,13,4.19,0,10.0,0.0,1,0.683,18.4,70.0,41.0,5,866.78,4,1
East Africa,Female,43,Farmer,23,99.49,1.014,13,3.44,0,4.0,0.0,1,0.686,15.8,53.0,18.0,8,556.6,12,0
Southern Africa,Female,23,Informal worker,16,22.64,-0.013,10,5.75,0,10.0,0.0,0,,,70.0,69.0,3,249.27,12,0
West Africa,Male,30,Trader,7,36.39,0.17,17,4.37,1,62.0,7.12,0,,,38.0,41.0,6,164.43,4,1
Southern Africa,Male,18,Trader,10,19.38,-0.178,10,1.37,0,14.0,0.0,1,0.77,0.4,75.0,92.0,2,219.55,8,0
West Africa,Male,63,Informal worker,12,83.65,0.04,13,2.02,0,3.0,0.0,1,0.345,28.9,23.0,49.0,6,471.48,12,1
Southern Africa,Male,57,Self-employed,15,18.7,-0.069,14,1.78,0,12.0,0.0,0,,,16.0,93.0,3,268.53,24,0
East Africa,Female,29,Farmer,27,37.5,0.968,21,7.65,1,69.0,53.16,1,0.653,18.9,87.0,73.0,10,317.07,12,1
Southern Africa,Female,19,Trader,9,71.91,-0.934,13,1.9,0,2.0,0.0,0,,,42.0,72.0,4,287.43,12,0
East Africa,Female,30,Trader,9,95.54,0.548,9,5.49,0,1.0,0.0,0,,,44.0,39.0,5,382.76,4,1
Central Africa,Female,62,Trader,26,82.62,1.033,19,9.12,1,93.0,14.29,1,0.502,20.1,28.0,76.0,6,536.05,24,1
East Africa,Male,56,Self-employed,15,64.32,1.367,18,4.28,1,70.0,32.28,0,,,45.0,91.0,6,308.29,24,1
Southern Africa,Female,48,Farmer,12,65.56,0.698,13,1.2,1,2.0,16.08,0,,,84.0,12.0,10,451.92,12,1
Southern Africa,Male,61,Self-employed,14,221.67,-0.938,21,6.36,0,4.0,0.0,1,0.717,17.3,75.0,29.0,8,329.91,24,1
West Africa,Female,26,Salaried,15,56.46,-0.506,12,3.04,0,2.0,0.0,1,0.649,37.2,85.0,82.0,8,653.28,8,0
West Africa,Male,43,Farmer,6,30.03,-0.454,3,1.21,0,8.0,0.0,0,,,8.0,38.0,1,122.1,4,1
East Africa,Male,55,Trader,26,55.66,0.36,18,3.73,0,12.0,0.0,1,0.777,16.1,38.0,68.0,12,296.66,8,1
West Africa,Male,18,Self-employed,10,44.22,0.155,7,1.53,0,2.0,0.0,0,,,86.0,77.0,4,148.93,8,0
East Africa,Male,38,Trader,10,15.25,-0.95,12,1.97,1,63.0,17.21,1,0.761,27.2,54.0,29.0,1,230.53,52,0
East Africa,Male,34,Salaried,12,51.0,-1.09,14,1.25,1,75.0,13.82,1,0.58,3.5,69.0,95.0,9,228.67,8,0
East Africa,Male,26,Farmer,16,49.36,-0.725,10,2.87,0,8.0,0.0,1,0.66,0.6,10.0,14.0,2,102.41,8,0
West Africa,Female,28,Farmer,14,65.68,1.494,12,4.44,0,2.0,0.0,1,0.932,1.6,56.0,29.0,4,253.88,8,1
Southern Africa,Female,63,Farmer,16,103.16,0.724,11,6.63,1,83.0,24.59,1,0.936,7.6,25.0,47.0,5,184.94,24,1
East Africa,Male,42,Farmer,18,149.35,0.069,13,1.87,0,3.0,0.0,1,0.736,4.2,59.0,60.0,8,216.12,12,1
Southern Africa,Male,21,Informal worker,29,159.1,0.533,12,1.61,1,58.0,26.34,1,0.692,0.1,37.0,63.0,8,274.88,8,1
West Africa,Female,50,Informal worker,10,22.23,-0.616,15,1.24,1,78.0,38.0,1,0.703,3.3,22.0,69.0,5,367.18,8,0
East Africa,Male,45,Trader,10,64.33,0.374,8,1.94,0,4.0,0.0,0,,,21.0,46.0,1,51.1,4,0
West Africa,Female,36,Farmer,13,63.98,-0.635,10,1.96,1,72.0,9.64,1,0.837,7.2,64.0,70.0,5,619.94,12,1
Southern Africa,Male,36,Farmer,17,81.06,-0.221,19,1.86,0,1.0,0.0,0,,,71.0,42.0,3,128.35,12,0
West Africa,Male,43,Self-employed,8,22.4,-0.856,10,3.06,1,41.0,9.41,1,0.485,26.0,8.0,6.0,3,78.09,24,1
Central Africa,Male,61,Salaried,4,26.1,-0.553,7,2.04,0,2.0,0.0,1,0.884,10.2,28.0,43.0,1,91.37,12,1
West Africa,Male,53,Informal worker,15,29.03,0.172,12,2.36,1,54.0,14.82,0,,,25.0,47.0,4,163.97,4,1
East Africa,Female,36,Self-employed,10,75.03,-0.251,9,2.86,1,29.0,7.2,0,,,8.0,32.0,8,239.13,12,0
West Africa,Female,29,Farmer,7,35.17,0.361,11,1.08,0,4.0,0.0,0,,,35.0,33.0,4,150.01,4,0
East Africa,Male,23,Trader,36,222.55,0.102,13,3.07,1,44.0,11.89,1,0.773,0.4,57.0,82.0,11,503.24,4,1
East Africa,Female,27,Trader,11,14.57,-1.819,8,1.19,0,1.0,0.0,0,,,46.0,81.0,2,58.21,52,0
East Africa,Male,24,Salaried,9,48.78,0.08,16,2.54,0,4.0,0.0,1,0.728,11.2,74.0,52.0,3,324.92,8,1
West Africa,Male,55,Farmer,9,30.32,0.648,13,3.57,0,1.0,0.0,0,,,67.0,71.0,2,197.33,4,1
West Africa,Female,45,Salaried,31,25.99,-0.078,12,4.68,1,79.0,41.96,1,0.785,5.8,73.0,64.0,8,439.42,8,1
West Africa,Female,19,Farmer,14,97.6,0.707,20,4.78,1,35.0,39.62,1,0.819,5.9,49.0,49.0,10,186.88,4,1
Central Africa,Female,61,Trader,8,86.73,-0.298,10,3.51,1,97.0,25.26,0,,,41.0,69.0,3,259.03,8,1
East Africa,Male,25,Farmer,29,40.6,-0.113,21,2.46,0,2.0,0.0,0,,,90.0,47.0,6,200.81,8,0
West Africa,Male,48,Informal worker,9,32.55,-0.736,11,1.04,0,8.0,0.0,0,,,29.0,62.0,3,82.08,24,1
Central Africa,Male,18,Farmer,10,19.48,0.028,11,3.58,0,8.0,0.0,1,0.728,32.6,41.0,41.0,3,123.75,24,1
West Africa,Female,45,Salaried,23,140.45,1.177,22,3.22,0,7.0,0.0,0,,,53.0,93.0,12,227.48,8,1
East Africa,Male,44,Informal worker,8,12.53,0.512,17,4.23,0,5.0,0.0,0,,,29.0,63.0,7,249.03,12,1
Southern Africa,Female,60,Farmer,6,6.18,0.027,10,2.09,0,1.0,0.0,0,,,59.0,77.0,1,31.84,12,1
Central Africa,Male,46,Informal worker,16,48.84,-0.206,7,2.01,0,1.0,0.0,0,,,49.0,67.0,4,90.34,4,1
Southern Africa,Male,40,Farmer,6,39.54,-0.702,9,9.61,0,10.0,0.0,1,0.894,8.0,53.0,47.0,3,121.1,4,1
East Africa,Male,42,Salaried,27,108.23,1.146,15,3.84,1,62.0,86.92,0,,,45.0,67.0,11,1234.48,8,1
Central Africa,Male,47,Trader,22,76.49,1.198,14,1.66,1,46.0,41.2,0,,,52.0,29.0,5,862.02,24,1
West Africa,Female,37,Informal worker,11,81.85,-0.252,13,2.17,0,11.0,0.0,0,,,13.0,26.0,5,471.87,8,1
Central Africa,Prefer not to say,51,Farmer,14,39.45,-0.4,11,2.13,0,1.0,0.0,0,,,36.0,86.0,8,147.39,8,1
Southern Africa,Female,42,Trader,13,27.21,0.028,11,1.41,1,65.0,17.86,0,,,46.0,73.0,1,323.33,4,1
Central Africa,Female,63,Informal worker,14,120.34,-0.763,12,2.59,0,2.0,0.0,1,0.575,2.5,53.0,15.0,3,245.55,8,1
West Africa,Male,27,Farmer,11,49.09,-0.001,11,1.54,1,77.0,10.43,0,,,59.0,74.0,4,212.17,4,1
West Africa,Female,52,Informal worker,11,26.97,-1.42,13,6.12,0,1.0,0.0,0,,,28.0,37.0,3,996.1,4,0
Southern Africa,Female,56,Farmer,37,91.31,1.678,14,5.14,0,1.0,0.0,1,0.875,6.2,61.0,95.0,10,742.85,8,1
East Africa,Female,51,Trader,13,22.44,0.034,6,2.03,0,6.0,0.0,0,,,52.0,92.0,5,104.53,4,1
East Africa,Male,64,Trader,12,97.32,-0.001,10,3.94,0,4.0,0.0,0,,,71.0,54.0,3,474.93,8,1
Central Africa,Male,38,Informal worker,11,24.65,0.322,7,3.21,0,3.0,0.0,0,,,24.0,79.0,5,230.75,8,1
East Africa,Female,43,Farmer,6,34.33,-0.507,6,1.18,0,1.0,0.0,1,0.858,11.8,38.0,65.0,5,591.21,24,0
West Africa,Male,25,Farmer,22,73.68,0.837,14,4.46,1,73.0,30.34,1,0.978,13.9,48.0,95.0,10,245.31,24,1
East Africa,Male,35,Trader,14,13.0,0.601,18,1.21,0,9.0,0.0,0,,,45.0,84.0,3,119.3,4,1
West Africa,Male,25,Farmer,4,30.33,0.279,9,2.47,0,10.0,0.0,1,0.646,0.9,62.0,66.0,0,787.99,24,1
West Africa,Female,55,Informal worker,17,51.14,0.553,13,1.53,0,19.0,0.0,1,0.891,7.8,23.0,48.0,6,98.42,8,1
West Africa,Male,54,Salaried,11,16.99,1.532,9,2.88,0,22.0,0.0,1,0.872,1.1,54.0,77.0,3,234.55,8,0
Southern Africa,Female,27,Informal worker,19,47.36,1.26,12,5.39,1,66.0,32.21,0,,,44.0,78.0,7,224.91,8,1
Southern Africa,Female,55,Farmer,25,106.95,0.206,19,4.65,1,58.0,20.99,0,,,35.0,79.0,9,537.7,24,1
East Africa,Male,33,Farmer,24,118.95,0.382,15,2.88,0,1.0,0.0,0,,,54.0,39.0,12,172.14,24,1
East Africa,Male,52,Informal worker,13,46.36,-1.143,10,2.19,0,8.0,0.0,0,,,53.0,51.0,5,85.68,12,1
Southern Africa,Female,62,Salaried,12,18.31,0.494,10,1.47,0,11.0,0.0,0,,,50.0,44.0,3,191.48,8,1
Southern Africa,Male,56,Trader,10,27.63,-0.448,9,3.18,0,7.0,0.0,0,,,20.0,73.0,2,161.57,24,1
Central Africa,Male,26,Informal worker,9,20.92,0.783,12,2.35,1,85.0,24.07,0,,,50.0,57.0,4,251.14,8,1
East Africa,Male,26,Trader,28,41.31,1.246,28,2.7,1,80.0,40.67,1,0.594,8.9,69.0,55.0,10,2396.88,24,1
Southern Africa,Male,23,Trader,24,34.16,0.456,25,6.18,0,5.0,0.0,0,,,73.0,47.0,10,417.18,24,1
East Africa,Female,57,Trader,21,71.83,0.415,18,6.81,0,10.0,0.0,0,,,14.0,64.0,9,331.02,8,0
East Africa,Male,43,Trader,20,37.94,0.856,9,2.88,0,7.0,0.0,1,0.544,1.9,74.0,28.0,3,137.12,24,0
Central Africa,Female,25,Trader,22,103.84,0.954,13,2.56,1,79.0,35.34,1,0.716,1.7,40.0,83.0,4,146.32,24,1
East Africa,Male,45,Trader,12,58.35,-0.725,9,1.61,1,47.0,29.53,0,,,27.0,47.0,1,78.64,12,1
East Africa,Prefer not to say,42,Trader,13,12.15,0.846,8,2.07,1,72.0,23.14,1,0.543,3.6,30.0,77.0,5,237.51,8,1
West Africa,Female,46,Trader,13,125.9,-1.423,11,2.46,1,73.0,26.24,0,,,41.0,46.0,5,263.19,8,1
East Africa,Male,47,Trader,22,98.28,-0.343,13,3.32,1,32.0,29.71,0,,,68.0,12.0,5,309.3,4,1
East Africa,Female,25,Farmer,12,61.66,-0.058,17,2.18,0,8.0,0.0,0,,,60.0,78.0,5,155.17,4,0
Southern Africa,Male,36,Salaried,12,49.89,-0.44,12,2.11,1,81.0,14.66,0,,,19.0,63.0,4,169.92,4,1
East Africa,Female,51,Informal worker,10,35.63,0.053,11,3.1,0,15.0,0.0,0,,,66.0,27.0,4,407.87,4,1
West Africa,Female,60,Trader,31,35.57,-0.016,22,4.21,1,74.0,32.06,1,0.823,11.4,28.0,87.0,9,98.76,24,1
Central Africa,Male,29,Farmer,9,31.48,-0.655,15,1.57,0,1.0,0.0,1,0.567,2.0,78.0,80.0,3,357.17,24,0
West Africa,Male,44,Farmer,9,5.59,-0.929,8,2.13,0,7.0,0.0,1,0.437,25.6,39.0,50.0,6,234.24,4,1
Central Africa,Prefer not to say,62,Trader,8,74.27,-1.066,9,1.85,1,50.0,9.82,1,0.532,64.9,37.0,43.0,1,304.03,12,0
West Africa,Female,46,Farmer,22,43.75,0.393,16,6.19,1,32.0,27.63,0,,,41.0,58.0,7,356.25,8,1
East Africa,Male,28,Farmer,13,30.39,-1.008,6,1.36,0,1.0,0.0,0,,,24.0,74.0,2,679.99,52,0
East Africa,Male,45,Farmer,18,22.33,-0.169,16,2.88,1,70.0,29.19,0,,,75.0,54.0,2,286.67,8,0
Southern Africa,Male,18,Informal worker,25,125.68,0.055,18,6.22,0,9.0,0.0,0,,,69.0,79.0,4,470.72,12,1
West Africa,Female,40,Farmer,14,41.27,-0.098,14,2.73,0,3.0,0.0,0,,,41.0,33.0,4,1113.47,8,1
Central Africa,Female,44,Trader,10,72.78,-1.188,10,1.15,1,81.0,25.04,1,0.783,7.0,49.0,45.0,5,88.36,4,1
East Africa,Female,20,Trader,8,63.6,-0.009,8,5.13,1,85.0,13.31,0,,,76.0,40.0,1,275.08,4,1
East Africa,Female,27,Salaried,18,17.13,-0.342,11,2.75,1,71.0,14.72,1,0.581,2.0,52.0,46.0,4,239.59,12,0
East Africa,Female,64,Informal worker,14,41.9,0.247,7,3.87,0,5.0,0.0,0,,,39.0,77.0,4,140.19,12,1
West Africa,Male,47,Informal worker,11,40.62,0.049,22,4.06,1,64.0,16.06,1,0.71,7.9,34.0,67.0,6,435.82,8,1
East Africa,Female,39,Self-employed,10,24.71,0.169,14,4.02,1,65.0,16.69,0,,,43.0,57.0,1,156.79,8,1
West Africa,Male,28,Farmer,6,34.16,-0.359,7,2.27,0,0.0,0.0,0,,,27.0,39.0,3,117.64,8,0
West Africa,Female,23,Trader,12,49.23,1.154,8,5.35,0,9.0,0.0,0,,,50.0,59.0,9,484.35,4,1
East Africa,Male,38,Informal worker,30,84.15,-0.326,27,2.68,1,54.0,54.08,1,0.699,16.4,58.0,65.0,5,789.63,8,1
East Africa,Female,43,Trader,7,21.71,0.62,4,2.34,0,3.0,0.0,0,,,56.0,54.0,1,116.96,4,1
West Africa,Female,26,Informal worker,16,59.99,0.936,11,1.95,1,38.0,24.86,0,,,53.0,52.0,9,453.26,12,1
West Africa,Female,55,Farmer,6,24.82,-0.453,12,1.26,0,11.0,0.0,1,0.615,3.8,26.0,44.0,2,170.67,8,1
West Africa,Male,38,Trader,27,115.17,0.733,15,2.41,0,1.0,0.0,1,0.895,10.0,20.0,27.0,7,501.58,8,1
West Africa,Female,20,Trader,13,35.3,0.993,9,1.56,0,5.0,0.0,0,,,16.0,61.0,4,265.33,12,1
East Africa,Male,24,Farmer,14,11.35,-1.182,8,2.09,0,20.0,0.0,0,,,42.0,33.0,3,194.14,4,0
West Africa,Male,58,Informal worker,22,80.93,0.632,11,2.64,1,61.0,24.28,1,0.633,4.3,47.0,77.0,11,187.37,8,1
Central Africa,Female,33,Trader,17,73.8,0.053,24,5.84,0,2.0,0.0,0,,,67.0,51.0,11,525.64,24,1
West Africa,Female,35,Trader,19,58.66,0.197,16,2.24,0,4.0,0.0,1,0.675,0.6,52.0,83.0,4,1033.95,12,1
West Africa,Male,27,Farmer,31,67.3,1.086,23,4.84,1,72.0,33.39,0,,,88.0,67.0,9,1178.88,12,1
Central Africa,Female,55,Salaried,11,55.44,-0.521,14,0.95,1,56.0,39.36,0,,,51.0,24.0,5,34.19,4,1
West Africa,Male,56,Salaried,23,99.22,0.187,20,2.25,0,3.0,0.0,0,,,61.0,76.0,6,259.6,8,1
East Africa,Female,29,Informal worker,22,113.92,0.166,8,3.63,1,66.0,39.58,1,0.947,72.5,69.0,73.0,3,117.76,4,1
Central Africa,Female,52,Farmer,16,42.63,0.492,11,2.53,1,27.0,22.19,0,,,16.0,63.0,5,56.84,12,0
Central Africa,Female,39,Farmer,9,29.56,0.269,9,4.92,1,60.0,11.41,0,,,45.0,27.0,2,200.13,52,1
Southern Africa,Female,25,Trader,11,113.88,0.225,10,7.67,1,51.0,9.92,0,,,66.0,44.0,5,275.59,8,1
West Africa,Prefer not to say,55,Trader,8,49.77,-0.008,9,0.82,0,2.0,0.0,0,,,54.0,86.0,5,153.92,24,1
East Africa,Female,21,Trader,26,8.08,0.722,21,2.45,0,1.0,0.0,0,,,49.0,93.0,9,730.88,4,1
Central Africa,Male,59,Salaried,32,32.48,0.931,12,2.2,0,9.0,0.0,0,,,69.0,97.0,9,153.76,4,1
Central Africa,Male,19,Farmer,19,54.95,0.577,13,1.66,0,1.0,0.0,0,,,17.0,62.0,7,178.18,8,1
West Africa,Female,33,Trader,24,87.52,0.726,22,2.8,0,15.0,0.0,0,,,66.0,44.0,11,186.87,12,1
East Africa,Male,28,Farmer,28,185.69,0.925,25,7.52,1,48.0,63.89,0,,,76.0,92.0,8,337.47,24,1
West Africa,Female,29,Trader,6,11.82,-0.994,8,2.69,1,70.0,16.86,1,0.779,5.3,23.0,73.0,3,121.25,8,1
West Africa,Male,40,Farmer,20,24.96,-0.784,11,3.42,1,96.0,20.59,0,,,44.0,21.0,6,145.2,8,1
Southern Africa,Female,53,Informal worker,14,47.05,0.204,10,1.38,1,70.0,6.51,0,,,90.0,45.0,4,212.68,8,0
West Africa,Male,36,Salaried,9,22.16,-0.616,10,1.38,0,4.0,0.0,0,,,47.0,28.0,2,197.34,4,1
West Africa,Female,42,Informal worker,11,35.98,0.117,10,2.0,0,3.0,0.0,1,0.888,27.6,43.0,88.0,3,204.39,8,1
West Africa,Female,63,Salaried,16,34.88,-0.336,15,2.22,0,4.0,0.0,0,,,27.0,87.0,4,212.0,4,1
East Africa,Male,41,Trader,11,50.44,-0.55,12,1.16,1,76.0,15.68,0,,,51.0,96.0,1,240.7,24,1
West Africa,Female,55,Informal worker,12,56.22,-0.042,6,0.7,0,0.0,0.0,0,,,30.0,43.0,1,130.77,4,1
East Africa,Male,36,Salaried,15,47.38,-0.559,17,2.59,0,1.0,0.0,1,0.732,27.6,81.0,13.0,4,564.76,4,0
West Africa,Female,21,Farmer,12,32.2,0.27,13,1.99,0,6.0,0.0,1,0.974,3.5,47.0,66.0,4,182.97,8,1
Central Africa,Female,30,Salaried,16,62.27,-0.079,12,2.64,1,71.0,13.66,0,,,33.0,77.0,7,508.7,12,1
West Africa,Male,25,Self-employed,18,53.38,-0.334,20,2.56,1,68.0,24.47,0,,,56.0,91.0,8,209.62,8,1
East Africa,Male,60,Informal worker,5,95.52,-0.69,3,1.23,0,3.0,0.0,0,,,57.0,40.0,2,206.98,52,1
West Africa,Male,19,Trader,28,51.95,0.444,14,4.4,0,9.0,0.0,0,,,55.0,59.0,7,357.94,12,1
West Africa,Male,56,Trader,21,72.88,1.177,14,1.74,0,4.0,0.0,1,0.836,0.2,11.0,23.0,8,1123.03,4,1
West Africa,Female,24,Informal worker,9,27.24,0.185,9,3.97,0,8.0,0.0,0,,,51.0,51.0,2,237.39,8,1
West Africa,Male,25,Salaried,14,39.02,0.738,16,2.21,0,12.0,0.0,1,0.827,2.9,9.0,95.0,4,329.19,8,1
West Africa,Female,42,Trader,6,23.79,0.395,12,2.42,0,11.0,0.0,0,,,62.0,39.0,4,723.5,8,1
East Africa,Prefer not to say,21,Farmer,15,65.0,0.33,16,2.7,1,76.0,27.07,0,,,24.0,73.0,4,440.74,8,1
Southern Africa,Female,21,Trader,12,14.52,-0.505,9,1.88,0,6.0,0.0,0,,,37.0,64.0,3,160.42,8,1
West Africa,Female,54,Farmer,29,57.64,-0.011,21,3.41,1,45.0,22.39,0,,,40.0,82.0,4,790.19,4,1
East Africa,Male,20,Salaried,15,111.8,0.115,10,4.93,0,4.0,0.0,0,,,16.0,85.0,5,333.29,4,1
East Africa,Female,46,Farmer,22,97.74,1.066,13,3.53,0,10.0,0.0,1,0.591,7.2,35.0,17.0,5,116.04,4,1
West Africa,Female,23,Farmer,26,52.06,1.626,9,3.15,1,49.0,24.59,0,,,64.0,46.0,6,640.87,12,1
East Africa,Prefer not to say,22,Informal worker,14,91.35,-0.527,7,2.55,0,11.0,0.0,0,,,34.0,50.0,1,107.89,4,0
West Africa,Male,49,Farmer,28,53.42,0.919,21,2.96,0,11.0,0.0,0,,,43.0,70.0,13,1341.75,12,1
West Africa,Male,36,Informal worker,5,58.72,-0.392,9,1.02,0,13.0,0.0,0,,,29.0,35.0,1,119.54,52,1
East Africa,Prefer not to say,18,Trader,11,23.88,-0.418,12,2.89,0,3.0,0.0,1,0.585,0.4,34.0,53.0,2,232.05,12,1
Central Africa,Female,50,Trader,36,123.48,-0.261,22,7.83,0,8.0,0.0,0,,,66.0,91.0,13,1329.18,12,1
Central Africa,Male,63,Salaried,21,38.32,1.178,13,4.62,1,82.0,21.48,1,0.652,2.5,65.0,86.0,8,87.27,52,1
Central Africa,Female,44,Farmer,16,61.75,0.45,14,3.06,1,92.0,16.19,1,0.797,4.9,73.0,50.0,8,336.44,24,1
East Africa,Male,35,Trader,6,63.12,0.052,8,1.36,0,10.0,0.0,1,0.784,4.9,53.0,50.0,1,475.32,24,0
West Africa,Female,57,Farmer,21,52.47,0.201,17,7.29,0,13.0,0.0,1,0.984,28.5,73.0,72.0,5,1606.45,4,1
West Africa,Male,33,Informal worker,8,103.25,0.35,12,1.74,0,6.0,0.0,1,0.92,0.4,39.0,31.0,2,93.59,8,1
West Africa,Male,46,Trader,22,61.35,-0.25,27,4.6,0,4.0,0.0,1,0.922,4.2,55.0,83.0,9,384.27,12,1
West Africa,Male,40,Farmer,17,41.27,0.543,20,2.14,0,6.0,0.0,1,0.814,1.4,87.0,60.0,10,164.28,8,0
West Africa,Male,52,Trader,13,133.43,-0.413,11,8.36,1,39.0,19.36,0,,,66.0,46.0,5,317.93,8,0
East Africa,Male,42,Salaried,34,56.71,0.254,14,3.21,1,67.0,56.47,1,0.57,0.7,65.0,79.0,6,845.11,12,1
West Africa,Male,40,Informal worker,15,18.35,0.225,13,3.62,0,10.0,0.0,1,0.548,1.1,76.0,48.0,7,130.5,8,1
West Africa,Male,37,Salaried,15,17.59,-0.096,19,1.24,0,3.0,0.0,0,,,38.0,33.0,6,164.13,4,0
Southern Africa,Female,31,Informal worker,20,69.24,1.041,11,8.96,0,2.0,0.0,0,,,54.0,80.0,9,207.33,4,1
East Africa,Female,40,Salaried,29,41.78,-0.47,16,7.68,1,53.0,33.07,0,,,55.0,80.0,10,585.17,4,1
Central Africa,Female,20,Farmer,20,48.4,0.575,18,4.86,0,14.0,0.0,0,,,76.0,89.0,6,173.22,12,1
West Africa,Male,33,Trader,16,40.44,0.74,19,2.05,1,39.0,16.09,1,0.898,20.1,61.0,69.0,7,175.79,4,1
East Africa,Male,21,Salaried,22,113.75,-0.232,17,4.76,0,0.0,0.0,0,,,32.0,74.0,13,221.29,24,0
West Africa,Female,33,Salaried,13,58.54,-0.26,18,1.55,1,48.0,37.68,1,0.384,1.6,52.0,80.0,1,306.52,12,1
East Africa,Female,34,Salaried,17,84.47,0.697,21,5.15,0,13.0,0.0,1,0.817,0.6,52.0,99.0,5,91.5,12,1
West Africa,Prefer not to say,19,Self-employed,20,62.87,-0.512,9,1.22,0,8.0,0.0,1,0.825,18.8,22.0,34.0,0,244.24,8,0
West Africa,Female,31,Informal worker,12,40.19,0.106,16,2.19,1,57.0,29.1,1,0.456,9.1,16.0,30.0,6,165.05,4,1
East Africa,Female,49,Farmer,27,31.88,0.127,13,1.72,0,1.0,0.0,1,0.897,5.5,31.0,65.0,8,443.37,8,1
West Africa,Female,63,Salaried,21,27.05,0.424,17,3.36,1,50.0,30.81,0,,,49.0,52.0,5,211.63,24,1
West Africa,Male,47,Trader,14,65.7,0.241,13,1.21,1,82.0,36.33,0,,,32.0,59.0,15,478.67,8,1
Central Africa,Female,51,Salaried,20,52.93,0.41,12,5.59,0,5.0,0.0,0,,,38.0,66.0,8,226.49,24,0
West Africa,Female,49,Salaried,15,85.54,0.104,18,4.18,0,5.0,0.0,1,0.903,2.7,32.0,95.0,2,114.05,12,0
East Africa,Female,62,Informal worker,9,36.66,-0.331,13,2.33,0,3.0,0.0,0,,,30.0,37.0,6,721.65,24,1
East Africa,Male,62,Farmer,23,62.56,0.479,17,3.23,0,9.0,0.0,1,0.745,11.8,22.0,73.0,4,1166.64,8,1
West Africa,Male,23,Informal worker,14,105.84,0.013,8,3.66,1,45.0,18.62,1,0.876,26.2,56.0,29.0,3,453.62,8,1
East Africa,Male,40,Self-employed,16,170.45,0.154,18,2.15,0,2.0,0.0,1,0.889,7.8,88.0,79.0,11,820.52,12,1
West Africa,Male,60,Trader,15,35.7,0.805,10,2.1,0,7.0,0.0,0,,,69.0,49.0,4,114.43,12,1
Southern Africa,Female,59,Farmer,33,105.71,1.022,19,3.52,1,57.0,96.65,1,0.793,1.0,36.0,81.0,8,671.78,12,1
West Africa,Female,43,Informal worker,4,8.22,-0.759,6,1.17,0,6.0,0.0,0,,,29.0,80.0,2,140.8,24,1
West Africa,Male,38,Salaried,8,15.2,0.992,9,2.07,0,16.0,0.0,1,0.603,0.7,53.0,37.0,6,407.03,12,1
West Africa,Female,20,Informal worker,16,53.22,-0.129,16,5.4,0,3.0,0.0,1,0.788,3.7,63.0,88.0,7,168.88,12,1
Central Africa,Male,40,Informal worker,10,61.85,1.447,11,2.53,0,10.0,0.0,0,,,27.0,70.0,9,492.14,4,1
Southern Africa,Female,41,Trader,18,34.92,-1.967,12,2.58,0,5.0,0.0,1,0.869,2.7,27.0,32.0,6,506.47,4,0
Central Africa,Male,47,Farmer,9,26.38,-0.31,9,5.11,0,3.0,0.0,0,,,39.0,70.0,4,202.88,8,1
Southern Africa,Female,42,Salaried,9,18.74,-0.357,10,2.58,1,60.0,18.53,0,,,56.0,70.0,4,249.16,8,1
Southern Africa,Female,28,Farmer,16,65.62,-0.185,16,1.88,0,1.0,0.0,0,,,27.0,68.0,4,180.74,52,0
East Africa,Female,63,Farmer,10,39.83,-0.326,13,3.9,1,58.0,17.07,0,,,76.0,18.0,3,121.74,4,1
Central Africa,Female,28,Farmer,16,41.33,0.09,9,1.51,0,1.0,0.0,1,0.668,28.1,17.0,15.0,1,379.86,24,1
East Africa,Male,35,Farmer,10,47.11,-0.42,13,1.93,1,75.0,11.62,1,0.654,9.5,40.0,23.0,5,486.22,4,1
East Africa,Female,41,Farmer,20,82.76,0.351,21,1.85,1,85.0,42.26,0,,,47.0,79.0,8,659.89,24,1
East Africa,Male,31,Salaried,8,34.63,-0.01,6,4.55,1,76.0,14.66,1,0.544,11.1,63.0,84.0,1,201.01,4,1
East Africa,Male,21,Farmer,10,58.9,1.99,17,3.99,0,9.0,0.0,1,0.625,1.8,46.0,65.0,6,456.11,24,1
West Africa,Female,46,Informal worker,14,50.97,0.897,18,4.32,1,54.0,14.83,1,0.702,3.2,45.0,80.0,7,179.65,4,1
East Africa,Female,29,Farmer,25,19.26,0.652,17,3.8,1,44.0,31.46,0,,,30.0,57.0,3,355.21,12,0
West Africa,Female,59,Salaried,15,77.07,1.074,17,1.11,0,7.0,0.0,1,0.755,6.5,58.0,84.0,4,539.6,12,1
Southern Africa,Male,55,Trader,23,61.68,-1.109,18,5.99,0,12.0,0.0,0,,,34.0,21.0,5,226.36,24,1
East Africa,Female,38,Trader,21,51.25,-0.797,9,4.21,0,7.0,0.0,0,,,57.0,93.0,7,1005.3,4,1
Southern Africa,Male,39,Farmer,20,33.49,0.198,13,2.87,1,85.0,42.07,0,,,74.0,69.0,5,190.95,8,1
East Africa,Female,62,Self-employed,25,46.74,-0.399,22,3.56,0,3.0,0.0,1,0.788,11.1,43.0,33.0,8,412.12,8,1
Southern Africa,Female,19,Informal worker,27,52.9,0.585,17,3.13,0,12.0,0.0,0,,,75.0,50.0,7,107.08,4,1
West Africa,Female,35,Informal worker,21,18.21,1.067,10,4.67,0,3.0,0.0,1,0.615,0.3,41.0,65.0,8,247.84,12,1
Central Africa,Female,20,Farmer,15,40.47,-0.191,9,3.11,0,3.0,0.0,1,0.827,61.8,69.0,59.0,2,246.47,12,0
East Africa,Female,24,Trader,27,57.71,-0.086,20,5.35,0,3.0,0.0,1,0.761,20.5,61.0,69.0,5,143.62,8,1
West Africa,Male,61,Self-employed,23,92.04,1.365,23,9.9,1,53.0,13.74,0,,,35.0,64.0,6,464.32,12,1
West Africa,Prefer not to say,22,Farmer,7,30.19,-1.293,10,1.75,1,92.0,21.62,1,0.666,24.2,41.0,36.0,1,548.14,4,0
West Africa,Female,62,Informal worker,16,53.28,0.18,19,4.9,1,64.0,43.39,0,,,66.0,70.0,9,214.68,8,1
East Africa,Male,54,Salaried,4,26.73,-0.949,8,0.95,0,3.0,0.0,1,0.62,29.2,55.0,83.0,4,60.08,12,1
Southern Africa,Male,48,Informal worker,13,13.51,-0.146,16,1.54,1,85.0,20.91,0,,,61.0,98.0,3,290.65,8,1
Central Africa,Male,52,Trader,27,38.94,0.07,18,1.62,1,69.0,22.58,0,,,64.0,38.0,9,591.21,8,1
Southern Africa,Female,26,Trader,9,50.43,-0.071,8,3.95,0,3.0,0.0,1,0.891,8.9,30.0,64.0,7,365.76,4,0
East Africa,Female,23,Trader,28,28.46,0.591,16,2.5,1,79.0,66.94,0,,,50.0,60.0,9,445.98,12,1
East Africa,Female,35,Self-employed,31,60.01,1.589,17,4.19,1,56.0,37.62,0,,,78.0,81.0,8,134.76,8,1
Southern Africa,Male,53,Salaried,14,27.19,0.608,11,3.75,0,11.0,0.0,0,,,55.0,32.0,4,200.85,12,1
Southern Africa,Male,32,Farmer,31,36.27,0.148,11,3.88,1,77.0,76.23,0,,,47.0,39.0,6,308.78,8,1
West Africa,Male,26,Salaried,25,109.97,0.378,21,3.45,0,13.0,0.0,0,,,38.0,46.0,12,67.55,4,0
Central Africa,Male,54,Trader,13,18.1,0.162,9,1.17,0,3.0,0.0,1,0.717,9.9,41.0,22.0,3,262.14,12,1
East Africa,Male,47,Trader,8,33.02,-0.894,11,1.74,0,21.0,0.0,0,,,52.0,75.0,4,811.22,12,1
Southern Africa,Male,43,Trader,15,16.16,-1.274,10,3.74,1,64.0,17.59,1,0.832,12.1,44.0,54.0,7,122.45,8,0
Central Africa,Male,37,Salaried,20,45.07,0.421,26,5.98,1,41.0,28.32,0,,,67.0,78.0,8,112.52,8,1
Southern Africa,Male,54,Trader,30,25.16,0.745,23,3.52,0,5.0,0.0,0,,,77.0,87.0,15,382.35,8,0
West Africa,Female,52,Trader,20,54.12,0.986,13,5.61,0,1.0,0.0,1,0.945,4.2,66.0,56.0,6,163.42,8,0
East Africa,Male,34,Trader,31,143.68,0.57,19,13.55,0,1.0,0.0,0,,,59.0,67.0,11,1023.63,12,0
West Africa,Male,24,Farmer,23,42.45,0.601,19,6.54,0,1.0,0.0,1,0.673,7.1,52.0,84.0,5,213.52,8,1
Southern Africa,Female,58,Farmer,20,42.39,0.185,8,2.12,0,8.0,0.0,1,0.908,4.9,86.0,71.0,3,237.45,4,1
West Africa,Prefer not to say,24,Trader,10,18.16,-0.303,5,2.76,0,0.0,0.0,1,0.833,2.5,9.0,43.0,4,426.24,8,0
Southern Africa,Female,38,Salaried,22,40.19,-0.371,17,3.08,0,2.0,0.0,1,0.656,0.4,49.0,73.0,5,337.61,12,1
Central Africa,Female,60,Self-employed,24,85.26,0.369,20,6.47,0,1.0,0.0,0,,,31.0,79.0,2,400.59,8,1
West Africa,Female,37,Trader,30,42.88,-0.12,21,2.5,1,86.0,48.72,0,,,57.0,17.0,8,371.27,12,1
East Africa,Female,57,Self-employed,20,28.85,-0.287,15,5.62,1,64.0,121.82,1,0.884,23.2,54.0,39.0,8,209.31,24,1
East Africa,Female,40,Salaried,23,19.2,-0.311,16,1.27,1,47.0,46.99,0,,,72.0,95.0,8,135.17,4,1
East Africa,Male,53,Salaried,16,19.52,0.593,10,4.16,1,35.0,42.4,0,,,44.0,84.0,5,196.47,4,0
West Africa,Female,45,Trader,15,25.08,-0.234,8,1.59,0,7.0,0.0,0,,,59.0,65.0,4,264.89,12,1
West Africa,Male,31,Salaried,9,12.02,-0.85,12,1.47,0,1.0,0.0,0,,,44.0,92.0,8,242.01,24,1
East Africa,Male,60,Informal worker,9,29.08,-0.994,14,1.65,0,2.0,0.0,0,,,18.0,22.0,2,233.63,8,1
East Africa,Male,39,Trader,24,66.95,0.871,11,1.35,0,13.0,0.0,1,0.834,8.0,36.0,61.0,5,670.84,8,1
East Africa,Male,39,Salaried,11,14.86,0.054,6,2.05,0,5.0,0.0,0,,,24.0,85.0,1,328.12,24,0
West Africa,Male,48,Trader,17,43.88,-0.758,10,1.71,0,23.0,0.0,0,,,63.0,38.0,5,375.84,8,0
East Africa,Female,61,Salaried,20,47.13,0.777,16,3.81,1,81.0,37.85,1,0.647,8.2,66.0,72.0,5,331.46,8,1
East Africa,Male,58,Informal worker,23,135.92,-0.096,13,4.65,1,56.0,38.71,1,0.778,2.1,35.0,82.0,2,367.59,4,1
West Africa,Male,36,Farmer,18,20.29,0.718,17,2.5,0,7.0,0.0,1,0.707,9.5,51.0,29.0,5,98.14,8,1
Southern Africa,Male,28,Trader,13,51.07,-1.184,12,1.35,0,6.0,0.0,0,,,55.0,27.0,5,98.92,8,1
West Africa,Male,33,Salaried,19,80.28,0.468,10,3.36,1,65.0,42.29,1,0.716,2.9,60.0,75.0,12,1292.57,12,0
East Africa,Female,30,Trader,10,17.49,-0.01,12,1.34,1,67.0,10.04,0,,,64.0,28.0,2,402.53,8,1
Central Africa,Male,31,Salaried,15,37.25,0.825,7,1.93,0,7.0,0.0,0,,,31.0,24.0,5,1192.84,8,1
East Africa,Male,38,Informal worker,16,59.27,-0.248,19,2.04,0,7.0,0.0,0,,,58.0,84.0,5,392.85,24,0
East Africa,Male,18,Trader,7,44.82,-1.022,14,2.13,0,12.0,0.0,1,0.668,2.2,31.0,55.0,0,393.76,4,1
West Africa,Male,43,Farmer,10,44.4,-0.834,13,3.53,1,80.0,27.79,1,0.699,2.2,75.0,92.0,0,82.7,8,1
West Africa,Male,57,Self-employed,3,7.07,-1.039,3,1.45,0,6.0,0.0,0,,,31.0,59.0,1,46.93,24,0
West Africa,Male,38,Self-employed,20,48.97,0.84,9,2.52,1,69.0,12.23,0,,,67.0,49.0,7,880.28,8,1
Southern Africa,Female,21,Trader,24,105.29,-0.106,21,3.6,1,67.0,19.23,0,,,30.0,31.0,14,548.06,12,1
Southern Africa,Female,36,Trader,31,250.35,0.813,17,4.39,0,1.0,0.0,0,,,62.0,73.0,18,1061.99,12,0
West Africa,Female,33,Trader,6,20.26,-0.074,13,4.46,1,35.0,8.43,1,0.861,1.4,21.0,42.0,2,250.63,8,1
West Africa,Male,45,Salaried,22,108.48,-0.797,14,0.88,0,4.0,0.0,1,0.889,20.1,56.0,67.0,3,214.21,4,1
West Africa,Male,29,Trader,8,38.34,0.134,10,0.72,0,8.0,0.0,1,0.641,6.5,32.0,68.0,1,672.75,12,1
East Africa,Female,32,Trader,10,15.33,0.552,7,2.06,0,17.0,0.0,0,,,43.0,46.0,8,108.05,4,1
East Africa,Male,52,Farmer,25,132.14,-0.193,13,2.23,0,0.0,0.0,0,,,38.0,55.0,5,265.02,4,1
Southern Africa,Female,26,Self-employed,7,22.17,-0.293,10,1.59,0,1.0,0.0,0,,,36.0,55.0,3,195.49,12,1
Central Africa,Female,61,Farmer,18,81.01,-0.123,14,6.2,0,11.0,0.0,1,0.985,7.7,65.0,46.0,7,329.22,4,1
West Africa,Male,31,Informal worker,3,12.09,-1.158,13,2.46,1,49.0,4.27,1,0.606,2.1,54.0,65.0,3,146.35,12,0
Southern Africa,Male,56,Trader,36,162.06,1.018,11,8.78,1,50.0,94.98,1,0.873,0.2,50.0,73.0,13,638.58,4,1
East Africa,Female,21,Informal worker,7,37.68,-0.279,7,1.56,0,4.0,0.0,1,0.588,11.5,53.0,25.0,4,311.31,4,0
West Africa,Prefer not to say,33,Informal worker,10,24.83,-0.048,11,1.05,1,57.0,17.14,1,0.602,26.7,11.0,52.0,4,641.55,8,1
Central Africa,Female,35,Self-employed,22,50.07,-0.493,20,7.16,0,7.0,0.0,0,,,55.0,79.0,9,243.95,12,0
West Africa,Male,39,Informal worker,9,24.93,0.07,8,2.64,1,68.0,17.65,0,,,21.0,45.0,4,100.03,8,1
Southern Africa,Female,22,Trader,13,22.28,0.578,11,1.94,0,9.0,0.0,0,,,55.0,31.0,5,178.47,8,0
Southern Africa,Male,29,Farmer,28,22.83,-0.038,17,3.82,1,98.0,54.15,0,,,45.0,63.0,14,255.02,24,1
Central Africa,Male,59,Trader,23,30.51,-0.155,17,5.99,1,29.0,84.83,0,,,41.0,83.0,5,185.11,8,1
East Africa,Female,61,Trader,15,161.22,0.508,11,5.64,1,44.0,10.3,0,,,61.0,81.0,4,267.82,8,1
West Africa,Prefer not to say,38,Self-employed,22,40.44,-0.591,9,2.89,1,42.0,27.47,1,0.643,0.6,42.0,70.0,9,320.31,4,1
Southern Africa,Male,23,Farmer,11,42.23,-1.645,15,3.26,0,2.0,0.0,1,0.286,3.0,50.0,51.0,3,155.9,24,0
Southern Africa,Male,30,Salaried,13,30.68,0.088,18,7.19,0,15.0,0.0,0,,,55.0,71.0,7,109.58,4,1
East Africa,Male,62,Trader,11,88.89,-0.347,11,2.95,0,4.0,0.0,0,,,40.0,74.0,5,1527.1,24,1
Southern Africa,Male,61,Salaried,27,110.8,0.846,18,2.66,0,5.0,0.0,1,0.61,2.5,46.0,72.0,8,593.63,12,1
West Africa,Male,56,Salaried,17,44.4,0.385,17,2.88,1,73.0,44.06,1,0.796,14.1,55.0,52.0,5,246.65,4,1
East Africa,Female,58,Informal worker,6,15.69,0.018,11,1.47,1,61.0,11.61,1,0.798,21.0,53.0,54.0,1,270.31,8,1
Central Africa,Male,51,Trader,18,17.88,-0.093,12,1.93,1,56.0,18.31,0,,,47.0,85.0,3,314.23,4,1
West Africa,Female,47,Salaried,7,23.26,0.372,9,4.68,0,5.0,0.0,1,0.519,12.2,72.0,59.0,2,131.03,4,0
East Africa,Male,54,Salaried,22,94.39,2.365,17,4.37,0,6.0,0.0,0,,,51.0,95.0,8,359.51,24,1
Central Africa,Male,48,Trader,22,47.08,0.071,15,3.19,1,27.0,26.97,1,0.717,36.2,40.0,70.0,13,379.06,8,1
Southern Africa,Male,33,Self-employed,17,32.9,0.093,15,2.31,1,77.0,20.67,0,,,45.0,41.0,6,1219.34,8,1
Central Africa,Male,48,Salaried,16,25.99,-0.771,13,1.53,0,3.0,0.0,1,0.918,21.4,82.0,82.0,3,631.55,4,0
East Africa,Female,31,Trader,28,127.77,0.171,19,3.02,1,88.0,29.44,0,,,43.0,97.0,11,341.35,4,1
Central Africa,Female,47,Farmer,14,35.1,0.061,18,5.74,0,3.0,0.0,0,,,66.0,39.0,6,347.18,12,1
West Africa,Female,35,Farmer,17,65.02,-0.181,21,5.41,1,10.0,23.83,0,,,11.0,61.0,1,1136.01,12,1
East Africa,Male,40,Farmer,19,63.23,0.214,20,1.72,1,66.0,11.7,0,,,21.0,52.0,5,78.85,8,1
East Africa,Female,26,Salaried,12,39.13,-0.089,5,1.55,0,4.0,0.0,1,0.59,46.6,40.0,35.0,6,830.6,24,1
Southern Africa,Female,62,Salaried,15,29.8,0.078,20,5.03,1,81.0,11.84,0,,,44.0,94.0,3,155.64,24,1
Central Africa,Male,53,Trader,12,94.41,-0.273,16,1.38,0,10.0,0.0,0,,,46.0,54.0,3,924.4,4,1
Southern Africa,Female,23,Informal worker,14,56.84,-1.002,10,1.6,0,4.0,0.0,1,0.922,0.1,49.0,25.0,5,109.11,8,0
East Africa,Female,40,Farmer,24,57.14,0.79,18,3.7,1,62.0,23.0,0,,,57.0,54.0,10,1181.89,24,1
East Africa,Female,39,Farmer,16,22.07,-0.406,9,1.8,1,22.0,35.4,1,0.931,12.6,43.0,72.0,3,360.62,24,0
East Africa,Female,59,Informal worker,25,38.46,0.821,12,8.31,1,41.0,23.97,0,,,78.0,53.0,8,914.08,24,1
East Africa,Female,53,Informal worker,30,183.23,0.674,17,3.76,0,0.0,0.0,0,,,46.0,87.0,13,452.0,24,1
West Africa,Male,59,Trader,20,65.79,-0.914,9,1.97,1,20.0,21.74,1,0.975,12.8,62.0,54.0,8,241.57,8,1
East Africa,Female,39,Farmer,8,91.52,-0.487,13,2.29,1,38.0,12.48,1,0.35,14.3,38.0,53.0,5,148.2,4,1
Central Africa,Prefer not to say,25,Salaried,10,42.3,-1.312,10,3.35,1,88.0,24.26,0,,,5.0,26.0,6,144.74,8,1
Southern Africa,Male,51,Farmer,17,74.73,-0.402,12,3.12,1,57.0,55.51,0,,,12.0,37.0,7,130.0,4,1
Southern Africa,Female,28,Farmer,6,9.89,-0.311,12,3.08,1,95.0,33.17,1,0.828,6.6,64.0,68.0,4,217.34,12,1
East Africa,Male,47,Self-employed,9,49.19,-0.942,13,3.41,1,80.0,16.4,0,,,76.0,27.0,6,295.92,12,1
East Africa,Male,37,Salaried,8,55.17,-0.411,13,1.44,0,16.0,0.0,1,0.799,6.5,19.0,26.0,2,220.21,12,1
West Africa,Female,34,Informal worker,39,196.08,0.184,22,6.29,1,90.0,44.37,1,0.898,3.1,75.0,35.0,9,313.05,8,1
East Africa,Female,23,Farmer,21,11.73,0.469,13,1.77,0,3.0,0.0,1,0.829,7.8,53.0,71.0,3,404.75,8,1
East Africa,Female,55,Informal worker,20,24.68,-0.747,17,3.76,0,11.0,0.0,1,0.661,5.5,73.0,40.0,9,827.65,12,0
West Africa,Female,50,Informal worker,23,107.11,0.784,21,2.95,0,8.0,0.0,1,0.916,2.1,49.0,87.0,12,705.82,8,0
West Africa,Male,34,Farmer,12,36.42,-0.338,11,1.8,1,48.0,16.81,1,0.438,2.1,27.0,83.0,1,99.98,24,1
Southern Africa,Female,52,Trader,9,11.33,-0.785,11,4.26,0,3.0,0.0,1,0.796,31.2,33.0,53.0,1,221.54,8,0
East Africa,Female,64,Farmer,14,68.5,0.041,13,5.25,1,75.0,32.86,0,,,60.0,40.0,5,186.5,24,1
East Africa,Female,51,Farmer,10,37.11,0.2,13,4.76,1,73.0,21.17,1,0.408,5.7,42.0,79.0,6,437.24,4,1
West Africa,Male,62,Self-employed,9,23.06,-1.569,13,1.23,1,87.0,14.47,0,,,65.0,89.0,4,208.85,4,1
East Africa,Male,40,Informal worker,9,18.55,0.134,11,4.02,0,9.0,0.0,0,,,26.0,51.0,3,354.78,8,1
East Africa,Female,35,Trader,17,31.46,1.091,19,2.71,0,1.0,0.0,0,,,70.0,64.0,7,1248.93,24,1
East Africa,Male,57,Farmer,11,16.84,-1.176,16,3.66,1,23.0,9.41,1,0.575,4.5,66.0,58.0,2,523.19,4,1
East Africa,Male,49,Farmer,12,18.69,1.174,16,2.78,1,77.0,33.1,1,0.675,4.9,58.0,87.0,8,87.09,12,1
West Africa,Female,46,Farmer,19,108.57,0.408,17,1.57,0,7.0,0.0,0,,,54.0,65.0,3,302.51,4,1
Central Africa,Female,48,Trader,20,142.42,-0.205,13,6.27,1,86.0,27.65,0,,,46.0,84.0,6,447.21,8,1
West Africa,Female,64,Self-employed,21,109.24,0.299,15,3.29,1,75.0,22.06,0,,,66.0,94.0,4,336.34,24,1
East Africa,Female,50,Self-employed,11,35.09,-0.492,16,1.28,0,16.0,0.0,0,,,75.0,31.0,4,242.24,24,1
West Africa,Female,56,Self-employed,17,30.57,0.219,16,1.69,0,17.0,0.0,0,,,56.0,79.0,6,659.55,12,1
East Africa,Male,19,Farmer,17,17.56,1.134,9,3.68,0,1.0,0.0,0,,,71.0,73.0,3,187.34,8,1
West Africa,Female,51,Salaried,22,81.7,0.516,15,2.24,0,2.0,0.0,1,0.746,53.8,20.0,85.0,10,289.57,4,0
Central Africa,Female,32,Informal worker,28,52.88,0.246,16,3.43,0,4.0,0.0,1,0.921,11.0,53.0,67.0,5,324.5,4,1
East Africa,Female,23,Farmer,11,142.99,0.353,9,10.34,0,16.0,0.0,1,0.764,30.6,36.0,55.0,3,2178.97,4,1
East Africa,Male,30,Trader,15,42.0,-0.925,15,1.63,0,2.0,0.0,1,0.969,17.5,36.0,73.0,7,159.54,4,1
West Africa,Male,57,Trader,30,73.97,1.53,30,4.85,1,63.0,88.62,1,0.838,7.6,61.0,87.0,5,331.31,4,1
West Africa,Female,56,Trader,13,31.45,0.083,11,1.2,1,37.0,10.04,1,0.772,22.4,78.0,60.0,7,229.44,12,1
East Africa,Female,32,Salaried,22,142.19,-0.074,10,1.22,1,73.0,13.59,0,,,64.0,51.0,7,261.95,12,0
East Africa,Female,27,Informal worker,24,13.2,0.21,14,1.96,0,2.0,0.0,0,,,40.0,12.0,7,760.9,12,0
East Africa,Female,37,Self-employed,26,57.44,-0.032,14,3.15,1,64.0,25.49,0,,,37.0,90.0,5,934.65,4,1
Central Africa,Female,33,Informal worker,26,33.39,-0.335,11,2.45,1,87.0,18.58,0,,,60.0,83.0,4,196.76,4,1
Southern Africa,Male,39,Trader,16,84.06,0.296,9,2.26,1,71.0,35.85,0,,,43.0,71.0,6,232.3,8,1
Central Africa,Female,54,Farmer,14,41.1,-0.279,11,6.07,0,3.0,0.0,1,0.887,2.5,57.0,63.0,5,453.3,8,1
West Africa,Female,33,Trader,25,43.41,-0.143,8,2.1,1,83.0,37.09,1,0.479,2.5,52.0,26.0,7,360.69,52,1
Southern Africa,Male,26,Self-employed,11,54.74,0.654,13,3.38,0,2.0,0.0,1,0.743,3.1,26.0,65.0,5,528.52,4,1
East Africa,Male,23,Trader,10,90.32,-1.523,16,1.54,0,4.0,0.0,1,0.76,7.6,57.0,79.0,5,111.16,12,1
East Africa,Female,50,Trader,21,67.65,-0.505,15,2.52,0,7.0,0.0,0,,,70.0,76.0,5,381.14,52,1
Central Africa,Female,27,Farmer,7,38.21,0.105,13,1.71,0,9.0,0.0,0,,,20.0,36.0,1,50.18,24,1
Southern Africa,Male,28,Salaried,9,86.62,-0.135,13,1.74,0,3.0,0.0,1,0.682,7.9,69.0,74.0,5,166.48,4,0
Central Africa,Male,55,Farmer,17,43.6,0.935,14,8.29,0,9.0,0.0,1,0.666,6.7,49.0,24.0,6,471.66,12,1
Southern Africa,Male,22,Trader,10,77.21,0.353,6,1.76,1,73.0,4.49,0,,,24.0,40.0,2,457.7,8,1
West Africa,Female,48,Informal worker,19,61.13,0.927,6,3.43,0,6.0,0.0,1,0.616,13.0,35.0,69.0,7,486.0,12,1
Southern Africa,Female,18,Trader,15,47.69,1.009,14,2.89,1,81.0,35.88,0,,,44.0,54.0,4,99.91,8,1
East Africa,Male,62,Informal worker,14,98.32,-0.441,15,3.54,0,2.0,0.0,0,,,51.0,74.0,5,298.06,24,0
Central Africa,Female,51,Informal worker,11,27.12,-0.349,15,1.17,0,2.0,0.0,1,0.973,1.2,30.0,71.0,1,393.12,4,1
Southern Africa,Male,56,Trader,8,47.45,-0.245,14,1.98,1,64.0,13.13,0,,,47.0,38.0,0,153.12,4,1
West Africa,Male,49,Farmer,25,23.17,1.029,18,7.9,0,10.0,0.0,0,,,78.0,66.0,4,402.39,8,1
West Africa,Male,36,Trader,13,13.93,-0.592,16,1.39,0,5.0,0.0,0,,,66.0,65.0,2,93.58,8,0
West Africa,Female,64,Trader,12,101.75,0.76,15,5.13,1,65.0,25.03,1,0.904,1.6,67.0,82.0,5,1288.04,24,1
East Africa,Female,54,Informal worker,15,36.2,0.214,15,2.91,1,55.0,38.34,1,0.736,3.2,79.0,73.0,5,223.18,12,1
West Africa,Male,22,Trader,16,50.73,0.366,7,3.86,0,2.0,0.0,0,,,67.0,60.0,2,244.45,8,1
Southern Africa,Female,45,Trader,20,149.36,0.94,17,7.78,0,16.0,0.0,0,,,66.0,53.0,6,173.76,8,1
East Africa,Female,43,Informal worker,13,22.42,-0.109,12,1.95,0,8.0,0.0,1,0.892,5.8,18.0,84.0,1,506.22,12,0
Southern Africa,Female,31,Informal worker,24,341.59,1.663,14,3.82,0,2.0,0.0,0,,,62.0,84.0,7,723.49,24,1
West Africa,Female,39,Salaried,9,27.08,0.62,9,1.21,0,13.0,0.0,1,0.761,17.8,38.0,82.0,4,309.39,12,0
East Africa,Female,63,Salaried,25,67.56,-0.903,20,2.16,0,8.0,0.0,0,,,74.0,56.0,14,186.94,8,0
West Africa,Male,22,Farmer,25,88.55,-1.244,13,2.13,0,7.0,0.0,1,0.686,12.0,87.0,78.0,7,647.7,12,0
Central Africa,Male,61,Farmer,24,85.11,-0.127,16,2.31,1,49.0,22.1,1,0.736,6.8,81.0,75.0,9,981.11,4,1
West Africa,Female,50,Informal worker,5,37.15,-0.421,9,1.91,1,22.0,27.16,1,0.382,87.2,9.0,18.0,2,73.74,4,1
West Africa,Female,23,Salaried,14,31.16,0.697,15,1.72,0,11.0,0.0,0,,,48.0,48.0,2,478.05,8,1
West Africa,Female,32,Farmer,24,53.45,0.216,22,4.2,0,2.0,0.0,0,,,69.0,51.0,6,258.33,24,0
Southern Africa,Female,57,Self-employed,16,42.48,-0.42,8,1.1,0,10.0,0.0,0,,,58.0,33.0,2,137.72,4,1
West Africa,Female,51,Informal worker,23,90.47,0.474,15,3.57,1,55.0,28.66,1,0.668,7.9,92.0,65.0,3,152.32,12,1
East Africa,Female,21,Farmer,28,32.12,1.382,15,6.21,0,0.0,0.0,1,0.716,18.1,61.0,72.0,8,824.97,12,1
Southern Africa,Female,24,Salaried,33,97.56,0.742,13,3.2,0,11.0,0.0,0,,,66.0,82.0,4,226.8,8,0
Southern Africa,Male,61,Trader,4,16.37,-0.601,8,0.55,1,67.0,5.45,1,0.713,14.6,14.0,52.0,2,276.66,8,1
West Africa,Female,25,Self-employed,11,23.03,-0.873,7,2.79,0,0.0,0.0,0,,,86.0,83.0,4,301.03,24,0
West Africa,Prefer not to say,47,Farmer,6,62.81,-1.081,4,2.84,1,62.0,19.65,0,,,23.0,96.0,0,99.46,8,1
East Africa,Male,64,Informal worker,8,27.62,-1.176,13,1.99,0,11.0,0.0,0,,,41.0,67.0,2,398.76,24,1
West Africa,Male,25,Informal worker,8,39.97,0.208,14,1.45,0,23.0,0.0,1,0.856,5.1,38.0,16.0,3,192.99,8,0
Southern Africa,Female,20,Trader,9,41.9,-0.086,13,3.39,0,10.0,0.0,0,,,86.0,91.0,3,95.55,12,1
East Africa,Female,56,Informal worker,28,82.78,0.609,14,3.63,1,36.0,32.59,1,0.836,3.0,41.0,92.0,5,875.89,12,1
East Africa,Male,62,Farmer,23,64.04,0.935,15,4.85,1,56.0,40.95,0,,,47.0,69.0,6,108.62,4,1
West Africa,Male,42,Farmer,21,58.77,0.378,20,4.74,0,19.0,0.0,1,0.92,11.0,19.0,77.0,11,161.27,4,1
East Africa,Male,28,Trader,11,26.65,-0.616,14,2.53,0,6.0,0.0,1,0.921,1.3,37.0,50.0,1,172.8,12,1
West Africa,Male,20,Salaried,21,53.05,-0.355,14,2.63,1,78.0,17.01,0,,,49.0,43.0,5,348.74,24,1
Southern Africa,Female,60,Salaried,23,79.23,0.484,24,2.2,1,25.0,34.9,1,0.913,5.5,22.0,73.0,8,191.72,8,1
West Africa,Female,55,Trader,15,89.7,-0.153,12,2.35,0,11.0,0.0,1,0.61,23.2,26.0,95.0,4,407.76,8,0
Central Africa,Female,60,Salaried,14,86.67,-1.139,15,2.15,1,89.0,23.33,0,,,47.0,81.0,5,606.81,4,1
Southern Africa,Male,55,Salaried,16,22.73,-0.657,9,1.53,0,1.0,0.0,0,,,62.0,51.0,1,183.01,4,0
West Africa,Male,38,Trader,19,95.13,0.959,11,3.81,1,53.0,24.23,1,0.805,3.5,31.0,78.0,5,339.54,8,1
West Africa,Male,40,Self-employed,17,24.6,0.159,8,2.57,1,93.0,28.31,0,,,24.0,71.0,5,497.04,8,1
West Africa,Female,35,Trader,11,41.66,-0.123,13,1.82,0,0.0,0.0,0,,,59.0,60.0,3,702.61,24,0
West Africa,Female,52,Salaried,12,79.37,-0.604,13,2.99,0,14.0,0.0,1,0.667,5.5,61.0,45.0,5,185.96,4,0
West Africa,Male,22,Informal worker,31,184.71,-0.079,19,4.98,0,5.0,0.0,1,0.931,4.7,88.0,92.0,2,505.9,12,1
Central Africa,Prefer not to say,19,Self-employed,16,63.0,0.05,20,6.26,1,19.0,36.4,0,,,19.0,35.0,1,139.09,24,1
East Africa,Male,63,Farmer,22,108.72,0.406,17,5.78,0,0.0,0.0,0,,,50.0,82.0,3,315.05,8,0
West Africa,Male,32,Farmer,10,39.92,-1.14,9,1.27,1,26.0,20.9,1,0.742,2.4,46.0,62.0,4,193.27,4,1
East Africa,Female,19,Salaried,12,25.16,0.282,18,2.64,0,5.0,0.0,0,,,80.0,76.0,4,147.7,4,1
West Africa,Male,49,Informal worker,15,118.25,-0.062,10,4.3,0,2.0,0.0,0,,,50.0,44.0,2,280.73,8,0
Central Africa,Female,36,Informal worker,15,9.15,0.062,8,4.25,0,15.0,0.0,1,0.734,45.9,63.0,32.0,5,117.69,12,1
West Africa,Male,28,Informal worker,11,63.46,0.037,25,1.71,0,15.0,0.0,1,0.674,40.1,31.0,70.0,6,515.01,4,1
Southern Africa,Female,38,Informal worker,7,15.85,-0.545,6,1.66,0,3.0,0.0,0,,,58.0,58.0,0,199.18,12,1
Southern Africa,Male,39,Trader,19,64.68,1.968,13,3.14,0,14.0,0.0,1,0.979,34.2,11.0,26.0,7,637.76,12,1
West Africa,Male,46,Trader,7,143.51,0.141,11,1.25,0,6.0,0.0,0,,,38.0,76.0,4,136.12,4,1
West Africa,Male,61,Trader,24,86.0,0.284,23,5.62,0,7.0,0.0,0,,,56.0,75.0,12,314.01,8,0
East Africa,Female,59,Trader,7,18.52,0.009,4,2.86,1,61.0,19.25,0,,,70.0,52.0,2,324.57,4,1
Central Africa,Female,56,Salaried,13,13.74,-0.331,22,3.09,1,44.0,22.79,0,,,45.0,92.0,8,514.13,8,0
East Africa,Female,41,Farmer,12,21.71,0.292,16,2.1,0,5.0,0.0,1,0.696,17.7,76.0,54.0,2,119.87,4,0
Southern Africa,Male,44,Farmer,11,65.62,0.01,9,2.46,0,2.0,0.0,1,0.775,56.0,65.0,63.0,4,276.43,8,0
Southern Africa,Male,24,Trader,12,34.11,-0.082,8,2.14,0,8.0,0.0,1,0.822,3.0,80.0,77.0,1,197.25,4,1
Southern Africa,Male,45,Salaried,9,31.35,-0.395,11,1.38,1,83.0,9.42,0,,,74.0,73.0,6,335.35,4,1
East Africa,Female,49,Trader,2,22.99,-0.446,13,0.9,0,3.0,0.0,0,,,21.0,62.0,0,213.48,52,1
East Africa,Male,59,Trader,29,40.98,0.544,21,4.56,1,76.0,54.15,0,,,40.0,84.0,5,376.28,12,1
Southern Africa,Male,20,Salaried,7,108.39,0.554,9,2.34,0,3.0,0.0,0,,,54.0,29.0,3,74.14,8,1
West Africa,Female,58,Trader,17,68.39,0.559,18,4.48,1,63.0,90.26,0,,,64.0,72.0,7,118.41,8,1
Central Africa,Female,42,Salaried,17,55.7,-1.3,13,1.79,0,7.0,0.0,0,,,9.0,80.0,3,272.44,24,1
West Africa,Male,22,Farmer,21,151.13,1.098,16,1.02,0,2.0,0.0,0,,,60.0,51.0,7,200.86,24,1
West Africa,Male,64,Salaried,16,29.66,0.089,9,2.12,0,16.0,0.0,0,,,40.0,51.0,1,211.38,24,1
Southern Africa,Male,39,Trader,25,70.13,2.447,22,6.93,1,69.0,36.56,0,,,71.0,89.0,20,490.3,52,1
West Africa,Female,37,Farmer,12,38.77,-0.186,17,0.91,0,5.0,0.0,1,0.63,3.3,35.0,55.0,2,1336.1,8,1
West Africa,Male,26,Farmer,16,20.07,0.698,12,1.23,0,24.0,0.0,0,,,22.0,75.0,7,831.7,4,1
West Africa,Female,21,Informal worker,17,60.84,0.623,8,2.16,1,55.0,18.17,0,,,66.0,79.0,3,105.33,4,1
East Africa,Male,21,Salaried,6,47.49,0.195,12,1.7,0,15.0,0.0,0,,,49.0,21.0,6,113.14,24,1
Southern Africa,Female,30,Trader,20,50.9,1.058,11,5.8,0,6.0,0.0,0,,,51.0,62.0,4,229.37,8,1
West Africa,Female,31,Informal worker,6,42.7,-0.561,6,3.15,0,10.0,0.0,1,0.881,11.8,58.0,43.0,0,150.66,12,0
West Africa,Male,39,Trader,15,63.58,0.31,20,3.6,1,78.0,24.5,0,,,67.0,81.0,3,183.23,8,1
East Africa,Male,46,Salaried,20,70.96,-0.379,17,4.28,0,16.0,0.0,0,,,66.0,75.0,7,862.08,12,1
Central Africa,Male,64,Self-employed,12,55.94,-0.128,10,3.04,0,4.0,0.0,0,,,29.0,41.0,0,174.04,8,0
West Africa,Female,55,Trader,14,64.94,-0.43,12,2.01,0,13.0,0.0,0,,,50.0,68.0,8,173.57,12,1
Central Africa,Female,40,Trader,17,34.13,-0.078,16,4.0,0,2.0,0.0,1,0.971,4.3,48.0,31.0,2,67.16,8,1
Central Africa,Female,60,Salaried,3,12.47,0.103,14,3.12,0,7.0,0.0,1,0.694,22.6,57.0,86.0,3,255.28,12,1
West Africa,Male,44,Salaried,18,34.52,0.483,18,4.58,0,15.0,0.0,1,0.906,9.2,47.0,71.0,10,366.43,12,1
Southern Africa,Male,37,Informal worker,28,54.93,0.548,21,4.93,1,67.0,17.13,1,0.909,16.5,51.0,57.0,7,535.75,24,1
Southern Africa,Female,28,Farmer,13,59.26,0.333,15,1.45,0,9.0,0.0,1,0.931,6.4,53.0,46.0,1,166.9,12,0
East Africa,Female,37,Salaried,16,67.49,1.629,18,3.28,0,5.0,0.0,0,,,63.0,62.0,5,331.26,12,1
East Africa,Female,19,Trader,19,89.17,-0.367,18,2.5,0,2.0,0.0,1,0.672,26.3,62.0,88.0,1,361.09,8,1
Southern Africa,Female,25,Self-employed,16,50.2,1.531,13,3.31,0,5.0,0.0,0,,,37.0,60.0,5,173.09,12,1
Southern Africa,Female,62,Salaried,31,319.6,-0.413,19,3.36,0,5.0,0.0,0,,,91.0,27.0,4,474.94,8,1
Southern Africa,Female,27,Salaried,10,71.63,-1.609,9,1.42,0,0.0,0.0,1,0.79,8.7,68.0,96.0,4,171.76,4,0
Central Africa,Female,44,Salaried,12,26.55,0.643,10,1.06,1,33.0,17.49,0,,,38.0,58.0,1,458.23,4,1
East Africa,Female,22,Self-employed,26,63.47,0.526,17,4.93,0,6.0,0.0,0,,,68.0,88.0,11,1078.56,12,1
Southern Africa,Female,46,Trader,9,29.6,-1.037,12,1.09,1,69.0,7.49,0,,,24.0,61.0,4,158.62,12,1
Central Africa,Prefer not to say,63,Self-employed,14,54.87,-0.138,14,1.38,0,6.0,0.0,1,0.847,4.9,26.0,72.0,3,234.27,24,1
West Africa,Male,39,Trader,15,50.58,-0.428,8,3.18,0,2.0,0.0,0,,,37.0,98.0,0,488.97,24,1
West Africa,Female,23,Farmer,29,115.56,0.869,16,5.01,0,1.0,0.0,1,0.84,8.6,47.0,74.0,8,381.88,24,1
East Africa,Female,19,Farmer,18,14.81,-0.068,16,3.51,1,57.0,34.15,1,0.646,6.0,44.0,37.0,4,197.96,4,0
Central Africa,Male,53,Trader,8,25.34,0.684,17,3.79,0,3.0,0.0,0,,,25.0,94.0,3,83.66,24,1
West Africa,Female,22,Farmer,9,15.12,-0.253,5,4.34,0,11.0,0.0,0,,,53.0,70.0,2,38.12,12,1
Southern Africa,Male,32,Farmer,10,47.6,0.17,10,3.79,0,2.0,0.0,0,,,59.0,77.0,6,407.55,4,1
West Africa,Male,57,Trader,16,34.54,0.266,11,2.58,0,13.0,0.0,1,0.768,17.1,70.0,71.0,6,631.3,4,1
East Africa,Male,43,Farmer,5,21.46,0.139,8,2.9,0,5.0,0.0,1,0.759,5.9,64.0,92.0,2,88.24,8,1
East Africa,Female,59,Farmer,22,28.85,0.257,17,3.4,1,78.0,34.84,0,,,27.0,57.0,6,305.81,12,1
West Africa,Female,59,Informal worker,24,60.3,0.803,13,1.9,0,2.0,0.0,0,,,31.0,31.0,5,822.22,24,1
Central Africa,Female,49,Informal worker,3,77.4,-1.211,16,4.53,1,84.0,14.26,0,,,61.0,39.0,1,116.64,12,0
West Africa,Male,61,Informal worker,9,55.09,-0.126,11,3.2,1,73.0,14.38,0,,,68.0,85.0,0,423.78,4,1
Central Africa,Female,19,Salaried,28,132.43,0.181,19,2.16,0,1.0,0.0,0,,,84.0,36.0,13,679.29,4,0
West Africa,Male,29,Informal worker,17,147.25,-0.619,9,3.58,0,1.0,0.0,1,0.989,13.5,32.0,58.0,5,251.35,8,1
Central Africa,Male,31,Trader,2,46.23,-1.127,15,2.5,0,14.0,0.0,0,,,40.0,36.0,1,253.25,4,0
East Africa,Male,60,Farmer,10,39.86,-0.823,8,1.7,0,3.0,0.0,0,,,6.0,86.0,1,472.74,12,1
West Africa,Female,47,Farmer,16,22.9,0.627,19,2.59,1,95.0,55.84,1,0.845,11.3,80.0,79.0,5,561.65,4,1
West Africa,Male,29,Trader,34,161.1,1.156,18,5.91,1,63.0,52.64,0,,,39.0,77.0,11,161.48,8,1
West Africa,Female,27,Salaried,7,26.29,0.288,11,0.84,0,5.0,0.0,1,0.775,0.3,39.0,39.0,9,314.81,8,1
East Africa,Female,55,Trader,3,32.63,-0.657,12,4.1,1,92.0,12.22,0,,,35.0,80.0,2,78.69,24,1
Southern Africa,Male,58,Self-employed,9,82.54,0.756,11,0.72,1,26.0,21.52,0,,,61.0,64.0,3,125.61,12,1
East Africa,Female,18,Trader,14,28.72,-0.292,8,2.82,0,11.0,0.0,0,,,45.0,84.0,5,216.03,4,0
East Africa,Male,35,Informal worker,21,57.73,0.587,20,2.28,0,8.0,0.0,0,,,28.0,79.0,8,492.25,4,0
East Africa,Male,43,Trader,12,17.82,0.095,8,1.87,0,2.0,0.0,1,0.567,6.6,61.0,81.0,4,487.7,12,1
East Africa,Male,29,Self-employed,7,13.75,-0.793,10,1.6,0,9.0,0.0,0,,,18.0,33.0,1,285.35,12,1
Southern Africa,Female,52,Salaried,17,40.89,-0.932,14,2.41,0,9.0,0.0,0,,,71.0,70.0,2,497.1,8,1
East Africa,Female,53,Trader,15,12.26,-0.804,11,4.81,0,10.0,0.0,1,0.807,24.0,36.0,95.0,2,451.42,8,1
Southern Africa,Female,57,Trader,12,117.5,-0.607,17,2.16,0,10.0,0.0,1,0.786,2.1,28.0,25.0,4,305.39,4,1
Central Africa,Female,54,Informal worker,23,36.4,-0.395,12,7.21,1,50.0,20.36,0,,,26.0,88.0,5,173.07,12,1
East Africa,Male,57,Trader,16,61.38,0.492,10,3.6,1,34.0,12.38,0,,,70.0,38.0,9,146.45,4,1
West Africa,Female,35,Trader,27,21.79,0.784,16,3.72,1,77.0,20.54,0,,,61.0,79.0,5,215.86,4,1
West Africa,Male,32,Self-employed,28,42.52,1.056,16,3.46,0,1.0,0.0,1,0.856,2.9,27.0,39.0,6,83.8,12,0
East Africa,Male,32,Informal worker,22,45.46,-1.662,13,1.82,1,69.0,38.41,0,,,64.0,71.0,6,162.0,52,0
West Africa,Prefer not to say,58,Trader,28,18.4,0.059,12,2.67,0,10.0,0.0,0,,,64.0,70.0,5,324.61,4,0
Central Africa,Male,48,Farmer,15,46.65,-0.29,10,3.78,0,5.0,0.0,1,0.682,6.2,26.0,45.0,3,866.47,8,1
East Africa,Male,33,Trader,6,55.86,-0.599,13,1.82,0,4.0,0.0,1,0.835,5.2,43.0,66.0,0,912.59,24,1
East Africa,Male,51,Salaried,29,81.19,-0.278,20,4.18,1,63.0,33.67,0,,,42.0,67.0,6,1970.02,4,0
Southern Africa,Male,28,Trader,13,45.13,0.574,9,3.65,0,2.0,0.0,0,,,45.0,43.0,4,1013.14,4,1
West Africa,Female,30,Farmer,9,26.73,0.8,6,1.6,1,86.0,11.38,1,0.682,3.0,81.0,72.0,0,101.66,8,1
Southern Africa,Male,18,Trader,6,19.74,-0.451,12,0.73,1,72.0,14.85,0,,,66.0,84.0,3,116.03,24,1
West Africa,Female,63,Self-employed,9,31.13,1.043,12,1.38,0,2.0,0.0,0,,,49.0,70.0,3,110.61,24,1
East Africa,Male,29,Trader,15,49.55,-1.358,14,2.88,0,1.0,0.0,0,,,72.0,57.0,3,264.51,4,0
Central Africa,Female,53,Informal worker,14,56.87,-0.739,10,2.62,1,82.0,72.33,1,0.635,9.2,65.0,55.0,0,150.22,4,1
Southern Africa,Female,23,Farmer,22,37.46,0.185,16,1.94,1,17.0,32.22,0,,,59.0,9.0,3,695.86,24,1
Central Africa,Female,19,Salaried,20,66.08,0.834,18,6.29,1,59.0,64.17,0,,,41.0,20.0,5,190.8,8,1
East Africa,Female,49,Trader,18,39.27,0.244,18,4.12,0,13.0,0.0,0,,,46.0,45.0,7,333.23,12,0
Southern Africa,Female,22,Salaried,23,55.25,-0.196,16,5.65,0,4.0,0.0,1,0.866,9.2,85.0,22.0,8,523.26,4,1
East Africa,Female,24,Self-employed,14,68.57,0.687,14,2.37,0,12.0,0.0,0,,,47.0,76.0,11,113.74,8,1
East Africa,Female,33,Trader,19,11.68,0.343,11,5.44,0,5.0,0.0,0,,,41.0,64.0,4,26.98,12,1
West Africa,Male,45,Trader,18,61.27,-0.55,9,2.96,0,2.0,0.0,0,,,46.0,37.0,4,275.39,24,0
West Africa,Male,18,Self-employed,14,55.52,-0.193,12,2.23,0,2.0,0.0,1,0.557,8.6,77.0,90.0,3,335.0,12,1
East Africa,Female,23,Farmer,17,115.52,-0.518,14,3.92,1,56.0,50.97,0,,,33.0,49.0,5,342.68,12,1
West Africa,Male,33,Salaried,20,14.11,0.582,17,5.14,1,39.0,36.69,1,0.919,13.4,26.0,92.0,8,852.4,12,1
Southern Africa,Male,51,Salaried,11,48.59,-1.027,13,4.53,1,44.0,8.91,1,0.722,13.2,45.0,51.0,1,46.6,12,0
Southern Africa,Prefer not to say,22,Farmer,9,21.05,-0.908,11,2.44,0,7.0,0.0,1,0.763,22.8,46.0,58.0,4,77.84,8,0
Central Africa,Male,31,Trader,12,68.41,0.905,12,3.99,1,94.0,18.89,0,,,54.0,63.0,1,254.3,12,1
West Africa,Male,27,Farmer,23,82.62,0.181,14,4.97,0,18.0,0.0,0,,,31.0,35.0,10,191.84,8,1
Central Africa,Female,32,Informal worker,16,113.58,-0.56,15,2.47,0,6.0,0.0,0,,,61.0,78.0,4,433.3,8,1
West Africa,Male,30,Farmer,27,90.43,-0.623,24,5.77,1,51.0,30.2,1,0.793,14.8,41.0,69.0,12,1252.83,4,1
East Africa,Male,48,Informal worker,10,13.68,0.115,11,5.08,0,7.0,0.0,0,,,81.0,71.0,5,159.45,24,1
Southern Africa,Male,21,Farmer,19,43.59,0.299,12,1.82,0,11.0,0.0,1,0.787,9.8,30.0,34.0,8,337.28,12,1
West Africa,Male,62,Salaried,24,92.38,1.216,19,6.16,1,31.0,32.72,1,0.519,1.1,16.0,75.0,10,301.81,12,1
West Africa,Male,29,Trader,31,84.7,-0.68,11,6.42,0,6.0,0.0,0,,,84.0,19.0,9,266.45,4,1
West Africa,Female,64,Farmer,22,35.13,0.013,22,3.26,0,0.0,0.0,0,,,67.0,43.0,6,408.88,8,1
East Africa,Male,52,Trader,16,54.75,0.158,15,6.79,1,54.0,7.95,0,,,50.0,97.0,5,500.32,12,1
Southern Africa,Male,34,Trader,19,270.98,0.18,22,2.46,0,1.0,0.0,0,,,57.0,60.0,8,81.05,4,1
West Africa,Female,32,Farmer,14,70.05,0.854,17,6.68,1,35.0,50.77,1,0.854,7.4,58.0,27.0,6,848.98,12,1
West Africa,Male,62,Self-employed,23,125.35,0.567,14,8.67,1,77.0,56.73,1,0.827,0.4,64.0,83.0,8,105.21,8,1
East Africa,Male,64,Farmer,19,56.23,0.16,8,2.71,1,70.0,21.6,1,0.692,24.8,63.0,76.0,1,473.91,4,1
West Africa,Male,46,Trader,9,27.87,0.402,11,6.18,0,5.0,0.0,1,0.657,19.1,30.0,48.0,4,359.12,52,0
Southern Africa,Male,20,Informal worker,27,22.69,-0.603,5,2.31,1,34.0,19.19,0,,,45.0,65.0,8,110.61,4,1
Central Africa,Male,60,Informal worker,17,52.89,0.233,17,0.96,0,16.0,0.0,1,0.918,3.3,26.0,77.0,3,275.06,4,1
Southern Africa,Male,40,Farmer,39,122.23,1.489,36,3.78,1,32.0,10.93,1,0.933,5.6,72.0,55.0,17,460.36,12,1
Central Africa,Female,19,Trader,6,25.86,1.014,13,2.02,1,75.0,11.08,0,,,10.0,30.0,4,83.89,8,1
East Africa,Prefer not to say,55,Farmer,4,47.85,-1.215,13,4.0,1,64.0,18.44,0,,,9.0,49.0,6,285.24,4,1
Southern Africa,Female,19,Trader,15,21.54,-0.319,8,4.51,1,49.0,41.66,0,,,49.0,63.0,4,206.9,12,1
West Africa,Male,35,Farmer,17,45.47,0.379,15,2.67,1,35.0,28.47,0,,,65.0,84.0,4,85.01,4,1
West Africa,Female,21,Trader,8,39.58,0.415,14,4.87,0,7.0,0.0,0,,,73.0,10.0,3,93.89,52,0
Southern Africa,Female,38,Informal worker,15,36.4,0.074,14,1.67,1,72.0,41.66,1,0.864,1.0,64.0,78.0,4,157.44,8,1
West Africa,Male,55,Salaried,7,15.5,-0.488,16,3.91,0,11.0,0.0,1,0.867,10.5,30.0,90.0,2,149.72,24,1
Central Africa,Female,24,Trader,26,25.95,0.096,12,3.48,0,13.0,0.0,1,0.922,15.5,36.0,81.0,6,286.35,8,1
Southern Africa,Female,24,Trader,8,133.96,0.716,9,2.38,1,69.0,29.69,1,0.633,16.1,52.0,74.0,1,83.7,8,1
Central Africa,Male,62,Salaried,18,36.15,0.513,22,3.14,1,46.0,13.51,0,,,37.0,86.0,8,281.32,4,1
West Africa,Prefer not to say,26,Informal worker,9,34.83,-0.688,16,1.18,0,1.0,0.0,0,,,17.0,70.0,0,140.45,12,0
East Africa,Male,23,Informal worker,8,62.63,-0.489,12,1.22,0,2.0,0.0,0,,,39.0,39.0,3,437.77,8,0
Southern Africa,Male,45,Salaried,9,89.2,-0.438,14,2.92,1,59.0,17.54,0,,,66.0,64.0,2,285.33,24,1
West Africa,Male,31,Informal worker,16,293.27,1.33,20,4.56,0,11.0,0.0,0,,,43.0,68.0,11,621.47,8,1
East Africa,Male,62,Informal worker,18,23.35,0.801,12,2.29,1,87.0,21.94,1,0.807,30.9,40.0,90.0,2,152.71,12,1
Southern Africa,Prefer not to say,25,Farmer,28,74.61,-0.356,18,2.87,1,66.0,54.25,1,0.836,4.9,39.0,90.0,13,125.23,12,1
Central Africa,Female,44,Self-employed,26,33.7,0.008,21,2.7,0,0.0,0.0,1,0.882,7.2,39.0,76.0,5,247.53,52,1
Southern Africa,Male,61,Informal worker,19,57.16,0.433,9,8.52,0,8.0,0.0,0,,,73.0,21.0,5,362.74,8,1
West Africa,Female,52,Trader,11,21.95,-0.017,13,1.14,0,4.0,0.0,1,0.635,3.4,30.0,75.0,2,396.38,8,1
East Africa,Female,19,Informal worker,18,44.09,-0.223,15,1.16,1,50.0,29.1,0,,,39.0,43.0,6,297.98,24,1
East Africa,Female,26,Trader,22,28.52,0.653,20,2.08,0,4.0,0.0,0,,,34.0,55.0,8,316.48,4,1
West Africa,Female,23,Farmer,19,22.84,0.881,16,3.45,1,19.0,13.03,0,,,68.0,60.0,3,308.1,24,1
East Africa,Female,60,Trader,12,26.27,-0.389,8,2.11,0,1.0,0.0,0,,,64.0,93.0,5,1292.72,12,0
West Africa,Female,27,Informal worker,25,30.67,-0.591,23,4.18,1,80.0,40.4,0,,,30.0,76.0,7,1966.33,8,1
West Africa,Male,20,Farmer,10,56.71,-0.023,10,3.37,1,69.0,67.42,0,,,46.0,60.0,5,97.47,24,1
East Africa,Female,35,Informal worker,9,27.48,-0.87,7,3.24,0,1.0,0.0,0,,,31.0,56.0,5,646.71,8,0
West Africa,Male,31,Informal worker,15,40.54,0.282,10,2.83,0,0.0,0.0,0,,,28.0,30.0,3,287.57,8,1
East Africa,Male,25,Trader,22,20.43,-0.473,18,3.07,0,5.0,0.0,0,,,49.0,55.0,7,836.91,12,0
West Africa,Male,39,Farmer,7,28.62,0.796,9,3.52,0,6.0,0.0,0,,,41.0,75.0,1,460.07,52,1
Southern Africa,Male,60,Farmer,29,47.9,-0.363,24,1.88,0,10.0,0.0,0,,,58.0,84.0,5,405.2,4,1
West Africa,Female,28,Informal worker,4,55.24,-0.461,12,0.78,1,51.0,26.55,0,,,13.0,23.0,3,192.17,8,1
Central Africa,Female,64,Self-employed,26,197.24,0.421,17,2.94,1,32.0,46.0,0,,,48.0,71.0,3,238.38,52,1
West Africa,Male,49,Farmer,7,41.58,-0.647,10,2.2,0,1.0,0.0,0,,,50.0,26.0,4,222.54,8,0
East Africa,Female,35,Informal worker,18,110.69,0.416,18,4.6,0,1.0,0.0,1,0.855,16.1,24.0,81.0,15,680.97,24,0
West Africa,Male,49,Self-employed,20,48.4,0.388,8,3.11,1,64.0,14.48,1,0.942,0.8,29.0,74.0,10,743.97,8,1
West Africa,Female,34,Informal worker,14,41.79,0.955,11,2.86,0,6.0,0.0,1,0.875,4.7,53.0,49.0,2,75.63,12,1
East Africa,Male,27,Farmer,18,56.86,0.724,14,4.21,1,16.0,23.05,0,,,58.0,61.0,14,200.18,8,1
Southern Africa,Male,29,Farmer,21,70.56,0.474,21,3.49,1,39.0,42.03,0,,,44.0,70.0,8,207.58,4,0
Central Africa,Female,18,Salaried,33,77.17,1.747,24,6.59,1,59.0,59.46,0,,,31.0,57.0,11,291.89,4,1
West Africa,Female,48,Farmer,14,44.81,0.267,9,1.65,0,2.0,0.0,0,,,60.0,11.0,3,191.67,8,1
West Africa,Male,21,Trader,11,56.12,0.698,14,2.49,0,18.0,0.0,0,,,23.0,54.0,5,163.47,8,1
Southern Africa,Male,27,Farmer,13,55.58,-0.36,20,7.38,0,4.0,0.0,0,,,93.0,62.0,3,410.82,4,0
East Africa,Male,18,Trader,7,29.38,-1.246,9,1.76,1,99.0,16.31,0,,,42.0,88.0,4,117.12,12,0
West Africa,Female,21,Informal worker,25,161.41,1.265,17,7.32,1,61.0,23.41,0,,,12.0,92.0,12,162.82,8,1
Southern Africa,Male,60,Self-employed,9,40.84,0.258,9,4.89,1,49.0,12.01,1,0.785,5.8,89.0,44.0,2,1632.78,8,1
East Africa,Male,19,Self-employed,38,119.28,0.277,22,7.26,0,4.0,0.0,0,,,47.0,57.0,7,166.86,24,1
Southern Africa,Female,47,Informal worker,19,45.79,-0.522,18,2.55,1,26.0,11.68,1,0.905,1.1,33.0,30.0,6,610.31,4,1
East Africa,Female,33,Salaried,6,47.11,-0.555,9,1.53,1,98.0,11.97,1,0.859,7.9,56.0,81.0,4,181.24,4,1
East Africa,Male,24,Salaried,20,107.69,1.444,18,3.7,1,37.0,18.89,1,0.802,0.4,60.0,82.0,4,166.26,12,1
West Africa,Female,32,Self-employed,6,45.62,-1.144,10,1.29,0,0.0,0.0,0,,,62.0,41.0,2,452.49,4,1
Southern Africa,Male,22,Salaried,10,75.17,1.127,15,3.56,0,1.0,0.0,0,,,71.0,63.0,4,394.11,4,0
West Africa,Male,32,Salaried,11,68.27,-0.588,8,2.95,1,27.0,24.26,0,,,11.0,70.0,4,1345.91,8,0
Southern Africa,Female,56,Trader,17,29.15,0.111,23,5.37,0,5.0,0.0,0,,,41.0,48.0,7,320.98,52,1
Southern Africa,Male,47,Trader,11,19.22,-0.173,11,1.27,1,43.0,12.78,0,,,48.0,50.0,2,165.16,4,1
Southern Africa,Male,56,Trader,31,177.1,0.824,17,2.36,0,6.0,0.0,0,,,41.0,67.0,14,134.37,12,1
West Africa,Female,50,Informal worker,12,15.49,-1.274,10,0.88,0,7.0,0.0,0,,,45.0,85.0,4,123.23,4,1
West Africa,Female,61,Self-employed,16,52.8,1.533,9,1.25,0,1.0,0.0,1,0.784,0.0,65.0,33.0,6,387.0,8,1
East Africa,Female,23,Self-employed,9,98.11,0.484,14,6.67,0,12.0,0.0,1,0.521,1.8,62.0,31.0,8,145.4,12,1
East Africa,Female,25,Salaried,25,48.48,0.696,19,3.06,1,31.0,27.15,0,,,57.0,60.0,7,1113.48,12,1
Central Africa,Male,37,Salaried,8,31.62,0.019,20,4.08,0,5.0,0.0,1,0.857,0.7,17.0,76.0,2,450.83,24,0
East Africa,Female,42,Farmer,27,29.67,0.428,10,2.47,1,43.0,39.52,1,0.775,7.5,49.0,62.0,2,104.19,4,1
Central Africa,Male,54,Farmer,14,51.4,0.222,12,3.14,1,34.0,17.92,0,,,80.0,56.0,5,197.38,24,1
West Africa,Female,23,Informal worker,21,62.77,0.452,15,3.13,0,2.0,0.0,0,,,72.0,54.0,11,340.14,12,1
East Africa,Male,23,Trader,25,226.15,0.297,26,2.2,0,9.0,0.0,0,,,63.0,66.0,14,341.92,24,1
West Africa,Male,55,Salaried,26,87.67,0.052,18,9.47,1,77.0,34.57,1,0.818,11.4,53.0,46.0,8,740.39,24,1
Southern Africa,Male,43,Informal worker,12,101.75,0.514,11,4.1,0,11.0,0.0,0,,,29.0,49.0,3,360.87,8,1
West Africa,Female,37,Trader,7,62.12,0.575,12,0.87,1,65.0,15.04,1,0.947,1.8,33.0,52.0,4,803.97,8,0
West Africa,Male,28,Informal worker,44,175.5,0.725,32,4.12,0,8.0,0.0,0,,,71.0,79.0,10,168.11,4,1
Southern Africa,Female,50,Informal worker,17,36.23,0.166,15,6.49,1,25.0,40.37,0,,,29.0,25.0,9,273.07,12,0
East Africa,Female,55,Salaried,7,88.29,-0.329,16,3.43,0,11.0,0.0,1,0.97,0.3,11.0,84.0,6,104.91,8,1
West Africa,Female,19,Salaried,19,42.08,0.923,21,3.13,0,2.0,0.0,0,,,87.0,79.0,4,1132.33,8,1
West Africa,Male,20,Trader,43,76.99,0.839,31,13.88,1,79.0,38.56,0,,,35.0,66.0,11,422.52,8,1
East Africa,Male,54,Salaried,21,38.93,0.033,15,3.94,0,5.0,0.0,0,,,48.0,43.0,10,849.71,4,0
West Africa,Female,59,Trader,15,50.38,-0.533,7,1.27,1,38.0,24.91,1,0.543,18.5,19.0,61.0,6,257.89,12,0
West Africa,Female,28,Farmer,13,26.24,0.473,13,3.93,1,44.0,21.67,0,,,72.0,42.0,3,403.04,8,1
East Africa,Male,51,Farmer,20,30.02,0.639,25,2.66,0,3.0,0.0,1,0.499,9.6,41.0,84.0,10,483.63,4,1
West Africa,Female,57,Salaried,11,179.61,-0.464,12,2.56,0,6.0,0.0,1,0.918,13.8,20.0,76.0,0,141.21,24,1
East Africa,Male,23,Self-employed,13,17.38,-0.198,15,2.98,1,88.0,14.47,1,0.698,6.3,34.0,94.0,4,83.68,12,1
East Africa,Male,26,Trader,29,150.5,1.39,20,1.9,1,68.0,33.42,1,0.786,2.0,83.0,92.0,4,1819.25,24,1
West Africa,Male,24,Informal worker,18,105.42,0.375,9,2.84,1,63.0,69.09,1,0.504,2.0,57.0,68.0,6,359.89,8,1
West Africa,Male,55,Salaried,28,89.92,1.241,18,13.35,0,2.0,0.0,1,0.428,9.9,39.0,62.0,3,263.8,8,1
West Africa,Male,54,Self-employed,11,45.46,-0.458,12,1.47,0,7.0,0.0,1,0.827,38.2,27.0,51.0,8,273.17,4,0
West Africa,Female,24,Trader,32,33.0,0.642,19,1.47,1,86.0,40.57,1,0.821,6.8,39.0,56.0,14,324.81,24,1
West Africa,Male,26,Trader,11,50.33,-0.099,12,3.06,0,0.0,0.0,1,0.828,10.3,57.0,70.0,3,123.69,4,1
Central Africa,Female,49,Farmer,17,105.97,1.693,9,4.64,0,20.0,0.0,1,0.624,7.0,61.0,43.0,6,1995.99,12,1
Southern Africa,Female,60,Self-employed,17,85.15,0.229,12,4.08,0,10.0,0.0,1,0.786,4.7,62.0,61.0,5,1542.17,8,1
East Africa,Female,54,Farmer,12,49.64,-0.498,16,2.62,0,0.0,0.0,0,,,51.0,54.0,8,276.84,8,0
East Africa,Male,25,Farmer,16,145.15,0.374,9,2.67,1,76.0,42.91,0,,,57.0,69.0,2,204.24,4,1
East Africa,Female,36,Self-employed,23,107.41,0.738,19,6.67,0,2.0,0.0,0,,,45.0,54.0,9,195.6,4,1
Southern Africa,Male,21,Farmer,17,37.24,0.845,14,2.9,0,3.0,0.0,0,,,39.0,59.0,2,104.81,4,1
West Africa,Female,29,Informal worker,34,141.03,0.622,22,4.7,1,86.0,22.69,0,,,43.0,82.0,14,202.98,8,1
West Africa,Male,44,Self-employed,30,66.93,1.263,20,3.93,0,2.0,0.0,0,,,16.0,83.0,10,342.04,4,1
West Africa,Female,34,Farmer,20,21.25,0.19,18,3.12,1,30.0,16.28,1,0.674,4.2,52.0,73.0,4,707.65,8,1
West Africa,Male,46,Trader,24,335.99,1.034,20,4.7,1,55.0,50.05,0,,,41.0,65.0,10,328.96,12,1
West Africa,Female,31,Trader,39,138.03,1.394,29,4.53,0,1.0,0.0,1,0.774,1.6,74.0,47.0,24,524.87,4,1
Central Africa,Male,44,Informal worker,10,7.17,-0.254,3,1.12,0,12.0,0.0,1,0.698,10.7,79.0,53.0,5,168.41,12,1
Central Africa,Male,47,Trader,32,141.67,-0.184,20,3.34,0,1.0,0.0,0,,,57.0,59.0,12,871.62,12,1
West Africa,Female,27,Trader,9,58.07,-0.247,5,0.75,1,63.0,29.31,0,,,17.0,48.0,1,293.41,8,0
East Africa,Male,20,Trader,20,75.39,-0.304,13,2.17,0,0.0,0.0,1,0.96,3.3,53.0,38.0,4,318.63,8,0
East Africa,Female,33,Farmer,15,114.58,-0.581,11,4.95,0,8.0,0.0,0,,,55.0,71.0,4,605.36,24,0
East Africa,Female,19,Salaried,34,106.3,0.679,12,6.91,1,54.0,48.54,1,0.952,13.6,41.0,61.0,11,242.06,12,1
East Africa,Female,25,Farmer,12,18.63,-0.908,3,1.28,1,63.0,15.85,1,0.708,1.3,60.0,48.0,1,127.72,4,1
West Africa,Female,31,Salaried,18,64.4,0.174,18,6.66,1,35.0,25.01,0,,,30.0,70.0,4,566.56,12,1
Southern Africa,Female,33,Self-employed,24,188.52,0.652,19,6.65,1,62.0,38.32,0,,,74.0,61.0,13,443.35,12,1
Central Africa,Female,31,Informal worker,16,114.12,0.024,8,6.55,0,6.0,0.0,1,0.892,2.0,85.0,55.0,10,392.83,8,1
Southern Africa,Male,20,Informal worker,10,14.15,-0.925,13,0.99,0,6.0,0.0,0,,,39.0,44.0,1,362.54,8,0
Southern Africa,Female,26,Trader,16,104.7,-0.875,17,1.95,1,61.0,16.11,1,0.867,11.8,45.0,79.0,6,268.91,12,1
East Africa,Female,59,Farmer,33,59.1,0.667,17,2.12,1,85.0,34.35,0,,,78.0,76.0,10,583.96,24,1
West Africa,Male,51,Trader,10,44.3,0.802,13,5.33,1,28.0,15.02,1,0.669,0.0,50.0,94.0,4,562.86,4,1
West Africa,Male,38,Farmer,13,48.28,0.492,17,4.78,0,9.0,0.0,1,0.8,2.1,73.0,74.0,5,585.57,24,1
East Africa,Male,19,Self-employed,22,246.06,-0.25,17,1.35,1,75.0,34.76,1,0.892,0.4,83.0,63.0,7,793.41,12,1
West Africa,Female,34,Farmer,24,28.7,0.197,26,4.46,0,1.0,0.0,1,0.714,15.5,54.0,73.0,10,957.33,24,1
Southern Africa,Male,61,Trader,12,29.51,-0.328,12,4.61,0,1.0,0.0,1,0.96,5.8,70.0,23.0,3,100.92,4,1
East Africa,Female,56,Salaried,11,60.27,-0.868,16,1.5,0,5.0,0.0,1,0.523,0.5,25.0,42.0,1,404.95,12,1
East Africa,Female,53,Self-employed,18,35.65,-0.599,9,1.19,0,5.0,0.0,1,0.622,4.1,91.0,42.0,1,182.04,12,0
West Africa,Female,29,Salaried,16,64.19,-0.303,18,4.12,0,2.0,0.0,1,0.923,0.5,48.0,54.0,3,569.6,8,1
Central Africa,Male,36,Trader,13,78.42,0.83,13,1.77,0,2.0,0.0,0,,,44.0,71.0,5,254.63,12,0
West Africa,Female,19,Informal worker,8,10.77,-0.309,15,3.43,0,11.0,0.0,1,0.735,22.2,35.0,41.0,1,360.69,24,1
West Africa,Female,58,Farmer,9,18.28,0.465,7,0.99,1,51.0,15.99,0,,,50.0,63.0,1,164.01,8,1
West Africa,Male,23,Informal worker,25,401.86,0.652,17,5.72,1,51.0,25.76,1,0.715,14.3,19.0,72.0,10,926.35,12,1
Southern Africa,Male,47,Informal worker,11,30.29,0.957,18,2.95,0,4.0,0.0,1,0.838,9.5,61.0,22.0,3,136.34,8,1
Central Africa,Male,31,Salaried,14,44.45,-1.007,9,2.2,1,77.0,31.77,0,,,16.0,70.0,1,209.94,8,1
West Africa,Female,44,Trader,15,39.88,0.801,16,3.78,1,74.0,16.81,0,,,39.0,98.0,7,863.37,24,1
Central Africa,Male,56,Self-employed,19,22.29,0.293,14,2.51,0,1.0,0.0,0,,,79.0,69.0,8,423.22,8,1
West Africa,Male,32,Trader,9,25.82,-0.1,9,1.42,0,5.0,0.0,0,,,36.0,48.0,5,58.78,4,1
East Africa,Male,18,Trader,17,38.85,1.005,15,2.25,1,75.0,37.99,0,,,71.0,25.0,12,619.37,4,1
West Africa,Male,49,Salaried,15,112.89,0.23,14,2.47,1,64.0,13.0,0,,,80.0,32.0,9,238.42,12,1
East Africa,Male,43,Farmer,19,34.96,0.493,11,4.35,0,5.0,0.0,0,,,21.0,94.0,10,521.96,8,0
Southern Africa,Female,24,Farmer,14,103.99,-0.526,11,1.69,1,70.0,17.17,0,,,29.0,31.0,4,416.04,12,0
East Africa,Male,20,Farmer,12,25.92,0.992,10,3.38,1,50.0,12.08,1,0.673,10.3,41.0,64.0,0,1261.82,8,1
West Africa,Female,42,Trader,10,56.09,-0.606,14,4.06,1,85.0,22.28,0,,,27.0,27.0,4,376.9,4,1
Southern Africa,Male,46,Trader,19,71.26,-0.463,13,3.27,1,58.0,40.59,1,0.688,16.3,48.0,71.0,5,495.2,4,0
Central Africa,Male,23,Salaried,27,98.25,0.362,28,9.14,0,7.0,0.0,0,,,69.0,42.0,11,828.67,4,1
East Africa,Female,46,Trader,12,113.87,-0.379,15,3.98,0,4.0,0.0,1,0.853,9.2,44.0,35.0,9,297.04,4,1
East Africa,Female,38,Self-employed,11,59.18,-1.006,15,4.53,0,3.0,0.0,0,,,82.0,54.0,5,154.75,8,0
Southern Africa,Female,24,Salaried,25,106.78,0.417,15,2.09,1,84.0,48.52,0,,,66.0,90.0,5,186.4,24,1
West Africa,Male,46,Salaried,30,24.23,-0.478,17,5.15,1,43.0,34.01,0,,,39.0,29.0,6,223.92,8,1
Central Africa,Male,48,Salaried,13,15.7,-0.7,11,2.46,0,1.0,0.0,0,,,18.0,83.0,2,148.02,24,0
West Africa,Female,25,Informal worker,15,25.91,-1.466,9,3.77,0,1.0,0.0,0,,,20.0,90.0,2,78.33,8,1
Southern Africa,Male,49,Farmer,8,12.74,0.524,11,2.24,0,2.0,0.0,0,,,52.0,74.0,1,129.82,52,1
West Africa,Female,28,Self-employed,19,83.4,0.723,14,3.83,0,2.0,0.0,0,,,14.0,78.0,8,833.59,8,1
West Africa,Male,46,Farmer,10,44.44,-1.327,10,1.36,0,4.0,0.0,0,,,18.0,37.0,1,548.94,24,0
East Africa,Male,56,Trader,19,123.9,-0.113,16,3.11,0,3.0,0.0,0,,,33.0,72.0,3,170.88,4,0
East Africa,Female,62,Informal worker,8,65.74,-0.233,17,2.72,1,87.0,20.79,1,0.839,2.5,47.0,54.0,2,330.75,4,1
Central Africa,Female,30,Trader,8,31.84,-0.133,9,1.46,0,1.0,0.0,1,0.881,8.1,43.0,64.0,11,128.16,4,1
Central Africa,Female,33,Informal worker,21,59.28,0.331,15,1.97,1,53.0,27.23,0,,,60.0,61.0,6,288.53,8,0
West Africa,Female,22,Self-employed,17,86.77,-0.84,13,1.78,1,60.0,48.68,0,,,50.0,75.0,6,105.21,12,1
West Africa,Male,63,Informal worker,16,70.21,-0.626,9,3.17,0,4.0,0.0,0,,,92.0,64.0,6,558.05,4,1
East Africa,Female,33,Trader,15,58.26,-0.21,17,2.19,0,3.0,0.0,1,0.951,0.9,36.0,49.0,6,57.3,8,1
East Africa,Prefer not to say,55,Trader,10,20.46,0.079,12,2.07,0,1.0,0.0,1,0.679,0.9,55.0,34.0,2,427.95,12,1
East Africa,Male,61,Farmer,5,26.67,-0.617,12,2.42,1,32.0,10.58,1,0.878,16.1,14.0,40.0,2,115.22,52,1
Central Africa,Male,40,Trader,9,25.3,0.103,17,2.75,0,2.0,0.0,1,0.736,2.4,86.0,59.0,6,260.5,12,0
Southern Africa,Female,50,Informal worker,9,67.74,-0.851,13,2.75,0,3.0,0.0,0,,,69.0,36.0,4,156.62,24,1
West Africa,Male,40,Salaried,12,61.78,-0.621,13,3.57,1,70.0,11.85,1,0.654,7.0,64.0,69.0,5,77.69,12,1
East Africa,Female,45,Informal worker,7,26.42,0.23,12,3.02,0,3.0,0.0,0,,,24.0,55.0,4,474.86,4,1
East Africa,Male,29,Informal worker,2,40.42,0.098,7,2.33,1,78.0,13.54,1,0.794,35.4,42.0,60.0,2,166.0,12,1
East Africa,Female,57,Farmer,12,57.63,0.226,12,2.71,1,46.0,17.48,0,,,49.0,56.0,5,304.28,4,0
West Africa,Female,23,Trader,24,65.44,0.727,20,8.44,1,74.0,17.23,0,,,64.0,55.0,13,371.91,52,1
East Africa,Female,49,Informal worker,21,45.01,0.813,14,7.7,1,39.0,23.96,1,0.704,11.2,22.0,69.0,9,386.6,8,1
East Africa,Female,61,Farmer,17,42.59,0.029,21,1.55,1,69.0,52.28,0,,,53.0,76.0,5,192.1,24,1
West Africa,Male,56,Farmer,12,71.42,0.312,16,1.84,1,86.0,17.25,0,,,65.0,15.0,2,534.77,12,1
Southern Africa,Female,53,Informal worker,13,49.67,-0.092,17,2.93,1,63.0,29.89,0,,,47.0,37.0,2,249.49,8,1
West Africa,Female,48,Farmer,14,49.79,-0.431,7,4.03,0,3.0,0.0,0,,,37.0,27.0,2,251.71,52,0
East Africa,Female,62,Trader,13,53.61,-0.196,18,1.82,1,27.0,39.48,1,0.421,11.1,35.0,57.0,2,325.7,24,1
East Africa,Prefer not to say,58,Farmer,22,22.1,0.725,13,2.0,0,13.0,0.0,0,,,56.0,94.0,8,63.6,8,1
Central Africa,Female,30,Trader,20,67.53,0.741,14,3.09,1,60.0,9.85,0,,,37.0,69.0,9,261.75,4,1
West Africa,Female,47,Informal worker,12,43.21,-0.332,14,3.95,0,8.0,0.0,0,,,28.0,50.0,4,569.36,52,1
West Africa,Female,38,Trader,30,46.04,-0.013,24,3.59,0,4.0,0.0,0,,,51.0,67.0,3,549.68,12,0
West Africa,Female,30,Salaried,9,11.51,-0.552,5,2.09,1,60.0,12.88,0,,,25.0,65.0,2,45.56,8,0
East Africa,Female,56,Farmer,21,26.46,0.739,14,3.27,0,6.0,0.0,0,,,49.0,51.0,7,1996.01,8,1
West Africa,Male,19,Trader,13,25.49,-0.68,15,1.9,0,2.0,0.0,1,0.609,0.5,23.0,61.0,4,179.61,8,0
Southern Africa,Male,24,Trader,17,56.66,0.159,14,2.54,0,10.0,0.0,1,0.555,4.7,36.0,47.0,4,822.48,8,0
West Africa,Female,22,Self-employed,10,48.77,0.073,9,0.8,1,88.0,8.38,0,,,33.0,46.0,4,252.35,12,1
West Africa,Male,27,Farmer,31,180.41,0.792,20,1.71,1,52.0,47.02,1,0.535,10.6,32.0,63.0,8,398.05,4,1
East Africa,Male,42,Salaried,37,60.52,0.949,21,7.63,0,2.0,0.0,1,0.408,2.6,48.0,91.0,8,496.87,4,1
Southern Africa,Male,62,Salaried,25,82.83,-0.662,16,3.23,1,66.0,16.26,0,,,79.0,38.0,13,640.3,8,1
Central Africa,Female,63,Farmer,24,72.71,0.518,18,2.64,1,85.0,58.74,1,0.836,14.6,61.0,58.0,12,567.93,12,1
Southern Africa,Prefer not to say,60,Farmer,3,56.43,-0.794,11,1.32,0,6.0,0.0,0,,,51.0,30.0,3,141.17,52,1
East Africa,Female,53,Informal worker,23,157.82,0.089,15,1.34,1,79.0,43.45,1,0.725,20.0,49.0,76.0,6,420.75,12,1
Southern Africa,Female,39,Salaried,10,65.31,-1.272,15,2.04,0,11.0,0.0,0,,,48.0,34.0,1,205.24,4,0
Southern Africa,Female,54,Farmer,8,57.3,0.388,13,1.02,1,94.0,14.87,0,,,34.0,45.0,6,228.69,4,1
West Africa,Male,30,Self-employed,19,52.38,0.504,15,2.11,1,79.0,29.4,0,,,47.0,98.0,4,697.51,12,1
East Africa,Male,49,Informal worker,20,66.15,-0.11,12,2.75,1,82.0,34.15,0,,,53.0,75.0,7,748.39,12,1
Southern Africa,Male,18,Salaried,17,72.76,0.691,22,2.39,0,7.0,0.0,0,,,65.0,62.0,4,332.18,4,1
West Africa,Male,60,Trader,17,33.92,0.376,13,4.04,1,72.0,21.2,1,0.849,1.9,27.0,96.0,1,43.56,8,1
Southern Africa,Female,63,Farmer,3,15.35,0.448,6,2.7,0,9.0,0.0,1,0.545,9.3,69.0,46.0,3,309.55,12,0
East Africa,Male,52,Trader,10,12.45,0.253,12,1.82,0,7.0,0.0,1,0.863,13.7,13.0,11.0,2,157.0,12,0
East Africa,Female,26,Self-employed,16,19.54,-0.175,12,4.71,0,5.0,0.0,1,0.685,16.6,89.0,78.0,8,754.61,4,1
West Africa,Female,30,Trader,6,27.33,-0.912,13,2.0,1,80.0,6.01,1,0.471,11.6,39.0,77.0,2,316.56,8,0
Southern Africa,Male,52,Informal worker,20,65.82,1.704,20,9.66,0,1.0,0.0,0,,,34.0,62.0,10,534.04,4,1
Central Africa,Prefer not to say,41,Trader,13,44.48,-0.424,10,1.61,0,13.0,0.0,0,,,43.0,48.0,4,220.73,24,1
West Africa,Female,43,Trader,22,58.84,0.194,18,2.95,0,3.0,0.0,0,,,19.0,63.0,9,150.14,4,0
East Africa,Female,37,Farmer,32,125.3,0.928,17,5.39,0,15.0,0.0,0,,,70.0,53.0,9,804.08,12,1
West Africa,Female,57,Salaried,18,52.73,0.77,23,5.0,1,61.0,9.59,0,,,60.0,75.0,7,286.63,12,1
West Africa,Prefer not to say,25,Trader,14,115.33,0.251,18,10.51,1,75.0,35.64,1,0.89,6.5,68.0,96.0,9,792.99,8,1
Central Africa,Female,38,Salaried,6,47.64,0.347,12,3.42,1,63.0,18.69,0,,,42.0,67.0,6,222.52,4,0
East Africa,Female,28,Salaried,13,32.32,1.584,15,5.12,0,18.0,0.0,1,0.681,20.8,30.0,68.0,8,285.91,12,1
East Africa,Male,50,Self-employed,17,90.87,-0.192,14,7.22,0,0.0,0.0,1,0.636,0.9,83.0,74.0,4,82.92,24,1
West Africa,Female,31,Informal worker,37,71.25,1.138,17,7.85,1,86.0,35.45,0,,,67.0,55.0,5,189.28,24,1
Central Africa,Male,32,Informal worker,23,52.08,-0.332,18,5.43,0,0.0,0.0,1,0.865,4.9,51.0,61.0,9,258.14,8,1
West Africa,Male,26,Informal worker,12,42.74,-0.252,11,3.6,0,4.0,0.0,0,,,55.0,93.0,1,879.7,8,1
Southern Africa,Male,58,Trader,6,40.47,-0.787,16,0.81,0,11.0,0.0,1,0.753,11.6,66.0,52.0,2,424.78,24,1
West Africa,Male,28,Farmer,23,187.99,-0.183,13,2.92,0,2.0,0.0,0,,,48.0,65.0,10,362.07,4,1
West Africa,Male,58,Salaried,13,25.19,-0.668,12,3.46,0,16.0,0.0,0,,,22.0,60.0,5,112.74,8,0
Southern Africa,Male,61,Trader,12,102.03,1.037,13,3.38,1,46.0,22.2,1,0.966,9.0,73.0,26.0,6,254.57,12,0
West Africa,Male,63,Trader,29,220.06,1.731,16,1.6,1,68.0,49.03,1,0.725,0.7,54.0,63.0,6,860.55,8,1
Southern Africa,Female,34,Informal worker,16,98.59,0.767,9,3.09,0,1.0,0.0,1,0.771,0.8,47.0,98.0,4,213.29,4,1
West Africa,Female,48,Salaried,16,34.87,0.101,16,3.22,0,9.0,0.0,0,,,58.0,63.0,8,302.08,4,1
Southern Africa,Female,56,Farmer,23,127.77,0.859,19,1.15,0,7.0,0.0,0,,,67.0,64.0,7,420.62,12,1
Southern Africa,Male,21,Salaried,10,32.25,-1.152,7,4.95,0,2.0,0.0,1,0.672,44.9,61.0,32.0,1,200.95,12,0
Southern Africa,Female,21,Farmer,9,13.72,-1.943,10,1.82,1,53.0,12.12,1,0.836,24.4,38.0,72.0,1,225.89,24,1
West Africa,Male,27,Farmer,13,18.0,-0.393,12,1.88,1,80.0,12.93,0,,,70.0,31.0,3,192.68,52,1
Southern Africa,Male,64,Self-employed,15,22.42,0.24,12,1.43,0,9.0,0.0,1,0.608,13.6,47.0,64.0,8,326.79,4,1
Central Africa,Male,22,Farmer,10,42.23,-0.255,8,2.82,1,72.0,52.23,1,0.989,8.6,77.0,77.0,2,987.08,8,1
West Africa,Female,53,Informal worker,13,31.19,-0.22,10,2.17,0,5.0,0.0,1,0.89,12.8,40.0,75.0,3,73.0,4,1
West Africa,Prefer not to say,57,Self-employed,19,61.74,0.317,16,3.73,0,1.0,0.0,0,,,35.0,61.0,7,238.98,4,1
Southern Africa,Female,60,Trader,24,28.62,-0.172,18,1.27,0,7.0,0.0,0,,,39.0,81.0,5,651.25,4,0
West Africa,Female,42,Trader,12,31.11,0.04,13,5.12,0,0.0,0.0,0,,,47.0,67.0,3,574.13,12,0
Southern Africa,Female,42,Self-employed,21,68.83,0.459,11,2.54,0,4.0,0.0,0,,,58.0,78.0,2,120.78,4,1
Southern Africa,Female,52,Informal worker,7,46.83,0.809,8,2.79,1,54.0,12.68,1,0.737,7.9,71.0,59.0,5,294.55,4,1
West Africa,Male,47,Self-employed,16,37.4,-0.387,18,3.88,1,78.0,11.7,1,0.724,18.3,14.0,90.0,3,202.43,12,1
East Africa,Male,54,Salaried,19,28.23,0.855,12,2.21,1,72.0,38.79,0,,,18.0,66.0,1,274.11,24,1
East Africa,Prefer not to say,34,Informal worker,25,37.87,-0.262,21,2.08,1,77.0,22.93,0,,,46.0,83.0,9,230.67,24,1
West Africa,Prefer not to say,61,Farmer,21,73.22,-0.323,10,1.4,1,77.0,31.81,1,0.733,0.2,92.0,69.0,8,161.76,8,1
Central Africa,Male,38,Farmer,7,18.62,0.238,7,3.16,0,10.0,0.0,0,,,40.0,74.0,1,128.18,8,1
West Africa,Male,29,Trader,15,73.06,1.113,11,1.67,1,63.0,12.05,1,0.613,0.1,58.0,95.0,11,105.44,4,1
East Africa,Male,53,Farmer,12,27.15,-0.825,13,4.03,1,31.0,11.33,0,,,79.0,76.0,1,270.47,12,0
Southern Africa,Male,47,Salaried,18,49.2,-0.921,14,5.54,0,1.0,0.0,0,,,86.0,47.0,5,116.71,8,1
West Africa,Male,20,Self-employed,17,88.66,-0.202,11,3.99,1,63.0,27.28,1,0.847,7.9,39.0,79.0,4,244.33,4,1
Southern Africa,Female,25,Self-employed,6,32.45,0.509,13,1.76,1,62.0,6.59,0,,,53.0,72.0,6,120.11,12,1
West Africa,Male,19,Self-employed,8,20.41,-0.015,10,2.74,1,10.0,10.25,0,,,37.0,69.0,3,519.96,8,1
East Africa,Male,45,Trader,23,25.23,-0.732,19,4.33,1,83.0,38.61,1,0.711,1.6,69.0,76.0,5,87.32,8,0
West Africa,Male,59,Farmer,25,20.25,0.032,23,3.54,0,8.0,0.0,0,,,55.0,70.0,4,377.28,4,1
Southern Africa,Female,33,Trader,10,47.53,0.156,18,2.16,0,15.0,0.0,1,0.566,14.3,71.0,86.0,3,89.52,24,1
Southern Africa,Male,23,Informal worker,16,48.16,0.788,13,2.72,0,5.0,0.0,0,,,42.0,77.0,6,415.72,8,1
Southern Africa,Male,58,Self-employed,12,95.36,-0.34,13,1.53,0,13.0,0.0,0,,,40.0,29.0,3,253.15,8,1
Central Africa,Female,51,Salaried,17,66.94,0.554,15,4.69,1,49.0,13.4,1,0.74,4.0,26.0,39.0,7,244.78,4,1
Southern Africa,Female,43,Salaried,34,128.02,1.41,22,16.35,1,84.0,41.85,1,0.967,12.0,60.0,49.0,12,516.35,4,1
Southern Africa,Male,27,Farmer,13,39.72,0.275,13,2.14,0,9.0,0.0,0,,,47.0,27.0,11,167.5,24,1
East Africa,Female,49,Farmer,24,44.2,0.311,20,4.95,0,1.0,0.0,0,,,49.0,81.0,10,1231.58,12,1
Central Africa,Male,35,Trader,9,46.62,0.124,18,2.56,0,4.0,0.0,1,0.819,4.8,26.0,68.0,0,184.37,52,1
East Africa,Female,29,Informal worker,9,39.45,-0.187,13,5.97,1,51.0,19.87,0,,,42.0,73.0,8,184.89,52,1
Central Africa,Male,31,Farmer,8,18.66,-0.612,8,1.97,0,4.0,0.0,0,,,35.0,45.0,3,188.74,12,1
West Africa,Female,20,Salaried,10,61.17,-1.228,7,1.51,0,2.0,0.0,0,,,17.0,70.0,1,197.22,8,1
East Africa,Prefer not to say,41,Farmer,14,30.57,-1.634,11,1.71,0,14.0,0.0,1,0.902,17.6,62.0,25.0,2,187.8,4,1
Southern Africa,Female,53,Informal worker,22,42.16,-0.302,25,10.0,0,11.0,0.0,1,0.71,4.2,23.0,53.0,5,385.29,12,0
West Africa,Female,56,Salaried,9,136.67,-0.101,9,4.83,0,1.0,0.0,0,,,45.0,70.0,5,583.54,4,1
West Africa,Male,52,Trader,11,25.8,0.626,6,1.37,0,5.0,0.0,1,0.433,26.0,53.0,19.0,9,488.87,24,1
Central Africa,Female,59,Informal worker,19,33.39,0.21,16,5.65,0,1.0,0.0,0,,,69.0,44.0,7,153.61,4,0
East Africa,Male,63,Salaried,24,105.05,0.81,10,2.84,0,10.0,0.0,0,,,70.0,79.0,4,278.19,8,1
West Africa,Male,28,Self-employed,12,132.69,-0.223,12,2.47,1,45.0,15.38,0,,,42.0,14.0,3,129.16,4,0
West Africa,Female,38,Trader,12,50.0,0.225,12,1.64,0,3.0,0.0,1,0.62,5.2,49.0,71.0,3,280.65,8,1
East Africa,Female,33,Informal worker,19,200.52,0.263,17,7.85,1,83.0,53.88,0,,,46.0,54.0,10,493.21,12,1
East Africa,Female,50,Farmer,18,54.58,-1.009,13,3.15,0,6.0,0.0,1,0.961,0.4,73.0,27.0,9,497.43,4,1
Central Africa,Female,57,Trader,17,30.99,-0.588,12,3.83,0,2.0,0.0,0,,,12.0,60.0,6,276.33,24,1
Central Africa,Female,59,Trader,36,51.51,0.663,19,2.54,0,6.0,0.0,1,0.859,7.2,46.0,75.0,12,124.2,12,1
Southern Africa,Female,22,Informal worker,19,105.1,0.162,10,3.03,1,45.0,10.64,1,0.642,29.3,23.0,46.0,4,70.53,12,1
Southern Africa,Female,42,Farmer,21,77.82,-0.681,12,1.31,0,5.0,0.0,1,0.885,6.6,62.0,60.0,7,518.58,4,0
West Africa,Female,23,Informal worker,22,79.26,0.62,12,3.83,1,74.0,50.83,0,,,53.0,21.0,11,879.16,24,1
Central Africa,Male,33,Trader,22,46.81,0.782,14,3.24,0,5.0,0.0,1,0.724,5.2,33.0,87.0,6,284.79,4,1
West Africa,Female,40,Trader,24,49.34,-0.561,16,2.22,1,76.0,18.38,1,0.879,5.3,28.0,74.0,8,262.77,24,1
West Africa,Female,47,Salaried,13,65.69,0.512,17,4.28,0,6.0,0.0,1,0.899,1.2,38.0,62.0,5,350.57,24,1
Central Africa,Prefer not to say,55,Trader,18,30.59,0.089,17,2.25,0,1.0,0.0,0,,,28.0,70.0,11,133.57,4,0
Central Africa,Male,64,Trader,11,24.85,-0.729,11,3.79,1,49.0,30.15,1,0.848,0.9,17.0,87.0,5,191.76,12,1
West Africa,Male,33,Trader,15,23.07,-0.314,11,2.1,0,1.0,0.0,0,,,53.0,10.0,1,385.62,12,0
Southern Africa,Male,44,Farmer,9,45.87,-0.745,8,2.64,1,43.0,13.54,0,,,44.0,59.0,6,822.15,8,1
East Africa,Male,21,Farmer,19,62.9,1.242,23,12.23,0,3.0,0.0,1,0.862,1.7,83.0,47.0,12,195.89,8,1
West Africa,Female,23,Salaried,25,182.61,-0.615,18,5.8,1,71.0,56.05,0,,,44.0,69.0,4,643.62,24,1
West Africa,Male,63,Informal worker,16,139.85,0.706,11,4.73,1,60.0,13.06,0,,,45.0,63.0,8,301.02,4,1
West Africa,Male,62,Trader,25,84.33,1.478,9,3.6,0,11.0,0.0,1,0.883,0.3,42.0,74.0,7,161.61,4,1
East Africa,Female,62,Trader,17,25.27,0.84,10,2.89,0,4.0,0.0,0,,,44.0,40.0,3,565.21,4,1
East Africa,Male,30,Salaried,13,46.79,0.55,9,1.05,1,78.0,11.55,0,,,78.0,54.0,4,431.71,12,1
East Africa,Male,48,Trader,16,32.91,-0.324,16,1.86,1,38.0,21.85,1,0.818,41.9,57.0,36.0,4,143.27,24,1
West Africa,Female,28,Trader,24,12.46,0.399,10,3.22,1,50.0,27.19,1,0.635,20.1,64.0,94.0,8,582.41,4,1
Central Africa,Female,50,Trader,13,129.56,0.077,18,3.04,1,48.0,4.84,1,0.814,16.6,72.0,58.0,4,1013.26,52,1
East Africa,Prefer not to say,40,Salaried,18,29.87,-0.464,13,1.74,0,14.0,0.0,1,0.424,34.6,58.0,78.0,7,384.62,8,0
Central Africa,Female,61,Informal worker,15,143.96,0.419,9,3.33,0,3.0,0.0,0,,,19.0,49.0,4,64.8,24,1
West Africa,Prefer not to say,35,Farmer,7,25.05,-0.01,10,1.71,0,5.0,0.0,0,,,75.0,92.0,2,184.03,8,0
East Africa,Male,48,Trader,5,57.12,-0.175,8,2.04,0,8.0,0.0,1,0.741,4.3,46.0,13.0,1,302.49,8,0
Southern Africa,Female,48,Salaried,5,56.48,-1.411,6,2.77,0,19.0,0.0,1,0.674,4.5,12.0,65.0,4,141.1,24,0
West Africa,Female,55,Trader,24,101.58,0.72,15,1.9,0,2.0,0.0,0,,,12.0,75.0,9,320.26,4,1
West Africa,Female,20,Farmer,8,40.96,0.017,12,1.92,1,69.0,14.13,0,,,16.0,74.0,4,345.04,12,0
West Africa,Male,39,Salaried,12,37.11,-0.734,13,1.94,0,18.0,0.0,0,,,9.0,27.0,0,650.27,12,1
West Africa,Male,39,Trader,32,95.64,0.791,25,3.16,1,19.0,31.49,0,,,69.0,49.0,12,411.02,8,1
East Africa,Male,28,Farmer,10,20.45,0.93,11,2.73,0,12.0,0.0,0,,,42.0,81.0,1,288.68,8,1
West Africa,Female,55,Informal worker,13,24.6,0.213,13,2.02,0,2.0,0.0,0,,,69.0,80.0,6,380.94,4,0
West Africa,Female,57,Informal worker,10,11.04,0.579,8,2.23,0,2.0,0.0,1,0.577,11.5,28.0,84.0,2,1337.28,52,0
East Africa,Male,21,Farmer,29,51.61,1.437,16,3.14,1,63.0,24.8,1,0.873,14.3,69.0,78.0,10,147.44,4,1
West Africa,Female,50,Farmer,7,15.45,-0.347,13,1.27,1,58.0,11.01,0,,,24.0,46.0,4,469.2,4,1
West Africa,Female,58,Farmer,15,74.44,-0.07,13,2.28,0,1.0,0.0,0,,,58.0,76.0,2,634.74,8,1
Southern Africa,Female,31,Farmer,14,13.45,0.112,15,1.81,0,2.0,0.0,0,,,28.0,58.0,4,284.72,12,1
West Africa,Male,47,Farmer,20,54.2,-0.91,13,1.97,0,1.0,0.0,1,0.906,9.4,35.0,67.0,6,333.96,4,1
West Africa,Female,47,Trader,23,53.4,0.603,13,2.85,0,0.0,0.0,0,,,58.0,88.0,5,102.3,4,1
West Africa,Female,18,Farmer,20,52.85,0.237,8,2.54,0,10.0,0.0,0,,,23.0,51.0,8,299.72,12,1
West Africa,Female,56,Farmer,13,15.75,-0.553,17,2.76,1,72.0,10.38,0,,,64.0,59.0,7,238.14,24,1
East Africa,Female,53,Farmer,9,68.7,-0.447,10,2.17,0,0.0,0.0,0,,,26.0,86.0,3,98.18,24,0
West Africa,Female,30,Informal worker,19,51.33,-0.693,15,5.0,0,14.0,0.0,0,,,64.0,87.0,3,86.69,4,0
West Africa,Male,32,Informal worker,9,29.14,0.517,12,5.31,1,91.0,11.6,1,0.523,0.2,76.0,31.0,4,225.52,12,1
Central Africa,Female,54,Self-employed,36,43.58,0.799,19,5.24,1,78.0,40.16,0,,,33.0,88.0,8,1046.24,12,1
Central Africa,Male,55,Informal worker,14,48.86,0.496,16,1.32,0,16.0,0.0,1,0.674,0.9,76.0,93.0,8,485.57,4,0
West Africa,Female,21,Informal worker,21,30.31,0.68,25,3.66,1,56.0,71.31,0,,,73.0,60.0,7,598.25,8,1
West Africa,Female,34,Trader,13,47.85,1.013,17,4.62,0,10.0,0.0,1,0.561,16.8,49.0,56.0,6,686.33,8,1
East Africa,Female,47,Salaried,18,16.52,-0.576,8,2.37,1,43.0,32.42,1,0.648,32.3,39.0,72.0,5,177.63,24,1
Southern Africa,Female,23,Farmer,21,28.72,-0.68,15,1.14,0,1.0,0.0,1,0.791,0.9,43.0,72.0,5,684.85,4,1
Southern Africa,Male,64,Salaried,31,67.38,0.013,16,5.05,1,57.0,39.2,0,,,66.0,89.0,9,719.95,8,1
West Africa,Male,27,Self-employed,15,31.3,0.599,11,2.18,0,0.0,0.0,1,0.835,3.5,77.0,56.0,3,222.75,24,1
West Africa,Female,58,Trader,10,23.28,-1.433,6,1.07,0,21.0,0.0,1,0.766,25.7,29.0,74.0,2,223.66,12,0
East Africa,Male,21,Self-employed,18,38.23,-0.9,8,3.55,1,26.0,24.3,0,,,63.0,62.0,9,548.75,8,0
Central Africa,Male,59,Informal worker,8,49.82,-0.293,17,2.12,0,6.0,0.0,0,,,26.0,46.0,6,320.57,8,1
Central Africa,Prefer not to say,19,Informal worker,7,57.39,0.299,4,4.01,1,12.0,7.78,1,0.884,28.5,12.0,49.0,6,149.72,24,0
West Africa,Male,49,Farmer,30,156.72,0.931,11,3.04,0,5.0,0.0,1,0.751,3.9,76.0,70.0,5,199.76,4,1
East Africa,Male,34,Farmer,12,71.93,-0.784,15,6.68,0,14.0,0.0,0,,,30.0,87.0,3,60.67,12,0
West Africa,Male,39,Salaried,27,133.5,-0.887,18,2.56,0,6.0,0.0,0,,,18.0,69.0,6,192.2,52,0
Southern Africa,Female,23,Trader,19,95.67,1.131,18,6.04,0,6.0,0.0,0,,,49.0,49.0,5,170.66,24,1
Central Africa,Male,49,Farmer,17,34.25,-0.508,8,2.18,0,4.0,0.0,1,0.84,24.1,27.0,50.0,3,158.44,12,0
East Africa,Female,47,Trader,25,45.66,0.712,7,6.89,1,73.0,19.01,1,0.9,8.8,44.0,77.0,5,301.67,24,1
West Africa,Male,33,Trader,15,219.98,1.114,15,4.91,0,19.0,0.0,0,,,23.0,53.0,7,500.11,4,1
East Africa,Male,40,Informal worker,24,72.71,-0.113,21,5.98,0,9.0,0.0,1,0.758,19.0,34.0,89.0,14,2211.95,12,0
East Africa,Male,43,Salaried,34,30.43,0.025,12,8.82,0,3.0,0.0,0,,,24.0,42.0,8,682.46,8,0
Southern Africa,Male,50,Salaried,8,48.67,0.3,8,0.54,0,0.0,0.0,0,,,51.0,32.0,6,222.2,12,1
West Africa,Female,43,Informal worker,20,163.86,0.184,18,5.74,1,83.0,19.08,1,0.696,18.4,24.0,91.0,8,133.75,24,1
Central Africa,Male,20,Informal worker,31,127.32,-0.256,14,4.19,0,3.0,0.0,1,0.807,8.9,25.0,64.0,9,140.95,8,0
West Africa,Male,43,Self-employed,17,35.28,-0.169,12,3.3,0,6.0,0.0,0,,,53.0,29.0,7,112.97,12,0
West Africa,Male,34,Farmer,19,81.72,-0.376,12,1.39,1,88.0,31.87,0,,,20.0,79.0,2,104.73,8,1
West Africa,Male,37,Informal worker,19,35.34,1.002,15,4.65,1,37.0,44.41,1,0.865,2.7,20.0,45.0,4,1088.93,4,1
West Africa,Female,35,Salaried,18,57.82,0.437,8,8.36,1,66.0,8.75,0,,,50.0,27.0,5,421.2,12,1
West Africa,Male,34,Salaried,16,36.34,-0.657,13,2.74,0,4.0,0.0,1,0.654,4.1,23.0,7.0,5,67.5,12,1
Southern Africa,Female,29,Salaried,11,38.36,0.33,15,2.62,0,19.0,0.0,1,0.955,9.3,97.0,86.0,6,619.73,8,1
West Africa,Male,33,Farmer,19,34.64,-0.873,12,4.24,0,10.0,0.0,1,0.804,12.5,49.0,60.0,10,327.93,4,1
West Africa,Female,51,Farmer,5,37.9,-0.801,16,2.91,1,74.0,20.07,0,,,65.0,61.0,2,65.3,8,1
West Africa,Female,28,Informal worker,15,48.57,1.04,13,1.11,1,56.0,45.47,0,,,68.0,80.0,6,300.49,4,1
West Africa,Male,53,Informal worker,15,78.5,0.005,6,5.22,0,3.0,0.0,0,,,40.0,59.0,6,596.12,8,1
Central Africa,Female,38,Farmer,13,21.79,0.73,8,1.32,0,4.0,0.0,0,,,54.0,53.0,6,151.05,24,1
Central Africa,Female,46,Trader,12,245.25,0.196,17,2.04,0,7.0,0.0,0,,,52.0,89.0,5,232.71,24,0
West Africa,Female,23,Trader,26,64.19,0.579,14,3.09,0,6.0,0.0,1,0.849,10.5,71.0,62.0,3,93.9,24,1
Southern Africa,Female,27,Farmer,19,47.81,-0.087,5,3.81,1,61.0,27.94,1,0.881,13.3,52.0,49.0,6,340.93,8,1
Southern Africa,Female,60,Trader,8,59.02,-1.381,13,4.53,1,46.0,9.38,0,,,44.0,42.0,1,149.04,8,1
Central Africa,Male,57,Farmer,5,10.22,-0.133,9,1.73,1,59.0,20.74,1,0.858,3.6,30.0,62.0,1,339.99,4,1
West Africa,Female,21,Trader,26,259.24,1.363,24,2.47,1,71.0,35.1,1,0.835,4.9,29.0,61.0,7,646.26,12,1
West Africa,Male,60,Trader,35,51.22,1.105,16,4.4,1,61.0,27.06,1,0.829,2.4,35.0,64.0,9,325.57,12,1
East Africa,Female,57,Salaried,22,95.95,-1.033,17,2.0,1,45.0,34.0,1,0.802,17.2,60.0,90.0,5,410.29,12,1
Central Africa,Female,24,Farmer,39,127.56,1.49,19,2.38,0,8.0,0.0,0,,,39.0,66.0,10,540.78,12,1
Southern Africa,Female,29,Salaried,15,42.21,0.05,9,1.74,1,74.0,31.08,0,,,27.0,56.0,5,138.86,8,1
East Africa,Female,26,Trader,7,37.65,-0.685,8,1.03,0,5.0,0.0,0,,,29.0,32.0,1,67.96,8,1
West Africa,Male,58,Trader,19,50.22,-0.01,17,2.7,1,72.0,11.88,0,,,63.0,50.0,6,390.73,4,1
Southern Africa,Female,58,Trader,16,58.51,0.044,16,3.24,0,4.0,0.0,0,,,34.0,49.0,4,275.35,8,1
Central Africa,Male,51,Trader,12,56.44,-0.639,11,2.22,0,1.0,0.0,0,,,50.0,84.0,3,1064.84,12,0
East Africa,Female,29,Trader,31,67.58,0.422,23,10.2,1,83.0,19.52,0,,,23.0,74.0,9,136.43,52,1
Southern Africa,Female,61,Farmer,8,41.7,0.18,10,1.81,1,57.0,12.3,0,,,42.0,43.0,3,139.35,12,1
East Africa,Male,57,Trader,13,37.03,0.367,17,3.71,1,77.0,36.01,0,,,54.0,42.0,4,812.64,12,1
East Africa,Female,58,Salaried,9,17.56,0.035,11,0.9,0,0.0,0.0,1,0.936,32.9,70.0,70.0,5,475.91,12,0
East Africa,Male,34,Farmer,13,75.63,0.86,17,5.1,0,4.0,0.0,1,0.757,7.3,15.0,18.0,3,239.87,4,1
Southern Africa,Female,50,Trader,25,43.23,0.502,28,4.17,1,68.0,22.52,1,0.729,5.3,91.0,70.0,7,640.06,8,1
Central Africa,Prefer not to say,49,Salaried,23,160.12,0.74,25,2.13,0,7.0,0.0,1,0.956,6.9,37.0,90.0,6,413.47,52,1
East Africa,Female,25,Farmer,18,26.45,-0.279,12,0.79,0,16.0,0.0,1,0.76,12.6,43.0,22.0,3,123.44,4,1
West Africa,Female,45,Farmer,9,30.68,-0.074,14,2.15,0,11.0,0.0,1,0.558,2.3,78.0,79.0,5,1229.51,12,1
East Africa,Male,43,Informal worker,35,125.14,1.024,24,7.23,1,22.0,90.95,0,,,42.0,51.0,10,981.61,8,1
West Africa,Male,45,Informal worker,12,72.46,-0.732,19,3.06,0,1.0,0.0,0,,,90.0,52.0,5,109.02,4,0
West Africa,Male,33,Informal worker,12,49.65,-0.306,8,3.02,0,4.0,0.0,0,,,45.0,40.0,5,350.72,12,0
West Africa,Male,49,Self-employed,14,147.18,-0.671,11,3.25,0,11.0,0.0,0,,,36.0,94.0,2,152.68,52,0
East Africa,Male,59,Farmer,13,14.57,-0.04,10,2.03,0,11.0,0.0,0,,,55.0,76.0,6,171.57,4,1
West Africa,Female,46,Farmer,17,12.04,-0.051,12,5.24,0,3.0,0.0,1,0.715,1.0,22.0,55.0,6,542.46,24,1
West Africa,Female,58,Salaried,13,17.3,0.603,17,3.0,0,1.0,0.0,1,0.741,17.1,88.0,12.0,5,195.51,4,0
Southern Africa,Male,54,Informal worker,24,27.32,0.925,17,2.26,0,1.0,0.0,0,,,55.0,54.0,10,911.41,4,1
West Africa,Female,32,Self-employed,20,23.73,0.273,6,4.41,0,6.0,0.0,0,,,76.0,84.0,5,436.95,4,1
East Africa,Female,52,Salaried,20,35.17,0.542,19,2.57,0,2.0,0.0,1,0.756,7.6,47.0,51.0,8,443.37,4,1
Central Africa,Male,49,Farmer,21,39.16,0.509,23,1.69,1,53.0,37.14,0,,,15.0,44.0,4,485.94,24,1
East Africa,Female,62,Informal worker,11,42.99,0.8,13,2.5,0,8.0,0.0,0,,,35.0,70.0,6,228.41,12,0
West Africa,Male,33,Farmer,32,32.68,1.079,19,3.76,0,4.0,0.0,0,,,34.0,82.0,8,228.52,12,1
West Africa,Female,25,Trader,7,26.59,0.824,8,1.7,1,65.0,8.13,1,0.875,2.2,29.0,16.0,3,541.55,4,1
East Africa,Female,49,Farmer,10,50.0,0.266,12,1.99,0,2.0,0.0,1,0.968,9.5,71.0,44.0,0,482.9,12,1
East Africa,Male,47,Trader,1,16.27,-1.095,10,1.15,0,11.0,0.0,1,0.624,53.1,72.0,53.0,2,558.22,8,0
West Africa,Male,46,Informal worker,10,22.91,0.478,5,1.53,0,2.0,0.0,0,,,11.0,22.0,1,263.32,8,0
East Africa,Female,52,Informal worker,13,105.04,-0.057,12,6.81,1,47.0,25.87,0,,,74.0,60.0,6,329.89,8,1
East Africa,Male,42,Self-employed,14,56.14,0.948,12,4.26,1,62.0,9.73,1,0.63,11.2,27.0,32.0,5,398.88,24,1
West Africa,Female,19,Trader,8,25.45,-0.373,11,0.96,1,49.0,14.71,0,,,77.0,24.0,3,411.07,4,1
East Africa,Female,59,Farmer,7,84.02,0.931,18,1.47,0,2.0,0.0,0,,,32.0,96.0,3,84.81,4,0
West Africa,Male,31,Farmer,24,48.31,-0.318,19,3.63,1,49.0,42.9,0,,,31.0,79.0,4,299.56,4,1
West Africa,Female,29,Farmer,13,63.79,0.949,15,2.48,0,5.0,0.0,0,,,51.0,68.0,5,255.17,8,1
Southern Africa,Female,56,Trader,14,22.27,1.118,8,2.49,1,43.0,7.56,1,0.75,24.1,54.0,85.0,4,168.12,4,1
West Africa,Male,55,Farmer,15,30.57,1.308,16,1.66,0,4.0,0.0,0,,,35.0,84.0,4,367.84,12,1
East Africa,Female,41,Informal worker,26,33.43,1.437,18,4.07,1,27.0,45.98,1,0.843,9.5,57.0,74.0,8,247.96,4,1
East Africa,Male,50,Farmer,25,54.94,0.491,11,1.68,0,2.0,0.0,0,,,55.0,80.0,9,392.95,52,1
West Africa,Female,21,Informal worker,12,22.84,-0.159,10,4.65,0,2.0,0.0,0,,,16.0,77.0,1,100.74,4,1
Central Africa,Male,31,Trader,18,37.39,0.537,16,7.77,1,56.0,30.06,0,,,57.0,61.0,7,543.67,12,1
West Africa,Male,29,Farmer,24,63.89,-0.346,22,4.53,1,84.0,18.14,1,0.628,0.1,25.0,26.0,5,183.15,4,1
West Africa,Female,37,Self-employed,23,117.73,0.424,19,6.91,1,54.0,29.68,1,0.891,2.9,50.0,78.0,8,212.26,8,1
Central Africa,Female,34,Trader,9,39.74,0.66,18,3.61,1,84.0,15.44,1,0.458,8.0,83.0,42.0,1,517.89,24,1
Southern Africa,Male,21,Trader,15,41.61,0.961,13,0.38,0,7.0,0.0,0,,,21.0,16.0,4,211.19,24,1
Southern Africa,Female,50,Self-employed,33,54.32,0.138,15,1.96,1,59.0,29.72,0,,,29.0,59.0,5,288.77,24,1
West Africa,Male,46,Trader,21,24.92,-0.1,9,8.79,1,71.0,22.51,0,,,29.0,57.0,4,198.9,52,1
West Africa,Male,35,Farmer,20,33.82,1.054,9,4.15,0,1.0,0.0,1,0.939,11.7,58.0,84.0,3,812.83,4,1
East Africa,Female,59,Farmer,13,118.31,0.121,9,2.47,0,4.0,0.0,1,0.903,3.2,12.0,66.0,1,278.06,4,0
West Africa,Female,34,Informal worker,37,60.0,0.215,20,4.79,0,13.0,0.0,0,,,39.0,53.0,6,714.78,12,1
West Africa,Male,23,Informal worker,27,198.28,1.108,14,2.56,0,0.0,0.0,1,0.873,4.0,44.0,78.0,6,519.58,4,1
Southern Africa,Female,57,Informal worker,32,52.46,0.61,18,5.52,1,78.0,59.83,1,0.908,15.3,66.0,60.0,9,157.58,8,1
West Africa,Female,24,Self-employed,23,29.48,0.325,8,3.89,0,9.0,0.0,1,0.795,8.3,76.0,61.0,8,557.17,4,0
West Africa,Female,21,Farmer,24,198.5,0.191,13,3.84,1,56.0,18.7,0,,,77.0,64.0,7,916.22,8,0
West Africa,Female,40,Farmer,12,80.96,0.194,21,2.93,1,58.0,16.78,1,0.43,1.1,58.0,33.0,2,394.63,24,1
East Africa,Male,45,Self-employed,22,37.66,-0.451,12,2.07,1,87.0,22.74,0,,,44.0,71.0,4,101.5,24,1
East Africa,Male,31,Trader,7,27.1,-0.41,10,1.59,0,11.0,0.0,1,0.673,5.6,27.0,47.0,1,162.36,12,1
Central Africa,Female,57,Self-employed,14,13.94,0.215,17,7.79,1,75.0,31.91,0,,,61.0,30.0,6,2393.15,8,1
West Africa,Female,31,Self-employed,14,36.04,-0.685,8,2.32,0,6.0,0.0,0,,,29.0,31.0,2,72.44,52,0
West Africa,Male,63,Self-employed,2,18.11,0.103,8,2.98,1,71.0,18.67,0,,,42.0,70.0,2,325.34,12,1
East Africa,Male,48,Trader,16,41.9,1.099,7,3.13,0,14.0,0.0,0,,,37.0,66.0,7,234.13,8,1
East Africa,Male,26,Informal worker,16,17.62,0.28,7,2.68,0,6.0,0.0,0,,,30.0,61.0,4,303.7,12,0
East Africa,Female,37,Salaried,13,104.43,0.103,22,6.67,0,12.0,0.0,1,0.95,8.0,10.0,51.0,4,583.42,4,1
Central Africa,Female,21,Farmer,13,36.55,-0.002,13,1.6,1,63.0,28.4,0,,,71.0,25.0,6,733.31,8,1
East Africa,Female,57,Informal worker,9,42.23,-1.32,11,2.34,1,92.0,14.52,0,,,36.0,64.0,3,127.8,12,1
East Africa,Male,48,Trader,18,43.59,-0.424,16,1.98,1,34.0,26.81,0,,,54.0,73.0,3,42.09,24,1
Central Africa,Female,38,Trader,21,108.01,-0.208,13,4.03,0,11.0,0.0,0,,,12.0,67.0,2,215.0,8,1
West Africa,Male,49,Salaried,23,106.38,0.881,19,8.93,1,41.0,33.72,0,,,42.0,86.0,10,191.06,12,1
Central Africa,Male,46,Self-employed,27,73.67,0.083,22,6.24,1,87.0,18.14,0,,,32.0,62.0,7,244.49,8,1
East Africa,Male,46,Trader,14,35.97,0.29,8,2.34,1,49.0,26.85,0,,,56.0,15.0,4,109.46,8,1
East Africa,Female,36,Trader,27,36.83,1.304,18,5.71,0,9.0,0.0,0,,,33.0,55.0,7,240.79,52,1
Central Africa,Female,34,Informal worker,15,17.34,-0.277,13,2.12,0,9.0,0.0,0,,,52.0,69.0,6,202.43,4,0
East Africa,Male,30,Trader,11,16.79,0.053,18,1.5,1,40.0,8.42,0,,,72.0,83.0,2,109.01,4,1
East Africa,Male,54,Informal worker,7,37.92,0.507,10,1.31,1,88.0,15.86,0,,,37.0,51.0,2,78.77,8,0
West Africa,Female,40,Informal worker,14,74.51,0.057,14,1.22,0,3.0,0.0,1,0.916,9.9,22.0,81.0,6,183.34,4,1
Southern Africa,Male,40,Farmer,15,94.98,0.073,14,2.59,0,1.0,0.0,1,0.916,10.4,34.0,52.0,8,186.75,4,0
East Africa,Male,51,Salaried,28,84.44,0.601,26,7.28,0,1.0,0.0,1,0.731,3.3,73.0,90.0,13,276.23,8,1
West Africa,Male,42,Trader,23,73.49,0.184,13,1.56,0,1.0,0.0,1,0.37,7.1,58.0,76.0,7,245.92,8,1
Southern Africa,Male,62,Farmer,22,46.76,-0.381,13,1.75,1,81.0,62.13,1,0.837,8.5,54.0,29.0,6,380.01,12,0
East Africa,Male,29,Salaried,29,48.8,-0.026,15,4.65,0,8.0,0.0,1,0.746,12.7,64.0,83.0,5,511.15,12,1
East Africa,Female,19,Trader,25,90.39,0.237,22,3.05,1,49.0,43.07,0,,,66.0,45.0,9,394.69,52,1
West Africa,Male,37,Trader,14,19.07,-0.088,10,2.47,0,1.0,0.0,0,,,32.0,26.0,2,65.71,8,1
East Africa,Male,42,Informal worker,20,61.89,0.912,13,2.95,1,47.0,12.85,0,,,19.0,53.0,12,157.36,8,1
West Africa,Female,56,Trader,20,63.19,-0.486,15,2.46,1,57.0,31.17,0,,,44.0,61.0,5,227.78,8,1
West Africa,Male,47,Farmer,29,65.44,-0.25,21,6.45,0,4.0,0.0,0,,,46.0,84.0,9,277.11,8,1
East Africa,Female,62,Salaried,9,42.64,0.818,14,3.18,1,61.0,17.59,0,,,32.0,23.0,6,419.36,12,1
West Africa,Male,22,Trader,8,56.65,-0.528,10,2.61,0,3.0,0.0,0,,,31.0,56.0,3,198.48,4,0
West Africa,Female,43,Farmer,28,95.8,0.873,9,2.61,0,0.0,0.0,0,,,87.0,72.0,10,223.3,8,1
Southern Africa,Male,56,Trader,14,56.18,0.63,13,1.57,0,5.0,0.0,0,,,54.0,62.0,7,244.4,4,1
West Africa,Female,41,Informal worker,4,32.82,-0.151,6,2.59,0,22.0,0.0,1,0.909,11.4,31.0,39.0,2,222.4,4,0
Central Africa,Female,30,Farmer,18,31.89,-0.055,23,2.33,0,5.0,0.0,1,0.882,13.0,67.0,76.0,4,104.48,8,1
Central Africa,Female,54,Salaried,22,115.99,0.779,13,8.45,0,1.0,0.0,0,,,62.0,65.0,7,265.21,8,1
East Africa,Female,59,Trader,25,156.92,0.848,19,6.41,1,90.0,21.51,0,,,52.0,41.0,12,769.23,8,1
Central Africa,Male,30,Salaried,19,42.72,-0.012,15,4.1,0,5.0,0.0,0,,,88.0,18.0,5,243.57,12,1
Central Africa,Male,43,Salaried,19,57.46,0.201,23,4.9,0,2.0,0.0,0,,,48.0,44.0,6,149.54,24,1
West Africa,Female,55,Salaried,19,49.17,0.087,11,1.32,1,83.0,35.11,1,0.886,7.9,78.0,62.0,7,378.23,4,0
Southern Africa,Female,25,Informal worker,13,65.76,0.123,10,5.14,0,7.0,0.0,0,,,55.0,54.0,3,138.79,12,1
West Africa,Male,18,Trader,20,66.71,-0.398,21,4.72,0,4.0,0.0,0,,,36.0,59.0,7,201.59,4,1
Southern Africa,Female,52,Farmer,11,24.15,0.65,11,1.56,0,3.0,0.0,1,0.721,18.8,36.0,98.0,6,177.52,8,0
East Africa,Female,53,Farmer,19,58.64,0.342,10,1.04,1,93.0,8.28,0,,,49.0,43.0,4,846.03,52,1
West Africa,Female,25,Trader,15,67.59,-0.868,12,2.62,0,2.0,0.0,0,,,27.0,93.0,6,437.39,12,0
West Africa,Female,46,Farmer,18,45.95,-0.172,18,3.0,0,16.0,0.0,0,,,27.0,60.0,9,129.82,8,1
Central Africa,Female,51,Informal worker,18,99.54,-0.28,14,2.8,1,93.0,37.95,1,0.755,9.6,18.0,85.0,5,168.0,12,0
West Africa,Male,63,Farmer,18,113.15,-0.639,16,4.8,0,9.0,0.0,0,,,45.0,53.0,5,138.46,8,1
West Africa,Female,55,Self-employed,16,37.87,0.823,7,0.95,0,4.0,0.0,1,0.853,14.9,54.0,71.0,5,211.94,8,1
West Africa,Male,28,Informal worker,39,182.75,1.505,22,8.4,1,41.0,39.23,0,,,47.0,93.0,7,281.2,8,1
East Africa,Male,45,Farmer,14,26.82,-0.502,14,2.12,1,37.0,27.19,1,0.572,1.2,46.0,74.0,7,817.97,12,1
Southern Africa,Female,52,Farmer,17,45.95,-0.635,18,3.29,1,74.0,14.07,1,0.791,1.2,69.0,30.0,6,294.9,24,1
Southern Africa,Female,30,Informal worker,2,29.51,-0.995,15,1.63,1,86.0,6.94,0,,,46.0,57.0,2,359.22,8,1
East Africa,Male,25,Farmer,18,47.79,0.699,22,3.2,0,8.0,0.0,1,0.68,5.1,58.0,51.0,11,714.48,52,0
West Africa,Female,38,Trader,19,40.51,0.261,7,5.93,1,64.0,20.45,1,0.674,20.7,60.0,61.0,4,392.95,8,1
West Africa,Male,51,Farmer,21,76.17,0.437,12,3.81,0,12.0,0.0,1,0.622,3.3,40.0,91.0,3,155.4,4,1
East Africa,Male,42,Informal worker,13,37.11,-0.799,8,2.37,0,0.0,0.0,0,,,60.0,52.0,4,261.62,24,1
Southern Africa,Female,46,Farmer,27,94.38,-0.18,12,4.49,1,53.0,38.63,1,0.459,7.2,46.0,73.0,11,342.72,24,1
Southern Africa,Female,49,Trader,17,326.5,-0.016,17,5.62,0,3.0,0.0,0,,,75.0,91.0,6,122.21,24,1
East Africa,Male,62,Trader,21,62.0,0.936,15,8.28,0,1.0,0.0,0,,,42.0,66.0,15,708.67,4,1
East Africa,Male,47,Farmer,12,12.25,1.019,8,1.77,0,3.0,0.0,0,,,42.0,87.0,2,137.59,12,1
East Africa,Female,24,Trader,10,20.31,-0.995,5,4.41,1,94.0,13.82,1,0.839,7.0,36.0,66.0,1,118.3,8,1
East Africa,Male,36,Salaried,7,23.04,0.328,10,1.05,0,5.0,0.0,1,0.769,20.4,97.0,41.0,4,203.99,4,0
East Africa,Female,25,Informal worker,14,21.51,0.498,13,2.42,1,40.0,16.64,1,0.677,8.3,72.0,96.0,10,522.81,8,1
Southern Africa,Male,53,Trader,21,58.23,-0.421,15,2.8,1,62.0,37.76,0,,,29.0,60.0,4,465.46,8,1
East Africa,Female,64,Self-employed,20,98.36,0.207,9,3.03,0,6.0,0.0,0,,,50.0,63.0,4,427.49,24,1
Central Africa,Male,54,Informal worker,38,191.32,0.638,23,2.78,0,5.0,0.0,1,0.76,6.0,17.0,85.0,6,525.43,8,1
East Africa,Male,29,Trader,23,71.8,0.655,22,2.3,0,1.0,0.0,1,0.882,1.1,22.0,75.0,13,424.58,8,0
West Africa,Male,50,Salaried,27,82.75,0.722,14,2.19,1,89.0,22.11,1,0.662,4.4,45.0,37.0,5,218.17,12,1
West Africa,Female,18,Salaried,10,60.09,0.862,7,1.53,1,76.0,9.07,1,0.386,20.0,4.0,15.0,2,366.82,8,1
East Africa,Female,30,Farmer,30,409.77,1.071,14,4.51,1,45.0,58.43,0,,,64.0,54.0,12,661.26,8,1
East Africa,Female,32,Trader,6,33.19,-0.18,9,3.73,1,40.0,9.12,0,,,60.0,8.0,3,794.89,8,1
East Africa,Male,40,Salaried,11,21.01,-0.521,15,2.41,1,77.0,14.69,0,,,40.0,66.0,3,121.6,4,1
Southern Africa,Male,33,Trader,18,42.53,0.09,8,2.05,1,51.0,24.54,0,,,40.0,64.0,10,108.69,12,1
West Africa,Female,38,Farmer,6,20.08,-0.084,11,1.68,0,12.0,0.0,1,0.697,14.1,28.0,49.0,1,98.42,4,1
Southern Africa,Male,18,Salaried,20,77.99,0.171,22,6.51,1,61.0,18.7,1,0.778,17.2,37.0,30.0,7,449.28,12,1
Southern Africa,Female,56,Salaried,16,85.41,0.665,17,3.14,1,86.0,42.59,1,0.643,2.2,51.0,60.0,11,335.14,12,1
East Africa,Male,36,Informal worker,12,45.84,1.052,9,1.51,0,2.0,0.0,0,,,40.0,85.0,3,478.18,24,1
East Africa,Female,55,Trader,27,32.2,-0.772,12,2.06,0,3.0,0.0,0,,,15.0,78.0,5,410.39,52,1
West Africa,Female,20,Farmer,20,40.95,-0.051,22,13.66,1,76.0,17.0,1,0.842,2.2,47.0,36.0,8,778.15,12,1
East Africa,Male,58,Salaried,18,100.42,1.288,14,2.11,0,7.0,0.0,0,,,31.0,95.0,8,132.34,4,1
Southern Africa,Male,47,Informal worker,18,41.37,0.3,13,1.8,1,72.0,37.07,1,0.728,14.3,67.0,41.0,8,91.28,12,1
Central Africa,Female,28,Salaried,13,209.97,0.716,8,1.82,1,13.0,45.79,0,,,25.0,49.0,3,267.03,52,1
East Africa,Male,53,Trader,15,18.98,-0.82,5,3.66,0,3.0,0.0,0,,,27.0,78.0,3,91.0,8,1
West Africa,Female,53,Self-employed,17,31.43,0.532,20,4.52,0,0.0,0.0,0,,,32.0,71.0,7,848.19,8,1
Southern Africa,Female,52,Trader,11,20.62,-0.33,7,1.94,1,86.0,16.6,0,,,72.0,49.0,6,158.39,4,0
Southern Africa,Male,58,Farmer,25,122.73,0.253,17,2.25,1,25.0,13.5,0,,,51.0,86.0,10,155.44,8,1
West Africa,Female,62,Salaried,8,39.07,-0.166,13,1.51,1,32.0,9.32,0,,,59.0,52.0,3,119.71,8,1
Southern Africa,Male,25,Farmer,10,21.31,0.615,2,2.7,1,83.0,11.45,1,0.828,28.0,38.0,74.0,1,208.0,8,1
West Africa,Female,31,Informal worker,11,78.25,-0.666,8,0.81,1,71.0,12.51,0,,,52.0,33.0,4,121.87,8,1
West Africa,Male,19,Informal worker,15,9.33,0.661,13,1.37,0,20.0,0.0,0,,,62.0,56.0,4,1004.53,4,1
West Africa,Female,21,Salaried,9,28.11,-0.391,12,1.87,0,2.0,0.0,1,0.788,44.8,5.0,75.0,3,129.08,12,1
West Africa,Male,22,Trader,12,40.36,1.119,15,6.47,0,9.0,0.0,1,0.646,1.9,51.0,83.0,2,260.08,12,1
Central Africa,Male,50,Trader,11,152.17,0.161,7,3.11,1,51.0,20.2,1,0.596,9.8,52.0,32.0,5,113.79,24,1
East Africa,Male,46,Informal worker,19,44.24,-0.496,16,4.17,1,70.0,18.32,0,,,73.0,54.0,7,472.43,24,1
West Africa,Male,19,Salaried,21,43.33,0.562,25,2.53,1,66.0,39.75,0,,,77.0,77.0,9,546.23,12,1
East Africa,Female,37,Self-employed,23,79.14,0.054,19,6.84,1,52.0,25.2,1,0.672,2.6,43.0,80.0,3,166.13,8,1
East Africa,Male,23,Farmer,24,71.37,0.649,19,4.84,0,8.0,0.0,0,,,31.0,84.0,4,284.38,24,1
West Africa,Male,27,Informal worker,12,48.09,-0.112,10,2.03,0,1.0,0.0,0,,,47.0,37.0,4,123.58,24,0
West Africa,Male,20,Farmer,24,62.88,-0.211,18,6.11,1,22.0,45.04,0,,,71.0,80.0,9,448.9,12,1
Southern Africa,Male,42,Farmer,10,18.87,-0.555,12,1.26,0,5.0,0.0,0,,,53.0,23.0,0,222.04,24,0
West Africa,Male,21,Trader,26,39.42,0.209,15,1.72,1,26.0,68.78,1,0.457,10.7,15.0,83.0,9,259.93,12,1
Southern Africa,Male,54,Trader,27,62.93,0.171,15,4.92,1,45.0,14.76,0,,,42.0,83.0,7,249.35,8,1
West Africa,Female,61,Trader,29,73.07,0.607,11,3.87,1,28.0,26.08,1,0.934,6.8,61.0,60.0,5,222.95,8,1
Southern Africa,Female,58,Trader,12,51.84,0.375,17,3.81,0,4.0,0.0,1,0.776,7.6,22.0,63.0,6,352.07,4,1
Southern Africa,Female,56,Trader,20,152.16,0.143,5,2.89,1,31.0,17.78,1,0.742,1.8,79.0,67.0,1,418.05,52,1
West Africa,Male,53,Salaried,19,176.11,-0.955,21,3.16,1,69.0,26.59,1,0.758,7.0,54.0,31.0,6,302.72,12,1
West Africa,Female,60,Trader,7,31.41,0.068,10,2.11,1,78.0,12.66,0,,,62.0,19.0,3,325.83,4,1
Central Africa,Female,59,Salaried,21,44.58,1.093,13,4.24,1,65.0,39.33,0,,,38.0,88.0,11,511.32,12,1
East Africa,Female,28,Salaried,16,100.76,0.159,13,3.91,1,24.0,14.62,0,,,44.0,83.0,3,312.25,12,1
East Africa,Male,46,Farmer,15,72.37,-0.345,15,0.81,1,92.0,55.47,1,0.683,1.5,41.0,74.0,4,250.38,4,1
West Africa,Male,32,Informal worker,16,54.25,-0.525,11,6.58,0,5.0,0.0,0,,,32.0,81.0,8,1121.0,8,1
West Africa,Male,57,Farmer,6,45.9,0.244,9,1.63,0,5.0,0.0,1,0.881,5.2,11.0,61.0,0,415.54,12,1
East Africa,Male,18,Trader,27,40.74,0.779,18,7.66,0,6.0,0.0,0,,,35.0,72.0,10,251.4,8,1
Central Africa,Female,37,Informal worker,23,115.04,0.162,15,2.08,0,9.0,0.0,0,,,48.0,73.0,7,577.97,24,1
West Africa,Male,35,Informal worker,11,31.39,0.07,17,3.06,1,65.0,13.61,0,,,42.0,86.0,8,322.1,24,1
Southern Africa,Male,58,Farmer,14,57.94,0.111,13,3.41,1,86.0,32.18,0,,,89.0,85.0,5,374.0,12,1
Southern Africa,Male,31,Salaried,7,45.49,-0.578,8,2.61,0,2.0,0.0,0,,,54.0,58.0,2,91.45,52,1
West Africa,Male,60,Informal worker,10,58.65,-0.204,12,2.46,0,4.0,0.0,0,,,51.0,29.0,5,152.37,24,1
West Africa,Male,41,Farmer,19,25.94,1.03,26,3.39,1,66.0,100.69,0,,,60.0,78.0,18,189.78,4,1
West Africa,Male,50,Trader,18,117.67,-0.45,15,2.5,1,37.0,16.98,1,0.682,6.3,83.0,60.0,3,157.03,12,1
East Africa,Female,42,Salaried,22,113.15,0.16,23,2.06,0,11.0,0.0,1,0.555,7.9,20.0,30.0,11,266.7,12,1
East Africa,Male,38,Self-employed,19,25.82,0.969,11,1.13,0,4.0,0.0,0,,,35.0,55.0,6,187.19,4,1
East Africa,Female,32,Informal worker,5,28.2,-0.736,11,2.55,0,0.0,0.0,1,0.563,10.5,52.0,53.0,3,103.94,4,1
West Africa,Female,31,Salaried,22,70.27,0.447,16,2.91,1,36.0,74.99,1,0.906,2.4,39.0,63.0,6,281.86,8,1
Southern Africa,Female,48,Farmer,10,21.9,-0.0,12,0.96,0,7.0,0.0,0,,,52.0,19.0,3,229.38,24,0
East Africa,Female,33,Trader,34,37.87,0.384,19,3.52,1,75.0,23.94,0,,,66.0,52.0,9,478.11,4,1
East Africa,Male,58,Self-employed,19,42.65,0.209,24,3.18,0,2.0,0.0,0,,,19.0,85.0,3,295.31,8,1
East Africa,Female,24,Informal worker,22,87.23,-0.175,13,5.12,0,3.0,0.0,1,0.749,12.2,67.0,87.0,5,926.29,8,1
West Africa,Female,28,Farmer,19,28.95,-0.421,24,2.77,0,5.0,0.0,0,,,21.0,65.0,6,126.15,8,0
Southern Africa,Male,20,Informal worker,10,28.94,0.556,11,1.65,0,3.0,0.0,0,,,56.0,62.0,3,192.51,12,1
East Africa,Male,58,Farmer,16,47.89,-0.441,8,1.98,0,3.0,0.0,1,0.68,6.9,68.0,27.0,3,35.96,8,1
East Africa,Female,37,Trader,14,41.62,-0.206,12,1.31,0,5.0,0.0,0,,,68.0,87.0,2,557.64,24,0
West Africa,Male,19,Informal worker,18,33.96,-0.61,14,3.37,0,4.0,0.0,0,,,79.0,70.0,2,389.41,12,1
East Africa,Female,20,Trader,12,27.19,0.102,15,2.41,0,3.0,0.0,0,,,58.0,35.0,6,188.29,4,1
East Africa,Male,61,Trader,26,31.15,-0.05,20,4.4,1,83.0,15.31,1,0.835,0.4,66.0,57.0,6,362.53,8,0
West Africa,Male,59,Trader,17,65.89,0.602,19,2.02,1,38.0,18.66,0,,,52.0,62.0,6,217.47,4,1
Central Africa,Female,31,Farmer,9,18.15,-0.83,11,1.83,0,9.0,0.0,1,0.937,2.9,51.0,49.0,1,272.84,12,0
Southern Africa,Female,48,Self-employed,17,161.96,1.0,21,1.34,1,74.0,42.1,1,0.884,10.1,51.0,35.0,3,477.34,24,1
West Africa,Female,29,Trader,15,51.54,-0.068,10,2.5,1,37.0,26.13,0,,,61.0,93.0,9,1126.04,4,1
Southern Africa,Female,57,Farmer,30,74.49,0.56,15,3.13,0,15.0,0.0,0,,,67.0,65.0,5,382.99,8,1
East Africa,Female,51,Salaried,22,34.38,0.323,13,2.82,0,0.0,0.0,0,,,59.0,74.0,4,356.08,12,1
Central Africa,Male,38,Salaried,6,35.37,0.1,5,2.02,0,2.0,0.0,0,,,32.0,46.0,3,177.28,12,0
West Africa,Prefer not to say,61,Informal worker,17,16.24,-0.755,9,3.84,1,44.0,15.37,0,,,72.0,54.0,1,401.15,8,1
West Africa,Male,28,Self-employed,27,85.67,-0.13,17,5.63,0,5.0,0.0,0,,,53.0,42.0,9,131.64,4,1
East Africa,Male,64,Informal worker,19,56.26,0.171,12,10.57,0,2.0,0.0,1,0.69,5.2,49.0,71.0,4,923.29,12,0
West Africa,Female,31,Informal worker,9,158.32,0.377,9,0.71,1,36.0,41.49,0,,,54.0,78.0,3,288.94,52,1
Southern Africa,Male,59,Farmer,12,32.33,-0.352,5,2.81,0,8.0,0.0,0,,,61.0,40.0,0,132.38,8,0
East Africa,Female,58,Farmer,39,58.3,1.984,25,3.63,1,57.0,57.5,0,,,75.0,63.0,13,273.47,8,1
West Africa,Male,44,Farmer,13,98.1,1.429,13,3.73,0,9.0,0.0,0,,,55.0,86.0,7,209.86,4,1
East Africa,Male,23,Salaried,19,53.23,0.029,15,2.02,0,9.0,0.0,0,,,34.0,56.0,8,191.22,12,0
Central Africa,Male,53,Informal worker,15,16.41,1.145,8,3.46,0,4.0,0.0,0,,,22.0,46.0,1,107.02,12,0
Southern Africa,Female,50,Salaried,6,77.27,-0.55,11,1.63,1,73.0,15.83,1,0.699,0.4,58.0,32.0,5,277.08,12,1
East Africa,Female,58,Informal worker,10,18.67,0.033,14,5.1,1,45.0,23.84,0,,,30.0,49.0,4,693.37,8,1
West Africa,Male,28,Informal worker,20,41.52,0.369,14,3.87,0,3.0,0.0,0,,,76.0,84.0,3,255.82,8,1
West Africa,Male,29,Trader,17,62.84,0.967,18,3.71,1,31.0,53.69,0,,,63.0,82.0,7,492.17,12,1
Central Africa,Male,34,Farmer,19,46.45,0.619,13,0.96,1,57.0,16.99,0,,,37.0,64.0,3,80.97,4,1
Southern Africa,Male,35,Informal worker,14,80.19,0.02,12,1.83,1,53.0,33.52,1,0.767,21.1,48.0,31.0,3,100.92,12,1
East Africa,Female,18,Trader,24,19.4,-0.394,13,4.41,1,25.0,14.84,1,0.861,14.5,51.0,49.0,4,236.88,24,1
Central Africa,Female,25,Self-employed,12,34.49,0.104,9,3.76,0,4.0,0.0,0,,,14.0,100.0,7,331.56,12,1
West Africa,Male,40,Trader,22,29.42,0.448,22,2.15,0,13.0,0.0,1,0.951,21.8,30.0,41.0,6,1864.59,4,1
Southern Africa,Male,63,Trader,7,33.84,0.313,15,1.61,0,3.0,0.0,0,,,22.0,45.0,3,694.56,4,1
West Africa,Female,24,Informal worker,12,69.21,0.864,17,1.38,1,59.0,18.31,1,0.853,31.3,78.0,60.0,5,130.0,8,1
West Africa,Male,29,Trader,15,31.47,-0.296,9,2.43,1,88.0,34.3,0,,,69.0,52.0,6,344.55,8,1
East Africa,Male,58,Informal worker,12,38.88,-0.386,16,2.14,0,2.0,0.0,1,0.938,0.1,11.0,31.0,5,235.26,4,1
East Africa,Female,19,Trader,32,49.77,0.738,8,5.6,1,98.0,43.13,0,,,90.0,62.0,8,420.68,12,1
Central Africa,Male,22,Trader,19,27.06,-0.646,11,3.79,1,96.0,16.25,1,0.981,29.4,68.0,80.0,6,216.04,24,1
West Africa,Male,59,Informal worker,21,99.45,1.404,23,2.68,1,93.0,74.63,0,,,52.0,69.0,9,587.72,8,1
Southern Africa,Male,29,Farmer,22,36.11,-0.104,11,3.56,1,46.0,30.26,0,,,62.0,71.0,8,366.15,8,1
Southern Africa,Female,32,Informal worker,6,27.48,-0.276,10,0.72,1,77.0,17.55,0,,,44.0,50.0,0,410.72,8,0
Southern Africa,Male,18,Trader,18,64.85,-0.812,13,2.34,1,62.0,15.43,1,0.756,3.6,46.0,57.0,4,210.53,8,1
Central Africa,Female,37,Informal worker,12,16.47,-0.517,15,3.71,0,9.0,0.0,0,,,17.0,75.0,8,256.7,24,0
East Africa,Male,64,Farmer,33,84.8,1.02,25,5.43,0,2.0,0.0,1,0.813,9.3,33.0,41.0,11,334.74,24,1
East Africa,Male,64,Trader,8,20.62,-0.696,12,1.07,1,16.0,20.9,1,0.811,26.6,56.0,12.0,3,341.32,4,1
West Africa,Female,48,Informal worker,25,69.31,-0.029,12,3.52,1,95.0,35.66,1,0.878,5.0,39.0,81.0,9,256.89,24,1
West Africa,Male,49,Informal worker,23,64.47,1.352,14,3.87,0,9.0,0.0,1,0.869,4.5,48.0,92.0,6,77.54,4,1
Central Africa,Male,48,Self-employed,17,28.61,0.262,11,2.8,0,9.0,0.0,0,,,66.0,62.0,4,296.76,12,1
East Africa,Male,50,Salaried,30,85.69,0.315,14,7.37,1,73.0,36.06,1,0.989,13.1,37.0,80.0,7,371.7,12,1
West Africa,Female,42,Informal worker,15,64.66,-0.778,15,4.69,0,16.0,0.0,0,,,63.0,46.0,6,234.18,4,1
West Africa,Male,27,Trader,8,16.78,0.541,12,2.24,1,61.0,11.09,1,0.666,5.9,19.0,64.0,1,260.21,24,1
East Africa,Female,58,Salaried,24,47.42,1.005,19,4.39,0,5.0,0.0,0,,,21.0,49.0,3,272.18,52,0
Southern Africa,Male,59,Farmer,21,34.2,-1.196,10,4.62,0,1.0,0.0,0,,,40.0,55.0,6,77.8,12,1
West Africa,Male,24,Salaried,13,64.83,-0.903,5,1.4,0,3.0,0.0,0,,,40.0,51.0,9,210.43,4,1
Southern Africa,Male,22,Informal worker,20,13.28,0.648,24,2.12,0,2.0,0.0,0,,,23.0,56.0,5,1623.88,4,1
East Africa,Male,55,Trader,14,71.82,-0.198,18,3.3,0,10.0,0.0,1,0.771,17.5,47.0,61.0,6,1178.77,8,1
Southern Africa,Female,20,Salaried,13,18.71,0.493,9,3.03,0,3.0,0.0,0,,,48.0,87.0,3,571.01,52,1
West Africa,Male,55,Salaried,12,26.2,-0.541,17,2.23,0,4.0,0.0,0,,,12.0,70.0,1,183.2,24,0
East Africa,Female,64,Trader,26,171.5,1.421,17,3.12,1,46.0,32.25,1,0.68,4.8,79.0,71.0,5,1954.02,24,1
West Africa,Male,19,Informal worker,11,15.8,-0.946,11,4.92,0,2.0,0.0,0,,,22.0,41.0,1,283.29,8,0
East Africa,Female,55,Farmer,12,53.12,-0.133,13,3.07,1,80.0,19.07,0,,,63.0,61.0,8,172.67,12,0
Southern Africa,Male,24,Informal worker,13,19.9,-0.322,9,2.34,0,13.0,0.0,1,0.884,12.3,68.0,90.0,5,150.94,12,0
East Africa,Female,31,Salaried,16,126.65,0.645,17,3.18,0,10.0,0.0,0,,,40.0,64.0,5,600.66,8,1
West Africa,Male,43,Trader,5,44.84,-0.177,13,0.98,1,65.0,19.9,0,,,80.0,74.0,3,115.4,12,1
Central Africa,Female,49,Trader,27,337.35,0.324,14,2.21,1,73.0,17.46,0,,,20.0,76.0,8,451.61,12,1
West Africa,Female,22,Trader,19,42.82,-0.337,9,4.8,0,4.0,0.0,0,,,34.0,37.0,7,338.39,8,1
East Africa,Female,23,Self-employed,8,59.8,-1.359,9,3.05,0,1.0,0.0,1,0.779,5.3,37.0,57.0,2,629.06,12,0
Central Africa,Male,31,Trader,33,64.54,0.232,12,4.48,0,13.0,0.0,1,0.876,26.3,81.0,64.0,5,941.39,8,1
East Africa,Female,50,Informal worker,20,127.05,-0.566,13,0.98,1,57.0,10.11,1,0.775,7.2,81.0,36.0,5,267.99,8,1
Southern Africa,Male,36,Salaried,28,78.49,0.872,30,2.71,1,70.0,78.24,1,0.729,4.6,28.0,42.0,11,1485.4,52,1
East Africa,Male,30,Salaried,22,128.8,-0.126,13,1.86,0,1.0,0.0,0,,,29.0,92.0,9,549.1,8,0
Southern Africa,Male,25,Trader,22,23.54,0.881,22,13.77,1,90.0,20.53,0,,,72.0,52.0,9,296.19,4,1
Southern Africa,Female,63,Trader,14,60.45,-0.043,18,5.63,1,28.0,62.0,0,,,86.0,69.0,8,306.3,52,1
Southern Africa,Male,51,Self-employed,29,55.63,0.457,20,3.79,1,52.0,58.37,1,0.944,12.2,77.0,85.0,7,329.99,4,1
West Africa,Female,64,Farmer,20,99.24,0.364,22,0.95,1,54.0,38.31,0,,,19.0,27.0,8,325.63,4,1
Southern Africa,Female,41,Trader,39,187.84,0.501,25,9.69,1,32.0,42.75,0,,,34.0,87.0,17,202.51,8,1
West Africa,Male,56,Trader,5,92.16,-0.252,15,1.16,0,17.0,0.0,1,0.857,15.1,6.0,49.0,1,63.82,12,1
Central Africa,Male,48,Salaried,24,36.95,-0.318,11,4.27,0,3.0,0.0,1,0.946,12.2,52.0,48.0,9,377.72,8,1
West Africa,Female,42,Self-employed,18,103.3,0.389,10,3.57,1,88.0,24.77,1,0.524,6.8,74.0,43.0,3,1000.47,12,1
West Africa,Male,40,Farmer,8,28.57,-0.123,10,1.09,0,0.0,0.0,1,0.325,4.3,59.0,78.0,6,432.18,52,0
Central Africa,Male,41,Farmer,12,102.83,0.331,19,4.44,0,5.0,0.0,1,0.604,2.6,3.0,50.0,4,351.57,12,1
West Africa,Male,37,Informal worker,6,36.0,0.495,11,3.5,0,1.0,0.0,0,,,41.0,64.0,2,98.68,8,1
East Africa,Female,48,Trader,16,164.62,1.543,27,6.65,1,35.0,36.98,0,,,32.0,56.0,10,244.38,4,1
Southern Africa,Male,41,Salaried,11,31.38,-0.151,9,7.29,0,12.0,0.0,0,,,61.0,93.0,5,500.57,8,1
West Africa,Male,63,Trader,18,89.95,-0.348,9,1.66,0,9.0,0.0,0,,,49.0,63.0,3,149.92,52,1
West Africa,Male,60,Trader,13,16.53,-0.466,14,2.21,0,3.0,0.0,0,,,50.0,50.0,1,343.14,8,0
East Africa,Male,39,Farmer,6,16.86,0.712,12,2.82,1,77.0,22.56,0,,,67.0,60.0,6,537.26,8,1
West Africa,Prefer not to say,36,Trader,23,18.67,-0.734,9,1.81,0,24.0,0.0,0,,,62.0,94.0,4,46.69,8,1
West Africa,Female,53,Farmer,10,26.44,1.218,7,1.31,0,3.0,0.0,1,0.956,5.4,22.0,49.0,2,269.34,8,1
West Africa,Female,48,Informal worker,15,27.72,-0.193,10,2.38,0,4.0,0.0,1,0.895,47.1,47.0,58.0,3,140.59,8,1
East Africa,Female,28,Farmer,11,52.91,0.105,14,1.38,0,14.0,0.0,1,0.405,36.5,87.0,35.0,5,183.8,12,0
West Africa,Male,57,Informal worker,9,45.87,0.803,10,3.49,0,12.0,0.0,0,,,38.0,86.0,4,390.02,8,1
West Africa,Female,50,Trader,12,34.85,-0.341,14,1.97,0,0.0,0.0,0,,,40.0,60.0,2,277.55,24,1
East Africa,Prefer not to say,47,Farmer,25,106.53,1.061,24,6.85,1,30.0,42.93,0,,,56.0,72.0,5,924.16,8,1
East Africa,Female,54,Farmer,24,69.25,1.454,17,5.84,1,82.0,103.93,0,,,70.0,80.0,7,598.09,4,1
West Africa,Female,28,Informal worker,15,76.79,-0.41,15,1.02,0,9.0,0.0,1,0.948,31.9,25.0,85.0,7,295.29,8,0
West Africa,Male,55,Trader,20,25.16,-0.998,16,3.43,0,6.0,0.0,0,,,53.0,48.0,5,469.39,24,1
Central Africa,Female,23,Salaried,10,55.05,0.04,19,2.75,0,12.0,0.0,1,0.892,1.2,45.0,51.0,6,165.83,12,1
East Africa,Male,55,Trader,22,24.09,-0.326,13,1.82,1,38.0,43.02,1,0.557,2.0,58.0,48.0,10,112.24,8,1
East Africa,Female,45,Trader,10,66.28,-0.133,6,4.47,1,88.0,9.9,1,0.695,12.6,70.0,25.0,1,98.27,8,1
East Africa,Male,45,Trader,15,21.45,-0.198,14,3.59,0,4.0,0.0,0,,,54.0,88.0,2,286.32,4,1
West Africa,Female,52,Informal worker,29,38.91,1.248,16,5.23,1,81.0,29.38,1,0.723,6.3,43.0,88.0,7,402.79,12,1
Southern Africa,Female,32,Trader,18,114.42,0.6,21,1.69,0,1.0,0.0,0,,,38.0,51.0,6,335.64,4,1
Central Africa,Female,54,Trader,17,34.08,-0.914,17,3.06,1,66.0,23.96,0,,,9.0,31.0,2,473.13,4,1
Central Africa,Male,19,Farmer,9,64.55,-0.567,10,4.13,0,1.0,0.0,0,,,59.0,53.0,3,277.76,52,1
West Africa,Female,50,Farmer,10,36.79,-0.898,11,4.14,0,7.0,0.0,1,0.736,52.8,57.0,39.0,4,285.79,12,0
West Africa,Female,55,Trader,16,19.66,0.383,18,2.3,1,52.0,55.86,1,0.799,9.1,42.0,73.0,4,96.14,8,1
West Africa,Female,18,Informal worker,14,42.13,-0.641,15,2.9,0,6.0,0.0,1,0.67,4.8,37.0,24.0,9,439.23,8,1
West Africa,Female,50,Informal worker,9,12.27,0.728,20,8.17,1,93.0,47.74,0,,,59.0,56.0,5,497.71,4,1
West Africa,Female,54,Trader,21,94.32,-0.435,19,2.61,1,83.0,27.02,0,,,82.0,60.0,6,986.62,4,1
East Africa,Female,42,Trader,21,103.44,0.261,15,6.74,0,0.0,0.0,1,0.823,11.1,88.0,63.0,3,288.05,24,1
West Africa,Male,46,Farmer,24,90.07,-0.095,19,3.99,0,18.0,0.0,1,0.626,11.8,47.0,84.0,5,375.4,12,0
Central Africa,Male,20,Self-employed,15,23.14,-0.448,10,2.33,0,3.0,0.0,1,0.808,18.4,36.0,20.0,6,181.1,8,1
West Africa,Female,64,Salaried,13,56.33,-0.206,16,2.27,0,15.0,0.0,1,0.475,31.7,58.0,70.0,5,294.02,12,1
West Africa,Female,63,Farmer,12,27.66,0.35,15,2.99,1,71.0,23.84,0,,,44.0,88.0,6,882.83,24,1
Central Africa,Male,53,Self-employed,17,76.94,-0.439,20,2.2,0,6.0,0.0,0,,,71.0,66.0,7,580.88,8,1
Southern Africa,Male,18,Farmer,22,98.93,0.191,16,7.4,1,39.0,25.14,0,,,66.0,66.0,12,436.41,4,1
East Africa,Male,38,Farmer,23,41.36,1.348,17,2.78,1,77.0,27.93,0,,,49.0,76.0,7,191.91,12,1
East Africa,Female,56,Self-employed,22,28.57,0.042,16,1.83,0,4.0,0.0,1,0.61,25.5,69.0,66.0,4,391.97,52,0
West Africa,Female,49,Informal worker,13,29.53,1.15,13,7.03,0,5.0,0.0,1,0.39,11.0,55.0,36.0,4,82.76,12,1
West Africa,Female,60,Farmer,28,141.88,0.179,16,3.49,0,2.0,0.0,1,0.648,11.4,33.0,87.0,7,98.5,8,1
East Africa,Male,46,Informal worker,15,30.04,-0.274,14,1.75,0,3.0,0.0,0,,,58.0,69.0,6,399.77,4,1
East Africa,Male,51,Self-employed,8,79.45,-0.823,12,3.67,1,27.0,20.64,0,,,77.0,73.0,2,641.94,12,0
East Africa,Female,33,Trader,5,26.59,-0.014,15,2.45,0,21.0,0.0,1,0.687,12.4,76.0,68.0,1,425.82,4,1
West Africa,Male,56,Farmer,13,21.92,1.06,12,2.87,0,2.0,0.0,0,,,86.0,71.0,5,454.4,12,1
Southern Africa,Male,43,Farmer,5,18.79,0.326,12,2.11,0,6.0,0.0,1,0.776,20.6,44.0,51.0,2,213.32,8,1
Southern Africa,Male,55,Self-employed,29,85.78,1.428,27,6.03,1,79.0,55.32,0,,,83.0,51.0,12,373.71,12,1
West Africa,Female,27,Trader,13,26.59,0.671,17,2.53,0,11.0,0.0,1,0.975,5.5,81.0,72.0,3,454.92,4,1
West Africa,Male,30,Trader,22,114.1,1.048,17,8.47,1,46.0,40.74,0,,,55.0,63.0,11,1214.48,12,1
East Africa,Male,22,Farmer,14,39.14,0.728,14,2.72,1,91.0,16.48,1,0.986,0.5,48.0,51.0,8,240.0,8,1
Southern Africa,Male,49,Trader,10,34.67,0.264,9,2.15,0,9.0,0.0,0,,,30.0,57.0,6,140.2,52,1
Southern Africa,Female,52,Informal worker,20,49.77,0.843,9,5.05,1,76.0,19.27,1,0.688,4.5,27.0,75.0,11,92.3,4,1
Southern Africa,Male,31,Farmer,16,34.02,-0.694,13,2.18,1,64.0,20.39,0,,,49.0,75.0,7,1004.57,12,1
East Africa,Male,36,Salaried,10,22.56,-0.594,12,1.17,1,73.0,13.66,0,,,88.0,69.0,1,146.43,4,1
West Africa,Male,44,Informal worker,10,30.23,0.95,15,1.14,1,44.0,23.83,0,,,27.0,86.0,4,918.77,12,1
East Africa,Male,53,Farmer,8,90.34,-0.424,12,1.23,1,39.0,18.1,0,,,69.0,62.0,4,172.97,4,0
West Africa,Female,32,Salaried,8,31.77,-0.841,11,1.2,1,24.0,16.59,0,,,27.0,43.0,1,223.77,52,0
Southern Africa,Female,40,Trader,15,67.14,0.432,13,1.62,0,17.0,0.0,1,0.712,13.4,67.0,81.0,4,135.53,8,1
West Africa,Male,26,Informal worker,18,67.0,-0.093,10,3.68,1,78.0,25.08,0,,,34.0,29.0,3,306.24,24,1
West Africa,Female,56,Informal worker,2,11.81,0.464,9,0.63,1,55.0,12.04,0,,,24.0,91.0,3,266.73,12,1
East Africa,Male,59,Trader,5,12.22,-1.244,7,1.31,0,3.0,0.0,0,,,45.0,74.0,0,126.98,8,0
East Africa,Female,52,Trader,10,18.77,-0.686,14,5.6,0,10.0,0.0,0,,,44.0,79.0,4,197.79,24,1
East Africa,Male,56,Farmer,5,14.04,0.737,8,1.17,0,12.0,0.0,0,,,41.0,85.0,1,447.7,4,1
East Africa,Male,53,Farmer,37,118.69,0.189,22,10.33,1,78.0,16.34,0,,,47.0,33.0,6,295.1,12,1
Central Africa,Female,57,Informal worker,17,15.64,-0.332,12,5.12,1,15.0,25.19,0,,,63.0,95.0,3,357.64,4,1
Southern Africa,Female,38,Trader,7,40.42,-0.438,13,1.11,1,37.0,19.66,1,0.809,5.7,30.0,33.0,5,213.62,12,0
Central Africa,Female,27,Trader,13,28.17,-1.277,12,2.19,0,3.0,0.0,1,0.727,21.5,78.0,60.0,4,417.41,4,0
East Africa,Female,63,Self-employed,8,32.26,-0.122,15,1.63,0,1.0,0.0,1,0.75,23.0,44.0,29.0,0,127.47,24,1
East Africa,Female,18,Trader,7,21.5,-1.092,19,1.65,0,17.0,0.0,0,,,36.0,58.0,2,148.93,8,1
East Africa,Female,37,Self-employed,24,81.82,0.703,16,3.25,0,7.0,0.0,1,0.782,12.9,40.0,15.0,5,171.12,12,1
East Africa,Male,52,Informal worker,10,37.24,-1.307,10,2.25,1,38.0,14.07,0,,,68.0,49.0,3,181.34,12,1
West Africa,Male,55,Informal worker,8,20.34,0.195,14,2.7,0,4.0,0.0,1,0.724,3.2,67.0,81.0,4,343.14,4,1
East Africa,Female,50,Farmer,20,52.66,0.322,10,1.52,0,1.0,0.0,1,0.597,24.4,84.0,63.0,9,959.89,4,1
West Africa,Female,41,Salaried,27,53.09,0.538,17,5.55,1,70.0,52.72,0,,,65.0,85.0,9,126.66,52,1
West Africa,Female,61,Self-employed,16,38.51,0.339,13,4.7,1,83.0,20.78,1,0.599,4.2,36.0,69.0,2,403.78,4,1
Central Africa,Male,29,Informal worker,20,37.77,0.474,13,2.29,1,77.0,10.78,1,0.802,4.0,49.0,69.0,4,232.71,12,1
West Africa,Male,24,Informal worker,24,67.4,0.166,10,1.9,1,57.0,18.42,0,,,23.0,48.0,6,338.16,4,1
East Africa,Male,47,Farmer,13,184.51,0.048,12,3.03,0,11.0,0.0,0,,,26.0,59.0,8,188.94,4,1
East Africa,Female,33,Trader,17,119.84,-0.079,28,7.8,0,11.0,0.0,0,,,77.0,84.0,9,568.02,12,1
West Africa,Male,40,Self-employed,20,22.91,0.429,21,7.15,0,6.0,0.0,1,0.856,6.4,23.0,51.0,6,165.01,24,1
Central Africa,Female,39,Trader,23,34.71,1.294,12,7.59,0,11.0,0.0,1,0.793,0.1,60.0,74.0,8,204.92,4,1
West Africa,Male,30,Farmer,25,77.78,0.582,12,4.68,0,4.0,0.0,1,0.558,2.1,39.0,71.0,3,309.21,8,1
Central Africa,Male,64,Farmer,15,23.06,-0.794,16,1.85,0,16.0,0.0,0,,,43.0,82.0,3,154.64,12,0
Southern Africa,Female,35,Salaried,12,22.14,-0.216,10,2.79,1,26.0,17.61,0,,,67.0,44.0,3,212.39,8,1
West Africa,Male,49,Informal worker,14,21.75,-0.423,11,2.42,0,2.0,0.0,1,0.873,17.7,39.0,78.0,4,340.94,12,1
West Africa,Female,25,Informal worker,19,55.99,-0.303,18,4.89,1,50.0,45.26,0,,,61.0,64.0,8,317.76,8,1
West Africa,Male,64,Trader,16,15.57,-0.365,13,3.33,0,5.0,0.0,0,,,29.0,32.0,7,221.94,24,0
East Africa,Male,64,Trader,7,85.61,0.23,14,2.16,1,76.0,25.39,0,,,22.0,26.0,3,78.76,8,1
West Africa,Female,21,Trader,13,52.14,0.156,11,2.05,0,13.0,0.0,0,,,67.0,33.0,6,425.58,52,1
Central Africa,Female,48,Self-employed,14,16.35,0.264,12,2.63,1,76.0,14.34,0,,,42.0,57.0,5,635.52,4,1
West Africa,Male,45,Trader,11,47.69,-0.655,11,1.45,0,11.0,0.0,0,,,75.0,59.0,3,251.79,8,1
Southern Africa,Male,26,Self-employed,8,46.16,-0.776,13,1.05,0,8.0,0.0,0,,,17.0,50.0,3,279.88,12,0
West Africa,Female,54,Trader,15,65.32,-0.644,17,5.67,1,32.0,32.26,0,,,48.0,70.0,8,223.93,4,0
Central Africa,Prefer not to say,53,Salaried,9,32.46,-0.376,10,1.81,0,2.0,0.0,0,,,75.0,39.0,2,293.54,12,1
West Africa,Female,57,Informal worker,35,72.75,0.872,17,8.88,1,66.0,45.7,0,,,13.0,63.0,5,128.15,8,1
East Africa,Female,46,Salaried,10,37.94,-0.018,10,3.21,1,79.0,19.75,0,,,56.0,23.0,3,931.95,8,1
East Africa,Male,51,Informal worker,25,36.96,-0.033,26,8.21,0,1.0,0.0,0,,,57.0,29.0,7,165.59,52,1
West Africa,Female,51,Salaried,13,36.88,1.094,10,5.34,0,1.0,0.0,1,0.91,0.3,61.0,67.0,4,109.08,4,1
Southern Africa,Female,54,Informal worker,11,123.44,0.271,15,4.64,0,0.0,0.0,0,,,58.0,82.0,4,635.66,24,0
West Africa,Female,45,Trader,14,52.88,0.59,12,3.94,1,24.0,48.99,0,,,41.0,73.0,8,496.64,8,0
East Africa,Female,52,Self-employed,18,42.52,0.146,10,2.85,0,8.0,0.0,0,,,70.0,98.0,4,483.19,12,1
East Africa,Female,20,Informal worker,10,70.12,-1.224,11,2.5,0,1.0,0.0,0,,,61.0,44.0,2,343.71,12,1
East Africa,Female,47,Trader,26,90.28,0.675,18,3.86,1,58.0,43.52,1,0.839,14.2,22.0,56.0,4,299.99,4,1
West Africa,Male,27,Farmer,8,146.99,0.799,12,3.1,1,72.0,32.15,0,,,76.0,69.0,1,394.54,4,1
West Africa,Male,37,Farmer,19,42.04,-0.52,16,4.91,0,2.0,0.0,0,,,85.0,82.0,5,114.48,24,0
West Africa,Prefer not to say,54,Salaried,17,53.03,-0.174,19,4.54,0,4.0,0.0,0,,,39.0,61.0,13,377.92,12,1
West Africa,Female,23,Salaried,15,50.95,0.503,16,2.95,1,39.0,31.96,1,0.811,16.6,73.0,70.0,6,273.81,8,1
West Africa,Male,53,Farmer,21,84.68,0.444,8,4.08,0,9.0,0.0,1,0.746,12.8,71.0,63.0,4,628.99,12,1
Central Africa,Male,30,Informal worker,38,131.72,0.897,22,2.46,1,78.0,53.81,0,,,21.0,69.0,11,832.51,4,1
East Africa,Female,53,Trader,19,60.93,-0.606,11,4.15,1,37.0,75.22,0,,,54.0,40.0,3,103.6,24,0
East Africa,Female,54,Farmer,10,56.75,0.23,6,2.69,0,8.0,0.0,0,,,47.0,17.0,1,387.3,8,1
East Africa,Female,18,Salaried,5,17.37,-1.241,14,2.68,1,72.0,13.87,0,,,40.0,54.0,6,432.62,8,0
West Africa,Male,28,Trader,17,40.09,-0.214,11,2.1,0,3.0,0.0,0,,,54.0,54.0,8,1216.16,8,1
East Africa,Male,55,Farmer,22,101.96,0.417,12,3.4,0,16.0,0.0,0,,,52.0,78.0,1,215.03,12,0
West Africa,Male,34,Trader,18,39.53,-0.471,10,0.87,0,0.0,0.0,0,,,59.0,75.0,6,175.58,12,1
West Africa,Female,38,Trader,18,29.31,0.426,15,2.74,0,3.0,0.0,1,0.777,8.5,41.0,76.0,5,862.76,8,1
East Africa,Male,18,Trader,14,75.79,0.465,10,1.45,0,1.0,0.0,1,0.767,17.7,73.0,60.0,5,769.02,12,1
East Africa,Female,50,Trader,20,18.04,-0.767,16,1.77,0,5.0,0.0,1,0.62,14.6,42.0,8.0,2,109.96,52,0
Central Africa,Female,22,Farmer,11,26.74,-0.545,9,1.59,0,3.0,0.0,0,,,35.0,69.0,1,413.23,4,0
West Africa,Female,30,Self-employed,9,32.75,-1.651,10,2.89,1,49.0,12.9,1,0.382,14.9,16.0,39.0,3,103.14,52,1
East Africa,Female,40,Trader,17,15.62,0.115,9,2.51,0,11.0,0.0,1,0.925,1.3,14.0,74.0,4,202.37,12,0
West Africa,Female,54,Salaried,7,19.28,0.59,10,3.73,0,1.0,0.0,0,,,64.0,39.0,5,79.19,24,1
West Africa,Female,41,Informal worker,17,36.4,-0.546,15,1.08,0,13.0,0.0,0,,,67.0,72.0,4,564.41,8,1
Southern Africa,Male,64,Trader,19,111.34,0.084,17,5.0,1,82.0,28.7,0,,,58.0,64.0,8,319.27,12,0
West Africa,Male,42,Trader,12,68.59,0.903,12,4.91,0,3.0,0.0,1,0.708,2.5,41.0,27.0,2,395.39,8,1
East Africa,Female,29,Trader,8,155.43,0.607,10,4.53,1,18.0,15.2,0,,,40.0,70.0,6,177.94,8,1
East Africa,Male,26,Salaried,9,104.21,-0.284,8,0.88,0,2.0,0.0,0,,,15.0,55.0,4,326.11,24,1
West Africa,Female,54,Informal worker,19,44.42,-0.426,12,1.4,1,35.0,25.58,0,,,55.0,83.0,5,235.63,8,1
Central Africa,Male,39,Farmer,13,56.55,-0.152,12,3.52,1,53.0,73.48,0,,,41.0,51.0,7,160.44,52,1
East Africa,Female,46,Trader,13,26.0,0.329,9,1.97,0,3.0,0.0,1,0.884,4.8,62.0,58.0,2,298.12,4,1
Southern Africa,Male,35,Trader,36,41.52,0.016,16,3.92,0,12.0,0.0,1,0.667,24.0,59.0,86.0,7,665.63,12,1
East Africa,Female,30,Informal worker,22,28.07,-0.232,20,3.11,1,89.0,26.27,1,0.722,8.8,65.0,89.0,5,69.61,12,1
Central Africa,Male,46,Trader,22,23.8,0.035,17,5.72,0,21.0,0.0,0,,,32.0,74.0,11,465.11,52,0
West Africa,Female,31,Farmer,23,36.11,1.036,11,5.85,1,59.0,90.18,0,,,80.0,57.0,8,46.4,12,1
East Africa,Male,64,Informal worker,23,119.18,0.174,9,5.2,0,3.0,0.0,0,,,30.0,62.0,5,232.86,12,1
Southern Africa,Female,52,Informal worker,22,84.41,-0.044,20,4.23,0,2.0,0.0,1,0.713,21.4,73.0,62.0,3,318.89,4,0
West Africa,Male,56,Trader,12,12.57,-0.008,9,1.49,0,9.0,0.0,0,,,69.0,53.0,4,100.07,12,1
East Africa,Female,31,Farmer,15,41.35,0.477,13,7.7,0,11.0,0.0,0,,,30.0,39.0,2,606.57,24,1
Central Africa,Female,19,Farmer,35,104.47,-0.548,23,11.04,0,2.0,0.0,1,0.669,54.0,57.0,63.0,9,281.83,8,1
East Africa,Female,20,Salaried,19,35.59,0.434,22,3.11,0,5.0,0.0,0,,,12.0,29.0,3,349.43,12,0
Southern Africa,Female,58,Farmer,16,56.91,0.81,11,3.12,1,34.0,40.2,0,,,64.0,79.0,2,105.55,24,1
East Africa,Female,59,Farmer,9,7.52,-0.716,14,3.2,0,6.0,0.0,0,,,33.0,56.0,5,162.26,24,1
Southern Africa,Female,49,Trader,17,13.13,-0.617,8,1.55,0,3.0,0.0,0,,,37.0,87.0,3,221.69,12,1
Central Africa,Male,45,Informal worker,13,42.55,1.012,13,7.46,0,5.0,0.0,1,0.774,7.9,59.0,64.0,6,353.28,12,1
East Africa,Female,27,Informal worker,12,40.52,-1.254,9,2.37,1,55.0,33.93,0,,,79.0,36.0,7,391.63,4,0
West Africa,Male,53,Informal worker,8,44.62,1.197,14,1.24,1,66.0,17.24,0,,,26.0,77.0,3,115.18,24,1
West Africa,Female,42,Informal worker,15,14.82,-0.603,9,3.0,1,39.0,38.36,0,,,39.0,53.0,5,187.0,4,1
East Africa,Male,46,Salaried,27,62.75,0.132,17,3.23,1,59.0,52.76,1,0.661,24.9,50.0,62.0,2,196.39,24,1
Southern Africa,Male,19,Salaried,20,84.93,-0.493,10,2.47,0,2.0,0.0,0,,,82.0,53.0,4,77.05,12,1
East Africa,Female,42,Farmer,23,26.36,-0.465,15,2.11,0,0.0,0.0,1,0.508,0.6,43.0,30.0,7,58.51,12,0
West Africa,Male,50,Trader,22,57.61,0.496,15,2.81,0,1.0,0.0,0,,,20.0,66.0,11,445.61,52,1
West Africa,Male,54,Self-employed,34,80.85,0.905,10,10.69,0,5.0,0.0,1,0.775,21.3,46.0,61.0,9,207.66,8,1
East Africa,Male,24,Informal worker,12,77.38,-0.305,17,1.59,0,10.0,0.0,1,0.834,18.1,40.0,97.0,5,571.08,24,1
Southern Africa,Female,19,Self-employed,18,55.51,-0.839,6,2.03,0,6.0,0.0,0,,,80.0,71.0,2,214.37,8,1
West Africa,Male,58,Farmer,11,28.19,-0.605,8,1.7,0,5.0,0.0,1,0.699,33.6,53.0,87.0,1,57.11,52,0
East Africa,Male,32,Self-employed,22,39.12,0.354,14,2.8,1,49.0,22.21,1,0.738,2.0,52.0,70.0,4,395.99,4,1
Southern Africa,Prefer not to say,40,Trader,21,46.35,0.041,8,1.51,1,45.0,26.98,0,,,52.0,82.0,1,825.45,8,1
Central Africa,Female,47,Informal worker,16,157.86,0.334,15,2.79,1,55.0,13.68,0,,,68.0,77.0,4,188.53,8,1
West Africa,Male,41,Farmer,14,23.47,-0.145,7,2.06,1,68.0,20.87,0,,,22.0,77.0,8,1206.54,4,1
Central Africa,Female,62,Trader,30,31.17,-1.074,20,8.84,0,3.0,0.0,0,,,57.0,70.0,8,305.27,12,0
East Africa,Male,57,Trader,10,36.28,-1.229,8,1.66,0,4.0,0.0,1,0.643,7.4,29.0,73.0,2,115.19,4,0
Southern Africa,Female,36,Trader,13,25.41,0.879,19,3.83,0,11.0,0.0,1,0.865,10.8,83.0,69.0,7,596.43,4,1
West Africa,Male,26,Trader,23,27.45,0.547,18,5.51,0,6.0,0.0,0,,,45.0,22.0,7,480.22,8,1
East Africa,Male,63,Self-employed,17,173.79,-0.722,11,2.65,0,2.0,0.0,1,0.866,7.1,45.0,62.0,10,637.44,12,0
East Africa,Male,51,Self-employed,7,27.97,-0.444,7,3.16,0,8.0,0.0,1,0.855,14.3,38.0,38.0,0,181.89,24,0
West Africa,Female,53,Salaried,12,37.09,0.722,7,2.17,0,6.0,0.0,1,0.56,9.3,28.0,73.0,3,182.05,4,1
East Africa,Male,39,Self-employed,11,30.01,-0.608,13,8.21,1,45.0,44.79,1,0.587,6.3,29.0,30.0,3,89.46,24,1
East Africa,Female,40,Salaried,19,69.62,-0.075,12,3.67,0,14.0,0.0,1,0.395,5.7,85.0,52.0,3,200.02,8,1
East Africa,Male,26,Self-employed,18,71.2,0.688,5,5.68,0,3.0,0.0,1,0.773,6.1,74.0,60.0,7,624.25,8,0
West Africa,Female,38,Trader,11,16.54,-0.679,3,2.22,0,12.0,0.0,0,,,28.0,37.0,5,483.55,24,1
East Africa,Female,43,Trader,28,66.98,1.695,15,1.8,1,45.0,22.99,0,,,9.0,74.0,9,165.36,8,1
West Africa,Male,24,Salaried,15,31.61,-0.05,11,8.06,0,4.0,0.0,0,,,52.0,53.0,3,339.93,12,1
Central Africa,Male,47,Farmer,6,25.7,0.439,10,2.06,0,1.0,0.0,0,,,51.0,18.0,7,135.99,4,0
Central Africa,Male,46,Informal worker,12,31.79,0.495,13,3.44,0,4.0,0.0,1,0.418,15.2,78.0,17.0,5,110.39,8,0
West Africa,Female,57,Informal worker,16,19.3,0.589,16,7.44,1,71.0,38.17,0,,,42.0,38.0,3,284.98,8,1
West Africa,Male,20,Farmer,7,44.04,0.093,9,5.93,0,5.0,0.0,0,,,76.0,57.0,3,325.07,8,0
West Africa,Female,28,Trader,16,14.74,-1.143,8,2.5,0,3.0,0.0,0,,,60.0,83.0,6,196.76,8,0
East Africa,Male,38,Informal worker,13,37.79,-0.982,8,3.93,0,10.0,0.0,1,0.589,28.5,67.0,49.0,4,218.26,24,1
Central Africa,Female,59,Farmer,11,8.82,0.767,15,1.33,0,2.0,0.0,0,,,75.0,18.0,4,233.26,4,1
East Africa,Female,29,Farmer,15,75.64,-0.643,11,3.31,1,69.0,28.87,1,0.735,2.7,41.0,48.0,8,37.35,8,1
West Africa,Male,63,Informal worker,22,38.8,0.947,10,2.58,1,18.0,18.78,1,0.579,0.5,46.0,10.0,5,239.88,8,1
West Africa,Male,62,Farmer,17,45.52,-0.674,17,5.11,0,1.0,0.0,0,,,55.0,57.0,8,249.69,4,1
West Africa,Female,22,Farmer,10,33.36,-0.439,18,0.76,0,12.0,0.0,1,0.411,2.0,75.0,46.0,1,119.9,24,0
Southern Africa,Male,35,Informal worker,19,63.29,0.267,15,4.26,1,64.0,55.86,0,,,64.0,88.0,8,1195.08,8,1
East Africa,Female,30,Farmer,21,66.4,-0.153,12,4.47,1,60.0,50.75,1,0.913,18.6,53.0,46.0,6,380.66,4,1
East Africa,Female,40,Self-employed,25,92.08,0.707,14,3.44,0,7.0,0.0,1,0.822,9.5,68.0,88.0,6,867.03,4,0
West Africa,Male,61,Farmer,8,60.44,0.895,16,1.83,0,1.0,0.0,0,,,68.0,14.0,3,379.1,12,1
Central Africa,Male,35,Self-employed,13,155.4,-0.353,15,2.44,1,71.0,24.09,0,,,54.0,32.0,8,176.09,12,0
West Africa,Male,49,Salaried,6,27.76,-0.99,9,1.37,1,90.0,10.52,1,0.688,7.1,51.0,56.0,2,109.94,8,1
Southern Africa,Male,24,Salaried,26,45.14,0.748,19,4.2,0,14.0,0.0,0,,,55.0,62.0,7,404.76,12,1
Central Africa,Female,44,Salaried,17,57.4,0.488,15,2.09,0,17.0,0.0,0,,,59.0,58.0,8,173.19,8,1
East Africa,Prefer not to say,34,Informal worker,17,10.9,-0.635,21,5.69,0,4.0,0.0,0,,,35.0,76.0,7,244.9,12,1
Central Africa,Male,61,Farmer,16,27.68,1.315,15,2.21,1,50.0,18.33,0,,,36.0,70.0,6,434.65,8,1
West Africa,Female,54,Informal worker,10,57.09,-0.376,9,2.89,1,51.0,28.07,1,0.541,2.3,46.0,20.0,5,1176.27,12,0
Southern Africa,Male,28,Trader,20,33.39,0.463,16,3.93,0,4.0,0.0,0,,,33.0,27.0,3,987.72,8,1
West Africa,Prefer not to say,47,Trader,17,82.05,0.299,22,1.48,1,62.0,49.34,1,0.72,8.4,50.0,79.0,11,486.12,24,1
East Africa,Female,34,Trader,28,59.46,1.052,22,2.75,1,22.0,25.86,1,0.88,14.4,56.0,78.0,5,595.71,24,1
West Africa,Male,38,Informal worker,17,43.73,-0.678,7,2.4,1,58.0,6.4,0,,,48.0,47.0,0,531.34,4,0
West Africa,Female,39,Trader,27,55.66,0.866,19,5.15,1,80.0,62.19,0,,,40.0,79.0,5,1456.32,12,1
West Africa,Female,56,Informal worker,14,44.08,-1.414,14,1.49,0,10.0,0.0,0,,,21.0,63.0,2,98.79,8,0
West Africa,Male,31,Trader,10,32.74,-0.048,19,1.39,0,4.0,0.0,1,0.707,9.3,67.0,54.0,6,174.57,12,1
East Africa,Male,18,Trader,21,26.29,-0.102,14,4.32,0,18.0,0.0,0,,,29.0,66.0,10,226.5,4,0
East Africa,Female,27,Farmer,6,47.85,-0.122,10,4.66,0,4.0,0.0,0,,,25.0,48.0,0,236.38,4,0
West Africa,Male,56,Salaried,30,113.07,1.863,21,6.34,1,78.0,99.03,1,0.939,9.2,41.0,16.0,11,550.06,24,1
Central Africa,Male,31,Farmer,14,75.89,-0.285,11,2.91,1,74.0,16.07,0,,,39.0,67.0,5,217.54,24,1
Central Africa,Male,20,Self-employed,8,75.34,-0.219,9,1.69,0,7.0,0.0,1,0.86,27.4,9.0,36.0,3,656.62,52,0
West Africa,Female,36,Trader,22,28.02,-0.075,14,3.28,1,32.0,34.65,1,0.88,30.9,21.0,56.0,6,520.17,8,1
East Africa,Male,58,Farmer,20,112.44,1.242,15,2.95,0,5.0,0.0,0,,,53.0,54.0,11,473.07,12,1
East Africa,Male,59,Trader,6,32.4,-0.087,11,2.73,1,91.0,54.6,1,0.805,6.8,69.0,65.0,1,191.35,8,0
Southern Africa,Male,62,Farmer,35,36.71,0.776,22,5.8,1,78.0,27.68,1,0.804,9.1,52.0,87.0,11,717.28,12,1
East Africa,Male,50,Trader,9,41.79,0.303,11,1.36,0,10.0,0.0,1,0.937,0.9,51.0,80.0,4,52.9,4,1
Southern Africa,Female,56,Trader,11,70.63,-0.575,13,3.31,1,48.0,32.99,0,,,82.0,90.0,6,271.64,8,0
West Africa,Male,54,Informal worker,13,22.54,0.111,20,4.14,0,12.0,0.0,0,,,51.0,77.0,5,332.01,52,1
West Africa,Female,18,Informal worker,10,27.02,-0.263,13,2.72,0,1.0,0.0,0,,,17.0,65.0,1,893.05,24,0
Southern Africa,Male,37,Trader,11,22.56,0.096,7,1.94,1,52.0,20.46,0,,,54.0,32.0,7,64.57,24,1
East Africa,Female,42,Self-employed,7,12.23,-1.624,5,0.91,1,84.0,22.33,1,0.693,21.7,22.0,70.0,1,218.01,12,1
Southern Africa,Male,39,Informal worker,9,58.96,-0.644,10,7.29,1,21.0,45.42,1,0.459,11.2,4.0,49.0,2,571.36,24,0
West Africa,Female,56,Farmer,21,161.45,0.178,20,3.08,0,4.0,0.0,0,,,70.0,96.0,7,284.54,4,1
West Africa,Male,64,Farmer,23,51.85,-0.42,17,3.41,0,1.0,0.0,1,0.893,3.6,58.0,89.0,8,366.08,4,0
West Africa,Female,43,Trader,10,23.81,-1.442,12,1.34,0,0.0,0.0,0,,,18.0,33.0,0,84.92,4,0
West Africa,Male,22,Salaried,11,27.79,0.26,10,1.2,0,7.0,0.0,0,,,52.0,39.0,0,383.32,12,1
West Africa,Male,34,Farmer,12,45.11,-0.534,8,0.95,0,8.0,0.0,1,0.792,24.1,66.0,59.0,0,114.9,4,1
East Africa,Female,27,Trader,6,15.61,0.708,10,2.88,1,83.0,34.35,0,,,48.0,72.0,5,70.95,8,1
East Africa,Male,40,Trader,16,60.49,0.164,16,1.79,1,67.0,39.07,0,,,42.0,58.0,4,528.27,4,1
Southern Africa,Male,29,Trader,15,21.42,0.459,6,2.11,1,68.0,10.26,0,,,70.0,80.0,1,155.19,12,1
East Africa,Female,21,Farmer,26,59.83,-0.364,14,5.52,1,78.0,17.52,1,0.709,2.5,34.0,74.0,9,631.43,12,1
West Africa,Female,26,Informal worker,12,46.93,0.543,15,4.73,1,48.0,35.7,0,,,4.0,96.0,6,147.93,8,1
Southern Africa,Female,41,Self-employed,14,56.8,-1.035,11,1.93,0,4.0,0.0,0,,,42.0,48.0,2,92.09,12,0
West Africa,Prefer not to say,24,Trader,23,85.03,0.772,26,9.9,0,2.0,0.0,0,,,37.0,73.0,5,163.29,24,1
Central Africa,Male,19,Farmer,31,49.76,1.778,19,7.49,0,2.0,0.0,1,0.701,3.6,69.0,78.0,15,523.32,24,1
West Africa,Male,31,Trader,12,31.57,-0.363,9,1.92,0,11.0,0.0,0,,,50.0,67.0,3,69.0,4,1
East Africa,Female,48,Farmer,16,84.49,0.601,12,10.98,0,12.0,0.0,0,,,72.0,24.0,11,521.65,8,0
Central Africa,Male,47,Informal worker,15,24.86,-0.17,19,2.78,0,8.0,0.0,1,0.794,1.1,62.0,56.0,2,158.36,8,1
East Africa,Male,36,Self-employed,19,72.95,0.222,14,4.06,1,45.0,13.58,0,,,32.0,69.0,3,49.31,4,1
East Africa,Male,49,Informal worker,17,21.29,0.21,13,1.27,1,69.0,56.18,1,0.69,20.6,58.0,91.0,6,409.52,4,1
Southern Africa,Male,26,Trader,14,200.92,1.53,12,2.71,0,2.0,0.0,0,,,57.0,48.0,8,238.95,12,1
West Africa,Male,51,Salaried,8,86.76,0.045,17,1.32,0,5.0,0.0,0,,,20.0,74.0,2,50.46,4,1
Southern Africa,Male,18,Salaried,22,58.89,-0.314,13,4.0,1,62.0,38.27,1,0.806,24.2,62.0,37.0,3,202.57,8,0
Central Africa,Female,24,Trader,14,56.75,-0.432,9,1.65,0,7.0,0.0,0,,,54.0,33.0,4,445.89,8,0
Central Africa,Female,61,Self-employed,11,41.4,0.967,15,2.34,0,5.0,0.0,0,,,28.0,53.0,8,215.08,4,1
East Africa,Female,39,Informal worker,22,50.63,0.045,17,3.33,1,73.0,40.35,1,0.888,2.1,65.0,73.0,7,422.73,4,1
West Africa,Male,44,Salaried,7,33.45,0.384,12,0.8,0,2.0,0.0,1,0.823,1.5,58.0,72.0,0,65.91,8,1
Southern Africa,Male,36,Farmer,19,56.83,0.938,11,4.39,0,6.0,0.0,0,,,94.0,33.0,8,880.94,8,0
East Africa,Female,48,Trader,15,36.87,-0.137,14,1.6,0,14.0,0.0,0,,,27.0,81.0,4,325.56,12,1
West Africa,Male,53,Salaried,13,64.06,-0.473,14,2.36,0,1.0,0.0,1,0.875,6.9,52.0,52.0,2,511.56,8,0
West Africa,Male,54,Farmer,5,18.53,-0.144,13,1.49,1,92.0,8.38,1,0.853,3.3,58.0,61.0,1,119.88,4,1
West Africa,Female,29,Self-employed,4,24.02,-1.073,9,2.62,1,48.0,9.03,1,0.769,2.0,52.0,62.0,2,430.34,24,1
East Africa,Female,47,Trader,31,69.85,1.385,22,3.86,1,48.0,37.84,0,,,38.0,61.0,9,114.19,12,1
West Africa,Male,54,Farmer,12,32.21,-0.637,10,1.03,1,88.0,15.15,0,,,26.0,44.0,8,239.75,24,1
West Africa,Female,37,Informal worker,24,52.52,0.054,14,1.09,0,3.0,0.0,1,0.741,8.4,38.0,78.0,10,548.53,12,1
West Africa,Female,35,Informal worker,19,30.32,0.533,20,7.01,0,1.0,0.0,0,,,59.0,71.0,5,787.44,8,1
Central Africa,Female,47,Farmer,35,20.86,0.957,21,4.67,0,5.0,0.0,0,,,54.0,76.0,8,190.64,12,0
West Africa,Male,44,Informal worker,28,61.12,0.09,18,12.21,1,57.0,17.13,1,0.688,1.8,62.0,85.0,13,157.82,12,1
West Africa,Female,29,Informal worker,30,109.73,-0.655,20,4.3,0,25.0,0.0,1,0.622,10.6,48.0,76.0,12,859.32,52,1
East Africa,Female,63,Informal worker,10,56.44,-0.55,13,1.68,0,1.0,0.0,0,,,66.0,50.0,2,183.18,24,1
West Africa,Male,44,Farmer,7,30.51,-0.137,7,5.94,0,5.0,0.0,1,0.805,12.1,46.0,47.0,2,68.52,4,1
Central Africa,Female,44,Informal worker,19,19.34,0.394,9,1.63,0,11.0,0.0,0,,,39.0,56.0,2,897.15,4,1
Central Africa,Female,27,Farmer,9,9.65,-1.235,11,1.56,0,13.0,0.0,0,,,24.0,92.0,6,158.89,8,0
East Africa,Male,49,Salaried,5,31.2,-0.465,10,5.03,1,77.0,10.76,0,,,47.0,48.0,2,407.29,8,0
East Africa,Male,61,Informal worker,26,149.32,-0.494,17,5.03,1,58.0,27.78,0,,,22.0,45.0,4,829.62,12,0
East Africa,Male,52,Farmer,10,32.38,-1.716,12,2.29,1,92.0,12.55,0,,,53.0,39.0,3,117.37,12,0
West Africa,Female,41,Trader,5,79.91,1.015,13,2.6,0,1.0,0.0,1,0.736,0.8,45.0,83.0,2,121.13,8,1
West Africa,Male,47,Trader,29,107.95,0.198,15,6.25,0,4.0,0.0,0,,,70.0,79.0,13,385.79,8,1
West Africa,Male,28,Farmer,8,37.18,0.057,9,7.61,0,6.0,0.0,0,,,42.0,98.0,10,298.87,4,1
West Africa,Male,20,Informal worker,25,32.06,0.866,14,2.58,1,35.0,16.02,1,0.871,2.3,74.0,79.0,8,853.24,24,1
East Africa,Female,48,Salaried,19,41.11,1.386,14,3.88,1,82.0,71.93,1,0.819,32.1,25.0,99.0,6,252.22,8,1
West Africa,Female,26,Self-employed,11,13.96,0.047,20,4.69,0,0.0,0.0,0,,,81.0,75.0,6,226.6,8,1
West Africa,Male,22,Informal worker,15,47.19,-0.581,10,3.92,0,2.0,0.0,1,0.642,0.4,40.0,75.0,4,152.57,4,0
East Africa,Female,54,Informal worker,10,52.84,-0.357,10,2.74,0,1.0,0.0,0,,,76.0,33.0,7,165.77,12,1
East Africa,Male,38,Informal worker,17,97.9,0.131,12,1.61,1,74.0,62.98,0,,,40.0,42.0,3,294.85,8,1
West Africa,Male,58,Farmer,19,45.87,0.135,15,5.09,1,66.0,42.38,0,,,74.0,29.0,2,228.67,8,0
West Africa,Female,58,Informal worker,5,20.56,-0.307,9,1.66,0,1.0,0.0,0,,,34.0,75.0,3,88.93,4,1
West Africa,Male,23,Farmer,21,58.56,-0.133,14,3.12,0,0.0,0.0,1,0.735,16.4,14.0,73.0,6,888.04,8,0
West Africa,Female,54,Farmer,16,39.45,-0.583,12,2.92,0,13.0,0.0,1,0.796,3.4,66.0,24.0,5,778.7,4,0
Southern Africa,Female,33,Self-employed,30,159.59,2.123,32,6.02,0,0.0,0.0,0,,,53.0,92.0,16,384.43,12,1
Central Africa,Female,51,Informal worker,11,86.87,-0.142,9,1.04,1,96.0,8.65,0,,,31.0,71.0,3,1563.78,4,1
East Africa,Male,20,Trader,13,24.07,-0.742,9,4.81,0,6.0,0.0,0,,,60.0,85.0,2,141.37,4,1
East Africa,Male,40,Farmer,10,77.09,-1.422,17,1.1,0,5.0,0.0,1,0.856,29.4,40.0,72.0,4,172.17,12,1
Southern Africa,Male,47,Self-employed,20,131.38,0.485,16,4.2,1,83.0,8.37,1,0.748,3.5,84.0,52.0,4,168.38,12,1
East Africa,Female,39,Trader,21,52.87,0.264,21,5.68,0,0.0,0.0,0,,,75.0,93.0,7,886.03,4,1
West Africa,Female,43,Self-employed,30,85.0,0.062,10,1.39,0,12.0,0.0,1,0.391,8.1,73.0,91.0,6,88.45,4,1
West Africa,Female,18,Self-employed,6,29.77,0.323,11,2.37,0,16.0,0.0,0,,,44.0,36.0,6,502.86,8,1
East Africa,Female,18,Informal worker,20,60.19,-0.203,18,4.63,0,2.0,0.0,0,,,51.0,87.0,12,314.53,4,1
East Africa,Male,46,Farmer,10,21.21,-0.1,10,1.81,1,34.0,11.52,1,0.775,8.8,44.0,71.0,4,375.31,8,1
West Africa,Female,37,Trader,20,28.19,0.419,10,4.59,0,8.0,0.0,1,0.491,8.8,13.0,72.0,8,275.72,12,1
West Africa,Female,45,Trader,9,35.14,-0.927,12,1.65,0,1.0,0.0,0,,,81.0,30.0,3,247.97,4,0
West Africa,Male,34,Farmer,28,31.84,0.258,12,1.69,0,3.0,0.0,0,,,48.0,79.0,6,204.02,4,0
West Africa,Female,18,Salaried,16,27.94,-0.083,15,4.18,0,12.0,0.0,0,,,72.0,59.0,5,397.7,8,1
East Africa,Female,50,Self-employed,41,187.99,1.507,18,5.21,1,39.0,35.61,1,0.914,11.5,92.0,39.0,13,587.85,8,1
Southern Africa,Prefer not to say,24,Trader,13,84.24,0.489,6,1.88,1,79.0,10.93,0,,,43.0,87.0,4,121.16,12,1
East Africa,Female,54,Farmer,10,34.26,-1.759,9,1.23,0,2.0,0.0,0,,,29.0,79.0,0,118.57,24,1
West Africa,Male,18,Farmer,20,42.45,0.443,15,1.86,1,80.0,23.66,1,0.814,3.1,75.0,87.0,8,122.93,12,0
West Africa,Female,61,Farmer,18,113.89,0.361,8,4.69,1,75.0,15.19,0,,,45.0,76.0,5,245.07,24,1
Southern Africa,Male,29,Farmer,20,30.03,1.368,17,5.14,1,60.0,42.45,1,0.592,2.3,50.0,44.0,7,261.15,12,1
East Africa,Female,59,Self-employed,26,75.01,0.851,13,3.89,1,73.0,29.33,1,0.88,63.1,36.0,85.0,4,134.75,12,1
West Africa,Male,18,Farmer,13,14.29,-0.083,9,3.88,0,1.0,0.0,1,0.645,40.4,68.0,44.0,1,387.94,8,0
West Africa,Female,39,Trader,7,15.28,-0.665,4,2.86,0,4.0,0.0,0,,,57.0,75.0,0,270.81,8,0
Southern Africa,Male,37,Informal worker,12,31.11,-0.67,17,2.62,0,2.0,0.0,1,0.891,21.6,26.0,87.0,5,343.78,4,1
Southern Africa,Male,25,Trader,36,105.22,0.802,19,3.17,0,3.0,0.0,0,,,65.0,56.0,8,137.64,4,1
Central Africa,Male,40,Self-employed,10,28.28,-0.429,16,6.36,0,13.0,0.0,0,,,9.0,94.0,5,253.36,4,1
East Africa,Female,28,Self-employed,11,29.25,-0.62,14,2.02,1,38.0,21.16,0,,,11.0,79.0,9,108.67,12,1
East Africa,Male,38,Trader,11,26.38,-0.298,8,2.66,1,28.0,7.86,0,,,35.0,92.0,5,513.7,8,0
East Africa,Male,35,Informal worker,26,64.41,0.742,23,4.4,0,10.0,0.0,1,0.973,2.8,53.0,50.0,9,1488.79,8,0
West Africa,Male,27,Salaried,21,53.19,0.698,16,3.51,1,78.0,22.84,0,,,94.0,41.0,7,531.54,24,1
Southern Africa,Male,55,Farmer,18,47.17,0.324,16,4.27,0,11.0,0.0,1,0.65,12.7,59.0,93.0,6,180.02,8,1
East Africa,Female,42,Farmer,16,74.95,0.305,12,1.44,1,77.0,26.75,0,,,78.0,73.0,8,255.54,12,1
West Africa,Male,57,Self-employed,9,101.89,-0.357,10,1.66,1,82.0,14.81,0,,,52.0,59.0,3,163.5,12,1
Central Africa,Male,56,Trader,8,68.66,-0.535,11,2.03,0,0.0,0.0,0,,,43.0,65.0,1,214.51,12,0
East Africa,Male,30,Farmer,15,132.68,-0.242,14,1.91,0,2.0,0.0,0,,,69.0,97.0,6,564.82,52,1
West Africa,Male,31,Trader,14,26.52,-0.079,15,2.02,0,15.0,0.0,1,0.897,4.6,19.0,31.0,5,241.7,12,1
West Africa,Male,62,Farmer,14,60.54,-0.759,10,1.18,0,8.0,0.0,1,0.624,3.7,22.0,83.0,4,490.49,8,1
Central Africa,Male,32,Salaried,13,61.72,-0.318,12,3.13,1,72.0,18.39,1,0.942,0.7,63.0,44.0,6,890.08,4,1
Central Africa,Male,22,Informal worker,19,169.81,0.753,17,3.82,0,2.0,0.0,0,,,40.0,33.0,8,508.87,52,0
East Africa,Male,43,Informal worker,15,68.45,0.078,15,3.08,1,82.0,19.82,0,,,39.0,71.0,4,455.72,8,1
Central Africa,Male,63,Trader,14,54.14,-1.807,12,2.81,0,2.0,0.0,1,0.716,26.9,58.0,47.0,5,614.8,24,0
Central Africa,Female,28,Salaried,12,43.4,0.111,18,2.5,0,17.0,0.0,1,0.998,36.5,68.0,69.0,2,649.93,4,0
Southern Africa,Male,47,Trader,14,36.64,-0.026,25,2.7,0,1.0,0.0,0,,,55.0,42.0,2,395.54,12,0
Central Africa,Female,33,Farmer,20,248.57,0.49,18,4.12,1,56.0,19.49,1,0.855,23.5,42.0,58.0,10,500.0,4,1
East Africa,Female,36,Trader,20,28.42,0.24,20,1.94,0,1.0,0.0,0,,,73.0,66.0,6,371.34,12,1
Southern Africa,Female,39,Farmer,23,62.13,1.459,21,7.75,0,3.0,0.0,0,,,50.0,77.0,11,1326.46,12,1
East Africa,Male,24,Informal worker,12,63.12,-0.184,6,1.4,1,75.0,22.91,0,,,87.0,69.0,5,281.04,12,1
Southern Africa,Female,36,Farmer,35,52.16,-0.734,13,3.95,1,68.0,40.19,0,,,64.0,79.0,6,487.44,8,1
West Africa,Female,30,Farmer,14,42.65,0.938,13,2.85,0,6.0,0.0,0,,,59.0,56.0,5,311.81,24,1
Southern Africa,Prefer not to say,56,Farmer,28,130.17,1.153,19,5.05,1,86.0,13.92,1,0.977,15.0,59.0,72.0,8,508.27,4,1
Central Africa,Female,28,Informal worker,12,37.63,-0.457,12,4.31,1,54.0,44.14,0,,,45.0,18.0,3,127.17,12,1
West Africa,Male,57,Farmer,23,27.81,-0.118,15,5.57,1,90.0,28.99,0,,,58.0,10.0,3,367.58,24,1
Central Africa,Female,18,Salaried,22,227.53,1.217,16,6.47,0,16.0,0.0,0,,,61.0,66.0,15,665.45,12,1
East Africa,Female,36,Trader,15,50.32,1.716,13,1.04,0,3.0,0.0,0,,,68.0,72.0,5,223.59,12,0
West Africa,Male,30,Trader,30,60.78,0.927,17,4.25,1,80.0,55.99,1,0.821,7.6,36.0,26.0,10,236.6,4,1
West Africa,Male,39,Trader,18,135.07,-0.052,14,2.97,0,3.0,0.0,0,,,37.0,64.0,7,126.27,24,0
Southern Africa,Female,54,Trader,10,19.42,0.162,13,3.83,1,86.0,21.77,0,,,14.0,62.0,2,153.22,24,0
East Africa,Male,62,Farmer,7,10.21,-0.857,11,2.22,0,5.0,0.0,1,0.406,10.9,23.0,42.0,1,332.69,8,0
West Africa,Female,52,Trader,16,54.83,-0.143,11,6.49,0,1.0,0.0,1,0.966,0.2,15.0,38.0,5,149.2,52,1
East Africa,Male,41,Trader,23,49.79,-0.129,18,3.02,0,2.0,0.0,1,0.829,20.2,44.0,61.0,7,153.06,4,1
West Africa,Female,42,Trader,11,18.81,0.528,10,3.38,0,1.0,0.0,0,,,79.0,59.0,4,376.23,8,0
East Africa,Male,64,Farmer,19,31.06,0.545,9,5.11,0,10.0,0.0,0,,,29.0,68.0,2,809.23,24,1
Central Africa,Female,64,Informal worker,13,33.46,-1.091,11,1.15,1,81.0,24.31,1,0.814,2.6,26.0,41.0,2,333.34,8,1
Southern Africa,Male,53,Farmer,27,52.91,0.09,18,4.7,1,22.0,36.6,1,0.824,28.9,57.0,51.0,8,1157.98,52,1
Southern Africa,Female,25,Self-employed,2,19.76,-1.27,15,4.0,0,4.0,0.0,1,0.186,11.9,34.0,86.0,3,796.82,24,0
East Africa,Male,30,Trader,9,21.8,0.498,11,1.72,0,3.0,0.0,0,,,41.0,55.0,5,162.4,8,1
Central Africa,Male,30,Farmer,14,40.04,0.206,6,2.38,1,45.0,31.5,0,,,15.0,22.0,2,65.5,4,1
West Africa,Male,28,Trader,28,79.45,0.571,17,3.35,0,2.0,0.0,0,,,37.0,67.0,11,772.61,12,1
West Africa,Male,63,Salaried,18,49.41,0.219,14,1.99,0,5.0,0.0,0,,,39.0,79.0,9,729.22,8,0
West Africa,Prefer not to say,25,Trader,8,19.03,0.096,9,2.06,0,5.0,0.0,0,,,50.0,30.0,3,1002.92,4,0
East Africa,Male,58,Self-employed,23,44.75,0.549,19,2.58,0,9.0,0.0,0,,,87.0,64.0,5,1036.43,24,1
East Africa,Male,55,Informal worker,9,41.7,-0.111,9,1.56,0,2.0,0.0,0,,,32.0,92.0,2,116.63,8,1
Southern Africa,Female,42,Informal worker,27,69.36,-0.034,21,1.63,0,2.0,0.0,0,,,54.0,47.0,8,1054.61,8,1
West Africa,Male,32,Farmer,12,14.72,0.394,6,2.91,0,5.0,0.0,0,,,61.0,32.0,4,270.36,8,0
West Africa,Male,30,Farmer,21,160.24,0.792,17,3.33,0,1.0,0.0,1,0.671,16.2,17.0,42.0,4,170.89,8,1
East Africa,Female,49,Trader,4,50.09,-0.107,9,1.51,0,2.0,0.0,1,0.729,6.5,48.0,74.0,1,172.31,8,0
Central Africa,Male,49,Self-employed,6,43.74,-0.485,8,1.81,0,10.0,0.0,1,0.684,3.5,44.0,46.0,1,298.71,8,0
West Africa,Female,43,Salaried,9,19.11,0.754,13,0.92,0,10.0,0.0,1,0.464,17.5,63.0,81.0,3,579.33,12,1
West Africa,Female,44,Trader,14,53.46,0.521,11,4.4,1,29.0,20.54,1,0.83,29.0,26.0,60.0,3,1476.47,24,1
West Africa,Male,56,Trader,12,25.63,-1.188,10,2.98,0,0.0,0.0,1,0.898,20.5,61.0,65.0,2,210.97,8,0
East Africa,Female,53,Farmer,14,68.27,0.472,14,5.2,0,8.0,0.0,1,0.818,46.9,33.0,41.0,3,133.77,12,0
West Africa,Female,53,Salaried,16,48.34,0.497,11,1.87,0,0.0,0.0,0,,,41.0,32.0,3,157.24,12,1
West Africa,Male,31,Farmer,18,16.09,0.034,7,6.4,1,94.0,13.35,1,0.913,10.5,27.0,68.0,4,386.28,24,1
East Africa,Female,20,Informal worker,8,114.93,-0.61,9,4.26,0,2.0,0.0,0,,,20.0,90.0,3,564.51,12,0
West Africa,Male,39,Trader,24,107.99,1.228,16,9.21,0,1.0,0.0,0,,,18.0,86.0,14,333.58,4,1
East Africa,Female,33,Self-employed,21,113.44,0.789,20,6.82,1,79.0,56.9,1,0.93,9.8,68.0,37.0,3,119.34,24,1
West Africa,Female,33,Trader,11,37.6,0.986,19,2.09,0,16.0,0.0,1,0.939,4.9,30.0,88.0,9,166.47,24,1
Central Africa,Male,42,Farmer,25,68.26,0.36,7,3.98,1,53.0,46.64,1,0.447,20.0,69.0,69.0,2,84.72,12,1
East Africa,Male,61,Self-employed,11,10.68,-1.289,13,4.76,0,1.0,0.0,0,,,58.0,75.0,5,353.21,4,1
West Africa,Male,55,Informal worker,10,56.59,0.349,10,1.68,0,14.0,0.0,1,0.743,3.1,15.0,83.0,2,152.62,8,0
West Africa,Female,49,Farmer,13,45.6,0.49,8,3.09,1,54.0,31.95,1,0.732,23.7,20.0,52.0,5,273.37,8,1
East Africa,Female,51,Salaried,17,81.25,-0.374,20,2.79,0,3.0,0.0,1,0.519,0.5,7.0,72.0,8,356.6,24,1
Central Africa,Male,37,Trader,5,13.31,1.205,8,1.47,0,17.0,0.0,0,,,47.0,27.0,3,245.65,4,0
West Africa,Male,43,Trader,18,32.61,-0.434,12,2.67,0,3.0,0.0,0,,,51.0,67.0,8,193.84,8,1
West Africa,Female,38,Trader,9,24.94,-0.726,18,2.63,0,11.0,0.0,0,,,70.0,80.0,1,142.86,24,0
West Africa,Male,55,Trader,24,61.62,1.198,18,2.87,0,8.0,0.0,1,0.815,11.3,38.0,44.0,6,514.51,8,1
East Africa,Male,64,Informal worker,15,54.27,-0.823,10,1.08,0,13.0,0.0,0,,,41.0,80.0,8,553.06,4,0
Central Africa,Male,38,Farmer,23,107.54,-0.085,9,2.82,0,3.0,0.0,0,,,85.0,28.0,5,211.94,24,0
East Africa,Female,51,Farmer,20,54.66,0.027,14,8.13,1,62.0,18.5,1,0.828,4.6,45.0,39.0,7,625.06,8,1
West Africa,Male,20,Salaried,18,36.58,0.139,13,3.05,0,5.0,0.0,0,,,55.0,86.0,8,826.6,12,1
Southern Africa,Female,36,Farmer,10,75.74,-0.819,15,2.96,1,63.0,7.36,0,,,60.0,42.0,0,105.63,24,0
Southern Africa,Female,58,Trader,15,26.61,1.064,9,1.86,0,2.0,0.0,0,,,35.0,73.0,3,230.58,4,0
West Africa,Male,50,Farmer,14,87.44,-0.27,19,4.22,0,8.0,0.0,0,,,67.0,95.0,12,160.2,4,1
West Africa,Female,42,Salaried,14,19.0,0.226,12,3.17,0,5.0,0.0,0,,,66.0,81.0,0,414.85,8,1
East Africa,Male,28,Farmer,19,33.75,-0.706,8,2.57,0,2.0,0.0,1,0.446,8.2,62.0,67.0,5,1010.43,4,0
Southern Africa,Male,55,Self-employed,11,112.41,-0.148,12,1.88,0,3.0,0.0,0,,,52.0,83.0,6,455.92,8,0
Southern Africa,Female,63,Salaried,19,98.65,1.076,23,4.57,0,1.0,0.0,1,0.652,9.4,39.0,30.0,8,170.56,4,1
Southern Africa,Male,36,Salaried,32,108.09,0.79,27,6.56,0,7.0,0.0,0,,,43.0,80.0,8,576.1,4,1
Southern Africa,Female,56,Salaried,28,148.17,1.39,21,6.17,1,39.0,19.06,1,0.702,2.6,61.0,69.0,6,1042.27,12,0
West Africa,Female,45,Informal worker,18,54.68,-0.077,13,5.97,0,7.0,0.0,1,0.714,8.7,60.0,53.0,8,217.77,12,1
West Africa,Male,36,Self-employed,17,48.44,0.682,19,3.02,0,10.0,0.0,1,0.576,10.5,33.0,78.0,8,720.92,24,1
West Africa,Prefer not to say,33,Informal worker,11,35.38,0.143,11,3.56,1,81.0,18.02,1,0.695,14.3,62.0,49.0,1,484.66,24,1
Central Africa,Female,41,Farmer,13,62.26,-0.517,10,2.68,0,3.0,0.0,1,0.803,12.4,6.0,80.0,11,195.51,4,1
East Africa,Male,37,Trader,19,41.55,0.708,15,1.99,0,2.0,0.0,1,0.926,22.7,44.0,71.0,6,248.73,4,0
West Africa,Male,47,Salaried,28,63.33,0.154,10,5.24,1,88.0,51.65,0,,,28.0,78.0,9,222.04,24,1
West Africa,Female,24,Farmer,10,114.62,0.211,8,2.35,0,1.0,0.0,0,,,67.0,52.0,4,154.72,24,0
Southern Africa,Male,40,Salaried,16,67.89,-0.082,15,3.2,0,9.0,0.0,0,,,73.0,76.0,6,379.78,8,1
Southern Africa,Male,52,Self-employed,14,26.12,0.182,20,4.7,1,60.0,14.97,1,0.754,2.0,44.0,44.0,2,405.89,24,1
Southern Africa,Male,57,Farmer,9,79.03,-0.252,8,3.52,0,14.0,0.0,0,,,59.0,51.0,5,120.92,12,0
West Africa,Male,31,Farmer,9,26.66,1.171,12,0.85,0,3.0,0.0,0,,,63.0,65.0,1,241.96,12,1
Central Africa,Male,46,Trader,15,65.0,0.927,23,4.27,0,5.0,0.0,1,0.485,13.8,54.0,40.0,15,353.87,4,1
Southern Africa,Female,32,Farmer,15,45.09,-0.23,12,3.21,0,1.0,0.0,1,0.699,5.0,49.0,90.0,4,235.0,12,0
Southern Africa,Female,55,Informal worker,15,76.66,-0.1,9,4.25,1,83.0,18.08,0,,,67.0,34.0,6,361.35,8,1
Southern Africa,Female,34,Farmer,10,62.4,-0.143,11,1.9,0,5.0,0.0,1,0.527,10.1,29.0,75.0,2,60.78,8,1
Central Africa,Male,49,Farmer,32,33.79,0.184,23,3.66,1,96.0,22.37,0,,,57.0,77.0,9,258.87,24,1
Central Africa,Male,38,Farmer,15,64.21,-0.782,19,2.3,0,4.0,0.0,1,0.834,0.2,48.0,54.0,6,152.64,12,0
East Africa,Male,30,Trader,8,15.15,0.798,4,1.23,0,1.0,0.0,0,,,40.0,35.0,1,234.62,4,1
East Africa,Male,45,Trader,17,52.46,0.54,11,1.99,1,40.0,16.69,1,0.835,14.8,48.0,50.0,4,239.59,4,1
East Africa,Female,47,Trader,18,24.96,-0.255,13,1.51,0,2.0,0.0,1,0.937,16.0,67.0,68.0,6,278.37,12,0
Southern Africa,Male,50,Salaried,16,74.27,0.172,17,1.82,1,80.0,33.81,1,0.744,13.0,74.0,72.0,5,199.78,8,1
East Africa,Female,55,Trader,29,43.18,1.266,19,2.46,1,40.0,27.09,0,,,56.0,57.0,13,122.21,12,1
West Africa,Male,49,Trader,7,31.74,-0.717,5,1.43,0,7.0,0.0,0,,,40.0,86.0,2,149.47,4,0
West Africa,Female,58,Farmer,16,48.21,-0.966,19,3.58,1,86.0,21.05,0,,,26.0,86.0,12,1103.27,4,0
Central Africa,Female,37,Informal worker,22,119.39,0.019,19,2.75,0,2.0,0.0,0,,,38.0,72.0,10,845.11,8,1
Central Africa,Female,41,Salaried,15,40.38,-0.853,14,3.66,0,10.0,0.0,1,0.858,3.6,39.0,75.0,4,133.77,12,0
Central Africa,Female,40,Farmer,18,49.6,-0.105,10,1.04,0,5.0,0.0,1,0.863,1.8,22.0,49.0,5,91.5,8,1
East Africa,Female,45,Informal worker,17,30.01,-0.785,5,2.98,1,89.0,20.16,0,,,50.0,59.0,8,655.88,12,1
Southern Africa,Female,24,Informal worker,8,35.27,0.257,8,1.52,1,89.0,23.67,0,,,26.0,78.0,3,222.91,24,0
Southern Africa,Male,58,Salaried,12,10.49,-0.16,5,2.14,1,33.0,19.98,1,0.851,38.5,67.0,63.0,4,463.32,8,1
West Africa,Male,42,Informal worker,24,82.55,0.529,12,3.24,1,83.0,12.74,0,,,61.0,59.0,7,95.33,8,1
West Africa,Female,44,Informal worker,19,170.23,0.411,19,3.11,0,8.0,0.0,0,,,62.0,85.0,3,149.5,4,1
Central Africa,Male,59,Trader,19,55.29,-0.551,24,5.06,0,6.0,0.0,1,0.637,2.5,28.0,56.0,6,246.91,4,1
West Africa,Female,39,Farmer,22,116.97,-0.934,21,2.98,0,4.0,0.0,0,,,47.0,30.0,5,526.1,8,1
East Africa,Male,39,Salaried,12,20.95,0.278,12,1.69,0,2.0,0.0,0,,,55.0,52.0,2,133.32,52,1
Southern Africa,Female,44,Trader,7,48.32,-0.689,7,1.31,0,9.0,0.0,1,0.698,18.5,35.0,68.0,1,96.97,24,0
Southern Africa,Male,62,Farmer,13,55.71,0.392,8,2.13,0,9.0,0.0,1,0.815,10.8,44.0,40.0,7,213.57,4,1
West Africa,Female,29,Informal worker,10,60.09,-0.142,10,2.76,1,82.0,15.48,1,0.822,2.1,48.0,12.0,3,184.76,8,1
Southern Africa,Male,25,Self-employed,12,54.94,0.062,15,1.73,0,12.0,0.0,1,0.634,16.0,34.0,82.0,6,114.94,24,1
West Africa,Male,23,Trader,13,29.08,0.237,8,0.57,0,0.0,0.0,0,,,45.0,49.0,3,416.05,12,0
Southern Africa,Female,52,Salaried,15,50.1,-0.225,13,4.7,0,4.0,0.0,1,0.751,3.9,43.0,65.0,9,234.26,12,1
West Africa,Male,18,Trader,14,34.9,-0.399,16,2.01,0,0.0,0.0,0,,,27.0,48.0,5,158.57,8,0
Southern Africa,Male,51,Salaried,21,109.17,0.759,9,2.24,0,1.0,0.0,1,0.896,14.3,34.0,77.0,2,187.17,52,1
Southern Africa,Female,59,Salaried,27,83.87,1.158,18,1.98,0,4.0,0.0,0,,,67.0,48.0,12,392.42,12,1
West Africa,Female,50,Salaried,12,39.38,0.248,16,1.83,1,60.0,25.71,1,0.784,5.4,59.0,30.0,3,58.41,12,1
West Africa,Male,26,Self-employed,12,111.44,-0.694,16,1.96,0,4.0,0.0,0,,,32.0,48.0,4,165.78,24,0
Southern Africa,Female,49,Self-employed,20,87.52,0.156,16,2.69,1,69.0,68.81,0,,,45.0,60.0,3,154.63,8,1
West Africa,Male,38,Self-employed,21,74.32,-0.54,9,0.9,1,60.0,33.08,1,0.779,11.5,45.0,36.0,7,642.11,8,1
West Africa,Male,19,Farmer,20,59.84,-0.278,15,3.35,1,58.0,15.83,1,0.77,12.7,62.0,80.0,4,332.72,12,1
East Africa,Female,27,Farmer,7,68.51,-0.862,12,2.84,0,8.0,0.0,1,0.436,2.0,16.0,76.0,2,288.03,4,1
Central Africa,Male,52,Trader,24,37.93,-0.566,14,3.37,0,5.0,0.0,1,0.811,16.9,41.0,53.0,3,482.57,8,1
East Africa,Male,44,Trader,23,50.88,0.527,18,4.51,1,71.0,39.46,0,,,48.0,72.0,5,247.07,24,1
East Africa,Male,41,Informal worker,12,32.86,-0.323,12,3.22,0,4.0,0.0,0,,,67.0,95.0,4,766.25,24,1
Central Africa,Female,54,Trader,5,32.5,-0.611,6,2.83,0,3.0,0.0,0,,,43.0,36.0,2,557.64,12,0
East Africa,Female,42,Self-employed,37,88.62,-0.13,18,1.47,0,1.0,0.0,1,0.795,2.4,52.0,38.0,7,820.35,12,1
East Africa,Male,63,Trader,11,27.13,0.785,16,6.93,1,83.0,33.34,0,,,49.0,59.0,6,209.96,12,0
East Africa,Female,20,Trader,22,79.37,0.269,18,3.46,1,19.0,26.97,1,0.945,33.7,60.0,54.0,4,334.93,8,1
West Africa,Female,31,Trader,13,44.79,0.13,10,3.63,0,15.0,0.0,1,0.99,5.2,79.0,32.0,0,377.46,4,1
West Africa,Male,26,Trader,31,187.94,0.688,15,2.79,0,6.0,0.0,0,,,59.0,85.0,15,203.53,8,1
Southern Africa,Prefer not to say,37,Trader,9,97.79,-0.233,8,1.19,1,29.0,18.46,0,,,55.0,63.0,3,125.47,12,0
West Africa,Male,60,Informal worker,17,38.33,0.347,12,2.76,1,57.0,23.04,1,0.738,27.5,34.0,39.0,6,443.63,12,1
Southern Africa,Male,37,Trader,15,41.46,1.137,9,2.19,1,46.0,29.31,1,0.627,0.2,60.0,95.0,3,323.12,8,1
West Africa,Male,32,Salaried,20,19.82,0.54,12,1.66,1,73.0,21.52,0,,,51.0,40.0,2,188.23,12,1
East Africa,Male,21,Farmer,9,24.32,-0.293,10,1.54,0,11.0,0.0,1,0.704,26.2,43.0,28.0,2,114.08,8,0
West Africa,Female,36,Informal worker,8,12.53,-0.649,15,2.26,1,75.0,12.24,1,0.877,41.1,56.0,36.0,2,228.66,12,0
East Africa,Female,28,Informal worker,32,48.29,1.326,21,3.72,1,88.0,31.01,1,0.647,3.4,40.0,83.0,10,774.26,4,1
Southern Africa,Female,26,Trader,10,96.37,-0.013,16,4.86,0,19.0,0.0,0,,,28.0,89.0,10,607.07,12,1
East Africa,Male,24,Trader,4,42.41,-0.616,13,2.44,1,75.0,17.65,1,0.796,5.2,65.0,65.0,4,117.58,12,1
West Africa,Male,47,Salaried,16,101.2,0.197,14,3.9,0,1.0,0.0,0,,,61.0,84.0,10,788.46,8,0
West Africa,Male,51,Informal worker,16,68.72,0.354,13,7.52,0,0.0,0.0,1,0.975,3.0,63.0,92.0,10,718.73,12,1
Southern Africa,Male,52,Trader,8,42.6,0.315,15,2.04,0,19.0,0.0,1,0.762,13.5,68.0,35.0,1,311.26,8,1
West Africa,Female,20,Informal worker,9,59.82,-0.819,8,4.16,1,55.0,18.84,1,0.817,8.4,31.0,50.0,5,175.49,8,1
Southern Africa,Female,61,Farmer,25,51.78,0.747,19,4.4,0,11.0,0.0,0,,,33.0,90.0,5,464.42,8,1
West Africa,Female,41,Trader,21,74.28,-0.037,12,2.06,1,72.0,37.87,0,,,34.0,27.0,2,266.15,24,1
West Africa,Female,44,Trader,14,61.78,1.641,14,2.3,0,6.0,0.0,0,,,20.0,51.0,5,90.84,8,1
Southern Africa,Male,59,Salaried,4,30.9,-0.476,6,0.9,0,9.0,0.0,1,0.749,21.1,43.0,85.0,6,435.67,12,0
East Africa,Male,30,Farmer,24,53.85,0.85,10,4.24,0,2.0,0.0,0,,,42.0,52.0,6,116.83,52,1
West Africa,Male,41,Farmer,19,111.97,1.307,14,2.78,1,35.0,13.1,1,0.729,4.0,54.0,67.0,4,354.7,24,1
Central Africa,Female,21,Trader,13,11.84,-0.586,22,5.35,1,81.0,16.3,1,0.885,4.1,65.0,31.0,3,175.02,12,1
West Africa,Male,41,Trader,19,11.16,0.226,17,2.17,0,3.0,0.0,0,,,43.0,80.0,11,413.06,8,1
East Africa,Male,30,Trader,20,52.54,0.674,20,2.96,1,57.0,19.37,1,0.806,8.4,58.0,71.0,9,62.8,8,1
East Africa,Female,26,Farmer,24,22.28,-0.293,16,1.95,1,89.0,26.1,1,0.786,3.7,25.0,52.0,8,234.88,24,1
East Africa,Male,47,Salaried,21,130.7,-0.23,14,3.97,0,16.0,0.0,0,,,70.0,88.0,6,92.74,52,0
Southern Africa,Female,24,Salaried,25,163.34,0.022,15,6.51,1,88.0,8.47,1,0.8,13.3,60.0,46.0,5,411.12,4,1
West Africa,Male,63,Trader,12,33.44,0.171,12,2.42,0,2.0,0.0,0,,,51.0,76.0,1,276.75,4,0
Central Africa,Male,28,Trader,19,20.96,1.333,11,2.73,1,64.0,17.2,1,0.71,5.4,27.0,60.0,9,688.89,12,1
East Africa,Male,21,Trader,11,20.76,-0.187,13,1.54,0,1.0,0.0,0,,,32.0,35.0,7,291.65,12,0
Central Africa,Female,38,Salaried,21,33.98,-0.338,19,4.98,0,13.0,0.0,1,0.748,0.5,69.0,65.0,10,870.78,8,0
Southern Africa,Female,36,Farmer,9,32.71,1.133,16,1.3,1,52.0,11.16,1,0.548,45.9,52.0,85.0,1,691.04,4,1
Central Africa,Male,48,Salaried,25,19.06,0.769,8,8.19,0,3.0,0.0,1,0.727,6.7,47.0,80.0,6,193.91,8,1
East Africa,Female,49,Farmer,26,194.19,1.122,17,6.76,0,2.0,0.0,1,0.781,10.9,49.0,49.0,12,428.23,12,1
East Africa,Female,45,Informal worker,13,24.81,-1.32,6,2.11,1,58.0,20.88,0,,,68.0,76.0,5,137.09,12,1
East Africa,Female,45,Informal worker,15,27.03,-1.162,12,2.73,1,97.0,20.02,0,,,27.0,72.0,2,96.8,24,0
Southern Africa,Female,54,Informal worker,32,97.09,0.416,20,8.33,1,82.0,20.31,0,,,65.0,44.0,13,324.85,8,1
East Africa,Female,48,Farmer,16,40.98,0.365,11,1.3,0,6.0,0.0,1,0.677,6.9,23.0,57.0,4,341.51,12,1
Southern Africa,Male,24,Trader,15,17.64,0.003,17,3.56,1,37.0,35.63,1,0.957,2.5,72.0,53.0,3,675.6,24,1
West Africa,Male,39,Farmer,9,63.07,-0.706,13,0.96,0,9.0,0.0,0,,,52.0,84.0,1,178.9,4,1
Southern Africa,Male,50,Self-employed,15,22.38,-0.871,13,1.6,0,20.0,0.0,0,,,44.0,45.0,3,102.08,8,1
West Africa,Male,30,Trader,8,24.93,0.25,13,3.77,0,7.0,0.0,0,,,58.0,76.0,6,145.52,4,1
Central Africa,Female,58,Informal worker,16,91.54,0.345,17,3.29,0,1.0,0.0,1,0.251,1.5,55.0,66.0,3,223.88,8,0
West Africa,Female,40,Self-employed,24,27.08,0.003,10,2.73,1,75.0,24.01,0,,,48.0,70.0,6,877.36,8,1
West Africa,Male,33,Informal worker,28,47.84,0.321,28,5.46,1,81.0,25.42,1,0.803,8.9,43.0,76.0,10,642.11,8,1
Southern Africa,Female,35,Farmer,16,86.02,-0.561,13,2.31,0,10.0,0.0,1,0.806,0.5,29.0,53.0,5,734.84,12,1
Southern Africa,Female,47,Trader,13,38.75,-0.669,9,4.49,0,8.0,0.0,0,,,50.0,72.0,3,123.57,12,0
Southern Africa,Male,51,Salaried,15,38.2,0.672,22,2.16,0,3.0,0.0,1,0.95,1.2,56.0,46.0,10,129.41,4,1
Central Africa,Female,30,Self-employed,16,44.95,1.457,15,2.59,0,11.0,0.0,1,0.9,7.9,33.0,93.0,7,375.45,24,1
West Africa,Male,26,Self-employed,17,38.91,0.482,13,5.12,0,4.0,0.0,0,,,58.0,83.0,7,265.35,4,0
Southern Africa,Male,22,Trader,17,17.7,0.397,12,2.86,0,5.0,0.0,1,0.894,16.4,17.0,18.0,3,1725.34,8,1
East Africa,Male,41,Self-employed,23,25.18,0.226,17,1.2,1,76.0,19.55,1,0.768,2.9,32.0,75.0,6,1765.37,4,1
East Africa,Female,61,Farmer,18,47.51,0.047,21,0.97,1,48.0,30.26,1,0.801,6.3,54.0,65.0,9,131.58,24,1
East Africa,Male,63,Informal worker,9,8.03,0.007,12,1.91,1,78.0,54.09,1,0.75,14.3,40.0,54.0,1,334.56,8,1
West Africa,Male,44,Trader,15,25.55,0.154,8,8.89,1,49.0,28.19,0,,,51.0,33.0,11,808.91,8,0
East Africa,Female,42,Trader,28,26.66,0.673,18,2.96,1,92.0,12.97,0,,,45.0,74.0,11,414.91,24,1
Southern Africa,Female,41,Informal worker,9,20.93,-1.092,8,1.93,0,5.0,0.0,1,0.856,4.4,21.0,46.0,4,95.96,24,1
West Africa,Male,29,Farmer,24,93.16,0.448,17,8.77,0,1.0,0.0,1,0.917,7.8,69.0,52.0,7,458.6,4,1
Central Africa,Male,37,Self-employed,13,32.22,0.016,11,3.02,0,6.0,0.0,0,,,77.0,73.0,5,87.47,52,1
East Africa,Female,61,Trader,14,39.79,0.339,9,1.46,1,38.0,48.1,1,0.828,15.4,60.0,71.0,4,227.84,8,1
West Africa,Female,46,Salaried,16,107.63,0.532,9,2.68,1,12.0,29.89,0,,,24.0,39.0,4,317.84,8,1
East Africa,Male,29,Farmer,16,36.57,0.051,17,3.68,0,1.0,0.0,0,,,58.0,42.0,7,909.8,8,1
West Africa,Male,22,Trader,8,27.88,0.351,13,3.94,1,57.0,12.92,0,,,54.0,50.0,2,569.98,4,1
West Africa,Male,53,Trader,21,109.65,1.025,14,7.76,1,54.0,24.46,0,,,48.0,55.0,5,1061.13,12,1
Southern Africa,Female,60,Salaried,19,168.06,0.043,15,7.4,0,4.0,0.0,0,,,53.0,47.0,7,213.28,12,1
West Africa,Female,23,Salaried,8,64.81,-0.841,5,5.39,1,93.0,24.08,0,,,28.0,66.0,6,309.87,8,1
West Africa,Female,35,Trader,10,26.25,-0.445,18,4.62,1,70.0,27.84,1,0.531,15.9,43.0,32.0,3,296.36,8,1
Southern Africa,Male,58,Farmer,26,31.5,-0.288,10,3.2,0,4.0,0.0,0,,,14.0,22.0,6,407.08,8,0
West Africa,Female,29,Farmer,20,95.67,0.369,17,3.23,1,82.0,15.48,0,,,28.0,66.0,10,491.47,24,1
Southern Africa,Male,26,Informal worker,9,47.37,0.286,9,3.51,0,7.0,0.0,0,,,43.0,66.0,2,141.03,8,0
Southern Africa,Female,36,Informal worker,9,43.36,-0.428,8,0.89,0,1.0,0.0,1,0.49,13.9,60.0,50.0,0,229.65,12,1
West Africa,Male,36,Salaried,30,22.05,1.337,21,6.06,0,1.0,0.0,0,,,54.0,44.0,11,296.73,12,1
East Africa,Male,40,Trader,16,14.24,0.873,16,1.62,1,71.0,9.72,0,,,56.0,80.0,4,332.17,12,1
West Africa,Male,63,Trader,15,107.67,0.802,16,3.63,0,2.0,0.0,1,0.572,13.7,43.0,37.0,12,372.35,12,1
East Africa,Male,63,Trader,11,50.79,0.562,10,1.4,0,1.0,0.0,0,,,39.0,65.0,6,374.54,52,1
West Africa,Male,45,Self-employed,26,53.83,0.631,19,10.19,1,59.0,15.5,0,,,62.0,46.0,7,286.72,12,1
Central Africa,Female,21,Farmer,12,28.05,-0.125,11,1.23,1,56.0,11.03,0,,,21.0,68.0,2,287.01,4,1
West Africa,Female,30,Trader,15,24.48,-0.716,16,1.72,0,2.0,0.0,1,0.967,3.3,54.0,61.0,8,653.74,12,1
Southern Africa,Female,26,Salaried,9,23.41,0.304,8,2.17,0,10.0,0.0,1,0.863,44.3,45.0,60.0,2,50.75,8,0
West Africa,Female,18,Informal worker,9,18.49,0.211,12,2.69,0,8.0,0.0,0,,,24.0,49.0,3,93.65,12,0
West Africa,Male,35,Farmer,12,38.18,-0.845,18,3.13,0,15.0,0.0,0,,,29.0,33.0,3,414.71,4,0
East Africa,Female,18,Trader,15,145.19,-0.262,16,1.85,1,49.0,36.36,0,,,48.0,82.0,5,693.22,4,1
East Africa,Male,44,Salaried,12,53.39,0.032,12,2.91,0,9.0,0.0,1,0.889,7.9,59.0,54.0,5,302.32,12,1
Central Africa,Male,30,Informal worker,13,21.81,-0.476,11,1.3,0,3.0,0.0,1,0.785,12.9,55.0,78.0,5,82.41,8,1
West Africa,Male,52,Trader,22,35.01,0.691,10,3.44,1,80.0,31.22,1,0.866,0.9,73.0,60.0,7,676.6,4,1
West Africa,Male,42,Trader,20,50.03,0.676,15,3.49,0,8.0,0.0,1,0.908,33.2,44.0,49.0,7,1006.18,12,1
East Africa,Female,62,Trader,7,9.74,0.122,10,1.47,0,11.0,0.0,0,,,26.0,24.0,3,136.67,4,1
East Africa,Male,40,Informal worker,21,78.54,0.118,14,3.98,0,3.0,0.0,0,,,86.0,49.0,9,330.83,12,0
Central Africa,Male,25,Trader,16,122.0,-0.476,15,1.72,0,14.0,0.0,1,0.684,2.8,33.0,48.0,7,809.51,24,1
Central Africa,Female,61,Farmer,13,47.9,0.577,11,1.92,1,91.0,7.67,1,0.834,11.3,49.0,61.0,5,233.36,12,1
Central Africa,Male,32,Farmer,21,29.76,-0.564,13,1.97,0,4.0,0.0,1,0.364,1.3,44.0,54.0,3,1319.77,8,1
West Africa,Female,53,Self-employed,26,47.67,-0.384,19,3.61,1,94.0,21.43,1,0.976,20.1,61.0,75.0,5,291.27,8,1
East Africa,Male,54,Farmer,12,42.42,-0.056,16,1.03,0,4.0,0.0,0,,,32.0,73.0,5,324.4,8,0
Southern Africa,Female,61,Farmer,10,36.69,-0.3,9,2.97,1,58.0,8.14,0,,,56.0,13.0,1,159.55,8,1
West Africa,Female,48,Farmer,8,28.76,-0.157,10,1.57,0,1.0,0.0,0,,,51.0,86.0,4,134.21,8,1
Southern Africa,Male,42,Informal worker,21,56.48,0.537,11,1.35,0,12.0,0.0,0,,,53.0,42.0,2,621.93,24,0
West Africa,Female,36,Salaried,25,34.77,0.475,14,2.92,0,8.0,0.0,1,0.594,3.1,82.0,55.0,1,319.65,8,1
West Africa,Male,38,Self-employed,22,104.69,0.648,14,1.48,0,14.0,0.0,1,0.8,6.6,56.0,22.0,3,115.88,12,1
Central Africa,Male,54,Farmer,16,12.96,-0.341,11,1.2,1,80.0,7.89,1,0.795,0.4,84.0,25.0,2,403.57,12,1
West Africa,Female,44,Farmer,12,17.54,-0.106,14,2.38,1,40.0,10.43,0,,,75.0,57.0,1,646.08,8,0
Central Africa,Female,20,Farmer,17,88.36,0.04,22,1.32,0,4.0,0.0,0,,,60.0,53.0,10,714.39,4,0
West Africa,Male,35,Salaried,13,31.9,0.848,11,2.86,1,89.0,22.7,0,,,53.0,55.0,2,193.35,8,1
West Africa,Male,60,Informal worker,16,43.6,-0.616,8,3.08,0,0.0,0.0,0,,,13.0,56.0,6,399.29,8,1
West Africa,Male,27,Farmer,6,18.47,-0.719,11,1.14,0,7.0,0.0,1,0.59,4.3,76.0,96.0,1,170.03,24,1
West Africa,Female,40,Farmer,8,11.51,0.785,9,5.44,0,8.0,0.0,0,,,28.0,68.0,1,78.12,12,1
East Africa,Female,57,Trader,17,54.13,0.835,16,3.32,0,2.0,0.0,0,,,57.0,51.0,5,429.24,8,1
West Africa,Male,31,Informal worker,17,40.51,-0.111,15,3.84,1,94.0,28.88,0,,,67.0,47.0,2,286.56,8,1
East Africa,Prefer not to say,49,Trader,12,230.24,-0.157,12,2.11,1,39.0,24.77,1,0.596,23.9,42.0,46.0,2,333.59,8,0
Central Africa,Male,54,Farmer,16,38.36,0.38,5,1.02,0,4.0,0.0,0,,,47.0,80.0,5,150.01,8,1
East Africa,Female,33,Trader,6,56.35,0.258,12,3.26,1,74.0,9.76,1,0.668,5.5,18.0,58.0,2,276.48,52,1
West Africa,Female,60,Trader,16,43.94,0.021,8,2.6,0,9.0,0.0,1,0.421,21.1,44.0,62.0,9,196.28,8,0
East Africa,Female,38,Trader,12,108.44,1.249,12,1.66,0,9.0,0.0,0,,,43.0,57.0,3,175.47,8,1
Southern Africa,Male,31,Informal worker,13,32.3,0.006,12,3.36,1,63.0,47.87,0,,,28.0,65.0,5,430.08,8,1
East Africa,Male,28,Informal worker,10,17.6,-0.077,10,3.04,1,26.0,7.87,0,,,18.0,62.0,2,163.32,24,0
West Africa,Male,30,Farmer,20,22.28,0.951,8,7.5,0,9.0,0.0,0,,,65.0,71.0,6,273.39,4,0
East Africa,Female,44,Farmer,12,27.31,-0.167,12,1.23,0,1.0,0.0,0,,,25.0,54.0,2,540.49,12,0
East Africa,Prefer not to say,28,Salaried,11,33.64,1.079,12,2.24,1,70.0,38.31,1,0.875,44.0,23.0,64.0,1,119.18,24,1
West Africa,Male,34,Salaried,9,16.86,0.227,10,4.46,1,59.0,51.46,0,,,51.0,49.0,2,278.35,12,1
West Africa,Male,51,Informal worker,13,61.18,-0.52,9,1.79,0,4.0,0.0,1,0.804,2.9,46.0,38.0,2,852.16,12,1
Central Africa,Male,59,Informal worker,11,7.19,0.911,12,11.36,0,3.0,0.0,0,,,51.0,40.0,7,840.86,8,1
West Africa,Female,49,Salaried,17,69.06,-0.203,10,2.18,1,54.0,12.34,1,0.749,5.9,63.0,97.0,4,37.05,52,1
West Africa,Female,42,Informal worker,27,53.41,-0.291,17,1.33,0,12.0,0.0,0,,,47.0,62.0,7,256.12,24,1
West Africa,Male,50,Trader,30,199.23,0.657,14,1.87,0,3.0,0.0,1,0.901,1.8,61.0,51.0,5,710.41,8,0
East Africa,Female,37,Farmer,32,73.31,0.355,21,11.4,0,2.0,0.0,1,0.834,3.8,74.0,65.0,10,830.6,24,1
East Africa,Male,30,Trader,16,41.68,-0.129,15,3.4,1,69.0,47.52,1,0.734,11.2,58.0,59.0,5,176.12,12,1
West Africa,Female,53,Salaried,13,73.03,-0.398,13,4.23,0,0.0,0.0,1,0.642,11.0,12.0,91.0,3,420.07,24,0
East Africa,Male,24,Informal worker,10,18.52,-0.711,15,1.83,0,10.0,0.0,0,,,35.0,23.0,3,539.63,12,0
Southern Africa,Male,60,Self-employed,16,34.57,-1.16,11,1.36,1,13.0,23.11,0,,,54.0,45.0,5,260.97,4,1
West Africa,Female,38,Trader,15,65.5,0.369,16,1.85,0,3.0,0.0,0,,,23.0,41.0,3,77.19,4,1
Central Africa,Female,56,Farmer,14,61.26,0.595,13,1.03,1,58.0,29.78,0,,,56.0,51.0,6,228.31,4,1
West Africa,Male,22,Informal worker,9,52.7,0.008,16,0.56,1,21.0,12.7,0,,,66.0,87.0,3,125.02,12,0
West Africa,Female,41,Salaried,25,58.33,0.97,17,8.39,1,67.0,68.87,0,,,69.0,76.0,10,429.42,12,1
Central Africa,Male,37,Salaried,21,50.61,0.059,25,3.01,0,7.0,0.0,0,,,79.0,81.0,10,542.14,8,1
Southern Africa,Male,34,Trader,16,80.81,0.391,14,2.12,1,87.0,23.97,0,,,53.0,34.0,3,710.13,8,0
West Africa,Female,42,Self-employed,2,17.18,-0.696,4,1.16,0,1.0,0.0,0,,,61.0,62.0,1,98.57,4,1
Southern Africa,Female,49,Self-employed,20,27.38,-0.489,16,5.16,0,11.0,0.0,0,,,71.0,64.0,5,1005.11,8,0
East Africa,Male,62,Self-employed,29,78.1,-0.484,24,2.63,0,2.0,0.0,1,0.651,6.2,50.0,60.0,6,1064.66,12,1
West Africa,Female,56,Informal worker,30,86.29,1.004,23,5.61,0,4.0,0.0,0,,,44.0,81.0,6,333.52,8,1
Southern Africa,Female,28,Salaried,27,142.23,0.271,21,3.08,1,47.0,22.27,0,,,49.0,51.0,10,1143.01,24,1
Southern Africa,Male,63,Trader,9,33.18,0.151,9,4.21,0,4.0,0.0,0,,,33.0,75.0,2,158.75,8,1
West Africa,Male,41,Trader,20,55.28,-0.907,19,3.5,0,4.0,0.0,1,0.443,8.6,45.0,13.0,2,264.58,8,0
East Africa,Male,39,Trader,8,67.67,-0.793,13,0.95,1,49.0,26.88,0,,,77.0,70.0,3,241.7,12,1
East Africa,Female,18,Farmer,14,68.31,0.565,12,1.91,0,7.0,0.0,1,0.786,5.2,21.0,22.0,5,117.96,24,1
West Africa,Female,49,Self-employed,17,55.97,0.902,21,2.14,0,11.0,0.0,0,,,66.0,14.0,4,1002.12,24,1
Central Africa,Male,59,Informal worker,35,100.11,1.379,17,4.16,1,52.0,65.92,0,,,84.0,57.0,7,229.48,24,1
East Africa,Male,31,Farmer,12,108.71,-0.451,15,2.43,0,3.0,0.0,1,0.792,4.7,86.0,38.0,4,250.96,8,0
East Africa,Male,58,Salaried,20,60.29,-0.734,5,2.9,0,0.0,0.0,0,,,47.0,41.0,5,79.92,12,0
East Africa,Female,22,Informal worker,12,32.78,0.098,12,2.97,0,2.0,0.0,0,,,77.0,20.0,7,301.25,8,1
East Africa,Female,63,Farmer,17,171.42,-0.844,8,2.23,0,6.0,0.0,0,,,31.0,79.0,7,152.3,12,1
West Africa,Male,29,Informal worker,14,97.79,-0.402,15,1.75,0,5.0,0.0,0,,,81.0,41.0,4,112.06,8,1
Central Africa,Female,40,Farmer,3,50.81,-0.864,8,1.74,1,77.0,6.58,1,0.462,11.7,19.0,89.0,0,66.3,4,1
East Africa,Male,18,Informal worker,21,50.8,1.272,21,2.63,0,4.0,0.0,1,0.863,15.6,60.0,65.0,6,365.9,12,1
Southern Africa,Female,60,Salaried,11,21.83,-0.585,11,1.45,0,1.0,0.0,0,,,35.0,46.0,4,80.04,4,0
East Africa,Female,41,Farmer,30,142.78,0.56,15,6.96,0,2.0,0.0,1,0.787,3.6,68.0,64.0,3,389.94,12,1
West Africa,Female,63,Farmer,20,39.42,-0.422,19,5.72,0,3.0,0.0,0,,,43.0,52.0,10,267.8,12,1
West Africa,Male,35,Informal worker,5,12.17,0.352,13,2.34,0,10.0,0.0,1,0.944,0.1,69.0,62.0,3,132.13,4,1
East Africa,Female,20,Self-employed,26,105.93,0.977,10,5.02,0,8.0,0.0,1,0.646,0.8,94.0,60.0,10,340.01,4,1
West Africa,Female,49,Farmer,18,175.25,0.172,20,2.92,1,52.0,59.94,0,,,66.0,47.0,11,422.43,4,1
Southern Africa,Female,25,Salaried,30,34.66,1.308,25,3.7,1,75.0,30.7,0,,,55.0,87.0,17,950.83,8,1
Central Africa,Female,46,Informal worker,11,103.04,0.725,5,2.01,0,8.0,0.0,0,,,62.0,38.0,5,599.77,8,0
West Africa,Female,19,Trader,13,16.21,-0.658,10,0.83,0,3.0,0.0,0,,,77.0,5.0,7,65.22,24,0
West Africa,Male,25,Farmer,27,83.56,1.051,15,3.26,0,1.0,0.0,1,0.928,1.6,57.0,87.0,10,293.7,8,0
Southern Africa,Male,47,Trader,29,126.47,0.341,14,4.3,0,1.0,0.0,0,,,54.0,27.0,9,1143.53,8,1
West Africa,Prefer not to say,49,Trader,27,62.32,-0.433,17,4.53,1,63.0,11.32,1,0.864,13.7,24.0,52.0,10,134.28,24,1
Central Africa,Male,25,Trader,30,117.85,0.876,21,1.51,1,85.0,17.64,1,0.915,3.1,64.0,87.0,11,425.99,8,1
East Africa,Female,26,Informal worker,5,24.9,-0.612,9,2.93,0,1.0,0.0,1,0.872,9.9,58.0,66.0,2,81.21,24,1
West Africa,Female,58,Informal worker,12,62.47,-0.993,5,2.35,1,45.0,22.38,0,,,31.0,71.0,3,43.71,12,1
West Africa,Female,18,Farmer,7,64.97,-0.234,12,0.8,0,7.0,0.0,0,,,56.0,43.0,2,336.43,24,0
Central Africa,Female,28,Farmer,7,24.31,-0.109,8,1.57,1,56.0,17.51,1,0.5,8.1,20.0,46.0,2,170.52,8,1
West Africa,Female,63,Farmer,9,23.08,0.951,2,1.35,0,9.0,0.0,1,0.745,14.2,44.0,77.0,3,130.23,4,1
Southern Africa,Female,43,Salaried,15,33.67,-0.091,22,2.81,1,51.0,44.52,1,0.706,10.6,76.0,86.0,2,579.13,8,0
West Africa,Female,19,Self-employed,8,49.97,-0.895,14,0.8,0,12.0,0.0,1,0.867,0.2,30.0,54.0,3,207.46,8,0
West Africa,Male,59,Salaried,13,22.96,-0.269,19,4.5,0,1.0,0.0,1,0.532,13.7,42.0,64.0,5,335.29,4,0
Central Africa,Male,34,Trader,4,46.82,0.392,8,1.52,1,17.0,16.53,0,,,41.0,36.0,3,249.29,4,1
West Africa,Male,51,Self-employed,28,73.12,1.568,14,4.01,0,3.0,0.0,0,,,10.0,49.0,11,189.07,12,1
West Africa,Female,47,Salaried,29,89.46,1.033,20,2.39,1,70.0,32.06,0,,,49.0,55.0,5,471.6,4,1
East Africa,Male,35,Trader,16,39.13,0.134,14,1.66,1,81.0,23.02,1,0.747,7.5,46.0,73.0,1,672.36,4,1
Central Africa,Female,35,Farmer,9,56.53,-0.419,10,1.58,0,4.0,0.0,0,,,43.0,93.0,4,105.12,8,1
West Africa,Male,43,Farmer,19,35.41,-0.006,12,3.67,0,10.0,0.0,1,0.64,0.4,84.0,65.0,8,273.02,12,1
West Africa,Male,35,Informal worker,9,6.16,-0.003,14,3.1,0,14.0,0.0,1,0.776,1.7,29.0,15.0,2,133.44,8,1
Central Africa,Prefer not to say,26,Farmer,19,69.38,0.153,25,4.04,0,4.0,0.0,1,0.68,13.4,41.0,83.0,4,321.56,8,1
Southern Africa,Male,51,Trader,13,14.19,-1.215,14,2.86,0,6.0,0.0,0,,,43.0,71.0,2,344.86,12,0
Central Africa,Female,49,Trader,15,37.01,-0.997,6,2.71,1,50.0,7.6,1,0.632,13.6,72.0,19.0,2,302.47,24,1
Southern Africa,Male,46,Farmer,9,19.42,-0.294,12,2.06,0,2.0,0.0,0,,,66.0,55.0,4,359.36,4,0
Southern Africa,Male,52,Informal worker,14,63.24,-0.132,8,4.55,0,12.0,0.0,1,0.636,27.0,79.0,54.0,3,165.75,8,0
East Africa,Male,42,Farmer,21,44.41,0.091,20,2.73,1,53.0,46.53,0,,,22.0,73.0,9,535.17,24,1
West Africa,Female,61,Trader,8,24.57,0.07,8,1.59,1,69.0,10.75,0,,,37.0,38.0,4,766.7,4,1
Southern Africa,Male,59,Informal worker,20,82.02,0.267,15,4.01,1,70.0,24.92,1,0.569,2.5,23.0,30.0,6,368.7,52,1
Southern Africa,Female,64,Self-employed,24,76.35,0.409,7,2.1,0,2.0,0.0,1,0.736,32.2,46.0,51.0,8,1015.97,24,0
Central Africa,Female,23,Trader,18,82.89,0.712,19,1.81,1,46.0,39.75,0,,,50.0,70.0,9,238.64,52,1
East Africa,Male,22,Farmer,7,16.67,-0.944,14,2.82,0,6.0,0.0,0,,,22.0,29.0,4,23.72,4,1
West Africa,Male,40,Farmer,12,21.53,-0.011,15,4.19,0,1.0,0.0,1,0.583,7.8,59.0,56.0,5,53.49,12,1
East Africa,Male,50,Trader,15,70.31,0.178,14,1.92,1,70.0,27.4,0,,,37.0,48.0,9,593.98,8,1
East Africa,Female,29,Salaried,8,43.42,0.557,14,2.33,1,64.0,21.68,0,,,73.0,63.0,6,481.27,4,1
East Africa,Female,23,Self-employed,15,17.74,-0.172,18,2.65,0,6.0,0.0,0,,,30.0,13.0,5,291.86,8,1
Southern Africa,Male,19,Farmer,32,76.78,0.002,14,3.18,0,0.0,0.0,0,,,85.0,89.0,8,386.31,4,1
East Africa,Female,44,Farmer,23,278.77,0.339,15,4.78,1,49.0,34.87,0,,,46.0,99.0,10,629.63,12,1
West Africa,Male,64,Trader,2,22.34,-0.345,8,1.57,1,51.0,10.28,0,,,22.0,61.0,3,17.93,12,0
East Africa,Female,39,Informal worker,19,27.2,0.041,19,3.97,0,4.0,0.0,0,,,47.0,52.0,1,177.19,8,0
East Africa,Male,52,Trader,29,44.66,1.193,14,9.68,0,10.0,0.0,1,0.712,24.2,35.0,98.0,5,173.21,4,1
Central Africa,Male,20,Farmer,11,32.46,-0.21,13,3.77,0,1.0,0.0,0,,,54.0,60.0,9,553.59,8,0
East Africa,Male,28,Trader,10,78.92,0.1,12,1.38,1,55.0,15.58,1,0.809,2.4,38.0,65.0,6,529.85,4,1
East Africa,Female,49,Informal worker,16,124.22,-1.128,17,3.92,0,3.0,0.0,1,0.755,6.9,29.0,30.0,6,279.45,52,1
East Africa,Female,36,Self-employed,10,47.19,-0.701,5,1.44,0,10.0,0.0,0,,,51.0,77.0,3,203.82,12,0
East Africa,Male,19,Trader,10,56.51,-0.285,12,2.12,0,13.0,0.0,0,,,81.0,80.0,3,666.5,8,0
West Africa,Male,28,Salaried,27,56.53,0.026,15,1.54,0,2.0,0.0,0,,,29.0,54.0,5,2797.46,4,1
Central Africa,Female,55,Salaried,8,138.92,0.63,9,3.64,0,10.0,0.0,1,0.772,2.8,42.0,79.0,6,490.77,24,1
Central Africa,Male,50,Trader,13,64.86,0.42,8,1.75,0,0.0,0.0,0,,,33.0,61.0,2,549.05,8,1
East Africa,Female,56,Self-employed,23,196.59,-0.635,16,3.86,1,81.0,20.32,1,0.895,9.3,35.0,79.0,10,270.45,4,1
East Africa,Male,34,Informal worker,10,11.98,-0.453,10,2.2,0,3.0,0.0,0,,,69.0,64.0,4,134.87,4,0
West Africa,Male,61,Farmer,22,168.73,1.111,10,1.96,0,3.0,0.0,1,0.946,4.9,52.0,39.0,11,348.99,12,1
East Africa,Female,61,Informal worker,12,53.85,-0.041,9,1.44,1,41.0,21.47,1,0.378,7.5,10.0,7.0,3,328.86,52,0
East Africa,Male,35,Trader,19,101.83,-0.032,14,3.54,0,2.0,0.0,1,0.651,12.6,30.0,66.0,5,298.97,8,0
Southern Africa,Female,27,Trader,14,113.62,-0.366,7,3.15,1,23.0,5.52,0,,,80.0,47.0,3,388.51,8,1
West Africa,Male,63,Farmer,12,19.21,-2.039,15,1.85,0,10.0,0.0,1,0.727,47.3,44.0,55.0,7,590.11,8,0
Southern Africa,Male,34,Informal worker,7,34.6,-0.329,4,1.87,1,93.0,24.18,1,0.791,3.6,16.0,46.0,3,137.54,24,1
West Africa,Male,41,Self-employed,9,17.76,-1.26,10,0.94,0,6.0,0.0,1,0.497,55.4,39.0,77.0,4,609.42,12,0
Southern Africa,Male,61,Farmer,5,76.48,-0.428,9,1.46,1,45.0,16.76,0,,,31.0,58.0,1,76.38,8,1
East Africa,Female,30,Trader,17,29.58,0.877,16,4.26,0,3.0,0.0,0,,,41.0,35.0,2,89.39,4,1
West Africa,Female,59,Trader,11,9.08,-0.026,7,1.84,0,9.0,0.0,0,,,31.0,6.0,2,304.56,8,1
East Africa,Female,25,Self-employed,9,16.34,-0.84,14,3.79,0,9.0,0.0,0,,,81.0,84.0,4,284.14,4,1
Southern Africa,Male,31,Trader,13,27.33,-0.029,18,2.98,1,73.0,16.56,0,,,67.0,53.0,3,134.46,12,1
East Africa,Male,36,Self-employed,27,39.67,1.213,21,3.94,1,57.0,29.11,0,,,56.0,65.0,9,254.77,4,1
West Africa,Male,40,Trader,19,88.54,0.554,21,11.43,1,29.0,12.47,1,0.699,8.8,53.0,95.0,7,1970.83,8,1
East Africa,Female,29,Trader,22,87.36,0.404,18,2.36,1,54.0,15.9,0,,,50.0,85.0,7,356.61,12,1
West Africa,Male,59,Trader,11,21.9,0.315,16,3.96,1,92.0,13.52,1,0.688,20.8,24.0,84.0,4,1072.68,12,1
East Africa,Male,49,Farmer,8,64.77,-0.204,8,0.93,1,81.0,17.3,0,,,21.0,86.0,2,531.79,24,0
East Africa,Female,49,Farmer,22,71.45,0.063,14,3.3,1,77.0,57.36,0,,,50.0,90.0,5,334.64,4,1
West Africa,Male,52,Self-employed,10,96.54,1.394,7,1.41,1,83.0,29.03,1,0.602,5.9,53.0,40.0,3,48.68,52,1
East Africa,Female,47,Farmer,4,25.26,0.467,6,0.9,1,80.0,10.93,1,0.686,16.3,24.0,42.0,2,256.48,12,1
Southern Africa,Male,48,Trader,14,58.08,-0.237,5,1.54,0,2.0,0.0,0,,,45.0,26.0,0,75.38,8,1
Southern Africa,Female,49,Informal worker,28,43.48,0.624,23,5.29,1,73.0,93.19,0,,,67.0,91.0,13,1141.06,8,1
West Africa,Female,51,Farmer,23,67.38,0.671,15,3.41,1,58.0,21.08,0,,,53.0,48.0,10,1050.02,12,1
West Africa,Male,61,Informal worker,2,13.79,0.717,10,2.46,1,56.0,12.66,1,0.967,1.6,38.0,40.0,2,68.56,8,0
East Africa,Female,27,Salaried,21,91.72,0.553,23,1.15,1,71.0,26.82,0,,,55.0,29.0,10,482.57,8,0
West Africa,Female,42,Self-employed,25,68.43,0.723,17,4.59,0,0.0,0.0,0,,,67.0,48.0,7,122.43,12,1
East Africa,Male,26,Informal worker,12,89.16,-0.315,14,1.78,0,10.0,0.0,1,0.79,3.2,62.0,81.0,7,381.54,4,1
West Africa,Female,26,Farmer,16,71.13,0.348,19,1.49,0,6.0,0.0,1,0.691,52.8,83.0,98.0,5,352.41,12,0
West Africa,Female,62,Farmer,19,70.85,0.91,10,3.78,0,17.0,0.0,1,0.657,26.6,33.0,29.0,8,175.18,8,0
Southern Africa,Female,40,Farmer,13,50.74,0.598,8,2.64,0,9.0,0.0,0,,,68.0,49.0,1,172.67,12,1
West Africa,Female,51,Farmer,9,27.28,0.6,6,1.82,1,89.0,13.8,1,0.603,24.9,58.0,37.0,3,396.04,4,1
Southern Africa,Male,52,Trader,33,127.65,0.314,21,7.05,0,20.0,0.0,0,,,52.0,48.0,1,291.02,4,1
West Africa,Male,19,Trader,14,20.8,-0.531,9,2.84,0,13.0,0.0,0,,,44.0,60.0,2,597.14,24,0
East Africa,Male,41,Self-employed,23,46.44,0.931,17,4.53,1,62.0,47.12,0,,,60.0,84.0,9,810.32,8,1
East Africa,Male,26,Self-employed,10,43.29,-0.747,5,0.88,0,4.0,0.0,0,,,80.0,78.0,5,174.55,4,0
Southern Africa,Male,32,Trader,9,40.68,0.887,15,2.2,1,96.0,29.77,1,0.457,5.1,19.0,66.0,2,326.95,8,1
Southern Africa,Male,26,Self-employed,5,23.22,0.292,11,2.32,0,1.0,0.0,0,,,69.0,60.0,3,89.75,8,0
East Africa,Male,49,Salaried,15,124.08,1.374,15,1.63,0,18.0,0.0,0,,,36.0,85.0,12,222.52,12,1
East Africa,Female,24,Trader,23,12.0,0.004,19,3.4,1,68.0,36.49,0,,,20.0,58.0,5,222.01,12,0
West Africa,Male,39,Self-employed,2,42.0,-0.97,8,1.04,1,35.0,13.39,1,0.397,6.9,32.0,41.0,3,136.53,8,1
East Africa,Male,32,Self-employed,23,21.73,1.064,23,4.82,0,0.0,0.0,0,,,80.0,72.0,12,911.83,8,0
West Africa,Female,63,Informal worker,22,58.67,0.457,13,4.19,1,79.0,25.73,1,0.733,35.1,23.0,44.0,5,826.53,8,1
East Africa,Female,55,Salaried,19,96.26,-0.369,15,3.69,1,53.0,50.44,1,0.821,8.0,63.0,69.0,6,192.58,4,1
West Africa,Male,34,Farmer,13,53.54,0.36,7,2.11,0,6.0,0.0,1,0.981,12.3,7.0,28.0,5,168.63,12,1
Central Africa,Female,31,Informal worker,20,28.68,1.011,8,1.79,0,7.0,0.0,0,,,33.0,73.0,8,579.87,4,0
East Africa,Female,51,Informal worker,15,53.8,0.994,14,3.36,0,2.0,0.0,0,,,19.0,43.0,8,91.03,12,1
East Africa,Female,47,Informal worker,16,29.42,-0.001,13,2.09,1,90.0,9.69,0,,,72.0,90.0,7,476.0,8,1
East Africa,Male,44,Farmer,19,29.16,-0.371,9,6.43,0,10.0,0.0,1,0.863,0.5,51.0,92.0,1,352.22,12,1
West Africa,Male,21,Informal worker,9,22.69,-0.474,17,4.75,0,5.0,0.0,0,,,56.0,76.0,7,623.19,12,0
West Africa,Female,21,Salaried,22,28.85,-0.437,16,1.96,0,14.0,0.0,0,,,59.0,43.0,2,128.93,24,1
Central Africa,Male,47,Salaried,23,94.45,-0.081,24,5.77,1,81.0,58.56,0,,,78.0,94.0,4,297.88,52,1
Southern Africa,Female,40,Trader,11,229.73,0.159,19,3.89,1,71.0,23.38,1,0.833,5.6,79.0,66.0,6,314.48,8,1
West Africa,Female,56,Farmer,19,79.76,-0.103,13,2.13,1,71.0,24.34,1,0.663,8.0,26.0,72.0,5,115.63,12,1
Southern Africa,Female,19,Trader,3,15.99,-1.465,8,0.96,0,5.0,0.0,0,,,77.0,36.0,1,104.69,24,1
East Africa,Prefer not to say,26,Informal worker,16,22.01,-0.509,15,1.79,1,54.0,33.84,0,,,36.0,53.0,6,307.63,24,0
West Africa,Female,55,Trader,11,18.84,0.556,9,1.2,1,73.0,16.45,1,0.803,11.1,34.0,36.0,1,414.69,12,1
East Africa,Female,64,Self-employed,7,11.6,0.009,6,2.49,0,0.0,0.0,0,,,31.0,28.0,3,46.98,4,1
West Africa,Female,52,Informal worker,12,23.85,-0.621,13,5.96,1,31.0,15.88,0,,,69.0,78.0,2,276.56,8,1
West Africa,Male,18,Farmer,26,40.8,0.638,12,1.0,1,77.0,46.46,1,0.75,11.9,77.0,38.0,13,132.75,12,1
Southern Africa,Female,20,Informal worker,11,36.09,-0.103,15,3.15,0,1.0,0.0,1,0.534,2.6,54.0,68.0,3,189.48,12,1
West Africa,Female,59,Trader,29,43.4,0.464,18,6.27,0,3.0,0.0,1,0.579,0.7,40.0,46.0,10,209.88,4,0
Central Africa,Prefer not to say,41,Trader,8,65.08,-0.433,9,3.18,0,3.0,0.0,0,,,39.0,50.0,4,189.25,4,1
Southern Africa,Male,41,Trader,19,117.29,1.017,12,6.15,1,36.0,27.7,1,0.536,14.2,19.0,45.0,6,848.99,4,0
Southern Africa,Male,63,Informal worker,13,27.5,-0.847,13,1.15,1,8.0,25.19,1,0.852,10.4,22.0,23.0,2,645.05,4,1
East Africa,Female,29,Salaried,8,11.29,-0.039,6,2.24,0,13.0,0.0,0,,,60.0,27.0,3,412.75,8,1
Central Africa,Male,31,Trader,17,46.44,-0.405,12,3.37,1,50.0,6.18,0,,,43.0,47.0,2,89.82,24,1
East Africa,Female,50,Salaried,19,76.87,-0.669,12,3.63,1,61.0,22.9,0,,,51.0,93.0,4,219.15,4,1
East Africa,Female,60,Trader,10,16.27,0.316,5,2.16,1,77.0,13.34,1,0.388,10.7,14.0,57.0,5,205.16,12,0
East Africa,Male,35,Farmer,12,16.06,0.603,11,2.14,0,6.0,0.0,1,0.547,9.0,78.0,78.0,1,71.28,12,1
Central Africa,Male,25,Informal worker,25,169.64,0.456,15,3.23,1,50.0,27.8,0,,,34.0,71.0,9,941.86,8,1
West Africa,Female,20,Salaried,27,37.12,0.818,13,2.65,1,56.0,39.61,0,,,48.0,89.0,8,665.38,8,1
East Africa,Male,18,Self-employed,12,23.61,-0.512,8,2.21,0,2.0,0.0,0,,,41.0,45.0,1,119.82,24,1
Southern Africa,Female,35,Informal worker,20,35.4,0.754,18,7.62,0,2.0,0.0,1,0.63,10.5,87.0,81.0,9,344.83,8,1
East Africa,Female,42,Farmer,16,31.51,0.068,21,3.85,1,77.0,19.66,1,0.667,8.1,22.0,69.0,5,485.84,12,1
Central Africa,Female,40,Trader,23,45.8,-0.079,12,3.15,0,16.0,0.0,1,0.709,19.7,47.0,81.0,6,416.86,12,0
East Africa,Male,29,Trader,17,38.48,-0.134,12,3.29,0,7.0,0.0,0,,,41.0,75.0,6,243.88,12,1
West Africa,Male,49,Self-employed,27,30.55,0.351,16,2.05,0,3.0,0.0,1,0.89,43.3,53.0,93.0,5,444.98,8,1
East Africa,Female,59,Informal worker,9,7.79,0.082,15,1.14,0,15.0,0.0,0,,,26.0,54.0,2,621.38,24,0
East Africa,Male,28,Farmer,29,68.72,-1.17,16,3.44,1,63.0,27.95,1,0.489,2.1,49.0,57.0,5,326.86,12,1
West Africa,Male,49,Trader,9,23.47,-0.446,12,5.01,1,67.0,16.36,0,,,30.0,39.0,6,93.06,4,1
West Africa,Female,43,Trader,11,13.58,0.448,5,9.29,0,1.0,0.0,0,,,12.0,58.0,1,302.2,8,0
West Africa,Male,50,Salaried,8,30.31,-0.357,11,2.27,0,5.0,0.0,0,,,39.0,71.0,1,135.81,4,1
Southern Africa,Male,18,Farmer,13,43.99,-0.739,9,1.9,0,4.0,0.0,0,,,72.0,70.0,8,234.7,4,0
Central Africa,Prefer not to say,49,Self-employed,3,41.15,0.158,5,1.25,1,88.0,17.44,0,,,19.0,50.0,1,115.76,12,1
East Africa,Male,53,Farmer,6,7.1,0.117,6,2.2,1,76.0,11.54,0,,,41.0,70.0,6,73.68,12,0
West Africa,Male,49,Salaried,13,44.53,-0.415,15,2.5,0,12.0,0.0,1,0.923,11.2,66.0,87.0,4,831.53,24,1
East Africa,Male,57,Trader,18,46.44,-0.443,17,2.24,1,25.0,15.47,1,0.805,9.4,65.0,78.0,9,119.21,8,0
Central Africa,Female,53,Trader,34,51.69,1.474,23,2.33,1,83.0,28.97,1,0.968,1.6,70.0,59.0,8,219.47,4,1
Southern Africa,Female,64,Trader,14,61.81,-0.359,12,5.69,1,88.0,25.21,1,0.501,12.3,40.0,72.0,2,1358.07,24,1
West Africa,Female,49,Trader,16,68.56,-1.475,14,9.41,1,76.0,14.84,0,,,60.0,80.0,6,621.51,8,1
West Africa,Prefer not to say,38,Self-employed,20,58.93,-0.381,15,4.51,1,55.0,28.29,1,0.578,4.9,66.0,86.0,7,190.88,24,1
Central Africa,Male,57,Salaried,13,22.5,-0.361,7,3.3,1,50.0,20.31,1,0.829,0.2,58.0,22.0,8,211.43,12,1
Central Africa,Female,50,Farmer,12,62.27,0.917,15,2.36,0,2.0,0.0,1,0.727,6.5,51.0,26.0,3,379.3,12,1
West Africa,Male,44,Farmer,12,8.24,0.039,9,2.66,0,2.0,0.0,1,0.417,32.5,49.0,9.0,0,284.72,4,1
Southern Africa,Female,45,Farmer,14,71.47,-1.041,11,1.28,1,69.0,13.1,1,0.565,16.8,78.0,94.0,9,222.23,52,0
West Africa,Female,34,Informal worker,12,21.7,-0.593,8,3.16,1,62.0,39.87,0,,,35.0,22.0,1,234.24,4,0
West Africa,Male,46,Trader,9,39.47,0.944,20,3.08,1,90.0,21.56,1,0.947,18.2,31.0,54.0,8,185.24,8,1
Southern Africa,Female,39,Farmer,23,153.43,-0.19,16,3.17,0,1.0,0.0,1,0.816,8.6,59.0,58.0,7,607.45,4,0
East Africa,Female,24,Trader,7,55.97,0.059,11,1.06,0,2.0,0.0,0,,,78.0,31.0,2,40.08,12,0
East Africa,Male,38,Self-employed,13,53.19,-0.533,15,1.88,1,67.0,25.2,0,,,27.0,25.0,5,357.72,24,1
Central Africa,Female,62,Farmer,12,56.89,-0.193,16,2.79,0,5.0,0.0,0,,,45.0,38.0,3,773.46,8,0
Southern Africa,Prefer not to say,33,Informal worker,20,49.08,-0.816,16,3.12,1,73.0,25.1,0,,,45.0,16.0,6,263.12,4,0
West Africa,Male,49,Self-employed,10,84.4,-0.108,13,1.05,0,15.0,0.0,1,0.924,5.6,44.0,43.0,7,227.61,12,1
East Africa,Male,37,Farmer,26,98.39,0.355,16,3.29,0,3.0,0.0,1,0.68,12.1,60.0,71.0,6,556.92,12,1
Southern Africa,Prefer not to say,31,Trader,30,109.9,0.341,21,4.21,0,3.0,0.0,1,0.716,4.5,74.0,64.0,11,144.99,4,1
East Africa,Male,36,Farmer,20,26.0,1.252,19,3.29,0,1.0,0.0,0,,,81.0,13.0,0,60.52,4,0
Central Africa,Male,63,Informal worker,16,65.01,0.779,13,2.47,0,10.0,0.0,0,,,38.0,70.0,5,208.66,12,1
Southern Africa,Female,23,Farmer,9,32.07,-0.718,18,4.77,0,13.0,0.0,0,,,78.0,63.0,5,151.52,4,1
West Africa,Female,49,Trader,15,20.19,-0.831,12,2.62,0,0.0,0.0,0,,,78.0,51.0,2,172.67,8,1
West Africa,Male,57,Trader,11,24.83,0.095,5,4.11,0,3.0,0.0,1,0.769,4.1,24.0,25.0,2,130.03,52,0
Southern Africa,Male,26,Informal worker,15,112.83,-0.623,15,4.95,0,18.0,0.0,0,,,95.0,60.0,2,785.12,8,0
Central Africa,Female,53,Informal worker,21,62.41,-0.255,15,3.92,1,34.0,21.46,1,0.898,18.0,24.0,66.0,7,902.37,12,0
West Africa,Male,47,Trader,28,61.75,1.048,19,3.27,0,1.0,0.0,1,0.491,41.5,37.0,74.0,8,782.45,24,0
West Africa,Female,33,Salaried,15,43.0,-0.069,13,4.61,0,6.0,0.0,0,,,63.0,41.0,6,185.39,4,1
Southern Africa,Female,26,Farmer,16,45.83,-0.139,18,4.7,1,82.0,21.04,1,0.873,4.1,69.0,47.0,4,253.45,4,1
West Africa,Male,62,Trader,20,58.34,-0.26,13,4.67,1,64.0,13.45,0,,,92.0,86.0,9,433.67,4,1
West Africa,Female,27,Farmer,9,25.0,-0.915,10,0.88,0,7.0,0.0,0,,,13.0,41.0,3,117.52,24,0
Central Africa,Female,62,Informal worker,16,64.36,0.399,9,5.74,1,59.0,40.93,1,0.645,39.8,57.0,84.0,2,233.04,12,1
Southern Africa,Female,48,Informal worker,12,27.25,-0.084,2,3.33,1,50.0,23.29,0,,,41.0,71.0,3,711.53,52,1
Central Africa,Male,58,Farmer,17,125.4,0.278,17,7.24,0,8.0,0.0,0,,,43.0,48.0,9,194.94,24,0
Southern Africa,Male,31,Trader,19,44.89,0.191,17,4.44,0,5.0,0.0,0,,,21.0,86.0,8,331.33,8,1
West Africa,Female,19,Farmer,11,74.46,0.305,15,3.29,0,3.0,0.0,1,0.681,10.1,31.0,75.0,5,149.53,8,0
Central Africa,Female,48,Farmer,17,214.54,-0.072,15,4.95,0,5.0,0.0,1,0.432,16.3,69.0,72.0,9,524.15,24,1
West Africa,Prefer not to say,35,Farmer,18,264.99,0.451,18,7.34,1,29.0,23.38,1,0.795,7.4,20.0,28.0,8,206.43,12,1
West Africa,Male,43,Farmer,13,73.58,-0.76,8,3.99,0,4.0,0.0,1,0.689,15.5,38.0,85.0,5,96.88,8,0
Central Africa,Female,39,Farmer,27,233.97,1.317,16,7.03,1,49.0,24.24,1,0.688,3.0,50.0,46.0,7,562.19,12,1
Southern Africa,Male,33,Trader,24,37.25,0.675,12,3.95,1,80.0,19.78,0,,,47.0,76.0,7,899.26,12,1
Central Africa,Female,51,Trader,19,35.65,-0.45,15,2.03,1,71.0,77.33,0,,,45.0,53.0,7,546.03,24,1
West Africa,Female,41,Trader,23,66.7,-0.036,21,2.05,1,72.0,8.17,0,,,61.0,57.0,5,236.09,12,1
Central Africa,Female,47,Informal worker,7,45.53,-0.666,6,1.38,0,5.0,0.0,1,0.669,13.6,23.0,66.0,2,265.75,8,0
East Africa,Male,49,Farmer,18,45.61,-0.081,13,4.41,0,2.0,0.0,0,,,44.0,36.0,9,172.42,4,1
Southern Africa,Prefer not to say,49,Informal worker,21,80.12,1.67,10,2.18,0,6.0,0.0,1,0.889,1.1,70.0,94.0,8,500.5,12,1
Central Africa,Male,33,Trader,10,63.73,-0.467,13,5.96,1,53.0,41.11,0,,,24.0,65.0,2,149.48,8,0
East Africa,Male,54,Farmer,7,33.55,-0.275,19,6.08,0,0.0,0.0,0,,,49.0,41.0,3,124.87,4,1
Southern Africa,Female,28,Trader,26,53.26,0.14,15,1.92,1,80.0,38.86,0,,,78.0,51.0,6,626.91,8,1
East Africa,Female,62,Trader,13,76.92,0.302,8,3.58,0,0.0,0.0,0,,,34.0,79.0,10,656.47,52,0
Southern Africa,Female,56,Salaried,22,86.91,0.093,16,2.7,0,5.0,0.0,0,,,46.0,86.0,8,213.74,12,1
Central Africa,Female,43,Trader,10,47.3,-0.14,18,2.52,0,3.0,0.0,0,,,50.0,78.0,5,1053.23,4,0
Southern Africa,Male,26,Trader,22,50.14,0.093,21,2.61,0,3.0,0.0,0,,,73.0,85.0,8,794.44,4,0
West Africa,Male,60,Farmer,21,88.5,0.361,16,1.61,0,9.0,0.0,1,0.512,7.2,40.0,87.0,8,154.32,24,0
West Africa,Female,44,Trader,12,29.42,-0.139,9,3.68,0,2.0,0.0,0,,,42.0,81.0,5,233.32,52,1
Central Africa,Female,56,Self-employed,21,30.2,0.47,18,4.01,1,51.0,22.06,0,,,70.0,90.0,8,332.11,4,1
Central Africa,Male,19,Self-employed,23,34.8,1.149,24,5.78,1,61.0,60.02,0,,,62.0,86.0,6,195.41,52,1
Central Africa,Male,33,Farmer,25,34.98,-0.213,17,5.86,0,1.0,0.0,0,,,52.0,83.0,13,443.94,12,0
West Africa,Male,32,Trader,18,19.65,-0.011,18,2.69,0,18.0,0.0,1,0.912,16.8,40.0,88.0,5,328.58,24,1
East Africa,Female,56,Farmer,14,58.89,0.704,16,1.06,0,1.0,0.0,0,,,65.0,67.0,6,242.22,12,0
Southern Africa,Male,39,Farmer,17,42.93,0.796,11,5.49,0,2.0,0.0,1,0.574,2.8,45.0,69.0,8,512.73,8,1
Southern Africa,Female,23,Farmer,2,32.75,-0.362,10,2.32,0,0.0,0.0,0,,,27.0,62.0,0,72.83,4,1
West Africa,Male,46,Trader,17,56.21,0.503,9,3.21,0,14.0,0.0,0,,,25.0,56.0,2,384.58,4,1
East Africa,Male,25,Trader,21,54.22,0.938,19,4.35,1,56.0,13.44,1,0.843,3.6,30.0,45.0,7,204.29,12,1
West Africa,Male,38,Trader,16,54.16,-0.407,10,2.83,0,8.0,0.0,0,,,88.0,22.0,10,146.36,8,0
East Africa,Male,64,Farmer,14,71.74,-0.221,12,6.53,0,3.0,0.0,1,0.847,3.6,44.0,18.0,3,1069.69,4,1
West Africa,Female,38,Informal worker,15,28.99,-0.375,5,2.42,0,3.0,0.0,1,0.793,1.5,75.0,38.0,9,794.4,8,0
West Africa,Male,38,Salaried,12,60.47,-0.161,16,2.15,0,3.0,0.0,0,,,47.0,51.0,7,139.4,52,1
West Africa,Male,19,Trader,21,67.56,-0.328,7,3.2,1,28.0,26.86,0,,,49.0,14.0,5,569.31,8,1
Central Africa,Prefer not to say,39,Salaried,3,49.2,-0.642,8,1.61,1,80.0,16.13,0,,,43.0,49.0,0,73.15,8,1
Southern Africa,Male,63,Trader,8,7.14,-0.112,12,2.44,0,1.0,0.0,0,,,42.0,29.0,2,431.63,4,1
Central Africa,Male,62,Trader,11,56.04,-0.366,12,3.49,0,22.0,0.0,0,,,69.0,50.0,1,210.48,12,0
East Africa,Male,63,Informal worker,32,115.33,0.887,22,10.14,1,61.0,31.85,0,,,54.0,71.0,13,331.56,8,1
East Africa,Male,35,Trader,12,29.35,-0.467,11,1.77,0,4.0,0.0,0,,,47.0,61.0,4,403.99,4,1
East Africa,Male,21,Self-employed,30,53.71,1.036,19,4.59,0,10.0,0.0,0,,,26.0,65.0,5,954.56,52,1
East Africa,Female,29,Self-employed,11,30.72,-0.876,17,2.36,0,9.0,0.0,0,,,46.0,78.0,4,333.02,52,1
East Africa,Male,27,Trader,26,47.4,0.131,12,3.72,0,2.0,0.0,0,,,55.0,76.0,6,226.22,8,1
Southern Africa,Female,21,Trader,16,69.37,0.563,7,1.76,0,6.0,0.0,0,,,40.0,81.0,7,194.85,12,0
Southern Africa,Female,51,Trader,19,38.7,-0.045,23,6.18,0,1.0,0.0,0,,,68.0,66.0,8,218.32,4,0
Central Africa,Male,42,Self-employed,20,139.96,-0.331,16,2.27,0,5.0,0.0,1,0.883,8.7,42.0,58.0,8,276.35,12,0
West Africa,Female,51,Trader,10,16.14,0.362,10,1.44,0,5.0,0.0,0,,,67.0,30.0,0,427.97,24,1
East Africa,Male,27,Salaried,15,14.11,-0.454,8,4.76,0,7.0,0.0,1,0.878,0.3,75.0,62.0,1,516.76,12,1
West Africa,Male,50,Trader,14,19.26,-0.354,14,4.83,0,1.0,0.0,1,0.756,3.5,40.0,38.0,2,1178.55,4,0
West Africa,Female,21,Informal worker,18,39.04,-0.233,12,4.28,0,2.0,0.0,1,0.813,5.4,45.0,39.0,7,164.02,8,1
Southern Africa,Male,51,Trader,11,31.84,-0.641,10,2.43,0,9.0,0.0,1,0.796,5.2,37.0,89.0,1,639.92,4,1
East Africa,Prefer not to say,56,Salaried,28,56.35,0.682,20,2.49,0,0.0,0.0,1,0.674,33.9,20.0,71.0,4,744.71,4,1
Southern Africa,Female,29,Informal worker,11,16.53,-1.144,14,1.23,0,20.0,0.0,0,,,25.0,60.0,2,99.08,8,0
West Africa,Male,33,Trader,12,29.79,-0.679,11,5.35,0,6.0,0.0,1,0.871,2.9,89.0,89.0,2,86.63,8,1
Central Africa,Male,38,Trader,10,26.42,-0.309,9,3.19,0,2.0,0.0,0,,,48.0,96.0,2,471.69,12,0
Central Africa,Female,45,Farmer,23,105.56,0.373,11,8.66,1,90.0,9.27,0,,,75.0,87.0,8,186.41,4,1
East Africa,Male,42,Farmer,15,35.67,-0.622,18,2.26,0,9.0,0.0,0,,,46.0,83.0,3,523.73,24,0
Central Africa,Male,22,Salaried,14,53.2,0.295,5,6.96,1,8.0,23.05,1,0.94,30.1,79.0,66.0,5,277.61,12,1
West Africa,Male,35,Farmer,13,38.5,0.034,10,1.92,1,69.0,4.98,0,,,40.0,94.0,7,94.85,8,0
Southern Africa,Male,41,Self-employed,24,130.16,-0.568,13,3.87,0,2.0,0.0,1,0.712,0.6,69.0,90.0,4,409.22,8,1
Central Africa,Prefer not to say,46,Trader,15,50.41,-0.512,12,2.1,0,6.0,0.0,1,0.854,0.8,34.0,69.0,4,627.39,8,1
Southern Africa,Male,47,Salaried,5,10.8,-0.648,7,3.21,1,71.0,15.85,0,,,5.0,54.0,0,119.09,8,0
Southern Africa,Male,49,Self-employed,16,180.87,0.829,19,2.17,0,5.0,0.0,0,,,70.0,67.0,5,99.93,4,1
East Africa,Female,39,Informal worker,7,35.85,0.494,9,1.97,0,3.0,0.0,1,0.706,33.8,10.0,60.0,1,126.41,4,1
Southern Africa,Female,41,Self-employed,15,81.45,0.254,11,6.68,0,1.0,0.0,1,0.354,2.4,52.0,18.0,1,125.16,8,1
Southern Africa,Female,33,Farmer,12,44.7,-0.514,16,2.04,0,8.0,0.0,0,,,64.0,72.0,5,161.29,8,1
West Africa,Female,30,Informal worker,32,85.1,0.888,25,8.1,0,10.0,0.0,0,,,68.0,83.0,15,325.69,4,1
West Africa,Male,32,Trader,23,71.66,0.535,13,5.99,1,33.0,31.92,0,,,52.0,62.0,12,191.69,24,1
Southern Africa,Male,38,Trader,9,7.5,-1.157,5,1.38,0,3.0,0.0,0,,,56.0,54.0,2,476.73,4,0
East Africa,Female,23,Informal worker,33,38.09,0.437,17,5.05,1,38.0,33.42,1,0.714,2.5,56.0,84.0,7,271.73,12,1
East Africa,Male,28,Salaried,20,67.6,1.094,16,4.53,1,66.0,25.63,0,,,91.0,49.0,3,194.34,24,1
Central Africa,Female,23,Self-employed,13,157.98,-0.453,17,2.24,0,6.0,0.0,0,,,50.0,24.0,7,180.14,4,0
Southern Africa,Male,37,Informal worker,11,23.3,0.128,18,1.52,0,2.0,0.0,1,0.89,40.3,19.0,88.0,4,207.03,4,1
East Africa,Female,41,Salaried,24,113.1,0.647,17,2.36,1,24.0,51.5,0,,,42.0,75.0,8,287.58,8,1
East Africa,Female,25,Salaried,32,116.13,-0.179,19,3.92,0,4.0,0.0,1,0.948,1.9,57.0,82.0,8,331.71,4,1
East Africa,Female,24,Salaried,31,128.62,1.332,28,13.09,1,69.0,98.43,1,0.828,0.1,69.0,88.0,9,440.3,8,1
Southern Africa,Male,42,Trader,6,20.16,-0.678,6,1.38,0,9.0,0.0,1,0.39,2.2,60.0,46.0,0,83.93,4,0
East Africa,Prefer not to say,28,Farmer,30,64.28,0.913,13,2.97,0,2.0,0.0,1,0.348,14.8,35.0,87.0,7,65.7,8,1
East Africa,Female,58,Farmer,18,17.39,1.549,12,5.04,1,76.0,15.67,1,0.962,16.4,26.0,92.0,2,287.91,24,1
Southern Africa,Female,25,Salaried,32,338.08,1.128,29,9.81,1,76.0,60.55,1,0.941,10.2,61.0,79.0,12,385.61,12,1
Southern Africa,Female,40,Informal worker,17,173.74,1.057,14,2.22,1,59.0,16.52,0,,,67.0,65.0,4,550.46,8,1
Southern Africa,Male,55,Salaried,33,73.98,0.484,13,3.52,1,65.0,15.91,0,,,50.0,62.0,10,1153.58,12,1
West Africa,Male,22,Self-employed,24,56.16,-0.98,16,2.57,1,40.0,27.99,0,,,45.0,53.0,10,123.24,12,1
Southern Africa,Male,39,Informal worker,16,57.81,-0.13,19,2.32,1,51.0,17.71,1,0.848,18.9,35.0,75.0,8,631.11,8,1
East Africa,Female,40,Salaried,9,78.69,-0.332,5,1.47,0,15.0,0.0,0,,,65.0,74.0,2,127.54,4,0
West Africa,Female,43,Informal worker,22,63.95,1.313,16,4.08,0,1.0,0.0,1,0.954,4.5,68.0,77.0,6,173.95,12,0
Southern Africa,Male,59,Informal worker,13,24.38,-0.084,14,1.47,0,5.0,0.0,0,,,44.0,85.0,1,189.38,4,1
Southern Africa,Prefer not to say,45,Farmer,22,96.46,-0.851,14,3.24,1,85.0,48.98,1,0.929,11.6,7.0,68.0,5,304.21,8,1
East Africa,Male,35,Self-employed,21,66.2,0.502,20,2.29,0,0.0,0.0,0,,,65.0,54.0,9,136.44,12,1
Southern Africa,Female,36,Salaried,23,63.05,0.297,11,2.91,1,27.0,14.0,0,,,46.0,95.0,7,603.19,52,1
West Africa,Male,47,Salaried,9,57.58,-0.109,14,4.07,1,40.0,11.71,0,,,34.0,94.0,5,465.89,12,1
West Africa,Male,32,Farmer,10,19.09,-0.323,21,1.58,0,16.0,0.0,1,0.509,8.5,70.0,41.0,0,347.22,24,1
East Africa,Male,50,Farmer,9,15.6,0.28,9,1.66,0,12.0,0.0,0,,,13.0,52.0,1,51.05,4,0
East Africa,Female,35,Salaried,6,8.48,-0.27,11,2.39,1,82.0,13.61,0,,,43.0,46.0,6,161.87,12,1
Southern Africa,Female,20,Self-employed,26,71.85,0.967,23,11.4,1,50.0,39.23,1,0.957,4.1,83.0,43.0,14,835.08,24,1
Southern Africa,Male,43,Self-employed,28,56.53,0.273,20,2.92,1,53.0,19.13,0,,,29.0,54.0,15,415.64,12,1
Southern Africa,Male,29,Informal worker,11,35.85,-0.665,11,4.12,1,68.0,22.34,1,0.793,3.6,29.0,64.0,6,357.46,4,1
West Africa,Female,34,Informal worker,23,80.26,0.145,9,2.11,0,5.0,0.0,1,0.599,2.9,55.0,21.0,7,244.79,4,1
East Africa,Male,33,Trader,21,150.37,-0.156,25,4.38,0,13.0,0.0,0,,,31.0,53.0,3,435.16,8,1
West Africa,Female,24,Salaried,11,14.57,-0.192,11,1.3,0,9.0,0.0,0,,,20.0,62.0,2,150.13,12,1
Southern Africa,Male,31,Farmer,17,105.21,-1.058,14,2.97,0,9.0,0.0,1,0.732,0.1,29.0,82.0,2,484.32,8,0
West Africa,Female,60,Salaried,19,38.21,0.269,9,2.21,0,10.0,0.0,0,,,60.0,85.0,7,589.76,4,1
East Africa,Female,33,Trader,27,60.35,0.45,13,11.14,1,50.0,20.21,0,,,60.0,82.0,7,293.27,24,1
Southern Africa,Male,52,Self-employed,35,55.45,0.74,25,3.9,1,51.0,15.85,0,,,69.0,59.0,7,223.25,8,1
Southern Africa,Female,37,Farmer,26,54.32,0.999,16,4.25,1,44.0,151.38,1,0.871,6.0,43.0,90.0,12,549.08,8,1
West Africa,Male,21,Trader,17,114.96,0.468,13,1.4,1,19.0,44.65,1,0.798,17.0,13.0,92.0,8,544.67,24,1
West Africa,Female,57,Informal worker,12,29.82,0.399,18,3.41,1,94.0,35.68,1,0.724,11.0,71.0,76.0,3,365.53,52,1
Southern Africa,Female,60,Informal worker,14,91.44,-0.214,15,1.6,1,23.0,22.94,1,0.885,5.9,51.0,37.0,6,288.29,8,1
East Africa,Male,29,Salaried,22,99.31,1.069,19,2.92,1,37.0,10.1,0,,,81.0,57.0,6,93.31,4,1
West Africa,Female,26,Informal worker,20,57.19,-0.113,12,0.85,0,0.0,0.0,0,,,58.0,66.0,1,271.8,12,0
Central Africa,Male,61,Informal worker,11,22.72,-0.981,14,2.11,0,4.0,0.0,0,,,38.0,28.0,2,411.39,24,1
East Africa,Female,22,Trader,16,253.69,0.871,22,1.98,1,47.0,22.94,1,0.488,8.1,50.0,70.0,9,511.87,8,1
East Africa,Female,59,Salaried,23,80.17,0.565,23,3.71,0,1.0,0.0,1,0.84,4.4,52.0,22.0,11,686.39,8,0
West Africa,Female,26,Self-employed,15,27.17,-0.201,17,2.06,0,6.0,0.0,0,,,36.0,55.0,6,153.45,4,1
East Africa,Female,58,Salaried,12,40.45,0.94,14,2.28,0,15.0,0.0,1,0.725,5.9,59.0,83.0,6,172.54,4,1
West Africa,Female,61,Trader,31,70.01,0.634,16,2.98,1,76.0,50.68,1,0.914,0.4,75.0,96.0,8,146.21,8,1
West Africa,Male,29,Salaried,15,39.41,0.119,16,2.15,1,35.0,36.0,1,0.777,10.3,17.0,46.0,12,373.57,4,1
East Africa,Male,28,Trader,19,51.13,0.619,17,1.14,1,76.0,25.3,0,,,44.0,58.0,4,103.14,24,1
East Africa,Female,22,Self-employed,12,49.96,-0.044,17,1.71,1,31.0,40.67,1,0.827,3.6,69.0,72.0,4,563.27,8,1
Central Africa,Male,54,Trader,15,21.47,0.352,11,1.32,0,13.0,0.0,0,,,37.0,59.0,3,238.94,4,1
Central Africa,Male,34,Trader,14,22.14,0.129,14,7.94,0,6.0,0.0,0,,,30.0,87.0,3,347.69,4,1
West Africa,Male,48,Trader,13,41.07,0.669,17,4.73,0,12.0,0.0,0,,,42.0,34.0,5,556.57,24,1
West Africa,Prefer not to say,46,Salaried,18,11.74,-0.305,13,4.71,0,12.0,0.0,0,,,22.0,69.0,8,418.16,4,0
Southern Africa,Female,42,Informal worker,16,207.19,0.083,23,6.46,1,27.0,22.87,0,,,63.0,32.0,8,151.52,8,0
Central Africa,Male,29,Informal worker,17,33.69,0.066,14,1.82,1,65.0,24.56,1,0.803,10.4,70.0,39.0,3,483.19,4,1
Central Africa,Male,35,Farmer,8,56.41,-0.789,19,1.39,0,13.0,0.0,1,0.627,29.7,82.0,15.0,4,185.61,12,1
West Africa,Female,41,Salaried,10,29.35,0.528,7,4.56,0,11.0,0.0,0,,,45.0,57.0,4,343.61,4,1
West Africa,Male,22,Farmer,4,52.13,-0.604,9,2.92,1,30.0,5.48,0,,,39.0,90.0,2,226.75,12,1
West Africa,Prefer not to say,36,Trader,23,48.07,1.689,17,6.25,1,58.0,32.96,0,,,48.0,46.0,14,504.08,8,1
Southern Africa,Female,51,Salaried,20,202.93,-0.251,15,3.13,1,41.0,27.01,0,,,35.0,78.0,6,106.62,4,1
East Africa,Female,37,Farmer,8,27.95,0.278,9,3.73,0,0.0,0.0,1,0.793,42.7,20.0,44.0,1,159.5,4,1
East Africa,Male,36,Informal worker,7,12.12,-0.461,5,2.02,1,78.0,26.43,0,,,64.0,24.0,4,59.75,24,1
East Africa,Female,57,Farmer,26,53.09,0.386,19,2.93,1,79.0,40.1,0,,,50.0,76.0,9,414.65,4,1
West Africa,Prefer not to say,43,Informal worker,21,67.69,0.567,12,4.4,0,8.0,0.0,1,0.749,4.4,64.0,65.0,13,682.79,4,1
East Africa,Male,52,Trader,16,33.88,0.114,11,7.38,1,28.0,33.64,0,,,97.0,54.0,9,82.54,4,0
West Africa,Female,20,Farmer,21,117.76,0.635,16,2.4,0,15.0,0.0,1,0.697,9.9,29.0,54.0,8,130.98,12,0
East Africa,Male,61,Farmer,15,21.7,-0.462,15,2.55,1,71.0,54.67,0,,,56.0,37.0,6,109.77,52,1
Southern Africa,Prefer not to say,54,Informal worker,13,21.25,-1.041,9,1.82,1,81.0,22.0,0,,,28.0,43.0,4,266.5,8,0
Southern Africa,Female,56,Trader,23,30.83,0.562,19,2.17,0,12.0,0.0,0,,,69.0,88.0,5,226.61,24,1
West Africa,Male,50,Trader,15,63.26,-0.161,13,5.1,1,36.0,20.22,0,,,19.0,71.0,7,117.02,4,1
Southern Africa,Male,43,Farmer,8,57.57,-0.021,16,1.65,0,1.0,0.0,0,,,55.0,59.0,10,414.02,8,0
Southern Africa,Male,42,Farmer,14,18.11,0.216,13,1.9,0,5.0,0.0,0,,,33.0,66.0,4,143.13,4,0
West Africa,Male,47,Trader,17,102.5,0.502,23,3.56,0,4.0,0.0,1,0.825,23.6,30.0,88.0,8,941.28,4,1
West Africa,Female,41,Informal worker,23,90.6,0.162,14,13.47,1,57.0,66.63,1,0.859,38.6,64.0,80.0,7,738.91,24,1
East Africa,Male,52,Farmer,19,49.07,-0.253,20,1.23,0,2.0,0.0,0,,,59.0,43.0,4,224.6,4,1
West Africa,Female,33,Farmer,5,15.66,0.312,8,1.88,0,6.0,0.0,1,0.838,8.8,36.0,77.0,2,122.04,4,1
West Africa,Male,54,Informal worker,28,82.36,0.942,19,1.7,1,54.0,16.13,1,0.801,4.6,79.0,75.0,5,958.91,24,1
West Africa,Female,34,Farmer,8,20.56,0.411,11,2.42,1,86.0,13.55,1,0.562,18.4,25.0,21.0,1,203.01,24,1
West Africa,Prefer not to say,40,Informal worker,9,28.51,-1.099,9,1.41,0,12.0,0.0,0,,,49.0,43.0,1,120.51,8,1
East Africa,Female,21,Informal worker,15,31.29,-0.347,13,3.4,1,53.0,21.85,0,,,68.0,68.0,4,982.95,4,0
East Africa,Female,60,Salaried,8,31.59,-0.213,12,3.37,1,63.0,28.86,0,,,35.0,26.0,5,403.03,4,1
West Africa,Prefer not to say,50,Farmer,12,16.04,0.04,12,2.47,1,88.0,16.09,0,,,52.0,77.0,4,194.12,4,1
Southern Africa,Female,29,Farmer,26,80.37,1.383,18,3.31,0,9.0,0.0,0,,,87.0,70.0,9,329.13,24,1
West Africa,Female,20,Trader,13,28.31,-0.21,7,2.51,0,6.0,0.0,1,0.586,39.9,27.0,73.0,5,91.73,4,1
West Africa,Male,58,Farmer,17,68.26,-0.305,16,3.09,1,51.0,18.71,1,0.756,20.0,23.0,83.0,2,505.93,4,1
West Africa,Male,18,Salaried,26,158.83,0.482,17,15.49,1,95.0,56.14,0,,,33.0,90.0,6,847.7,4,1
Southern Africa,Male,40,Trader,11,27.73,-0.934,10,3.79,0,4.0,0.0,1,0.972,1.9,62.0,87.0,7,593.27,8,1
Central Africa,Female,19,Trader,16,21.86,-1.237,14,5.52,0,8.0,0.0,1,0.703,6.9,20.0,61.0,4,227.84,24,1
East Africa,Female,50,Informal worker,31,96.39,-0.136,28,1.95,1,30.0,55.57,0,,,76.0,57.0,13,888.64,8,1
West Africa,Female,27,Informal worker,25,124.36,-0.04,6,4.41,0,3.0,0.0,1,0.736,0.7,40.0,32.0,4,91.48,12,0
West Africa,Female,38,Self-employed,5,14.21,-0.141,9,1.46,0,7.0,0.0,1,0.831,29.2,42.0,84.0,1,443.25,4,0
West Africa,Male,44,Trader,15,18.82,0.403,14,3.55,0,3.0,0.0,0,,,37.0,53.0,4,831.11,12,1
Southern Africa,Female,35,Salaried,6,21.43,0.423,8,3.04,1,28.0,6.02,1,0.554,41.6,43.0,54.0,2,137.92,12,0
West Africa,Male,50,Informal worker,13,120.83,0.575,13,3.53,0,1.0,0.0,0,,,44.0,63.0,7,340.43,8,1
Central Africa,Male,41,Salaried,6,30.15,-0.76,16,1.34,0,16.0,0.0,1,0.769,13.4,62.0,44.0,7,104.91,52,1
East Africa,Female,37,Farmer,18,51.76,-0.292,8,2.8,0,12.0,0.0,1,0.886,11.4,54.0,60.0,4,880.66,24,1
East Africa,Male,33,Farmer,35,70.77,1.506,14,6.1,1,53.0,32.09,1,0.706,1.4,34.0,92.0,14,630.5,8,1
Southern Africa,Female,37,Trader,14,87.62,-0.922,10,1.66,0,10.0,0.0,1,0.83,0.7,79.0,45.0,8,415.46,24,1
West Africa,Female,33,Salaried,21,83.57,0.426,13,7.83,0,3.0,0.0,0,,,52.0,57.0,7,315.12,12,1
Southern Africa,Female,45,Trader,12,59.16,-0.119,8,3.34,1,34.0,12.31,0,,,30.0,98.0,7,401.9,12,1
West Africa,Male,53,Trader,22,60.83,0.936,21,3.12,0,7.0,0.0,0,,,62.0,72.0,6,586.31,12,1
Southern Africa,Male,46,Trader,14,31.28,-1.511,15,3.43,1,64.0,29.16,1,0.815,1.5,75.0,49.0,10,229.26,24,1
East Africa,Male,19,Salaried,6,51.82,0.2,10,6.67,1,43.0,19.53,1,0.583,40.7,59.0,57.0,5,308.11,24,0
West Africa,Male,57,Trader,40,121.79,0.016,21,9.55,1,71.0,73.42,0,,,59.0,90.0,11,156.54,12,1
Southern Africa,Male,54,Farmer,15,28.61,0.45,16,4.36,0,1.0,0.0,1,0.655,51.8,29.0,26.0,1,704.87,24,0
West Africa,Male,56,Informal worker,24,52.46,-0.46,12,5.25,1,63.0,32.57,0,,,30.0,93.0,6,330.6,12,1
West Africa,Female,20,Salaried,10,75.77,0.278,17,4.0,1,35.0,10.94,0,,,63.0,30.0,7,360.3,52,0
Southern Africa,Female,56,Salaried,16,16.62,-1.096,21,5.2,0,0.0,0.0,0,,,11.0,66.0,6,636.82,4,0
East Africa,Female,39,Farmer,9,24.79,-0.887,8,4.13,0,14.0,0.0,0,,,57.0,49.0,3,348.4,4,0
Central Africa,Male,57,Trader,25,68.3,0.694,9,4.07,1,37.0,15.16,1,0.803,15.9,48.0,35.0,7,41.92,12,1
East Africa,Female,54,Trader,13,40.25,-0.438,13,1.45,1,56.0,9.02,0,,,45.0,51.0,7,326.44,52,0
East Africa,Male,59,Trader,9,59.12,0.352,15,2.18,1,76.0,35.01,0,,,34.0,47.0,5,507.12,8,1
West Africa,Male,23,Farmer,14,13.97,0.191,11,1.13,0,21.0,0.0,1,0.736,51.3,44.0,61.0,4,224.05,8,0
West Africa,Male,44,Farmer,17,55.63,0.099,16,1.82,1,63.0,36.87,0,,,59.0,65.0,5,924.4,8,1
Central Africa,Female,52,Farmer,9,9.68,-1.733,7,1.12,0,1.0,0.0,1,0.679,4.1,42.0,67.0,1,140.26,12,1
West Africa,Female,45,Farmer,19,64.27,0.012,15,1.29,0,4.0,0.0,1,0.77,18.0,33.0,71.0,3,297.38,12,0
East Africa,Male,56,Informal worker,16,42.28,0.536,15,3.15,1,30.0,22.85,0,,,19.0,53.0,10,723.48,12,1
West Africa,Female,52,Trader,10,32.58,0.568,14,6.91,0,7.0,0.0,1,0.906,16.0,40.0,80.0,6,653.97,12,1
West Africa,Female,19,Self-employed,20,24.0,-0.379,14,10.45,0,4.0,0.0,0,,,41.0,66.0,7,168.92,8,1
East Africa,Male,27,Salaried,7,35.94,-0.262,9,1.34,1,60.0,31.23,1,0.875,3.8,67.0,61.0,2,343.05,12,1
Southern Africa,Female,47,Farmer,9,40.38,-0.206,16,1.32,0,15.0,0.0,1,0.916,27.6,48.0,47.0,8,224.47,4,1
Southern Africa,Male,34,Farmer,26,88.76,0.45,19,4.93,0,3.0,0.0,0,,,27.0,63.0,5,217.41,4,1
Central Africa,Male,34,Self-employed,20,33.93,0.63,20,5.42,0,5.0,0.0,1,0.76,0.8,31.0,62.0,4,410.92,4,1
West Africa,Female,60,Self-employed,3,8.57,-0.194,19,2.42,0,5.0,0.0,1,0.716,3.7,26.0,75.0,2,305.01,8,0
East Africa,Male,22,Farmer,7,61.32,-0.683,6,2.97,0,3.0,0.0,0,,,30.0,27.0,4,101.3,8,0
West Africa,Female,42,Trader,11,59.03,0.283,19,3.57,0,8.0,0.0,1,0.806,62.7,62.0,68.0,6,120.42,12,0
Southern Africa,Male,32,Self-employed,8,60.88,-0.141,8,3.65,0,1.0,0.0,0,,,48.0,19.0,2,181.19,12,1
West Africa,Female,20,Informal worker,13,22.23,0.841,17,3.05,0,9.0,0.0,0,,,19.0,64.0,5,344.21,4,1
East Africa,Female,35,Informal worker,3,141.58,-1.012,9,1.74,1,92.0,23.42,1,0.811,12.3,15.0,75.0,0,72.02,4,1
West Africa,Female,37,Trader,28,139.36,0.12,22,2.39,0,2.0,0.0,0,,,45.0,71.0,12,229.0,12,1
Southern Africa,Female,39,Salaried,10,164.44,-0.292,12,0.81,1,66.0,8.48,0,,,26.0,13.0,5,227.1,8,1
Southern Africa,Female,25,Informal worker,39,85.44,-0.29,20,5.56,0,17.0,0.0,1,0.831,1.9,63.0,57.0,4,713.34,12,0
Central Africa,Male,52,Farmer,15,71.62,-0.001,13,5.28,1,16.0,21.96,1,0.701,5.9,49.0,45.0,7,234.81,4,0
West Africa,Male,34,Informal worker,12,52.37,0.02,7,1.89,0,6.0,0.0,0,,,74.0,81.0,1,72.32,24,0
Central Africa,Female,44,Farmer,15,22.71,0.752,13,3.6,1,42.0,22.77,1,0.937,30.4,62.0,64.0,5,319.06,4,1
West Africa,Male,43,Farmer,8,48.89,-0.368,16,4.97,0,6.0,0.0,0,,,53.0,27.0,1,409.35,12,0
West Africa,Male,44,Informal worker,13,50.78,0.494,14,2.28,1,84.0,13.6,0,,,35.0,81.0,6,345.84,52,1
West Africa,Female,41,Informal worker,20,62.73,0.407,17,2.21,1,54.0,23.7,1,0.962,15.0,57.0,70.0,5,35.55,12,1
West Africa,Male,32,Self-employed,17,42.09,-0.052,10,4.7,1,49.0,10.43,1,0.527,24.5,39.0,48.0,5,386.21,24,1
East Africa,Male,41,Informal worker,20,48.42,-0.493,15,7.75,1,80.0,33.65,1,0.883,20.4,43.0,93.0,9,1140.91,4,1
West Africa,Female,42,Farmer,25,161.28,-0.003,19,4.56,1,47.0,27.32,1,0.925,9.3,41.0,87.0,7,291.12,24,1
East Africa,Female,18,Trader,28,40.14,-0.191,15,3.27,1,75.0,44.78,1,0.625,1.4,31.0,72.0,5,673.43,8,1
Southern Africa,Female,52,Farmer,11,26.33,-0.491,10,1.07,0,2.0,0.0,0,,,7.0,48.0,5,265.91,4,1
Southern Africa,Male,38,Trader,31,120.12,0.385,22,2.26,0,1.0,0.0,1,0.809,1.0,54.0,63.0,13,352.6,12,1
Southern Africa,Male,31,Informal worker,21,67.11,0.651,4,5.69,1,62.0,18.21,1,0.692,8.3,48.0,89.0,12,481.33,8,1
East Africa,Female,19,Farmer,13,36.17,-0.414,11,1.7,1,71.0,15.27,1,0.907,0.7,90.0,89.0,2,202.03,8,1
West Africa,Male,32,Farmer,13,28.01,0.661,8,1.67,0,0.0,0.0,1,0.606,9.7,66.0,93.0,2,215.94,12,1
Southern Africa,Female,37,Trader,7,14.35,-0.892,8,1.34,0,7.0,0.0,0,,,29.0,69.0,3,926.68,4,1
West Africa,Male,57,Farmer,27,32.99,0.939,20,4.81,0,0.0,0.0,0,,,53.0,78.0,9,1305.85,8,1
West Africa,Male,48,Trader,4,26.38,-1.15,8,2.44,0,0.0,0.0,0,,,60.0,61.0,2,139.51,52,0
West Africa,Male,37,Informal worker,13,39.85,0.064,14,2.37,1,52.0,15.72,0,,,37.0,57.0,14,334.56,12,1
Southern Africa,Male,23,Trader,25,74.66,0.211,16,3.69,0,7.0,0.0,1,0.795,1.3,28.0,63.0,5,944.45,12,0
East Africa,Male,30,Self-employed,11,36.47,-0.332,10,2.74,1,83.0,15.95,0,,,32.0,81.0,1,172.15,8,1
Southern Africa,Female,61,Farmer,30,182.93,1.238,27,3.39,0,3.0,0.0,1,0.896,10.5,50.0,81.0,2,103.94,12,1
West Africa,Female,24,Salaried,13,34.04,-0.004,16,1.98,1,92.0,23.61,0,,,61.0,31.0,10,302.7,4,1
East Africa,Male,47,Salaried,9,66.73,0.982,11,2.01,1,98.0,16.91,0,,,34.0,68.0,7,843.2,4,1
East Africa,Female,42,Salaried,18,31.84,1.142,16,2.65,0,4.0,0.0,1,0.913,22.3,58.0,43.0,9,101.33,8,1
West Africa,Male,28,Salaried,9,45.2,-0.315,11,2.07,0,5.0,0.0,0,,,58.0,88.0,4,297.45,8,1
East Africa,Male,59,Trader,27,100.86,0.943,22,4.27,1,89.0,8.98,1,0.743,26.8,49.0,41.0,3,119.72,12,1
East Africa,Female,36,Farmer,11,58.79,-1.01,10,2.42,0,5.0,0.0,0,,,27.0,60.0,3,268.84,24,0
East Africa,Female,49,Informal worker,20,53.19,0.416,13,2.68,0,11.0,0.0,0,,,52.0,82.0,9,1061.25,12,1
West Africa,Female,22,Farmer,25,113.1,0.333,18,19.63,1,64.0,72.57,1,0.757,22.3,21.0,53.0,10,107.32,8,1
Southern Africa,Male,63,Informal worker,7,74.82,-0.048,13,3.67,1,38.0,10.42,1,0.818,25.8,47.0,72.0,1,154.65,52,1
West Africa,Male,19,Informal worker,14,26.54,0.146,5,2.18,0,10.0,0.0,1,0.786,26.0,47.0,28.0,1,86.04,8,1
West Africa,Female,32,Trader,12,52.31,-0.516,17,3.28,0,5.0,0.0,1,0.867,9.4,59.0,28.0,3,473.97,8,0
West Africa,Female,61,Trader,27,92.7,0.715,21,5.05,0,15.0,0.0,0,,,64.0,70.0,7,433.64,24,1
East Africa,Female,47,Informal worker,31,55.3,1.324,20,5.68,1,39.0,40.72,0,,,57.0,88.0,12,363.19,8,1
West Africa,Prefer not to say,49,Informal worker,8,22.38,0.02,10,1.28,0,2.0,0.0,1,0.893,4.7,23.0,87.0,3,538.49,24,0
Southern Africa,Male,32,Salaried,18,38.37,0.363,11,5.02,0,8.0,0.0,1,0.84,0.2,52.0,71.0,5,133.12,12,1
West Africa,Female,54,Informal worker,19,71.08,0.823,20,8.44,1,44.0,10.2,1,0.873,8.0,51.0,13.0,3,248.91,8,1
Southern Africa,Female,61,Trader,8,21.67,-1.605,12,2.93,0,3.0,0.0,0,,,12.0,76.0,5,812.25,24,1
West Africa,Male,47,Trader,9,32.17,-0.825,22,3.57,1,39.0,30.87,1,0.461,2.2,33.0,49.0,5,195.33,4,1
East Africa,Male,28,Farmer,31,195.31,1.273,15,4.92,0,6.0,0.0,0,,,67.0,74.0,14,321.87,8,0
Southern Africa,Female,60,Farmer,10,46.37,0.117,9,1.84,0,14.0,0.0,1,0.822,0.2,17.0,66.0,3,161.48,4,1
East Africa,Male,18,Salaried,32,38.08,0.675,17,8.5,1,59.0,51.01,1,0.763,20.4,52.0,47.0,11,244.07,8,1
West Africa,Female,60,Informal worker,15,29.79,0.374,16,2.97,0,1.0,0.0,0,,,52.0,93.0,12,309.85,4,1
East Africa,Female,18,Salaried,22,13.74,0.171,14,2.04,0,6.0,0.0,1,0.73,0.3,70.0,50.0,8,753.4,4,1
Central Africa,Male,20,Farmer,13,24.37,0.201,10,2.66,0,2.0,0.0,1,0.617,11.8,44.0,56.0,3,299.44,4,1
Central Africa,Female,19,Trader,18,19.77,0.085,14,1.56,1,80.0,15.78,0,,,47.0,89.0,3,313.88,4,1
West Africa,Female,26,Farmer,14,45.03,-0.221,17,3.05,0,9.0,0.0,1,0.732,22.5,62.0,87.0,1,381.76,24,0
Southern Africa,Male,52,Trader,17,48.52,0.337,10,2.69,1,66.0,27.66,0,,,75.0,76.0,5,1294.19,4,1
West Africa,Female,36,Trader,28,32.92,0.698,19,5.13,0,1.0,0.0,0,,,63.0,67.0,11,429.72,12,1
West Africa,Male,21,Farmer,12,42.24,-0.736,11,0.62,0,2.0,0.0,1,0.853,38.9,14.0,85.0,1,92.61,12,0
Southern Africa,Prefer not to say,34,Farmer,28,22.59,0.727,18,2.43,1,57.0,57.78,0,,,48.0,58.0,7,619.09,8,1
East Africa,Male,64,Trader,4,49.1,-0.637,6,2.61,0,7.0,0.0,0,,,40.0,41.0,3,382.2,24,1
East Africa,Male,42,Informal worker,32,34.63,-0.096,12,4.49,1,43.0,33.53,1,0.946,4.3,29.0,88.0,4,517.96,8,1
Southern Africa,Female,52,Informal worker,10,77.98,-0.269,7,4.5,0,2.0,0.0,1,0.734,19.5,38.0,27.0,9,637.87,4,1
West Africa,Male,30,Trader,11,19.82,-1.113,11,1.16,0,5.0,0.0,1,0.812,17.9,11.0,79.0,3,80.39,4,0
Southern Africa,Male,42,Informal worker,13,42.72,0.342,19,4.36,0,7.0,0.0,1,0.795,9.1,26.0,68.0,9,938.18,8,0
East Africa,Male,55,Trader,13,105.14,-0.161,19,1.36,1,53.0,18.18,1,0.727,0.6,79.0,89.0,4,129.41,8,1
West Africa,Female,49,Farmer,36,46.41,1.308,20,4.0,1,61.0,58.51,0,,,60.0,87.0,9,509.43,8,1
East Africa,Female,18,Informal worker,15,101.45,0.044,9,1.86,0,3.0,0.0,1,0.94,14.1,27.0,38.0,9,135.21,12,1
Central Africa,Male,46,Farmer,20,37.97,-0.917,13,2.17,0,7.0,0.0,1,0.916,4.8,50.0,67.0,5,150.75,24,1
East Africa,Male,55,Informal worker,7,21.37,-0.457,13,2.5,0,3.0,0.0,0,,,23.0,59.0,1,1429.88,24,0
West Africa,Male,24,Farmer,13,29.95,-1.145,13,2.11,1,76.0,13.14,1,0.639,5.4,45.0,51.0,1,82.19,24,0
Southern Africa,Prefer not to say,36,Trader,6,29.48,0.111,9,2.84,1,86.0,9.57,1,0.78,45.6,60.0,85.0,2,141.95,4,1
Central Africa,Male,48,Farmer,11,13.27,0.201,11,1.52,0,6.0,0.0,1,0.63,26.3,26.0,58.0,4,136.48,12,1
Central Africa,Female,18,Farmer,18,56.71,0.469,12,1.93,0,12.0,0.0,0,,,27.0,36.0,11,831.11,12,1
East Africa,Male,51,Trader,24,80.19,0.844,16,3.82,1,43.0,43.79,0,,,58.0,50.0,8,709.36,4,1
East Africa,Female,57,Farmer,10,15.34,-0.26,9,5.28,0,15.0,0.0,0,,,30.0,39.0,4,52.87,24,0
East Africa,Female,42,Trader,8,47.51,-0.154,9,0.74,1,63.0,12.06,0,,,36.0,33.0,4,106.36,12,1
Southern Africa,Male,38,Farmer,18,82.72,-0.198,14,5.02,0,0.0,0.0,0,,,27.0,21.0,2,300.85,12,1
Central Africa,Female,22,Informal worker,17,59.87,-0.1,13,9.11,1,50.0,17.01,1,0.417,0.0,52.0,55.0,8,181.48,4,1
Southern Africa,Male,52,Salaried,22,61.23,0.549,11,2.01,0,8.0,0.0,0,,,13.0,37.0,6,1583.13,4,0
East Africa,Female,62,Salaried,22,50.31,-0.474,17,2.25,0,3.0,0.0,0,,,18.0,81.0,7,412.45,4,1
West Africa,Male,59,Informal worker,15,32.47,0.116,9,4.12,1,60.0,8.88,1,0.728,0.3,37.0,73.0,7,250.59,4,1
East Africa,Male,43,Salaried,19,67.17,-0.01,14,2.47,0,3.0,0.0,1,0.683,3.6,29.0,84.0,7,320.6,8,1
West Africa,Male,19,Informal worker,25,175.3,0.012,23,11.15,1,38.0,21.71,0,,,56.0,88.0,13,346.92,12,1
West Africa,Male,31,Informal worker,40,15.33,1.49,23,2.34,1,65.0,101.82,1,0.851,0.0,26.0,18.0,20,268.36,4,1
East Africa,Female,30,Salaried,9,20.55,0.142,20,2.81,0,3.0,0.0,0,,,41.0,70.0,3,237.43,4,1
Southern Africa,Female,18,Salaried,9,16.69,-0.218,5,2.43,1,39.0,30.98,0,,,6.0,77.0,1,131.73,52,1
Central Africa,Male,23,Salaried,10,12.93,-0.99,7,1.35,1,30.0,25.88,1,0.952,17.7,90.0,35.0,0,186.16,4,1
Southern Africa,Female,45,Self-employed,13,19.35,-0.125,9,3.46,1,48.0,22.65,0,,,28.0,45.0,2,413.72,8,0
Central Africa,Female,22,Farmer,8,30.61,-0.51,17,2.7,1,74.0,13.98,1,0.55,51.0,12.0,39.0,4,186.88,4,1
Southern Africa,Male,19,Self-employed,11,87.12,-0.744,15,2.4,0,1.0,0.0,1,0.871,4.7,40.0,91.0,8,547.36,4,1
Southern Africa,Male,62,Farmer,17,27.72,0.087,12,1.32,1,42.0,44.33,0,,,20.0,39.0,2,190.53,12,1
West Africa,Female,46,Trader,33,217.65,1.015,27,3.68,0,3.0,0.0,1,0.784,0.4,81.0,67.0,13,582.01,24,1
East Africa,Male,55,Trader,35,287.72,-0.139,23,8.75,1,43.0,25.75,1,0.827,2.4,62.0,76.0,12,563.45,24,1
West Africa,Female,29,Informal worker,12,71.7,-0.135,15,4.06,0,4.0,0.0,0,,,76.0,48.0,3,538.4,8,1
West Africa,Male,35,Trader,16,38.48,1.021,11,3.12,0,16.0,0.0,0,,,55.0,50.0,5,717.62,24,1
West Africa,Male,46,Trader,10,11.89,-0.235,16,2.0,0,8.0,0.0,0,,,30.0,60.0,3,328.71,24,0
Southern Africa,Female,50,Farmer,18,49.66,0.913,14,2.98,0,5.0,0.0,1,0.938,5.9,16.0,36.0,5,320.31,8,1
Southern Africa,Female,35,Informal worker,37,124.92,0.947,17,5.42,0,9.0,0.0,0,,,79.0,54.0,10,336.77,8,1
Central Africa,Prefer not to say,61,Trader,19,76.82,0.569,14,3.23,0,10.0,0.0,0,,,67.0,82.0,8,362.85,4,1
Central Africa,Male,51,Informal worker,13,150.32,0.116,10,2.24,0,5.0,0.0,0,,,56.0,42.0,8,239.7,8,1
Central Africa,Female,28,Informal worker,12,205.91,-0.364,9,8.78,1,40.0,41.62,0,,,56.0,80.0,5,139.92,12,1
West Africa,Female,22,Salaried,13,91.8,-0.465,13,4.72,0,24.0,0.0,1,0.884,0.2,90.0,81.0,3,94.68,8,0
Central Africa,Female,18,Informal worker,34,109.71,1.813,20,7.21,1,45.0,50.51,0,,,42.0,60.0,9,459.31,12,1
Southern Africa,Prefer not to say,57,Trader,25,47.22,0.344,10,3.49,0,1.0,0.0,1,0.72,3.5,41.0,26.0,11,465.39,12,1
Central Africa,Prefer not to say,56,Self-employed,33,48.82,0.441,15,4.1,1,77.0,27.89,0,,,55.0,90.0,9,1373.15,12,1
West Africa,Female,40,Salaried,15,94.31,1.084,12,2.89,0,14.0,0.0,0,,,31.0,66.0,4,163.22,4,1
West Africa,Prefer not to say,51,Farmer,18,42.37,1.405,12,7.97,0,1.0,0.0,0,,,14.0,52.0,8,193.62,8,1
Central Africa,Female,59,Trader,14,26.53,-0.085,18,1.46,0,3.0,0.0,0,,,60.0,45.0,6,81.06,12,1
West Africa,Male,25,Farmer,27,43.14,-0.67,16,3.69,1,54.0,17.17,1,0.896,12.4,9.0,65.0,6,513.91,12,1
East Africa,Female,64,Salaried,13,48.54,-0.164,5,1.83,0,3.0,0.0,1,0.866,6.5,76.0,55.0,3,179.86,24,1
East Africa,Female,41,Salaried,30,49.28,0.016,20,2.35,1,44.0,21.88,1,0.56,6.5,37.0,91.0,8,1040.21,8,0
West Africa,Male,38,Salaried,23,161.48,-0.221,15,8.14,1,16.0,11.73,0,,,71.0,55.0,11,159.02,12,1
West Africa,Male,25,Self-employed,9,19.36,0.7,8,2.29,0,3.0,0.0,0,,,69.0,72.0,6,148.4,24,1
Central Africa,Male,49,Informal worker,11,89.44,-0.819,11,1.38,1,33.0,28.71,0,,,57.0,51.0,3,158.85,52,0
Central Africa,Female,46,Trader,15,28.18,-0.327,11,3.09,1,60.0,33.64,1,0.696,2.4,64.0,78.0,5,291.76,4,0
Central Africa,Male,19,Trader,28,27.06,0.175,14,3.62,1,44.0,37.1,1,0.638,1.7,30.0,63.0,6,1772.39,4,1
West Africa,Male,48,Trader,6,29.07,-1.066,11,0.97,0,4.0,0.0,1,0.603,2.4,27.0,74.0,2,146.79,24,0
West Africa,Male,24,Trader,8,44.4,-0.616,10,4.01,0,2.0,0.0,0,,,59.0,34.0,3,212.53,8,1
East Africa,Male,31,Trader,19,60.05,-0.464,16,6.51,1,73.0,30.78,1,0.821,2.9,51.0,46.0,3,207.19,8,1
East Africa,Prefer not to say,46,Farmer,6,47.8,-0.767,12,2.44,1,71.0,55.79,0,,,55.0,58.0,3,144.65,8,1
West Africa,Male,54,Salaried,35,103.54,0.625,22,7.83,1,20.0,65.51,1,0.75,2.6,62.0,70.0,8,868.14,24,1
Southern Africa,Male,24,Trader,19,61.08,0.336,17,2.59,1,59.0,37.12,0,,,11.0,72.0,2,564.52,24,1
Central Africa,Male,40,Salaried,13,29.3,-0.709,18,2.06,0,10.0,0.0,0,,,32.0,82.0,5,194.51,12,0
East Africa,Female,31,Self-employed,14,25.07,-0.673,12,6.86,1,93.0,20.79,0,,,49.0,60.0,6,448.15,52,1
East Africa,Female,51,Trader,14,57.1,-0.71,22,3.27,1,46.0,12.61,1,0.922,20.4,45.0,78.0,6,219.45,24,1
East Africa,Male,56,Trader,5,32.52,-1.147,7,2.13,0,6.0,0.0,1,0.844,18.5,23.0,70.0,2,136.51,24,1
West Africa,Male,48,Farmer,7,51.96,-0.36,5,1.19,0,1.0,0.0,1,0.793,40.8,50.0,55.0,1,262.1,12,1
West Africa,Female,55,Salaried,6,22.79,-0.077,13,1.12,1,53.0,12.7,0,,,20.0,70.0,2,329.8,8,1
East Africa,Female,39,Informal worker,28,118.13,0.055,13,6.59,1,16.0,52.92,0,,,36.0,57.0,6,330.42,52,1
East Africa,Female,46,Trader,11,104.63,0.486,14,0.63,1,84.0,8.33,0,,,24.0,44.0,5,117.25,24,0
East Africa,Male,31,Informal worker,13,35.27,0.579,10,3.39,0,6.0,0.0,0,,,59.0,72.0,5,199.43,24,1
Southern Africa,Prefer not to say,64,Salaried,10,15.05,-1.184,10,6.89,0,2.0,0.0,0,,,35.0,75.0,5,413.59,12,0
West Africa,Female,27,Trader,5,13.44,-0.309,12,1.83,0,2.0,0.0,0,,,56.0,66.0,2,153.03,8,0
West Africa,Male,61,Informal worker,13,28.96,-1.101,19,3.56,0,3.0,0.0,1,0.786,21.2,15.0,79.0,3,156.6,4,1
West Africa,Prefer not to say,53,Farmer,20,20.47,0.523,11,4.13,1,79.0,46.75,1,0.508,25.6,31.0,86.0,13,284.2,4,1
West Africa,Female,64,Trader,12,31.27,0.253,14,4.88,0,7.0,0.0,0,,,10.0,31.0,0,75.54,24,0
East Africa,Female,48,Self-employed,11,52.93,0.124,10,6.85,0,7.0,0.0,0,,,46.0,57.0,5,529.77,12,1
Southern Africa,Female,34,Trader,21,45.01,-0.649,13,1.28,0,12.0,0.0,1,0.964,2.5,45.0,44.0,4,375.42,24,1
Central Africa,Male,31,Salaried,31,24.9,0.912,13,4.88,0,22.0,0.0,1,0.618,3.9,30.0,76.0,10,1467.9,12,1
East Africa,Male,26,Informal worker,23,17.74,-0.196,17,1.99,1,17.0,17.09,0,,,31.0,64.0,5,283.02,4,0
East Africa,Male,63,Trader,17,87.5,0.376,14,4.76,1,24.0,37.74,1,0.83,4.0,78.0,48.0,7,286.61,12,1
West Africa,Female,23,Informal worker,25,240.37,-0.143,15,4.2,0,5.0,0.0,1,0.811,12.8,32.0,90.0,11,556.86,24,0
East Africa,Male,56,Trader,23,144.06,0.5,15,4.53,0,6.0,0.0,0,,,49.0,39.0,11,198.26,12,1
West Africa,Male,50,Trader,17,51.19,-0.033,9,7.53,0,16.0,0.0,0,,,21.0,63.0,9,556.24,8,1
Central Africa,Female,23,Trader,25,30.77,-0.885,10,1.64,0,2.0,0.0,0,,,50.0,43.0,8,443.24,4,0
East Africa,Male,61,Salaried,16,33.23,-0.202,19,5.14,0,2.0,0.0,1,0.951,5.5,66.0,92.0,6,567.68,8,0
West Africa,Female,25,Self-employed,30,107.38,1.087,20,2.09,0,6.0,0.0,1,0.869,2.1,87.0,60.0,11,533.53,24,1
West Africa,Male,25,Trader,16,47.04,1.129,16,4.77,1,86.0,40.54,0,,,60.0,93.0,6,279.19,12,1
West Africa,Male,43,Farmer,9,24.63,-0.525,14,2.54,0,4.0,0.0,0,,,66.0,22.0,3,275.0,12,0
Central Africa,Male,22,Self-employed,12,38.53,0.511,10,6.3,0,5.0,0.0,1,0.875,18.7,54.0,22.0,3,78.47,12,1
West Africa,Male,22,Informal worker,5,47.26,-0.75,9,1.38,0,6.0,0.0,0,,,26.0,74.0,0,79.16,24,0
West Africa,Male,47,Trader,9,106.34,1.297,13,1.69,0,1.0,0.0,0,,,50.0,67.0,4,112.6,24,1
West Africa,Male,63,Farmer,19,141.7,-0.141,21,10.77,1,75.0,17.68,1,0.607,1.6,55.0,89.0,4,209.44,4,1
Southern Africa,Female,20,Farmer,10,14.85,-0.224,14,2.68,1,76.0,9.66,0,,,64.0,47.0,2,46.58,8,1
East Africa,Male,47,Farmer,15,37.79,-0.731,6,1.5,0,20.0,0.0,1,0.846,12.7,58.0,70.0,3,627.28,4,1
East Africa,Male,46,Farmer,22,85.28,0.31,20,6.13,1,55.0,27.42,0,,,67.0,32.0,4,151.82,4,1
East Africa,Male,21,Informal worker,31,59.59,1.117,18,4.8,1,51.0,42.51,0,,,24.0,74.0,11,585.91,12,1
West Africa,Male,25,Informal worker,28,33.25,1.736,20,1.98,0,4.0,0.0,0,,,88.0,82.0,6,133.15,8,1
Central Africa,Male,38,Farmer,5,66.48,-0.779,10,2.36,1,39.0,15.8,1,0.837,9.2,74.0,48.0,1,519.29,4,1
West Africa,Male,50,Informal worker,7,113.21,-1.657,3,3.94,0,2.0,0.0,1,0.962,8.0,60.0,53.0,2,201.01,12,1
West Africa,Female,28,Farmer,11,26.52,0.71,17,2.41,0,9.0,0.0,1,0.915,6.6,54.0,63.0,10,213.65,8,1
East Africa,Female,38,Salaried,22,26.03,-0.009,14,2.01,0,13.0,0.0,0,,,51.0,57.0,6,359.13,4,1
West Africa,Female,41,Trader,20,26.91,0.952,19,2.25,1,25.0,50.87,0,,,22.0,75.0,7,314.66,4,1
West Africa,Female,51,Farmer,20,40.39,-0.603,10,2.25,1,32.0,13.36,1,0.609,9.1,68.0,92.0,5,617.58,12,1
Southern Africa,Female,29,Farmer,20,151.83,1.389,15,1.87,0,8.0,0.0,0,,,29.0,65.0,6,130.64,8,1
East Africa,Male,50,Farmer,20,34.9,-0.206,16,4.01,0,4.0,0.0,1,0.969,14.8,65.0,78.0,8,72.9,4,1
West Africa,Male,57,Informal worker,13,57.81,0.009,11,4.66,0,1.0,0.0,1,0.833,1.7,43.0,94.0,5,377.19,12,1
West Africa,Female,45,Informal worker,12,209.86,0.134,13,3.39,1,84.0,12.84,1,0.815,8.8,34.0,87.0,11,587.93,4,1
Southern Africa,Male,51,Farmer,23,69.71,-0.486,15,3.5,1,62.0,20.61,1,0.785,26.3,68.0,78.0,8,126.5,4,1
West Africa,Male,25,Farmer,15,72.03,-0.3,10,4.33,0,7.0,0.0,0,,,11.0,42.0,5,220.93,8,1
West Africa,Prefer not to say,60,Informal worker,39,72.77,0.088,25,3.45,1,55.0,75.94,1,0.85,1.1,23.0,39.0,17,227.31,8,1
East Africa,Male,32,Informal worker,14,34.8,0.283,8,2.94,0,2.0,0.0,1,0.763,9.6,79.0,56.0,5,471.95,12,1
East Africa,Male,27,Salaried,13,86.74,0.01,10,4.86,1,52.0,24.04,1,0.82,22.0,75.0,65.0,8,613.83,4,1
Central Africa,Female,43,Salaried,14,105.78,-1.377,14,3.15,1,58.0,20.73,0,,,29.0,66.0,12,101.44,8,1
East Africa,Male,36,Informal worker,28,27.58,0.21,13,5.11,1,74.0,48.94,0,,,46.0,35.0,6,496.59,4,1
West Africa,Male,39,Trader,22,89.95,0.793,23,9.67,0,5.0,0.0,1,0.85,25.4,61.0,44.0,11,600.43,8,0
East Africa,Male,55,Salaried,30,55.0,0.671,22,2.96,1,47.0,69.45,1,0.737,5.7,62.0,62.0,4,682.37,4,1
East Africa,Male,43,Farmer,17,18.46,1.111,14,3.66,1,64.0,16.46,0,,,39.0,46.0,5,343.73,4,1
West Africa,Prefer not to say,35,Informal worker,17,38.15,0.232,14,2.8,0,8.0,0.0,0,,,18.0,57.0,6,475.55,12,1
East Africa,Female,55,Self-employed,19,59.85,-0.112,11,7.38,0,3.0,0.0,0,,,77.0,82.0,8,602.07,12,1
West Africa,Male,35,Trader,24,76.37,0.413,17,2.18,1,41.0,16.07,1,0.717,2.8,27.0,48.0,8,620.78,4,1
Southern Africa,Male,63,Trader,13,89.94,1.08,11,2.01,0,0.0,0.0,0,,,59.0,81.0,9,173.6,52,1
Southern Africa,Male,64,Trader,26,89.24,-0.174,19,5.85,0,0.0,0.0,1,0.861,9.6,41.0,87.0,8,1556.1,4,0
East Africa,Female,40,Self-employed,23,36.21,0.094,8,4.26,0,12.0,0.0,1,0.829,6.0,65.0,80.0,2,277.72,8,1
Central Africa,Male,54,Farmer,15,35.56,0.638,20,2.42,1,85.0,31.64,1,0.682,5.0,67.0,40.0,9,196.97,52,0
Central Africa,Male,51,Salaried,9,67.97,-0.039,7,1.4,1,92.0,26.87,0,,,65.0,76.0,4,153.13,8,1
West Africa,Female,58,Trader,22,97.51,-0.264,19,3.73,0,11.0,0.0,0,,,45.0,49.0,8,196.67,12,1
East Africa,Female,39,Trader,4,45.68,-0.217,7,2.6,0,3.0,0.0,0,,,32.0,37.0,4,158.19,4,0
East Africa,Female,37,Trader,6,19.52,0.632,8,0.87,0,7.0,0.0,0,,,63.0,54.0,1,326.65,52,0
West Africa,Female,31,Salaried,30,222.49,0.725,19,6.69,1,81.0,54.57,0,,,45.0,95.0,9,1034.23,4,1
East Africa,Female,45,Trader,9,29.91,-0.563,11,2.04,0,1.0,0.0,1,0.735,21.3,38.0,73.0,2,167.94,8,1
West Africa,Female,46,Self-employed,15,138.96,-0.363,9,4.14,1,54.0,21.69,1,0.772,19.2,42.0,62.0,4,281.03,12,1
Central Africa,Female,39,Informal worker,8,29.14,-0.491,9,2.78,1,71.0,11.28,1,0.674,3.9,53.0,86.0,2,174.72,4,1
East Africa,Male,32,Self-employed,9,47.54,1.169,9,1.91,1,37.0,7.16,0,,,72.0,68.0,5,197.95,8,1
Southern Africa,Male,39,Farmer,16,104.53,0.514,13,7.08,1,78.0,40.8,0,,,44.0,11.0,8,139.28,8,1
East Africa,Male,41,Farmer,22,37.07,-0.909,14,5.34,1,57.0,16.75,1,0.826,1.8,73.0,71.0,9,193.69,8,0
West Africa,Prefer not to say,24,Trader,18,54.59,0.953,11,11.09,0,3.0,0.0,0,,,75.0,70.0,7,999.27,8,1
Central Africa,Female,49,Farmer,14,31.38,-0.126,14,1.85,0,2.0,0.0,0,,,58.0,75.0,11,275.77,4,1
West Africa,Female,57,Informal worker,18,59.22,0.336,13,4.0,0,2.0,0.0,0,,,34.0,70.0,7,111.77,8,1
West Africa,Male,33,Trader,14,15.65,0.429,10,1.89,0,18.0,0.0,0,,,32.0,34.0,5,663.53,12,1
East Africa,Female,36,Self-employed,7,76.25,0.64,6,1.56,1,76.0,30.32,0,,,47.0,64.0,3,321.82,12,1
Southern Africa,Male,22,Trader,25,96.12,0.513,9,3.37,0,6.0,0.0,0,,,58.0,63.0,8,958.54,8,1
West Africa,Male,45,Trader,19,41.16,0.082,13,2.51,1,72.0,8.28,0,,,5.0,49.0,7,218.25,24,1
West Africa,Female,38,Informal worker,17,48.22,-0.426,11,2.77,0,2.0,0.0,1,0.404,3.9,37.0,82.0,2,105.69,4,1
West Africa,Female,58,Farmer,15,69.46,0.142,14,4.05,0,4.0,0.0,0,,,46.0,73.0,6,472.68,12,1
West Africa,Female,60,Trader,9,39.28,0.71,6,1.87,0,2.0,0.0,0,,,32.0,31.0,3,596.95,12,1
West Africa,Male,54,Self-employed,17,21.88,-1.017,9,3.2,0,5.0,0.0,0,,,31.0,30.0,0,142.14,12,0
East Africa,Male,27,Trader,25,73.75,0.038,13,5.34,0,5.0,0.0,0,,,46.0,66.0,6,182.75,24,1
West Africa,Male,27,Informal worker,20,31.84,0.659,20,1.62,0,0.0,0.0,1,0.658,3.8,62.0,79.0,8,448.26,8,1
West Africa,Male,40,Trader,5,50.4,0.94,9,1.05,0,8.0,0.0,1,0.639,4.2,45.0,82.0,2,301.29,52,1
East Africa,Female,47,Trader,13,66.33,1.24,11,1.99,0,4.0,0.0,1,0.84,10.0,38.0,74.0,7,398.94,8,1
Southern Africa,Male,19,Farmer,32,71.29,1.193,31,3.3,0,0.0,0.0,1,0.873,1.3,47.0,92.0,11,342.66,4,1
West Africa,Male,41,Salaried,21,118.2,0.569,13,3.93,0,8.0,0.0,1,0.767,2.5,94.0,33.0,2,176.43,4,0
West Africa,Male,22,Farmer,17,153.9,1.018,18,7.81,1,77.0,39.97,1,0.702,4.5,80.0,94.0,11,874.42,24,1
West Africa,Female,30,Trader,22,38.72,0.078,12,1.79,0,1.0,0.0,1,0.714,10.4,49.0,74.0,3,263.28,12,1
Central Africa,Female,34,Trader,3,14.97,0.188,4,0.83,0,5.0,0.0,1,0.656,8.1,39.0,45.0,0,276.68,4,1
West Africa,Male,19,Self-employed,31,49.99,0.54,16,4.66,0,10.0,0.0,1,0.894,19.2,60.0,68.0,13,1418.82,8,1
West Africa,Male,30,Trader,10,43.59,-0.864,21,2.58,0,5.0,0.0,0,,,51.0,19.0,6,184.73,4,0
East Africa,Female,47,Informal worker,28,53.17,1.023,22,1.71,1,86.0,23.08,1,0.837,3.5,54.0,83.0,11,504.67,8,1
West Africa,Female,64,Trader,21,76.12,0.474,15,14.23,0,7.0,0.0,1,0.705,6.1,73.0,52.0,7,448.28,8,1
West Africa,Male,54,Trader,18,93.73,0.663,14,2.41,0,4.0,0.0,0,,,47.0,74.0,5,117.12,8,0
West Africa,Male,32,Trader,20,167.28,0.505,22,6.41,1,39.0,24.81,0,,,63.0,66.0,8,1179.33,12,1
East Africa,Prefer not to say,62,Trader,10,16.82,-0.511,13,2.57,1,57.0,13.14,0,,,45.0,90.0,2,384.79,8,1
East Africa,Female,38,Farmer,21,14.17,1.125,17,3.41,0,6.0,0.0,0,,,24.0,75.0,4,445.55,12,1
Southern Africa,Male,34,Farmer,15,56.44,0.889,22,4.03,0,4.0,0.0,0,,,26.0,53.0,8,6131.89,4,1
Southern Africa,Male,57,Salaried,16,26.65,0.709,24,5.19,1,78.0,31.93,0,,,80.0,40.0,3,336.54,4,1
West Africa,Male,36,Trader,21,42.64,-0.262,18,4.21,1,75.0,12.38,0,,,68.0,89.0,5,147.32,12,1
Central Africa,Male,52,Farmer,23,44.8,-0.269,15,3.78,1,63.0,13.43,1,0.944,2.9,43.0,66.0,4,115.68,12,0
Southern Africa,Male,25,Farmer,17,61.15,-0.406,13,1.9,0,14.0,0.0,0,,,41.0,72.0,6,444.59,8,1
Southern Africa,Male,33,Trader,31,86.06,0.776,19,6.53,1,64.0,34.1,0,,,59.0,81.0,10,312.92,4,1
Southern Africa,Male,64,Trader,4,21.22,1.005,11,1.4,0,10.0,0.0,0,,,40.0,86.0,1,126.65,12,1
East Africa,Male,29,Trader,25,62.81,-0.571,14,4.94,0,4.0,0.0,0,,,69.0,40.0,4,231.39,4,1
West Africa,Male,57,Trader,4,26.22,-0.277,2,5.58,1,74.0,9.05,1,0.698,8.1,6.0,55.0,1,78.94,4,1
East Africa,Male,39,Farmer,37,83.99,0.595,23,5.92,0,3.0,0.0,1,0.981,2.6,42.0,51.0,13,781.51,12,1
West Africa,Female,63,Trader,5,12.27,-0.951,9,1.94,1,98.0,9.95,0,,,43.0,17.0,2,125.28,24,1
East Africa,Male,37,Farmer,10,24.5,-0.441,14,1.09,0,4.0,0.0,1,0.978,28.9,66.0,55.0,4,167.76,4,1
West Africa,Female,41,Farmer,3,38.4,-0.04,11,4.19,1,37.0,19.99,1,0.747,9.6,63.0,42.0,1,25.61,4,1
West Africa,Female,36,Farmer,33,98.67,-0.953,18,2.82,1,31.0,57.56,1,0.854,13.8,61.0,87.0,12,897.48,24,0
Central Africa,Female,27,Trader,17,20.51,-0.993,7,4.81,0,4.0,0.0,0,,,58.0,41.0,7,230.78,12,0
Southern Africa,Male,57,Farmer,8,26.88,-0.539,10,1.36,0,10.0,0.0,0,,,60.0,98.0,4,483.98,4,1
East Africa,Male,44,Farmer,8,15.31,-0.482,14,3.48,0,8.0,0.0,0,,,39.0,38.0,1,84.11,24,1
West Africa,Female,41,Self-employed,18,84.01,-0.433,19,2.46,0,5.0,0.0,1,0.817,15.0,91.0,40.0,7,572.01,4,0
East Africa,Male,35,Trader,39,86.18,0.553,27,7.95,1,70.0,65.56,1,0.847,7.1,40.0,51.0,8,779.56,12,1
Central Africa,Male,54,Trader,13,29.03,-0.146,13,3.1,0,1.0,0.0,0,,,82.0,53.0,5,183.44,8,0
Southern Africa,Male,34,Salaried,23,54.37,0.864,10,2.35,1,77.0,21.63,0,,,42.0,84.0,10,1734.3,24,1
East Africa,Female,29,Trader,9,6.79,-0.183,11,3.61,0,6.0,0.0,0,,,45.0,90.0,0,181.61,24,1
East Africa,Female,21,Trader,10,33.36,-0.073,15,3.21,0,1.0,0.0,1,0.731,9.5,27.0,21.0,9,334.43,8,1
West Africa,Male,59,Salaried,27,92.61,1.284,13,2.2,0,4.0,0.0,0,,,58.0,89.0,12,1825.52,12,0
Southern Africa,Female,21,Farmer,38,93.75,1.06,16,6.12,0,11.0,0.0,1,0.465,13.7,73.0,91.0,8,109.18,12,1
Central Africa,Female,57,Informal worker,17,39.53,0.074,16,4.07,1,66.0,31.47,1,0.894,0.7,38.0,39.0,2,295.39,4,1
East Africa,Male,35,Trader,20,57.8,-0.471,10,3.12,0,8.0,0.0,0,,,65.0,84.0,4,226.95,24,1
East Africa,Male,18,Trader,9,50.83,-0.25,13,2.19,0,4.0,0.0,1,0.8,13.6,55.0,18.0,3,86.43,24,1
East Africa,Male,61,Trader,18,71.72,-0.949,9,3.89,1,70.0,29.92,0,,,81.0,8.0,6,356.5,4,1
East Africa,Female,52,Salaried,35,74.43,1.181,22,3.4,1,58.0,54.28,0,,,54.0,73.0,12,136.77,8,1
Central Africa,Female,51,Farmer,9,72.78,1.203,9,2.18,0,5.0,0.0,0,,,33.0,70.0,7,70.02,12,1
Southern Africa,Female,43,Informal worker,3,28.89,0.398,9,3.28,0,8.0,0.0,0,,,59.0,71.0,5,589.97,8,0
East Africa,Female,53,Self-employed,16,63.47,0.61,14,1.64,0,2.0,0.0,0,,,52.0,26.0,8,103.36,12,1
East Africa,Male,24,Self-employed,5,27.67,-0.988,15,1.87,1,70.0,10.76,1,0.469,0.5,43.0,43.0,1,283.37,24,1
East Africa,Female,29,Trader,25,17.74,0.25,23,1.72,0,14.0,0.0,1,0.817,23.1,54.0,41.0,6,176.85,4,1
West Africa,Female,43,Informal worker,10,30.57,-0.342,10,2.85,1,62.0,14.53,1,0.572,2.1,35.0,56.0,3,634.42,12,1
East Africa,Female,52,Informal worker,20,134.29,-0.176,20,2.47,1,49.0,40.97,0,,,14.0,62.0,4,575.45,12,1
Southern Africa,Male,45,Salaried,24,29.28,0.169,19,2.92,1,81.0,33.75,0,,,37.0,63.0,6,224.37,8,1
Southern Africa,Male,37,Self-employed,8,29.51,-1.073,10,3.38,0,1.0,0.0,0,,,19.0,72.0,2,302.62,4,1
West Africa,Male,49,Informal worker,19,82.01,0.688,17,2.91,0,0.0,0.0,1,0.599,1.7,75.0,92.0,6,375.43,24,1
Southern Africa,Male,20,Informal worker,11,75.85,-0.325,13,1.38,1,69.0,17.47,1,0.862,53.3,56.0,70.0,7,669.25,52,0
Southern Africa,Female,41,Trader,34,80.88,-0.042,23,4.97,1,95.0,37.91,0,,,59.0,83.0,8,430.45,4,1
West Africa,Female,36,Farmer,24,49.39,0.509,13,2.72,1,69.0,24.56,1,0.458,3.6,60.0,83.0,9,228.19,4,1
East Africa,Female,41,Informal worker,16,95.56,0.669,20,4.2,0,4.0,0.0,0,,,63.0,77.0,4,714.09,12,1
East Africa,Male,24,Informal worker,3,28.72,0.298,6,2.16,1,52.0,17.51,0,,,41.0,88.0,1,142.19,8,1
Southern Africa,Male,60,Informal worker,16,23.8,-0.31,11,4.02,0,3.0,0.0,0,,,53.0,70.0,7,229.31,12,0
West Africa,Male,58,Farmer,14,45.88,0.115,14,4.53,1,57.0,45.83,0,,,90.0,85.0,4,302.34,12,1
West Africa,Prefer not to say,62,Farmer,15,18.87,0.827,17,2.05,1,77.0,23.26,0,,,82.0,67.0,7,537.33,24,1
East Africa,Female,57,Self-employed,12,39.52,-0.789,13,2.37,1,63.0,18.27,1,0.554,15.9,25.0,80.0,4,280.29,8,0
West Africa,Male,49,Farmer,6,24.59,-0.327,11,4.14,1,62.0,18.94,1,0.507,59.4,48.0,84.0,1,239.78,4,0
East Africa,Female,31,Salaried,11,32.1,0.439,23,2.77,0,2.0,0.0,0,,,80.0,35.0,5,76.04,4,1
Southern Africa,Female,23,Informal worker,10,199.0,-0.519,19,2.33,1,72.0,21.94,0,,,33.0,31.0,9,555.01,52,1
West Africa,Male,46,Farmer,18,28.87,0.912,14,2.29,0,3.0,0.0,0,,,71.0,75.0,9,650.83,24,1
East Africa,Male,62,Farmer,21,85.38,0.318,24,4.89,1,72.0,69.41,0,,,2.0,87.0,7,1657.16,4,1
Central Africa,Male,35,Farmer,5,20.56,0.317,2,1.38,0,1.0,0.0,0,,,40.0,64.0,3,59.29,8,1
East Africa,Male,64,Salaried,12,39.72,-0.413,10,1.9,0,7.0,0.0,1,0.752,7.0,64.0,99.0,8,200.66,24,1
East Africa,Female,25,Trader,22,45.84,-1.22,16,4.07,0,10.0,0.0,1,0.734,5.4,47.0,91.0,4,235.1,4,1
East Africa,Male,31,Self-employed,22,36.12,-0.112,15,2.9,0,9.0,0.0,0,,,30.0,62.0,4,1098.33,24,1
West Africa,Female,48,Salaried,8,47.05,0.107,8,2.2,1,30.0,10.55,1,0.915,8.3,85.0,65.0,2,242.54,4,1
West Africa,Female,41,Farmer,17,114.71,-0.29,10,3.2,1,88.0,24.41,0,,,47.0,76.0,8,137.05,4,1
Southern Africa,Female,53,Trader,17,172.84,0.301,12,4.85,1,26.0,26.9,0,,,15.0,21.0,11,353.05,12,1
East Africa,Female,34,Trader,12,63.06,-0.05,12,3.98,0,12.0,0.0,1,0.826,18.6,33.0,66.0,5,332.82,8,1
West Africa,Male,54,Trader,19,45.24,-0.042,27,2.68,1,81.0,8.27,0,,,63.0,59.0,13,418.18,8,1
West Africa,Female,32,Trader,9,38.13,1.361,8,2.89,0,3.0,0.0,0,,,64.0,19.0,3,106.44,4,1
Southern Africa,Male,25,Trader,13,42.33,-0.183,9,5.23,1,63.0,8.54,1,0.557,20.9,71.0,71.0,6,257.96,12,1
West Africa,Female,44,Self-employed,13,50.01,-0.503,14,1.56,1,46.0,30.47,0,,,49.0,64.0,0,442.2,4,1
Southern Africa,Male,42,Informal worker,18,21.87,1.694,13,3.13,1,52.0,15.66,1,0.794,8.4,86.0,44.0,2,1168.83,24,1
East Africa,Male,44,Salaried,11,17.41,-0.51,9,1.44,1,68.0,41.62,1,0.887,13.4,11.0,31.0,4,800.55,8,0
East Africa,Male,19,Informal worker,22,126.65,0.387,15,2.53,0,5.0,0.0,1,0.804,25.8,42.0,91.0,6,1860.65,4,1
West Africa,Female,37,Informal worker,9,33.56,-0.522,11,3.64,1,46.0,49.13,0,,,62.0,41.0,3,373.94,12,0
West Africa,Female,22,Salaried,23,41.57,-0.572,14,2.33,0,7.0,0.0,1,0.508,44.6,40.0,31.0,4,406.91,8,0
East Africa,Female,55,Trader,17,53.37,0.628,16,5.47,1,82.0,30.47,1,0.606,17.7,28.0,37.0,5,125.52,12,1
Southern Africa,Male,21,Informal worker,8,12.88,-0.249,11,1.28,0,7.0,0.0,0,,,57.0,70.0,1,200.61,12,1
West Africa,Female,61,Salaried,10,79.12,-1.012,3,1.38,1,85.0,12.32,0,,,74.0,21.0,6,256.51,24,1
East Africa,Female,20,Self-employed,25,32.69,1.715,17,1.91,1,73.0,41.84,1,0.785,0.3,51.0,71.0,8,668.46,8,1
East Africa,Male,46,Farmer,28,24.86,0.483,16,4.54,1,89.0,41.51,1,0.903,17.7,56.0,61.0,5,217.34,24,0
West Africa,Male,33,Salaried,10,69.94,0.557,15,3.31,0,6.0,0.0,0,,,53.0,66.0,1,177.99,12,1
East Africa,Male,23,Farmer,36,447.39,1.603,13,14.34,0,2.0,0.0,1,0.735,0.8,72.0,74.0,8,166.08,4,1
West Africa,Female,34,Trader,16,33.86,-0.49,22,4.55,1,68.0,28.06,0,,,65.0,43.0,6,276.63,12,0
East Africa,Male,19,Trader,28,52.54,0.383,11,2.41,1,63.0,27.66,0,,,38.0,76.0,5,203.16,4,1
West Africa,Male,50,Farmer,17,245.98,0.552,10,2.42,0,9.0,0.0,0,,,14.0,23.0,3,366.24,4,1
East Africa,Prefer not to say,58,Trader,21,19.82,0.316,24,3.31,0,6.0,0.0,0,,,26.0,93.0,8,364.71,12,0
West Africa,Female,33,Trader,16,50.51,0.71,19,4.04,1,50.0,42.86,1,0.643,2.8,52.0,38.0,7,154.69,12,1
East Africa,Male,38,Trader,23,97.08,-0.117,13,3.91,0,4.0,0.0,0,,,34.0,60.0,2,305.26,4,1
East Africa,Female,24,Salaried,11,21.12,0.679,11,2.12,0,1.0,0.0,1,0.816,12.1,60.0,66.0,2,192.31,8,1
Central Africa,Male,40,Salaried,24,141.34,0.115,18,6.9,0,13.0,0.0,0,,,82.0,52.0,6,624.66,4,0
East Africa,Female,62,Salaried,16,62.76,0.954,15,6.47,1,56.0,10.19,0,,,45.0,60.0,2,689.78,12,1
Southern Africa,Male,43,Informal worker,24,32.29,0.654,14,3.81,0,19.0,0.0,0,,,50.0,56.0,4,240.19,4,1
West Africa,Male,59,Self-employed,23,36.16,0.944,23,5.15,0,16.0,0.0,0,,,71.0,58.0,6,80.09,24,1
East Africa,Prefer not to say,54,Farmer,27,49.23,-0.182,29,6.98,1,64.0,24.7,1,0.935,0.6,54.0,53.0,14,200.46,8,1
West Africa,Male,23,Farmer,7,16.81,0.488,6,3.21,0,4.0,0.0,1,0.873,7.4,77.0,93.0,1,233.76,24,1
East Africa,Female,20,Farmer,13,66.21,-0.121,21,5.17,0,8.0,0.0,0,,,46.0,97.0,9,209.99,52,1
Southern Africa,Male,35,Trader,31,234.07,1.645,19,4.86,1,67.0,97.38,0,,,57.0,78.0,3,701.21,12,1
Southern Africa,Male,62,Informal worker,14,31.01,0.221,10,2.59,1,75.0,11.55,0,,,35.0,66.0,5,369.36,12,1
East Africa,Female,25,Farmer,18,70.64,0.723,16,3.52,1,31.0,21.97,1,0.892,8.9,32.0,80.0,3,451.91,24,1
East Africa,Female,20,Self-employed,18,185.81,0.096,17,1.51,1,61.0,35.31,0,,,45.0,74.0,10,371.38,4,1
West Africa,Female,63,Trader,10,68.91,-0.329,6,2.43,0,7.0,0.0,0,,,51.0,47.0,1,1161.69,8,1
West Africa,Female,27,Trader,29,77.81,-0.353,31,3.22,1,75.0,18.53,0,,,54.0,78.0,11,237.72,12,1
Southern Africa,Male,34,Farmer,16,46.61,0.724,13,2.36,0,4.0,0.0,0,,,76.0,65.0,7,250.85,4,1
West Africa,Male,54,Trader,10,13.39,0.075,10,1.28,0,7.0,0.0,1,0.895,7.6,61.0,49.0,1,465.15,12,1
West Africa,Male,22,Self-employed,5,24.11,0.677,10,2.84,1,71.0,13.48,1,0.61,8.2,25.0,86.0,2,388.04,8,1
Central Africa,Female,26,Informal worker,24,303.81,0.496,26,7.6,1,46.0,12.86,1,0.567,6.0,36.0,73.0,4,247.6,12,1
Central Africa,Male,52,Farmer,29,40.37,1.615,5,1.27,1,61.0,44.55,0,,,85.0,78.0,7,215.42,4,1
East Africa,Male,18,Informal worker,24,112.6,-0.276,16,3.4,0,3.0,0.0,0,,,54.0,40.0,10,573.76,8,1
East Africa,Female,51,Farmer,16,34.29,0.364,20,3.56,1,20.0,25.26,0,,,43.0,83.0,8,140.38,8,0
Southern Africa,Male,43,Trader,21,94.97,0.727,17,6.21,0,4.0,0.0,0,,,37.0,78.0,4,792.43,4,1
West Africa,Female,29,Farmer,17,86.11,0.389,13,2.43,1,45.0,19.42,0,,,42.0,52.0,2,303.59,4,1
East Africa,Male,46,Trader,10,22.3,-0.465,8,1.29,0,7.0,0.0,0,,,64.0,87.0,2,170.43,12,1
East Africa,Male,33,Informal worker,20,31.31,-0.747,12,1.87,1,65.0,17.11,0,,,67.0,66.0,3,111.99,8,1
Central Africa,Male,62,Salaried,14,49.81,-0.149,11,5.57,0,17.0,0.0,0,,,54.0,65.0,3,139.47,8,0
Central Africa,Male,37,Trader,6,47.23,-0.561,10,5.29,1,45.0,13.65,0,,,40.0,24.0,4,410.14,24,1
Southern Africa,Female,53,Informal worker,19,92.22,1.387,19,3.67,1,50.0,60.08,1,0.789,7.0,46.0,64.0,5,294.1,4,1
West Africa,Male,30,Informal worker,36,80.33,1.059,22,8.17,1,92.0,45.15,0,,,78.0,77.0,9,860.26,12,1
East Africa,Female,57,Farmer,27,38.69,0.704,21,5.37,1,44.0,36.21,1,0.796,2.6,48.0,61.0,10,231.28,24,1
West Africa,Female,31,Farmer,15,59.93,1.297,19,2.42,1,59.0,25.34,0,,,63.0,64.0,11,326.17,4,1
Central Africa,Male,41,Farmer,12,25.11,0.583,12,2.42,0,5.0,0.0,1,0.855,6.3,51.0,61.0,10,133.11,4,1
West Africa,Female,55,Farmer,26,80.65,-0.842,14,2.48,0,11.0,0.0,0,,,61.0,50.0,6,659.91,12,1
West Africa,Female,61,Farmer,8,16.41,0.382,9,2.01,0,5.0,0.0,1,0.841,2.5,37.0,38.0,3,646.66,12,1
Southern Africa,Male,53,Trader,20,28.93,0.366,11,4.38,0,26.0,0.0,0,,,69.0,83.0,4,320.52,8,1
East Africa,Female,49,Farmer,26,79.46,1.166,17,5.16,1,72.0,125.44,1,0.696,0.2,76.0,58.0,18,380.3,24,1
Southern Africa,Male,50,Salaried,15,141.46,0.394,20,4.23,0,2.0,0.0,1,0.906,0.4,7.0,81.0,7,414.76,12,1
West Africa,Female,37,Farmer,13,21.91,-0.249,11,1.75,0,1.0,0.0,1,0.804,78.1,35.0,92.0,2,367.59,12,0
Southern Africa,Male,50,Self-employed,7,24.41,-0.749,13,2.88,1,66.0,39.41,1,0.788,6.7,54.0,60.0,7,212.91,24,1
West Africa,Female,45,Trader,14,29.55,0.442,12,4.46,0,5.0,0.0,1,0.549,4.0,9.0,68.0,3,82.05,4,0
West Africa,Female,42,Farmer,18,73.71,-0.006,12,2.9,1,78.0,29.45,1,0.965,0.6,60.0,56.0,8,663.83,24,1
East Africa,Prefer not to say,32,Informal worker,21,33.67,-0.096,8,1.45,1,92.0,14.96,0,,,81.0,49.0,2,108.28,12,1
West Africa,Prefer not to say,34,Farmer,27,23.33,1.971,12,1.54,0,13.0,0.0,1,0.897,21.9,24.0,73.0,5,271.44,8,0
East Africa,Male,23,Self-employed,27,36.05,0.022,14,1.9,0,7.0,0.0,0,,,36.0,61.0,4,216.99,12,1
West Africa,Female,51,Farmer,9,44.21,-0.527,13,3.17,0,4.0,0.0,0,,,73.0,61.0,2,175.66,8,0
West Africa,Male,19,Farmer,17,20.24,0.585,9,2.52,0,1.0,0.0,1,0.519,1.1,58.0,64.0,4,466.53,12,1
Southern Africa,Male,23,Informal worker,24,90.01,-0.09,12,3.3,0,1.0,0.0,1,0.493,14.3,53.0,41.0,3,189.51,8,1
West Africa,Male,31,Informal worker,5,35.45,0.482,5,1.43,0,11.0,0.0,1,0.614,0.2,35.0,41.0,2,155.31,8,1
Southern Africa,Female,24,Salaried,21,71.87,0.416,11,5.88,0,1.0,0.0,0,,,57.0,79.0,5,214.81,24,1
Southern Africa,Female,53,Salaried,22,82.51,0.508,17,6.41,0,12.0,0.0,1,0.857,5.8,34.0,50.0,6,188.5,8,1
West Africa,Male,23,Trader,30,86.09,1.237,14,5.76,1,43.0,34.72,0,,,60.0,68.0,11,505.95,4,1
Southern Africa,Prefer not to say,39,Salaried,15,33.58,0.473,12,3.68,0,9.0,0.0,1,0.996,42.2,58.0,48.0,2,249.1,8,1
West Africa,Female,52,Informal worker,10,23.82,-0.706,6,3.1,1,71.0,16.46,0,,,2.0,31.0,1,81.61,8,1
East Africa,Male,45,Informal worker,9,25.56,0.03,11,1.22,0,5.0,0.0,0,,,85.0,81.0,5,442.88,8,0
West Africa,Male,45,Farmer,12,18.77,-0.68,16,2.94,1,27.0,20.31,0,,,64.0,81.0,3,616.4,12,1
Southern Africa,Female,34,Self-employed,11,113.41,-0.665,14,1.95,0,2.0,0.0,1,0.961,9.4,24.0,65.0,7,159.42,12,0
East Africa,Female,39,Informal worker,14,16.98,-0.53,9,7.12,1,30.0,16.96,0,,,56.0,66.0,4,95.28,12,1
East Africa,Male,54,Trader,13,35.28,-0.078,18,1.73,0,8.0,0.0,1,0.775,31.8,84.0,84.0,1,107.75,4,0
Central Africa,Male,40,Farmer,22,45.22,0.283,10,3.76,0,17.0,0.0,0,,,35.0,58.0,4,482.23,12,1
West Africa,Male,50,Informal worker,17,64.32,-1.485,12,4.84,0,7.0,0.0,1,0.681,13.4,68.0,49.0,7,197.98,4,0
Central Africa,Male,56,Self-employed,14,30.38,-0.351,10,2.63,1,86.0,16.6,0,,,14.0,79.0,4,144.35,8,1
Southern Africa,Male,29,Farmer,10,20.99,-1.164,5,2.33,0,3.0,0.0,0,,,17.0,53.0,3,135.23,8,0
Central Africa,Male,23,Salaried,12,74.21,0.299,6,2.31,0,3.0,0.0,0,,,69.0,82.0,3,182.56,24,1
Central Africa,Male,39,Farmer,19,312.19,-0.29,7,1.84,0,9.0,0.0,0,,,40.0,51.0,4,129.94,12,1
Central Africa,Female,36,Farmer,5,91.72,-0.515,6,1.67,0,1.0,0.0,0,,,19.0,8.0,3,175.57,12,1
West Africa,Male,25,Informal worker,15,47.21,-0.631,11,5.57,1,58.0,29.08,0,,,25.0,81.0,8,202.52,8,0
Southern Africa,Male,53,Trader,12,16.83,0.384,14,4.51,0,8.0,0.0,0,,,51.0,29.0,6,318.66,8,1
Southern Africa,Male,47,Trader,8,9.67,-1.213,11,2.24,0,3.0,0.0,1,0.45,15.1,36.0,61.0,3,68.77,4,1
East Africa,Prefer not to say,48,Informal worker,38,153.78,0.642,18,12.11,0,1.0,0.0,1,0.931,4.5,33.0,61.0,16,317.85,8,1
West Africa,Male,51,Trader,12,48.83,-0.268,19,9.49,0,13.0,0.0,0,,,28.0,71.0,5,585.51,24,0
Central Africa,Male,38,Trader,12,55.22,1.137,14,4.11,1,43.0,15.98,0,,,10.0,59.0,7,1278.31,12,1
West Africa,Male,41,Trader,35,118.4,-0.061,22,4.41,1,63.0,33.7,1,0.889,1.9,90.0,78.0,9,1886.22,12,1
East Africa,Female,28,Trader,21,46.29,1.447,20,4.02,1,92.0,66.96,1,0.504,11.7,15.0,53.0,6,633.92,8,1
East Africa,Male,52,Trader,27,67.08,0.261,23,4.13,1,35.0,26.57,1,0.79,19.6,70.0,69.0,8,147.5,52,1
West Africa,Male,62,Farmer,25,97.31,0.377,11,1.85,0,7.0,0.0,1,0.819,2.0,56.0,85.0,8,438.94,12,1
Southern Africa,Female,59,Self-employed,2,75.28,0.412,10,2.01,1,33.0,22.43,1,0.26,45.7,15.0,35.0,2,342.86,8,0
West Africa,Female,37,Informal worker,18,123.17,0.559,22,1.75,0,8.0,0.0,0,,,56.0,62.0,3,1167.16,8,1
Southern Africa,Male,20,Informal worker,12,44.26,-0.201,12,1.43,0,1.0,0.0,1,0.964,5.5,26.0,64.0,3,167.27,4,0
Southern Africa,Male,59,Trader,13,37.22,0.433,12,3.23,0,8.0,0.0,1,0.902,2.2,15.0,21.0,2,106.35,4,1
West Africa,Female,45,Trader,13,34.72,-1.338,12,2.44,1,55.0,14.32,1,0.696,8.9,31.0,85.0,0,302.26,8,1
Southern Africa,Female,54,Salaried,29,187.2,0.228,22,3.21,1,59.0,28.0,0,,,34.0,87.0,16,386.34,4,1
West Africa,Female,32,Informal worker,30,281.18,1.251,14,1.86,1,28.0,75.22,1,0.837,19.8,80.0,48.0,14,608.64,4,1
Southern Africa,Female,58,Salaried,26,117.12,-0.45,22,3.31,0,2.0,0.0,1,0.521,13.9,88.0,77.0,6,421.95,8,1
Central Africa,Female,57,Farmer,17,29.73,-0.055,12,2.68,1,58.0,15.36,1,0.923,2.9,60.0,76.0,2,518.47,52,0
West Africa,Prefer not to say,18,Informal worker,15,98.71,-0.148,18,10.58,0,7.0,0.0,1,0.706,2.2,51.0,45.0,5,276.13,12,0
Southern Africa,Male,44,Farmer,11,31.72,-0.784,13,2.81,1,68.0,19.8,0,,,12.0,29.0,7,67.15,12,1
East Africa,Prefer not to say,40,Trader,16,92.53,0.711,9,3.69,1,63.0,57.18,1,0.767,0.1,30.0,94.0,4,369.85,4,0
East Africa,Female,48,Salaried,10,83.39,0.315,13,1.99,0,2.0,0.0,1,0.771,5.6,31.0,89.0,3,206.12,8,0
Southern Africa,Female,30,Farmer,14,80.71,0.004,13,2.11,1,62.0,12.81,1,0.945,3.1,49.0,69.0,3,54.32,4,1
East Africa,Male,22,Farmer,10,25.04,0.803,6,4.35,0,0.0,0.0,0,,,42.0,30.0,3,70.18,12,1
East Africa,Male,30,Trader,16,30.24,-0.65,15,1.74,1,65.0,38.51,0,,,36.0,80.0,5,641.11,4,1
West Africa,Female,42,Informal worker,19,39.55,-0.466,22,2.68,0,1.0,0.0,0,,,53.0,81.0,6,173.34,8,1
East Africa,Female,30,Salaried,16,61.25,-0.485,8,7.36,0,8.0,0.0,1,0.324,5.4,59.0,55.0,4,665.83,4,1
Central Africa,Male,39,Farmer,12,27.08,-0.184,19,4.07,0,12.0,0.0,1,0.364,5.1,21.0,89.0,9,234.07,8,1
West Africa,Female,36,Self-employed,19,15.52,-0.095,15,4.15,0,4.0,0.0,0,,,72.0,74.0,3,136.59,24,1
East Africa,Male,50,Trader,32,181.71,1.158,26,3.73,0,2.0,0.0,0,,,41.0,74.0,10,354.07,8,0
West Africa,Male,37,Salaried,37,36.91,2.049,19,3.06,1,30.0,25.63,1,0.877,2.3,70.0,48.0,12,5558.88,4,1
Southern Africa,Female,24,Informal worker,13,53.16,0.421,9,2.99,1,61.0,17.23,1,0.851,9.2,74.0,69.0,2,108.01,52,1
East Africa,Female,47,Self-employed,16,67.7,0.219,14,2.09,0,3.0,0.0,0,,,34.0,52.0,5,565.13,4,0
East Africa,Male,27,Informal worker,21,40.75,1.312,23,6.3,0,1.0,0.0,1,0.776,13.6,62.0,38.0,5,151.69,4,1
West Africa,Male,32,Farmer,10,28.68,-0.138,15,1.71,0,3.0,0.0,1,0.54,6.2,43.0,60.0,3,59.56,8,0
East Africa,Male,51,Farmer,18,125.77,0.135,13,2.26,0,11.0,0.0,0,,,28.0,50.0,3,280.64,8,1
Central Africa,Female,30,Salaried,15,26.98,0.827,20,12.5,1,53.0,58.01,0,,,81.0,39.0,7,416.27,24,1
East Africa,Female,20,Salaried,8,47.03,-0.194,5,2.37,0,2.0,0.0,1,0.37,52.1,31.0,83.0,2,133.96,4,1
East Africa,Female,34,Informal worker,21,51.33,0.679,15,1.73,0,7.0,0.0,0,,,30.0,50.0,4,359.89,8,1
Southern Africa,Female,36,Informal worker,9,21.45,-1.462,10,2.61,0,17.0,0.0,1,0.525,0.6,49.0,66.0,7,181.04,4,1
East Africa,Male,50,Farmer,17,53.09,0.282,13,2.33,1,75.0,20.74,1,0.967,49.5,64.0,84.0,2,693.98,24,1
East Africa,Male,51,Trader,24,41.4,0.313,13,2.08,1,91.0,27.17,0,,,48.0,75.0,3,391.52,4,1
West Africa,Female,18,Trader,8,37.12,-0.33,8,1.61,0,14.0,0.0,1,0.891,13.3,10.0,78.0,2,324.38,12,1
West Africa,Male,53,Informal worker,12,72.7,0.596,7,4.37,1,71.0,15.39,1,0.753,26.1,21.0,40.0,3,192.39,24,1
Southern Africa,Male,53,Informal worker,13,57.02,0.273,12,2.5,0,3.0,0.0,0,,,76.0,59.0,5,126.76,12,0
Central Africa,Female,26,Informal worker,13,30.9,-0.428,11,2.49,0,0.0,0.0,0,,,52.0,76.0,1,1162.95,4,1
Central Africa,Female,33,Informal worker,9,54.23,-0.173,16,1.15,0,1.0,0.0,0,,,41.0,75.0,5,382.4,12,0
Central Africa,Male,54,Farmer,12,162.69,0.447,12,6.05,0,4.0,0.0,1,0.841,2.2,54.0,36.0,6,330.82,24,0
East Africa,Male,45,Trader,21,28.58,0.195,15,1.69,0,4.0,0.0,0,,,31.0,71.0,4,250.17,12,1
West Africa,Female,33,Trader,9,27.16,-0.525,12,2.1,1,60.0,25.71,0,,,43.0,73.0,3,152.97,8,0
East Africa,Male,53,Trader,6,10.13,-0.317,12,0.7,0,3.0,0.0,1,0.869,1.2,23.0,9.0,6,164.25,8,0
Central Africa,Male,47,Informal worker,17,140.72,0.959,18,3.76,0,6.0,0.0,1,0.909,21.9,74.0,70.0,6,232.48,12,0
Southern Africa,Female,42,Salaried,15,51.63,0.003,17,2.22,1,61.0,18.3,1,0.851,5.6,25.0,75.0,6,157.67,8,0
East Africa,Prefer not to say,18,Self-employed,14,54.43,0.652,16,4.6,1,28.0,26.37,1,0.514,16.3,62.0,74.0,9,167.75,24,1
Southern Africa,Male,48,Trader,29,123.16,2.288,23,4.26,1,53.0,53.13,0,,,48.0,90.0,8,1989.56,4,1
Southern Africa,Male,26,Salaried,12,62.82,-1.476,9,2.66,0,3.0,0.0,0,,,38.0,57.0,3,1022.34,4,0
Central Africa,Male,61,Informal worker,12,34.3,0.23,11,2.07,0,0.0,0.0,0,,,65.0,43.0,4,240.09,52,0
Southern Africa,Male,26,Farmer,24,117.76,-0.348,12,1.88,0,6.0,0.0,1,0.383,0.3,51.0,78.0,6,286.7,12,1
East Africa,Female,19,Informal worker,12,41.15,-0.395,16,4.08,0,5.0,0.0,0,,,33.0,66.0,4,136.69,4,0
West Africa,Female,35,Self-employed,8,11.6,-0.59,4,1.97,1,53.0,10.9,0,,,55.0,31.0,1,124.97,4,1
East Africa,Male,34,Farmer,12,97.71,-0.544,13,11.47,0,2.0,0.0,0,,,17.0,52.0,6,323.59,4,1
West Africa,Female,34,Informal worker,11,37.66,0.319,15,1.12,1,59.0,9.9,0,,,40.0,55.0,4,209.25,4,1
Central Africa,Male,61,Trader,9,16.44,-0.743,6,4.66,0,11.0,0.0,0,,,38.0,48.0,5,419.43,52,1
East Africa,Female,30,Trader,16,8.83,0.648,20,6.24,1,58.0,76.95,0,,,75.0,39.0,6,172.27,12,1
East Africa,Female,57,Trader,31,31.51,1.306,17,3.25,1,52.0,28.06,1,0.78,1.1,57.0,75.0,13,154.56,8,1
West Africa,Male,25,Trader,15,25.57,-1.098,13,3.16,0,19.0,0.0,1,0.656,14.9,42.0,75.0,4,59.54,12,0
East Africa,Male,46,Informal worker,21,65.27,-0.493,18,7.03,1,52.0,16.88,0,,,40.0,95.0,7,226.13,52,1
East Africa,Female,24,Trader,15,57.15,-0.263,8,5.71,1,43.0,17.79,0,,,66.0,49.0,3,245.86,12,1
West Africa,Male,28,Informal worker,18,21.89,0.846,13,1.5,0,1.0,0.0,1,0.612,14.6,45.0,58.0,3,379.07,12,1
Central Africa,Male,24,Salaried,6,18.52,-0.881,11,1.9,0,14.0,0.0,0,,,48.0,64.0,2,137.49,4,1
East Africa,Male,33,Salaried,8,17.37,-0.264,10,4.53,0,1.0,0.0,0,,,30.0,29.0,3,107.81,8,0
East Africa,Male,39,Trader,14,68.97,-0.692,18,5.66,0,4.0,0.0,0,,,28.0,72.0,4,222.14,8,1
West Africa,Male,58,Trader,19,82.06,-0.384,13,3.22,0,6.0,0.0,0,,,38.0,44.0,7,188.92,12,0
East Africa,Male,53,Farmer,11,114.58,-0.64,10,3.21,0,11.0,0.0,0,,,69.0,78.0,4,592.65,4,1
Southern Africa,Male,50,Trader,19,124.53,-0.275,11,3.78,1,81.0,15.61,0,,,31.0,51.0,6,384.25,4,0
Central Africa,Male,40,Farmer,17,16.91,-0.19,12,3.03,1,56.0,28.42,1,0.617,11.6,21.0,94.0,5,206.32,12,1
West Africa,Female,31,Informal worker,27,77.63,0.614,17,3.31,1,69.0,47.98,1,0.789,3.2,19.0,73.0,9,379.25,24,1
Central Africa,Female,31,Informal worker,6,27.43,-0.064,3,1.25,0,6.0,0.0,0,,,46.0,73.0,0,138.88,4,0
Southern Africa,Female,24,Trader,10,32.71,-0.909,13,1.82,0,0.0,0.0,1,0.826,15.0,44.0,55.0,5,140.48,8,1
West Africa,Female,49,Trader,7,32.55,0.63,17,2.21,0,8.0,0.0,1,0.721,0.2,48.0,31.0,4,74.19,4,1
West Africa,Female,54,Salaried,40,205.6,0.515,25,3.52,0,14.0,0.0,1,0.923,8.3,50.0,61.0,2,365.85,24,1
West Africa,Male,43,Self-employed,29,107.88,1.233,19,3.46,0,5.0,0.0,1,0.891,2.6,43.0,98.0,11,523.35,4,1
Central Africa,Male,45,Informal worker,33,68.32,0.902,19,6.65,0,9.0,0.0,0,,,40.0,50.0,5,978.51,8,1
West Africa,Male,35,Informal worker,21,66.13,0.693,11,4.2,1,26.0,42.5,1,0.469,24.5,46.0,70.0,7,331.52,4,1
East Africa,Male,63,Informal worker,15,19.72,0.758,15,2.43,0,7.0,0.0,0,,,65.0,53.0,7,435.22,8,1
Southern Africa,Prefer not to say,59,Trader,9,64.85,-0.457,20,3.35,0,9.0,0.0,1,0.77,11.6,43.0,72.0,3,539.33,4,1
Central Africa,Male,37,Salaried,6,25.45,0.031,9,1.37,0,0.0,0.0,0,,,76.0,36.0,3,115.01,24,1
Southern Africa,Female,53,Trader,7,16.17,-1.891,14,1.76,0,1.0,0.0,0,,,41.0,55.0,4,362.49,24,0
Southern Africa,Male,34,Informal worker,6,21.85,0.233,9,3.28,1,44.0,37.15,0,,,48.0,71.0,4,431.52,4,1
West Africa,Male,23,Trader,16,168.24,0.471,13,2.38,0,7.0,0.0,0,,,37.0,51.0,7,129.27,12,1
Central Africa,Male,31,Informal worker,39,59.38,0.223,21,7.5,0,9.0,0.0,0,,,49.0,78.0,10,266.85,12,1
West Africa,Male,57,Salaried,10,43.6,-0.306,11,1.7,0,4.0,0.0,1,0.901,15.8,45.0,35.0,2,89.36,8,0
West Africa,Male,40,Informal worker,17,57.25,-1.008,19,2.22,0,15.0,0.0,1,0.608,6.8,50.0,71.0,7,167.31,4,1
Central Africa,Female,58,Farmer,6,65.11,-0.941,12,1.4,0,6.0,0.0,1,0.799,1.8,55.0,51.0,4,371.8,8,0
West Africa,Male,33,Informal worker,14,14.93,-0.122,14,1.74,0,21.0,0.0,1,0.543,3.0,8.0,56.0,4,416.85,8,1
West Africa,Female,39,Informal worker,19,104.35,-0.713,12,1.76,1,66.0,55.82,1,0.764,1.8,59.0,68.0,2,170.03,8,1
East Africa,Female,21,Informal worker,21,130.23,1.338,13,5.32,0,3.0,0.0,1,0.403,2.1,14.0,84.0,8,182.7,24,1
West Africa,Male,54,Farmer,8,18.66,0.103,8,2.64,0,11.0,0.0,0,,,37.0,60.0,2,94.24,8,1
West Africa,Prefer not to say,32,Farmer,20,87.53,0.143,12,3.33,0,7.0,0.0,1,0.854,0.7,84.0,88.0,6,99.5,12,1
East Africa,Male,22,Informal worker,23,28.08,0.238,11,2.66,0,1.0,0.0,0,,,48.0,35.0,10,1031.65,4,1
Southern Africa,Male,28,Trader,14,37.13,0.257,13,1.36,0,2.0,0.0,0,,,29.0,51.0,6,1802.47,4,0
Southern Africa,Male,49,Informal worker,8,18.62,-0.908,14,3.06,1,82.0,19.4,1,0.947,0.4,73.0,61.0,5,216.51,4,1
West Africa,Female,56,Trader,14,49.37,0.124,12,1.52,0,5.0,0.0,1,0.37,9.5,17.0,33.0,0,208.65,12,1
East Africa,Female,62,Informal worker,17,36.85,0.237,21,1.43,0,4.0,0.0,0,,,26.0,47.0,4,365.83,4,1
Southern Africa,Female,29,Farmer,15,41.43,-0.415,12,4.38,0,9.0,0.0,0,,,27.0,25.0,5,130.99,12,0
West Africa,Female,45,Salaried,14,23.53,0.269,14,2.87,0,0.0,0.0,1,0.874,6.1,39.0,66.0,4,362.66,12,1
West Africa,Male,39,Trader,20,79.2,-0.122,10,0.84,1,59.0,31.67,1,0.551,2.4,43.0,57.0,6,539.24,12,0
West Africa,Female,51,Farmer,11,31.45,0.147,10,1.34,0,8.0,0.0,0,,,38.0,69.0,2,213.78,4,0
East Africa,Female,49,Trader,18,54.42,0.852,20,5.21,1,37.0,28.55,1,0.545,15.8,41.0,76.0,8,584.56,24,1
West Africa,Male,21,Salaried,8,31.54,-0.028,13,2.81,0,7.0,0.0,1,0.921,22.9,71.0,49.0,7,318.12,8,1
Southern Africa,Male,25,Trader,17,16.18,1.142,15,1.96,1,62.0,17.58,0,,,12.0,54.0,5,351.75,4,1
Central Africa,Male,45,Farmer,10,20.76,-0.42,16,2.98,1,70.0,33.04,0,,,40.0,26.0,7,254.14,4,1
West Africa,Male,42,Trader,8,30.52,-0.819,10,1.33,0,7.0,0.0,0,,,26.0,82.0,2,180.65,24,0
East Africa,Female,59,Salaried,27,57.72,0.526,19,3.38,0,4.0,0.0,0,,,76.0,59.0,18,505.06,8,0
West Africa,Male,57,Trader,29,175.69,-0.082,14,13.42,1,27.0,21.25,1,0.959,12.2,22.0,89.0,4,536.66,8,1
West Africa,Male,20,Informal worker,7,82.46,0.015,9,6.04,0,18.0,0.0,0,,,45.0,69.0,5,115.23,52,1
Southern Africa,Female,45,Trader,11,53.46,-0.876,9,1.8,1,67.0,10.91,0,,,44.0,68.0,3,222.58,8,0
East Africa,Female,37,Farmer,34,241.05,1.011,12,4.28,1,45.0,75.83,1,0.905,2.6,27.0,58.0,10,1144.92,12,1
Central Africa,Female,40,Trader,14,32.32,-0.166,20,3.71,0,1.0,0.0,0,,,28.0,14.0,4,160.22,24,1
East Africa,Female,21,Informal worker,24,94.1,1.421,26,6.22,0,1.0,0.0,1,0.841,11.0,23.0,69.0,8,253.12,8,1
West Africa,Female,57,Trader,15,50.5,0.872,16,2.11,1,78.0,20.21,1,0.655,6.9,61.0,54.0,5,301.45,8,1
East Africa,Male,25,Self-employed,19,81.95,1.024,20,3.06,1,76.0,57.76,0,,,59.0,78.0,10,967.42,12,1
West Africa,Female,62,Farmer,14,23.36,-0.677,8,2.18,0,6.0,0.0,0,,,49.0,59.0,3,98.91,52,1
Central Africa,Male,61,Informal worker,11,53.29,-0.379,18,1.63,0,1.0,0.0,0,,,51.0,47.0,6,120.69,24,1
Southern Africa,Male,56,Trader,12,37.69,0.147,22,1.72,1,54.0,19.62,1,0.716,5.3,29.0,91.0,5,179.95,12,1
West Africa,Prefer not to say,23,Trader,34,40.13,1.0,16,4.26,1,62.0,15.2,0,,,76.0,78.0,12,252.31,24,1
East Africa,Female,37,Salaried,19,98.87,0.554,20,3.01,1,23.0,23.68,0,,,77.0,89.0,13,745.41,4,1
Southern Africa,Female,19,Salaried,9,16.13,-0.109,10,2.32,0,3.0,0.0,1,0.885,1.6,31.0,26.0,6,281.21,52,1
Southern Africa,Male,46,Informal worker,7,66.26,0.069,8,2.85,0,10.0,0.0,0,,,46.0,45.0,5,65.53,12,1
West Africa,Female,58,Salaried,33,87.74,1.661,18,4.99,1,27.0,41.77,0,,,60.0,73.0,9,1375.95,12,1
West Africa,Male,42,Trader,7,13.06,0.732,9,1.5,1,52.0,14.96,0,,,55.0,29.0,1,52.61,12,1
West Africa,Male,19,Self-employed,15,44.13,1.227,12,6.83,1,65.0,61.55,1,0.905,7.6,23.0,27.0,8,275.14,4,1
East Africa,Male,32,Farmer,11,40.81,-1.127,17,4.18,0,0.0,0.0,0,,,54.0,25.0,3,256.6,24,0
East Africa,Male,26,Salaried,12,88.21,-1.767,16,2.68,0,7.0,0.0,0,,,24.0,77.0,6,249.6,12,0
West Africa,Male,38,Informal worker,15,78.0,0.184,10,1.51,0,3.0,0.0,0,,,64.0,57.0,1,172.83,24,1
East Africa,Female,35,Trader,20,41.46,0.665,15,3.23,1,16.0,28.7,0,,,34.0,83.0,6,679.74,4,1
East Africa,Male,56,Informal worker,22,49.65,0.744,16,2.77,1,37.0,34.53,0,,,42.0,85.0,6,1087.11,8,1
West Africa,Female,28,Self-employed,22,182.35,0.86,21,2.63,0,4.0,0.0,0,,,76.0,64.0,3,128.22,52,1
Central Africa,Female,32,Trader,31,25.99,1.095,15,3.02,0,5.0,0.0,1,0.854,2.1,86.0,50.0,5,300.02,4,1
East Africa,Male,29,Farmer,9,15.68,-0.135,10,2.57,0,13.0,0.0,0,,,15.0,77.0,3,197.54,8,1
East Africa,Female,59,Informal worker,34,214.85,1.15,20,4.01,1,66.0,59.6,1,0.9,18.3,23.0,73.0,10,233.95,24,1
East Africa,Male,31,Farmer,24,52.71,0.722,16,2.6,0,5.0,0.0,1,0.951,5.3,37.0,62.0,6,410.95,8,1
West Africa,Female,64,Farmer,11,58.39,0.33,15,2.67,0,16.0,0.0,0,,,65.0,60.0,2,965.35,4,1
Central Africa,Male,49,Informal worker,13,135.07,0.09,18,4.99,1,72.0,10.51,1,0.965,25.3,24.0,65.0,11,290.32,12,1
East Africa,Male,32,Self-employed,5,7.75,-1.023,8,12.33,0,7.0,0.0,0,,,31.0,76.0,1,209.4,24,1
East Africa,Male,45,Farmer,24,108.93,-0.817,9,2.53,0,5.0,0.0,0,,,66.0,95.0,4,720.86,24,1
Central Africa,Female,23,Self-employed,38,121.84,0.421,19,8.62,0,0.0,0.0,0,,,41.0,58.0,12,683.53,24,1
Southern Africa,Male,60,Trader,6,11.52,-1.076,7,3.16,0,4.0,0.0,1,0.84,13.1,15.0,51.0,1,272.66,12,1
Southern Africa,Female,62,Trader,10,31.63,-0.046,7,2.36,0,3.0,0.0,0,,,24.0,20.0,5,145.69,8,1
West Africa,Male,31,Trader,19,66.21,0.896,18,1.54,1,84.0,10.16,1,0.71,23.6,81.0,97.0,6,322.45,4,1
West Africa,Female,26,Farmer,11,46.02,-0.078,13,1.98,1,21.0,25.5,0,,,52.0,87.0,3,103.9,4,0
Southern Africa,Male,38,Informal worker,10,18.82,-0.225,10,1.23,1,51.0,14.59,0,,,29.0,66.0,5,367.95,8,1
East Africa,Male,54,Trader,16,64.62,0.25,16,2.16,1,36.0,22.98,0,,,73.0,27.0,5,448.97,4,1
Southern Africa,Male,47,Farmer,11,29.39,-0.913,8,1.57,1,50.0,12.72,1,0.626,2.0,37.0,85.0,2,123.41,8,1
Southern Africa,Male,19,Informal worker,19,39.27,0.889,18,4.57,0,2.0,0.0,0,,,76.0,98.0,9,478.37,4,1
West Africa,Female,18,Informal worker,10,25.71,-0.042,10,1.35,1,74.0,31.44,0,,,31.0,39.0,1,124.76,12,1
West Africa,Female,29,Informal worker,14,65.54,-0.262,10,3.39,1,36.0,26.1,1,0.559,0.0,53.0,18.0,12,1050.46,8,1
East Africa,Male,53,Informal worker,4,17.93,0.121,4,2.07,0,10.0,0.0,0,,,39.0,74.0,1,119.14,52,1
West Africa,Male,30,Self-employed,16,42.38,-1.706,10,2.97,1,97.0,25.35,1,0.831,12.4,59.0,65.0,3,107.83,8,1
Southern Africa,Male,60,Informal worker,12,25.16,-0.253,15,2.54,1,68.0,14.24,1,0.688,11.1,53.0,61.0,2,80.01,8,1
Southern Africa,Female,31,Self-employed,22,32.21,0.568,25,3.99,0,12.0,0.0,0,,,20.0,93.0,13,1202.1,12,1
East Africa,Female,59,Self-employed,14,26.49,-0.607,19,1.28,0,1.0,0.0,0,,,83.0,92.0,2,522.12,8,1
Southern Africa,Female,61,Salaried,23,54.01,0.037,20,3.21,1,49.0,31.33,0,,,56.0,55.0,4,370.93,4,1
East Africa,Female,52,Trader,14,39.97,0.217,13,1.97,0,10.0,0.0,1,0.953,14.7,67.0,83.0,4,955.31,24,1
Southern Africa,Male,26,Farmer,16,91.87,0.098,9,5.56,0,0.0,0.0,1,0.824,1.1,46.0,67.0,2,467.91,8,0
West Africa,Male,21,Farmer,17,32.5,0.986,13,4.02,0,2.0,0.0,1,0.862,0.6,42.0,32.0,7,134.89,4,1
Southern Africa,Female,26,Trader,10,48.71,-1.143,8,3.31,0,2.0,0.0,0,,,53.0,33.0,2,186.05,8,1
Southern Africa,Male,47,Informal worker,10,26.83,-0.135,8,1.91,0,2.0,0.0,0,,,87.0,45.0,2,65.6,8,0
West Africa,Male,50,Trader,17,32.16,-0.838,12,1.36,0,5.0,0.0,1,0.143,0.1,10.0,13.0,4,127.51,4,0
East Africa,Male,64,Informal worker,7,14.34,0.725,11,4.27,0,3.0,0.0,0,,,39.0,80.0,7,251.89,12,1
Central Africa,Female,62,Salaried,16,24.14,0.362,15,4.29,0,11.0,0.0,1,0.841,1.6,41.0,53.0,2,168.37,12,1
West Africa,Female,32,Farmer,17,88.64,-0.502,14,4.61,0,5.0,0.0,0,,,55.0,45.0,8,288.09,12,1
Southern Africa,Prefer not to say,36,Self-employed,26,34.64,0.729,18,4.01,0,3.0,0.0,1,0.909,14.8,55.0,73.0,11,180.65,12,1
Central Africa,Male,54,Salaried,22,40.58,1.347,17,4.11,0,1.0,0.0,0,,,56.0,91.0,8,95.3,12,1
Central Africa,Male,54,Salaried,14,49.24,-0.054,13,3.52,0,6.0,0.0,0,,,46.0,35.0,3,341.87,4,0
East Africa,Male,32,Trader,4,33.49,-0.462,7,1.83,0,2.0,0.0,0,,,43.0,46.0,2,159.93,12,0
East Africa,Female,19,Self-employed,13,39.31,0.18,12,4.57,1,59.0,35.73,0,,,29.0,53.0,3,60.7,8,1
Central Africa,Male,22,Trader,28,21.01,0.452,18,6.32,1,93.0,59.06,1,0.799,22.7,36.0,77.0,7,206.94,4,1
East Africa,Female,56,Salaried,15,13.25,0.442,13,1.91,0,13.0,0.0,1,0.861,5.2,27.0,67.0,2,179.19,4,0
West Africa,Male,34,Trader,17,96.55,0.118,5,3.03,1,34.0,29.68,0,,,56.0,67.0,2,176.87,12,1
West Africa,Female,51,Trader,12,56.8,0.155,12,2.12,0,4.0,0.0,0,,,27.0,55.0,0,98.95,24,0
Southern Africa,Female,55,Farmer,16,19.55,0.509,19,2.04,0,16.0,0.0,0,,,77.0,68.0,6,104.18,8,1
East Africa,Male,60,Informal worker,31,51.4,0.516,21,7.73,0,2.0,0.0,1,0.929,1.4,82.0,82.0,6,129.62,24,1
West Africa,Female,41,Salaried,23,154.69,0.205,9,6.99,0,7.0,0.0,0,,,26.0,96.0,5,394.62,8,0
West Africa,Male,47,Informal worker,17,76.27,0.445,25,5.56,1,53.0,64.45,0,,,55.0,83.0,10,1009.06,8,1
Southern Africa,Female,27,Informal worker,9,23.86,0.048,17,2.71,1,81.0,9.0,0,,,54.0,83.0,4,1039.87,8,1
East Africa,Female,62,Trader,20,23.34,0.458,19,2.24,0,4.0,0.0,1,0.727,6.7,34.0,62.0,1,504.97,12,1
Central Africa,Female,59,Self-employed,4,20.96,-0.108,11,1.05,0,13.0,0.0,0,,,48.0,75.0,3,275.43,4,1
Southern Africa,Male,36,Farmer,13,61.64,-1.17,15,1.24,0,3.0,0.0,1,0.879,0.6,50.0,95.0,7,103.53,4,0
Central Africa,Prefer not to say,35,Self-employed,12,85.41,-0.076,8,2.37,1,88.0,11.22,1,0.87,31.6,42.0,82.0,0,177.34,12,1
Central Africa,Female,52,Salaried,17,83.71,0.074,12,5.02,1,47.0,39.23,0,,,37.0,75.0,2,234.45,8,1
West Africa,Female,37,Farmer,6,35.74,0.049,5,2.46,1,37.0,5.97,0,,,84.0,56.0,2,167.02,4,1
Southern Africa,Prefer not to say,52,Farmer,29,81.73,0.089,20,5.24,1,56.0,42.25,1,0.499,0.1,58.0,98.0,9,443.53,8,1
West Africa,Male,22,Informal worker,18,27.51,0.13,10,1.81,0,1.0,0.0,0,,,38.0,65.0,7,465.92,8,1
Central Africa,Male,30,Self-employed,15,42.78,0.326,21,1.9,1,68.0,72.71,0,,,43.0,61.0,4,197.53,12,1
West Africa,Male,54,Informal worker,13,9.96,-0.218,8,3.72,0,1.0,0.0,1,0.49,16.0,6.0,40.0,3,114.37,4,1
Southern Africa,Male,61,Salaried,21,106.5,0.811,21,6.89,1,64.0,49.19,1,0.617,17.1,47.0,36.0,5,134.3,12,0
Southern Africa,Female,19,Self-employed,16,58.06,0.103,15,1.56,1,20.0,16.82,1,0.712,6.4,78.0,27.0,7,268.53,4,1
West Africa,Female,54,Farmer,32,66.51,-0.342,21,7.06,0,9.0,0.0,1,0.862,8.7,38.0,80.0,13,331.64,12,1
Southern Africa,Male,21,Farmer,18,21.47,-1.494,17,2.36,1,66.0,42.27,1,0.914,10.3,28.0,69.0,3,231.76,24,1
West Africa,Male,58,Informal worker,20,45.96,-0.75,13,1.68,1,31.0,20.2,1,0.563,0.9,28.0,45.0,4,459.41,8,1
East Africa,Female,29,Trader,25,44.27,-0.421,15,2.28,1,95.0,20.97,0,,,64.0,56.0,3,218.64,12,1
East Africa,Female,35,Salaried,16,44.42,0.426,8,3.39,0,15.0,0.0,1,0.772,8.7,34.0,68.0,2,88.94,8,1
East Africa,Prefer not to say,51,Trader,14,40.28,0.612,11,1.7,1,71.0,11.91,1,0.511,25.5,43.0,58.0,4,203.76,4,1
East Africa,Male,57,Informal worker,25,112.86,0.896,9,4.91,1,87.0,35.44,0,,,45.0,93.0,11,250.18,8,1
Central Africa,Female,37,Farmer,22,13.18,0.092,21,3.26,1,71.0,12.63,1,0.635,1.7,47.0,89.0,8,329.67,8,1
West Africa,Male,32,Salaried,12,50.24,-0.994,10,3.03,0,1.0,0.0,0,,,66.0,56.0,5,275.27,4,0
East Africa,Male,64,Farmer,10,70.98,-0.352,13,2.04,1,62.0,20.45,0,,,47.0,86.0,2,1096.93,12,1
Central Africa,Female,63,Informal worker,9,43.36,0.897,13,1.97,0,3.0,0.0,0,,,85.0,53.0,4,756.53,12,0
Southern Africa,Male,42,Trader,25,60.31,-0.27,20,7.37,1,71.0,40.09,1,0.842,22.2,22.0,93.0,6,228.62,8,1
West Africa,Female,19,Salaried,10,88.11,0.211,12,3.04,1,56.0,21.74,0,,,72.0,42.0,2,60.47,8,1
Central Africa,Male,63,Farmer,14,16.33,-0.244,11,3.15,1,44.0,16.72,0,,,25.0,9.0,4,290.66,4,1
West Africa,Male,47,Informal worker,14,19.47,-0.287,12,1.77,0,3.0,0.0,0,,,62.0,58.0,2,220.52,12,1
East Africa,Female,43,Salaried,9,37.52,-0.274,16,4.11,0,4.0,0.0,1,0.782,3.6,19.0,71.0,2,191.87,4,1
East Africa,Male,23,Farmer,20,91.51,0.805,17,3.17,1,68.0,10.56,1,0.353,2.2,51.0,63.0,2,401.79,8,1
Southern Africa,Male,64,Trader,19,92.56,-0.322,17,9.67,1,56.0,46.58,0,,,52.0,44.0,8,195.63,4,1
West Africa,Male,51,Trader,9,71.11,-0.105,12,1.75,1,75.0,28.96,1,0.681,18.9,18.0,18.0,2,321.3,4,0
West Africa,Male,28,Informal worker,14,134.03,-1.167,15,2.06,1,28.0,22.18,1,0.634,6.7,50.0,81.0,4,411.5,12,1
Southern Africa,Female,35,Trader,19,42.49,0.048,21,4.51,0,5.0,0.0,1,0.839,0.7,43.0,83.0,10,729.92,8,1
West Africa,Male,34,Farmer,17,63.07,0.328,11,3.39,0,11.0,0.0,1,0.56,9.4,75.0,79.0,3,330.17,8,1
East Africa,Female,58,Trader,22,92.25,0.759,13,1.83,0,5.0,0.0,0,,,36.0,57.0,5,115.07,12,1
Southern Africa,Female,40,Farmer,25,81.94,0.471,12,2.56,1,13.0,25.21,1,0.813,9.4,62.0,56.0,7,293.04,52,1
Southern Africa,Female,59,Farmer,14,34.58,-0.076,16,3.16,0,1.0,0.0,1,0.596,1.4,67.0,77.0,4,483.56,8,0
West Africa,Male,50,Farmer,23,45.25,0.635,15,3.94,0,10.0,0.0,0,,,85.0,54.0,9,140.19,4,1
West Africa,Female,35,Informal worker,38,85.69,1.993,28,5.66,0,0.0,0.0,1,0.774,17.5,64.0,93.0,12,346.69,4,1
Central Africa,Female,37,Informal worker,13,80.27,0.287,11,2.12,1,72.0,25.86,1,0.775,11.5,38.0,46.0,3,492.65,4,1
East Africa,Male,56,Farmer,13,16.7,-1.402,14,5.18,0,2.0,0.0,1,0.466,10.5,72.0,31.0,1,391.27,12,0
West Africa,Female,41,Self-employed,17,54.42,0.093,14,1.32,0,16.0,0.0,1,0.816,14.4,22.0,45.0,7,189.73,12,1
West Africa,Male,50,Farmer,12,12.73,0.203,7,2.95,0,3.0,0.0,0,,,43.0,23.0,1,133.54,12,0
West Africa,Male,23,Salaried,20,83.48,0.363,20,3.76,1,54.0,22.54,1,0.671,5.0,25.0,91.0,4,234.44,8,1
Central Africa,Male,38,Informal worker,21,38.52,-0.359,12,3.65,1,64.0,25.93,0,,,56.0,51.0,4,178.24,12,1
West Africa,Male,45,Farmer,9,44.66,0.448,17,1.79,1,62.0,13.37,1,0.76,14.1,79.0,33.0,3,269.36,4,1
West Africa,Male,34,Informal worker,36,162.68,0.722,22,10.48,0,0.0,0.0,0,,,55.0,68.0,13,578.98,24,1
East Africa,Male,57,Trader,25,12.64,-0.379,15,4.19,1,64.0,16.99,1,0.723,6.0,56.0,90.0,5,437.22,4,1
West Africa,Male,27,Self-employed,12,18.83,-0.293,14,0.83,1,72.0,6.21,0,,,65.0,52.0,3,446.19,52,1
West Africa,Female,57,Informal worker,17,59.67,0.84,13,3.35,1,20.0,69.59,0,,,29.0,77.0,9,362.06,52,1
Central Africa,Male,20,Trader,11,40.42,0.221,8,4.2,1,64.0,13.12,1,0.647,0.0,28.0,32.0,9,171.94,8,1
Southern Africa,Female,38,Farmer,23,19.93,-0.182,21,2.87,1,60.0,10.59,0,,,33.0,55.0,3,590.19,12,1
West Africa,Female,42,Informal worker,14,41.39,0.244,10,1.33,1,75.0,15.5,0,,,39.0,62.0,4,138.57,12,1
East Africa,Male,29,Trader,13,17.83,0.315,14,1.38,0,5.0,0.0,1,0.906,5.2,70.0,22.0,4,370.85,12,1
West Africa,Male,43,Trader,6,71.55,-0.793,14,1.31,0,2.0,0.0,1,0.931,4.8,83.0,70.0,2,243.33,8,1
West Africa,Male,60,Self-employed,9,20.31,-0.566,13,3.17,0,2.0,0.0,0,,,48.0,74.0,4,75.48,8,0
East Africa,Female,38,Farmer,3,26.78,-0.668,5,2.26,0,15.0,0.0,1,0.588,5.6,62.0,55.0,2,138.82,52,0
East Africa,Male,43,Trader,25,119.9,0.445,12,5.8,1,71.0,25.75,1,0.927,2.9,28.0,74.0,9,220.29,12,1
Southern Africa,Male,62,Trader,12,20.98,1.005,9,3.11,1,58.0,39.51,1,0.797,13.7,65.0,46.0,8,203.68,8,1
Central Africa,Prefer not to say,61,Informal worker,13,30.38,1.242,11,3.36,0,3.0,0.0,1,0.56,41.9,72.0,82.0,7,290.65,8,1
West Africa,Male,18,Informal worker,25,48.47,0.158,15,1.49,0,3.0,0.0,0,,,47.0,62.0,4,192.49,8,0
Central Africa,Male,52,Informal worker,14,44.32,-1.153,15,2.37,0,16.0,0.0,0,,,23.0,41.0,5,185.37,52,1
East Africa,Female,57,Self-employed,15,35.02,0.229,15,2.42,1,92.0,15.89,1,0.621,8.3,47.0,77.0,6,344.13,4,1
West Africa,Female,62,Trader,17,14.42,-0.149,12,2.51,0,8.0,0.0,1,0.801,33.5,39.0,57.0,2,324.27,8,1
Southern Africa,Male,55,Trader,7,33.53,-0.78,10,4.41,0,10.0,0.0,0,,,21.0,47.0,2,250.78,8,0
West Africa,Male,21,Trader,13,44.03,0.649,10,1.86,0,7.0,0.0,1,0.918,1.4,17.0,56.0,4,398.37,4,1
East Africa,Male,53,Farmer,20,37.53,0.632,14,6.72,0,2.0,0.0,0,,,28.0,48.0,3,321.87,24,1
Southern Africa,Male,57,Trader,13,31.68,-0.236,8,1.97,1,40.0,7.33,0,,,46.0,38.0,0,179.19,4,1
West Africa,Male,42,Farmer,27,106.99,0.227,18,6.55,1,48.0,15.73,0,,,64.0,35.0,6,317.02,8,0
Central Africa,Male,18,Salaried,20,76.22,0.103,24,4.11,1,78.0,37.51,0,,,87.0,95.0,5,403.93,12,1
West Africa,Female,26,Trader,16,39.2,-0.051,20,1.29,0,11.0,0.0,0,,,7.0,43.0,4,211.94,4,0
Southern Africa,Female,30,Self-employed,14,74.35,0.74,16,3.85,0,6.0,0.0,0,,,18.0,40.0,5,229.52,8,1
West Africa,Prefer not to say,58,Self-employed,8,42.12,0.198,6,1.3,1,35.0,17.61,1,0.847,14.5,81.0,78.0,5,221.09,4,1
West Africa,Female,23,Farmer,11,35.65,0.131,10,2.7,1,44.0,28.72,1,0.809,1.7,43.0,64.0,4,50.4,8,1
East Africa,Male,52,Salaried,14,52.82,1.103,9,2.14,1,36.0,57.3,0,,,98.0,46.0,6,301.84,24,1
Central Africa,Male,26,Informal worker,11,64.96,0.039,16,1.59,1,81.0,35.05,0,,,28.0,50.0,2,205.25,12,1
West Africa,Female,57,Farmer,20,36.31,0.045,12,5.88,0,7.0,0.0,1,0.652,4.4,31.0,65.0,8,118.72,12,0
Central Africa,Male,18,Informal worker,37,37.16,0.507,18,8.39,1,73.0,26.35,1,0.875,7.6,62.0,91.0,12,301.26,4,1
West Africa,Male,29,Trader,11,55.48,-0.788,8,1.3,0,0.0,0.0,1,0.703,4.9,40.0,79.0,1,481.85,12,0
East Africa,Female,22,Farmer,19,24.78,1.148,13,2.99,1,22.0,9.97,0,,,47.0,40.0,4,253.69,4,1
East Africa,Male,44,Salaried,17,69.91,0.603,10,2.09,1,80.0,15.63,0,,,78.0,53.0,5,294.31,12,1
West Africa,Male,54,Informal worker,13,16.74,0.729,12,2.68,0,13.0,0.0,1,0.807,6.7,10.0,67.0,6,187.15,12,1
Central Africa,Male,37,Farmer,23,26.41,0.007,12,5.73,0,4.0,0.0,0,,,50.0,93.0,3,258.14,4,1
East Africa,Prefer not to say,43,Informal worker,14,55.4,0.214,13,4.83,0,10.0,0.0,0,,,39.0,85.0,6,255.64,8,1
Southern Africa,Female,48,Self-employed,29,50.91,-0.144,16,2.71,0,2.0,0.0,1,0.835,0.1,66.0,66.0,13,505.05,8,0
East Africa,Male,39,Trader,10,46.63,-0.338,11,2.38,0,1.0,0.0,1,0.537,5.3,50.0,33.0,4,556.02,12,0
East Africa,Male,53,Farmer,10,61.43,-0.301,15,2.76,0,0.0,0.0,1,0.646,2.4,63.0,48.0,3,264.85,24,0
East Africa,Female,31,Trader,15,50.96,-0.339,17,4.08,0,1.0,0.0,0,,,61.0,79.0,7,385.46,12,1
Central Africa,Male,26,Self-employed,7,21.18,-0.11,6,1.45,0,9.0,0.0,0,,,55.0,67.0,2,152.15,24,1
Southern Africa,Female,26,Farmer,15,27.79,1.969,12,1.48,1,72.0,14.86,1,0.664,1.0,68.0,54.0,2,307.37,8,1
East Africa,Female,26,Trader,9,24.23,-1.072,7,1.94,1,41.0,20.23,0,,,65.0,69.0,3,741.33,4,1
East Africa,Female,19,Informal worker,11,58.08,0.134,11,2.54,1,48.0,8.96,0,,,71.0,57.0,2,172.85,4,1
East Africa,Male,20,Farmer,14,81.81,0.064,13,3.17,0,6.0,0.0,0,,,80.0,28.0,2,207.07,4,1
East Africa,Female,20,Trader,27,41.52,0.424,19,2.75,1,74.0,22.09,1,0.567,2.6,70.0,43.0,8,719.04,24,1
East Africa,Male,25,Salaried,20,128.14,1.229,15,4.02,0,5.0,0.0,0,,,29.0,78.0,6,202.61,4,1
East Africa,Male,47,Informal worker,26,147.39,-0.769,17,1.69,0,10.0,0.0,1,0.723,1.3,28.0,22.0,8,251.18,8,1
Southern Africa,Male,29,Trader,7,25.86,-1.056,10,0.78,0,18.0,0.0,0,,,34.0,80.0,3,597.19,24,0
Central Africa,Male,45,Self-employed,35,38.46,0.424,19,3.56,0,10.0,0.0,0,,,61.0,66.0,12,189.24,4,1
Central Africa,Male,21,Trader,23,51.04,0.538,16,6.28,0,1.0,0.0,0,,,75.0,80.0,6,555.34,4,0
Southern Africa,Female,55,Trader,10,31.85,-0.554,19,3.6,0,7.0,0.0,0,,,30.0,47.0,5,71.44,4,0
East Africa,Female,34,Farmer,30,78.15,0.287,12,2.87,0,6.0,0.0,0,,,60.0,79.0,7,583.06,8,1
Southern Africa,Male,38,Trader,7,70.22,0.201,11,1.7,0,1.0,0.0,0,,,25.0,86.0,3,489.99,12,0
West Africa,Female,49,Informal worker,24,142.15,-0.429,11,7.57,0,1.0,0.0,0,,,70.0,61.0,11,473.01,4,1
East Africa,Prefer not to say,64,Farmer,19,51.34,-0.399,9,6.04,0,0.0,0.0,0,,,59.0,74.0,10,219.72,8,1
West Africa,Male,55,Trader,24,13.55,0.111,12,3.81,1,33.0,33.83,0,,,58.0,75.0,9,297.97,12,0
West Africa,Female,36,Self-employed,16,24.55,0.852,8,2.25,0,3.0,0.0,1,0.9,26.9,39.0,79.0,6,424.2,8,1
Central Africa,Prefer not to say,34,Farmer,34,36.09,0.518,24,3.77,1,63.0,39.66,0,,,78.0,56.0,13,732.6,24,1
Central Africa,Female,33,Farmer,10,90.95,-0.369,10,2.08,1,41.0,23.84,0,,,24.0,57.0,5,70.29,4,1
East Africa,Male,21,Trader,22,34.27,0.284,26,4.33,0,10.0,0.0,0,,,45.0,61.0,4,107.73,52,1
West Africa,Female,33,Salaried,8,9.06,-0.331,6,1.31,0,1.0,0.0,1,0.885,1.0,83.0,39.0,3,116.2,12,0
Southern Africa,Female,53,Trader,12,135.27,0.801,14,1.2,0,8.0,0.0,0,,,54.0,36.0,1,576.62,12,1
East Africa,Male,30,Trader,15,35.39,0.308,11,3.72,0,10.0,0.0,1,0.956,7.6,75.0,23.0,5,102.15,8,0
Southern Africa,Male,36,Salaried,18,45.05,1.091,8,2.32,1,58.0,19.5,0,,,38.0,62.0,6,729.81,24,0
Central Africa,Male,21,Trader,14,48.9,-0.392,9,6.24,1,60.0,38.38,0,,,64.0,82.0,5,196.21,8,0
West Africa,Male,29,Salaried,21,86.77,0.793,19,2.33,1,55.0,37.63,0,,,39.0,55.0,6,347.39,12,1
West Africa,Male,21,Informal worker,30,23.18,1.198,14,2.6,0,12.0,0.0,0,,,34.0,71.0,9,845.29,8,1
West Africa,Male,40,Salaried,37,29.62,-0.325,18,3.15,0,3.0,0.0,1,0.753,24.6,84.0,59.0,6,992.55,8,1
West Africa,Female,31,Trader,12,90.68,-0.973,9,0.75,1,71.0,17.02,0,,,65.0,73.0,3,290.27,12,0
East Africa,Female,63,Self-employed,21,18.38,-0.452,10,2.5,0,1.0,0.0,0,,,36.0,66.0,1,119.44,12,1
West Africa,Male,45,Trader,10,22.0,0.677,11,1.33,0,1.0,0.0,0,,,66.0,32.0,1,128.23,8,1
West Africa,Male,35,Trader,36,203.17,0.634,19,5.48,0,8.0,0.0,0,,,23.0,57.0,10,291.84,24,1
West Africa,Male,43,Salaried,18,161.76,0.506,17,4.92,0,4.0,0.0,0,,,35.0,69.0,7,244.59,12,1
West Africa,Male,63,Trader,14,45.56,-0.375,10,1.96,1,69.0,16.6,0,,,47.0,20.0,4,387.41,12,1
Southern Africa,Female,26,Farmer,11,22.84,0.044,22,2.4,0,0.0,0.0,0,,,55.0,69.0,0,826.99,8,1
West Africa,Male,29,Informal worker,32,80.49,0.503,17,4.23,1,64.0,30.07,0,,,54.0,72.0,10,292.69,8,1
Central Africa,Prefer not to say,43,Trader,8,24.2,-0.806,11,0.6,0,14.0,0.0,0,,,86.0,43.0,4,634.64,52,1
West Africa,Male,22,Trader,12,70.39,-1.324,18,8.31,1,46.0,18.73,0,,,47.0,69.0,7,347.08,24,0
West Africa,Male,42,Farmer,24,75.14,0.872,15,1.04,1,46.0,11.28,0,,,68.0,69.0,2,281.36,4,1
West Africa,Female,25,Farmer,16,30.3,-1.052,22,2.33,0,3.0,0.0,1,0.739,9.9,65.0,27.0,9,125.21,4,0
Southern Africa,Male,58,Informal worker,12,256.22,-0.329,5,1.35,0,5.0,0.0,1,0.486,1.5,14.0,79.0,4,477.12,8,1
West Africa,Male,54,Informal worker,6,47.6,-0.615,15,2.49,0,1.0,0.0,1,0.721,21.3,23.0,34.0,2,303.47,12,0
East Africa,Male,20,Farmer,13,28.17,-0.197,11,3.86,1,17.0,54.96,0,,,35.0,30.0,8,854.6,12,1
West Africa,Female,43,Farmer,25,127.83,0.08,12,6.78,0,7.0,0.0,1,0.9,1.5,70.0,59.0,4,100.56,52,1
Central Africa,Male,27,Trader,18,38.88,0.676,10,1.25,0,6.0,0.0,1,0.678,3.3,70.0,81.0,6,105.24,12,1
West Africa,Female,45,Farmer,9,42.43,0.202,11,2.42,0,9.0,0.0,0,,,41.0,83.0,7,346.5,12,1
East Africa,Female,43,Trader,16,33.1,0.849,16,1.64,0,4.0,0.0,1,0.736,18.4,6.0,85.0,10,371.91,8,1
Central Africa,Female,63,Informal worker,14,95.35,-0.059,20,6.31,0,1.0,0.0,0,,,42.0,61.0,9,413.88,24,1
West Africa,Female,26,Trader,23,197.46,0.597,30,5.25,0,8.0,0.0,0,,,66.0,40.0,6,206.26,12,1
West Africa,Female,41,Informal worker,18,41.43,-0.695,11,3.76,1,80.0,61.08,1,0.425,0.6,57.0,79.0,5,592.62,4,1
Southern Africa,Female,63,Trader,15,32.77,-0.56,5,1.52,1,91.0,29.28,1,0.838,3.3,56.0,72.0,1,682.18,4,1
West Africa,Male,23,Trader,32,51.23,0.979,25,7.35,0,7.0,0.0,0,,,92.0,82.0,7,403.62,12,1
West Africa,Female,29,Trader,12,25.08,-1.518,16,4.01,0,2.0,0.0,0,,,18.0,71.0,2,79.33,52,0
East Africa,Female,51,Farmer,22,96.47,0.583,21,3.54,1,84.0,24.86,0,,,13.0,63.0,6,531.72,4,1
West Africa,Male,23,Informal worker,14,80.77,-0.789,11,1.96,1,69.0,42.58,0,,,62.0,75.0,6,89.61,12,1
Central Africa,Female,27,Informal worker,24,54.42,-0.149,10,1.88,1,69.0,10.31,0,,,38.0,54.0,10,168.47,12,1
East Africa,Male,62,Self-employed,29,75.95,1.423,22,4.78,0,7.0,0.0,1,0.817,0.3,58.0,70.0,9,1416.12,4,1
East Africa,Female,45,Farmer,9,38.64,-0.716,10,2.59,0,4.0,0.0,1,0.786,24.7,68.0,74.0,5,235.79,12,0
West Africa,Male,20,Trader,15,28.14,-0.591,20,3.55,1,33.0,8.72,1,0.894,15.2,49.0,69.0,5,249.28,8,1
Southern Africa,Male,58,Salaried,16,68.09,0.394,9,2.57,1,93.0,18.18,0,,,54.0,64.0,3,284.07,8,1
Southern Africa,Male,42,Informal worker,44,104.84,0.921,19,6.66,1,79.0,125.36,0,,,55.0,86.0,14,323.57,8,1
West Africa,Male,40,Trader,24,69.58,-0.852,9,6.67,1,51.0,12.99,1,0.665,18.2,62.0,55.0,10,482.97,4,1
Central Africa,Male,64,Trader,13,16.89,-0.477,5,0.85,1,42.0,23.8,1,0.866,4.2,68.0,7.0,6,371.78,8,1
East Africa,Male,32,Farmer,12,82.72,-0.229,16,1.37,0,2.0,0.0,0,,,71.0,78.0,6,134.28,8,1
Southern Africa,Female,35,Farmer,19,26.81,-0.102,13,2.3,1,76.0,13.37,1,0.547,18.7,43.0,69.0,8,437.06,4,1
West Africa,Male,45,Informal worker,6,24.9,-0.2,9,1.09,1,85.0,51.52,0,,,29.0,72.0,1,229.71,8,0
West Africa,Prefer not to say,29,Trader,22,46.38,0.283,21,4.11,0,3.0,0.0,1,0.575,0.7,62.0,61.0,10,857.2,4,1
Southern Africa,Female,23,Self-employed,19,44.8,2.203,22,9.26,0,17.0,0.0,1,0.805,4.9,44.0,61.0,9,416.17,12,1
Southern Africa,Male,24,Farmer,5,22.69,-0.623,12,3.39,1,43.0,23.69,0,,,64.0,51.0,4,614.95,8,1
East Africa,Male,32,Salaried,19,38.21,0.231,14,3.81,1,41.0,22.28,0,,,55.0,76.0,4,609.9,4,1
West Africa,Male,21,Trader,16,27.5,-1.301,9,1.2,0,3.0,0.0,1,0.96,11.8,41.0,61.0,2,58.99,24,0
Southern Africa,Male,41,Informal worker,12,76.3,-0.621,7,2.52,1,57.0,53.09,1,0.807,1.3,63.0,79.0,3,862.83,8,0
West Africa,Male,64,Salaried,11,59.35,-0.162,12,1.54,0,2.0,0.0,0,,,32.0,56.0,3,236.44,8,1
West Africa,Female,29,Trader,14,34.58,-1.184,6,1.9,0,8.0,0.0,0,,,46.0,23.0,0,125.14,4,0
East Africa,Female,19,Farmer,16,74.02,-0.42,15,2.36,0,2.0,0.0,1,0.781,3.5,29.0,72.0,7,128.41,8,1
West Africa,Male,19,Trader,3,24.16,-0.162,11,1.78,0,9.0,0.0,1,0.84,2.4,38.0,67.0,7,180.34,4,1
West Africa,Female,25,Farmer,17,46.82,-0.93,12,6.05,1,55.0,22.06,0,,,40.0,47.0,1,135.0,8,1
West Africa,Male,45,Salaried,17,38.05,-0.546,12,1.85,0,2.0,0.0,1,0.711,40.7,19.0,64.0,2,408.68,24,1
Central Africa,Female,40,Informal worker,13,17.19,0.187,20,1.89,1,89.0,21.12,1,0.518,5.9,18.0,75.0,7,265.02,4,1
West Africa,Prefer not to say,36,Salaried,20,109.9,0.899,18,3.34,1,26.0,35.53,1,0.933,5.2,74.0,71.0,7,337.8,8,1
Southern Africa,Male,53,Trader,16,31.76,0.269,18,1.86,0,7.0,0.0,0,,,57.0,92.0,5,75.25,8,1
Central Africa,Female,36,Salaried,13,43.5,-0.087,11,3.02,0,3.0,0.0,0,,,50.0,22.0,4,69.55,12,1
Southern Africa,Female,46,Informal worker,27,47.44,0.405,26,5.55,1,82.0,39.24,1,0.855,4.4,62.0,77.0,10,293.9,4,1
East Africa,Male,64,Trader,13,53.52,1.044,20,2.47,0,1.0,0.0,0,,,49.0,77.0,5,332.63,4,1
East Africa,Male,25,Salaried,21,257.36,1.283,17,6.18,1,51.0,22.67,1,0.726,4.4,59.0,47.0,4,224.7,4,1
East Africa,Female,23,Trader,31,15.96,1.564,13,2.43,1,90.0,37.51,0,,,72.0,48.0,5,247.36,52,1
East Africa,Male,28,Trader,18,94.18,0.311,17,2.28,0,12.0,0.0,0,,,56.0,56.0,3,224.5,8,1
Central Africa,Male,25,Salaried,7,101.85,-0.446,9,3.78,1,77.0,20.3,0,,,11.0,63.0,3,196.19,8,1
Southern Africa,Female,56,Trader,33,27.37,0.863,20,2.8,1,44.0,24.95,1,0.745,5.3,56.0,65.0,9,196.39,12,1
East Africa,Male,59,Trader,22,39.69,-0.374,19,4.04,1,39.0,21.89,1,0.879,1.6,57.0,57.0,6,246.66,4,1
West Africa,Male,44,Trader,11,72.79,-0.242,16,1.77,1,84.0,29.85,0,,,36.0,55.0,10,200.42,12,1
Central Africa,Prefer not to say,24,Salaried,31,64.56,0.572,21,9.93,0,1.0,0.0,1,0.941,7.1,58.0,89.0,12,4553.58,52,1
West Africa,Male,58,Trader,21,35.01,0.321,11,3.02,0,7.0,0.0,0,,,60.0,66.0,5,236.86,12,0
Southern Africa,Male,61,Farmer,15,58.36,0.329,13,2.72,0,9.0,0.0,0,,,27.0,66.0,2,242.1,8,0
West Africa,Female,37,Trader,10,6.78,0.545,9,1.5,0,1.0,0.0,1,0.704,14.3,67.0,32.0,2,122.05,4,1
Southern Africa,Male,49,Farmer,13,62.31,0.885,13,2.26,0,11.0,0.0,0,,,40.0,70.0,4,320.67,52,1
Southern Africa,Female,46,Trader,16,60.02,-0.378,10,2.13,1,35.0,20.24,0,,,34.0,59.0,3,180.21,24,1
East Africa,Female,42,Salaried,17,112.79,0.358,15,6.97,1,29.0,48.94,0,,,34.0,60.0,9,202.8,24,1
West Africa,Male,34,Salaried,29,87.63,1.149,17,5.05,1,38.0,31.91,0,,,19.0,76.0,4,339.9,12,1
Southern Africa,Female,31,Salaried,7,46.38,-0.246,7,1.83,0,6.0,0.0,0,,,48.0,47.0,2,190.42,12,1
East Africa,Female,30,Informal worker,11,34.29,-0.877,12,3.36,0,5.0,0.0,0,,,20.0,88.0,3,170.01,12,0
West Africa,Female,34,Farmer,17,11.01,0.337,14,1.01,0,9.0,0.0,0,,,61.0,62.0,3,125.92,12,0
East Africa,Male,53,Trader,19,46.21,0.011,14,3.73,1,72.0,20.94,1,0.852,1.1,50.0,33.0,3,567.41,8,1
East Africa,Male,56,Farmer,15,29.46,-1.063,10,2.67,0,21.0,0.0,1,0.811,16.3,22.0,45.0,2,379.54,4,0
Southern Africa,Male,23,Farmer,31,49.98,-0.219,18,3.49,1,61.0,14.7,1,0.762,3.0,82.0,73.0,7,543.27,8,1
West Africa,Female,20,Informal worker,13,31.57,0.37,19,2.63,0,0.0,0.0,1,0.726,4.9,53.0,55.0,7,373.8,24,0
East Africa,Female,40,Trader,24,45.05,0.453,17,2.3,0,16.0,0.0,0,,,76.0,75.0,6,913.77,4,1
Central Africa,Male,54,Informal worker,10,62.0,-0.357,19,2.6,1,46.0,30.34,0,,,5.0,32.0,5,338.24,4,1
West Africa,Female,44,Trader,11,46.26,1.371,15,0.97,1,44.0,11.61,1,0.604,29.3,18.0,63.0,5,551.96,4,1
East Africa,Male,56,Farmer,13,29.61,-0.597,12,4.24,0,0.0,0.0,0,,,67.0,80.0,4,101.85,8,0
Southern Africa,Male,51,Self-employed,14,74.38,-0.241,17,4.4,0,1.0,0.0,0,,,35.0,72.0,5,1200.5,8,1
Central Africa,Female,51,Trader,17,61.53,0.039,16,5.05,1,53.0,47.11,0,,,54.0,59.0,3,597.28,52,1
East Africa,Male,43,Trader,9,13.75,-1.033,13,4.73,0,6.0,0.0,0,,,52.0,43.0,1,205.64,4,0
Southern Africa,Female,20,Trader,10,34.5,-0.484,8,1.27,1,70.0,65.18,0,,,12.0,58.0,3,233.18,8,0
West Africa,Male,26,Farmer,29,117.56,-0.16,25,4.27,1,71.0,24.23,1,0.834,26.9,66.0,55.0,8,163.74,8,0
East Africa,Female,52,Farmer,30,41.68,0.884,15,2.35,1,57.0,46.31,0,,,53.0,66.0,7,173.92,4,1
Central Africa,Female,32,Self-employed,15,70.94,0.543,14,4.82,0,1.0,0.0,0,,,53.0,61.0,4,276.69,4,1
Central Africa,Male,51,Salaried,10,15.97,-0.19,3,3.32,0,10.0,0.0,0,,,39.0,60.0,3,184.44,8,0
East Africa,Male,33,Informal worker,21,41.06,1.113,23,2.16,0,14.0,0.0,1,0.524,19.6,69.0,95.0,7,89.44,12,1
East Africa,Female,18,Informal worker,23,79.31,0.389,17,3.68,1,69.0,41.99,1,0.736,2.0,50.0,62.0,8,171.28,8,1
East Africa,Male,49,Trader,14,72.11,-1.267,6,3.36,0,1.0,0.0,0,,,44.0,68.0,3,456.0,12,0
West Africa,Female,59,Self-employed,17,57.59,-0.281,15,3.3,0,14.0,0.0,1,0.946,6.9,31.0,66.0,7,240.18,4,0
Central Africa,Female,38,Farmer,30,47.41,1.098,17,1.41,1,39.0,109.12,1,0.832,5.8,64.0,79.0,11,423.74,24,1
Southern Africa,Male,24,Trader,24,96.53,-0.001,20,2.62,0,12.0,0.0,0,,,74.0,43.0,15,723.16,52,1
East Africa,Female,37,Self-employed,11,25.59,-0.259,10,1.91,0,1.0,0.0,1,0.616,37.9,8.0,66.0,1,168.48,8,0
West Africa,Male,63,Farmer,11,64.28,-0.678,12,2.78,0,7.0,0.0,0,,,60.0,63.0,3,337.98,4,0
West Africa,Male,32,Trader,25,92.05,0.179,17,7.03,0,8.0,0.0,0,,,61.0,91.0,11,718.55,4,1
West Africa,Male,21,Informal worker,11,25.89,0.157,22,1.58,0,9.0,0.0,0,,,58.0,71.0,7,590.69,4,1
Southern Africa,Female,54,Trader,9,30.63,0.339,6,4.86,0,3.0,0.0,0,,,19.0,44.0,2,245.67,4,1
East Africa,Female,29,Trader,32,65.13,0.091,24,4.06,1,35.0,161.38,0,,,22.0,54.0,7,539.98,12,1
West Africa,Male,19,Trader,17,12.88,0.671,17,2.19,0,3.0,0.0,1,0.706,27.4,31.0,63.0,3,672.36,24,0
East Africa,Male,50,Informal worker,16,44.45,-0.256,9,5.35,1,60.0,29.4,0,,,59.0,29.0,4,154.29,4,1
Central Africa,Male,33,Trader,12,170.22,-0.361,12,2.88,0,4.0,0.0,0,,,81.0,22.0,2,998.27,8,0
West Africa,Female,24,Trader,27,47.1,-0.134,13,2.36,0,11.0,0.0,0,,,76.0,45.0,15,184.85,12,0
East Africa,Male,20,Farmer,5,4.04,-0.406,6,1.09,0,5.0,0.0,0,,,52.0,33.0,2,185.12,8,0
East Africa,Male,26,Trader,29,61.47,0.759,21,6.3,0,0.0,0.0,1,0.766,5.9,44.0,72.0,6,1295.09,12,1
West Africa,Male,25,Farmer,23,274.39,0.2,19,3.13,1,52.0,46.91,1,0.809,8.5,34.0,97.0,4,75.96,12,1
East Africa,Male,18,Farmer,20,26.86,-0.489,16,1.42,0,13.0,0.0,0,,,29.0,83.0,9,336.11,4,1
East Africa,Female,35,Trader,19,78.41,-1.459,12,1.76,0,19.0,0.0,0,,,19.0,80.0,1,363.43,4,0
West Africa,Female,56,Trader,6,16.83,-0.571,5,2.64,0,4.0,0.0,1,0.916,4.7,45.0,47.0,6,708.87,24,1
West Africa,Male,36,Trader,11,32.19,-0.381,11,1.16,0,12.0,0.0,0,,,25.0,33.0,0,88.17,8,0
Central Africa,Male,19,Farmer,7,22.33,0.422,11,1.54,1,35.0,5.52,0,,,73.0,61.0,2,387.12,8,1
West Africa,Male,59,Salaried,40,48.85,0.832,21,20.73,1,61.0,29.13,0,,,56.0,80.0,13,212.36,4,1
East Africa,Female,47,Trader,34,41.61,1.227,15,4.49,0,7.0,0.0,1,0.96,4.8,76.0,56.0,5,258.38,8,1
East Africa,Male,63,Trader,20,93.35,-0.322,12,1.91,0,8.0,0.0,0,,,35.0,57.0,9,396.94,4,1
Southern Africa,Male,45,Trader,19,118.84,-0.402,18,3.53,0,3.0,0.0,0,,,44.0,74.0,4,353.33,8,0
Southern Africa,Female,40,Informal worker,24,50.91,-1.941,11,3.11,0,3.0,0.0,0,,,66.0,56.0,1,122.01,24,1
Southern Africa,Male,42,Farmer,7,18.87,-0.453,15,3.08,0,1.0,0.0,0,,,54.0,79.0,1,123.63,8,1
East Africa,Female,18,Informal worker,21,55.89,0.906,13,4.03,1,75.0,52.72,1,0.816,8.0,70.0,79.0,13,109.76,8,1
East Africa,Male,35,Informal worker,7,24.96,-1.616,8,2.87,0,0.0,0.0,0,,,15.0,26.0,4,338.11,4,0
East Africa,Male,38,Trader,13,34.69,-0.432,6,3.48,1,53.0,16.58,0,,,58.0,16.0,1,137.08,24,1
East Africa,Female,32,Farmer,17,47.49,0.515,10,4.23,0,1.0,0.0,1,0.787,1.4,61.0,83.0,6,675.33,4,1
East Africa,Male,57,Self-employed,11,36.44,-0.617,17,6.04,0,5.0,0.0,0,,,53.0,72.0,7,207.12,12,1
West Africa,Male,62,Trader,6,19.87,-0.039,6,1.39,0,5.0,0.0,1,0.706,1.9,34.0,36.0,2,282.96,8,1
East Africa,Female,40,Farmer,18,37.66,-0.523,10,0.47,1,57.0,21.75,0,,,72.0,10.0,5,168.18,12,1
East Africa,Male,54,Farmer,32,212.18,1.837,11,1.67,1,86.0,19.88,0,,,56.0,55.0,10,301.38,12,1
West Africa,Female,28,Trader,12,104.43,-0.905,10,1.75,0,12.0,0.0,1,0.812,6.8,66.0,32.0,1,107.88,8,1
West Africa,Male,61,Salaried,32,75.06,0.78,11,2.23,1,58.0,33.04,0,,,55.0,85.0,7,325.62,8,1
Southern Africa,Female,51,Trader,35,106.46,-0.366,27,6.4,1,79.0,153.04,0,,,71.0,69.0,9,516.9,52,1
East Africa,Female,52,Trader,15,26.87,0.501,14,1.79,1,88.0,30.21,0,,,39.0,89.0,2,209.64,12,1
Southern Africa,Male,45,Informal worker,2,18.43,-0.598,10,2.78,0,3.0,0.0,1,0.67,48.7,20.0,52.0,0,71.5,4,0
East Africa,Female,56,Self-employed,13,43.69,0.201,15,0.99,1,50.0,31.46,0,,,33.0,78.0,5,251.49,24,1
Central Africa,Female,43,Trader,13,61.45,-1.181,11,2.69,0,22.0,0.0,1,0.944,16.3,24.0,66.0,2,300.05,8,1
Southern Africa,Male,63,Informal worker,26,72.18,0.469,20,6.78,1,76.0,86.56,0,,,71.0,46.0,4,257.42,8,1
West Africa,Male,49,Trader,36,46.65,0.955,13,5.92,1,31.0,23.67,1,0.905,2.1,64.0,63.0,6,429.73,12,0
Central Africa,Female,39,Informal worker,26,85.25,0.869,17,5.69,1,66.0,18.31,0,,,75.0,87.0,11,570.13,12,1
West Africa,Female,27,Farmer,27,119.11,-0.025,17,16.31,1,80.0,29.92,0,,,51.0,65.0,13,136.09,12,1
East Africa,Prefer not to say,60,Farmer,12,67.48,0.849,14,1.49,0,4.0,0.0,0,,,36.0,24.0,3,271.64,8,1
Southern Africa,Female,20,Self-employed,19,59.67,0.102,8,2.72,1,85.0,17.27,0,,,23.0,58.0,7,291.75,4,1
West Africa,Female,20,Informal worker,15,42.78,0.441,9,3.43,0,8.0,0.0,1,0.93,18.3,30.0,77.0,3,379.41,12,0
East Africa,Female,19,Trader,28,50.94,-0.337,16,3.27,0,4.0,0.0,1,0.686,29.6,54.0,51.0,12,826.66,4,0
East Africa,Female,23,Self-employed,6,26.84,-0.457,6,2.65,1,21.0,7.24,0,,,22.0,75.0,4,19.58,8,0
West Africa,Female,29,Trader,25,44.01,-0.224,13,2.89,1,52.0,39.77,0,,,20.0,67.0,7,275.81,4,1
West Africa,Female,41,Informal worker,26,45.1,0.221,20,4.88,0,3.0,0.0,1,0.866,8.9,48.0,96.0,11,389.94,4,1
West Africa,Male,30,Informal worker,24,47.04,1.882,20,11.38,0,6.0,0.0,1,0.9,3.8,66.0,57.0,13,683.34,4,1
West Africa,Female,39,Salaried,16,51.04,0.689,18,0.81,1,11.0,12.27,1,0.71,2.3,44.0,85.0,6,88.91,8,1
East Africa,Male,39,Farmer,18,48.39,-0.229,14,3.37,0,6.0,0.0,0,,,42.0,79.0,5,178.27,8,1
East Africa,Female,38,Informal worker,17,61.03,0.062,14,4.91,0,1.0,0.0,0,,,55.0,79.0,2,785.59,24,1
East Africa,Female,20,Informal worker,6,27.85,-1.156,11,6.91,0,9.0,0.0,1,0.838,10.1,55.0,48.0,3,147.88,8,0
Southern Africa,Female,43,Farmer,18,72.55,-0.416,22,5.68,1,71.0,18.66,0,,,42.0,30.0,6,1150.12,4,0
West Africa,Male,32,Self-employed,12,18.9,0.232,12,4.71,0,24.0,0.0,0,,,54.0,61.0,1,377.63,8,1
West Africa,Male,43,Trader,12,8.57,-0.456,11,1.83,1,25.0,6.65,0,,,38.0,33.0,1,88.62,8,0
Southern Africa,Male,20,Trader,9,13.54,-0.558,10,2.38,1,42.0,8.22,0,,,33.0,84.0,2,241.31,52,0
Central Africa,Female,58,Informal worker,9,41.59,-1.748,8,4.94,1,73.0,43.73,0,,,16.0,58.0,4,890.84,8,1
East Africa,Female,51,Trader,11,98.27,-0.338,18,3.31,0,0.0,0.0,0,,,10.0,40.0,3,227.76,12,1
West Africa,Male,34,Salaried,16,60.2,2.125,22,2.01,1,67.0,88.7,1,0.489,8.6,53.0,33.0,9,251.92,12,1
Southern Africa,Male,34,Farmer,21,71.27,0.498,16,2.86,1,34.0,38.81,1,0.836,13.6,68.0,73.0,2,185.45,8,1
Central Africa,Female,32,Farmer,21,23.99,-0.011,8,3.53,1,75.0,48.34,0,,,92.0,35.0,3,482.31,12,1
East Africa,Male,64,Informal worker,5,8.89,-0.376,8,1.45,1,71.0,8.94,1,0.667,11.5,15.0,87.0,1,604.45,8,1
West Africa,Female,50,Salaried,12,31.96,-0.656,6,1.68,0,1.0,0.0,0,,,27.0,66.0,3,128.21,8,1
West Africa,Female,39,Informal worker,10,102.11,1.045,10,1.79,0,3.0,0.0,0,,,34.0,70.0,2,139.24,8,1
East Africa,Female,48,Trader,20,54.28,0.705,10,2.52,0,7.0,0.0,1,0.91,13.4,48.0,50.0,6,142.37,8,1
Central Africa,Male,21,Farmer,9,15.94,0.067,11,2.71,0,2.0,0.0,0,,,48.0,66.0,4,305.08,4,1
Southern Africa,Male,57,Salaried,12,29.64,-0.513,8,4.43,1,76.0,20.71,1,0.72,11.1,28.0,74.0,7,143.18,24,1
West Africa,Female,46,Self-employed,14,18.12,0.318,10,10.41,1,53.0,32.77,1,0.848,8.7,16.0,69.0,4,326.1,24,1
East Africa,Prefer not to say,32,Informal worker,4,35.69,-0.049,9,1.27,0,5.0,0.0,1,0.859,20.2,61.0,19.0,3,379.82,12,0
Southern Africa,Male,50,Informal worker,13,24.2,0.277,7,3.26,1,48.0,14.2,1,0.327,14.1,28.0,37.0,2,347.53,8,1
East Africa,Female,18,Farmer,31,134.6,0.854,16,2.99,1,87.0,39.19,1,0.447,6.8,38.0,75.0,7,187.32,4,1
Southern Africa,Male,41,Farmer,27,43.58,0.601,15,4.69,0,1.0,0.0,1,0.768,7.7,45.0,91.0,9,461.57,12,1
East Africa,Male,62,Farmer,19,23.86,-1.051,13,3.75,0,3.0,0.0,1,0.718,22.3,37.0,31.0,6,415.06,12,1
West Africa,Prefer not to say,53,Trader,10,78.75,-0.233,14,2.0,0,2.0,0.0,0,,,47.0,26.0,4,556.8,4,1
East Africa,Female,20,Trader,5,16.23,-0.444,16,1.88,0,5.0,0.0,1,0.442,3.6,45.0,49.0,1,302.08,52,1
East Africa,Prefer not to say,45,Informal worker,9,69.74,-1.031,15,1.6,1,45.0,9.8,0,,,21.0,19.0,3,174.15,4,1
Central Africa,Male,49,Farmer,9,20.59,-1.26,15,2.73,1,31.0,10.31,0,,,57.0,54.0,2,181.61,4,1
East Africa,Male,42,Trader,11,28.89,0.033,18,8.71,0,3.0,0.0,0,,,50.0,80.0,8,453.66,12,1
East Africa,Female,33,Salaried,21,110.36,-0.362,16,3.36,0,4.0,0.0,0,,,35.0,93.0,5,221.82,4,1
East Africa,Female,49,Trader,19,47.59,-1.008,16,3.29,0,4.0,0.0,1,0.871,2.6,49.0,58.0,10,268.29,4,1
East Africa,Male,37,Informal worker,22,21.25,0.44,13,1.4,1,60.0,8.38,0,,,18.0,68.0,5,475.59,12,1
East Africa,Male,62,Salaried,9,20.18,0.341,11,2.8,0,2.0,0.0,1,0.37,0.3,31.0,57.0,2,482.02,8,1
Southern Africa,Male,57,Salaried,13,22.21,0.726,13,3.36,0,6.0,0.0,1,0.925,5.1,39.0,93.0,7,2025.05,8,1
East Africa,Female,60,Salaried,8,11.65,0.367,12,3.08,0,7.0,0.0,0,,,28.0,74.0,1,335.14,4,1
East Africa,Female,37,Salaried,10,33.82,-1.092,12,2.09,0,5.0,0.0,0,,,24.0,70.0,3,308.64,4,1
East Africa,Male,49,Farmer,13,19.89,-0.361,10,1.78,0,0.0,0.0,1,0.799,76.4,49.0,23.0,1,824.59,24,1
West Africa,Male,24,Informal worker,24,134.16,0.263,11,3.69,0,11.0,0.0,1,0.461,6.2,58.0,37.0,7,370.87,8,1
Southern Africa,Male,53,Salaried,13,21.05,-0.009,11,1.35,0,15.0,0.0,1,0.412,26.0,43.0,69.0,4,361.87,8,0
East Africa,Female,53,Farmer,18,21.79,0.013,9,4.98,0,10.0,0.0,0,,,70.0,42.0,6,207.07,8,1
East Africa,Male,54,Informal worker,9,32.46,-1.148,4,2.81,1,43.0,27.56,1,0.707,16.6,25.0,42.0,3,168.83,8,0
Southern Africa,Male,18,Trader,17,33.42,-0.328,17,1.54,0,5.0,0.0,0,,,65.0,62.0,4,212.53,8,1
Southern Africa,Female,39,Informal worker,11,26.78,-0.141,14,1.88,0,9.0,0.0,1,0.829,12.5,67.0,59.0,4,180.59,24,0
Southern Africa,Male,30,Trader,8,13.53,-0.675,11,0.93,0,1.0,0.0,1,0.684,21.7,22.0,82.0,4,85.08,8,1
East Africa,Female,61,Informal worker,14,43.74,0.308,11,1.02,1,50.0,21.0,0,,,27.0,67.0,2,141.67,12,1
West Africa,Female,43,Farmer,14,43.82,0.401,18,1.7,1,78.0,13.52,1,0.759,10.5,37.0,65.0,5,286.41,8,1
Southern Africa,Male,46,Trader,13,84.22,1.011,11,3.91,0,5.0,0.0,1,0.972,0.3,45.0,34.0,5,188.22,12,1
East Africa,Female,38,Farmer,24,269.87,0.988,16,3.83,1,57.0,35.6,0,,,48.0,87.0,10,508.54,52,1
East Africa,Female,23,Informal worker,20,32.87,0.797,14,4.12,0,3.0,0.0,0,,,67.0,60.0,4,147.27,12,1
East Africa,Female,47,Self-employed,11,35.49,-0.581,13,2.73,1,29.0,30.71,0,,,73.0,70.0,2,413.65,8,1
Southern Africa,Female,46,Trader,14,206.36,0.957,14,3.43,1,39.0,11.15,1,0.726,8.0,50.0,49.0,6,502.77,8,1
West Africa,Male,35,Trader,15,18.98,0.938,20,4.42,0,1.0,0.0,0,,,34.0,80.0,5,138.21,8,1
East Africa,Male,47,Informal worker,10,72.94,-0.456,10,3.75,0,9.0,0.0,0,,,85.0,54.0,2,105.92,12,1
West Africa,Male,36,Informal worker,21,79.14,-0.099,9,1.46,0,0.0,0.0,0,,,19.0,55.0,2,328.04,12,1
East Africa,Male,49,Farmer,4,8.75,-0.574,11,7.57,0,22.0,0.0,1,0.578,20.3,39.0,76.0,0,206.3,52,1
Southern Africa,Male,34,Informal worker,31,61.89,-0.088,17,11.36,0,2.0,0.0,0,,,70.0,65.0,17,976.13,4,1
East Africa,Male,54,Salaried,9,76.97,-0.958,11,1.02,1,69.0,5.24,0,,,73.0,17.0,2,127.19,4,1
East Africa,Female,59,Trader,11,36.5,-0.037,8,1.77,0,3.0,0.0,1,0.78,17.2,47.0,72.0,0,156.5,4,1
Central Africa,Male,40,Farmer,20,34.35,0.835,9,4.31,0,21.0,0.0,0,,,53.0,65.0,3,1167.1,12,1
Southern Africa,Female,18,Trader,13,18.13,0.287,9,5.76,0,3.0,0.0,0,,,46.0,33.0,6,95.19,8,0
East Africa,Female,50,Self-employed,8,8.32,-1.02,7,2.05,0,9.0,0.0,1,0.817,12.4,51.0,14.0,2,349.52,8,0
Central Africa,Male,62,Salaried,18,78.51,1.168,20,13.03,1,45.0,25.62,0,,,27.0,44.0,8,287.43,8,1
East Africa,Female,51,Farmer,18,103.25,0.738,5,8.56,0,10.0,0.0,0,,,27.0,79.0,8,347.62,4,1
Southern Africa,Male,34,Self-employed,26,89.51,0.532,24,4.58,1,28.0,38.45,0,,,29.0,83.0,15,745.42,4,1
West Africa,Female,44,Trader,9,23.76,0.364,13,2.07,1,46.0,21.37,0,,,62.0,15.0,0,46.93,8,1
West Africa,Female,35,Informal worker,11,48.0,1.323,5,0.93,0,4.0,0.0,0,,,48.0,64.0,5,477.93,8,1
West Africa,Female,54,Salaried,11,29.3,-0.33,11,1.21,0,1.0,0.0,0,,,81.0,46.0,4,117.7,8,1
West Africa,Female,52,Salaried,25,110.42,0.464,21,6.44,1,86.0,26.85,1,0.775,3.6,79.0,95.0,7,678.15,24,1
East Africa,Female,47,Informal worker,18,14.96,-0.444,12,1.67,0,3.0,0.0,0,,,54.0,95.0,6,1091.01,8,0
West Africa,Female,36,Trader,9,13.81,-0.524,9,1.7,0,3.0,0.0,0,,,22.0,16.0,3,506.23,8,1
East Africa,Female,26,Trader,18,33.5,0.646,12,4.34,0,8.0,0.0,0,,,72.0,80.0,11,679.63,8,1
West Africa,Male,46,Trader,10,10.06,-1.308,6,1.42,1,45.0,5.77,0,,,62.0,39.0,1,76.67,8,1
West Africa,Female,33,Salaried,13,106.86,-0.972,13,3.31,1,69.0,14.32,0,,,60.0,55.0,3,67.13,12,1
Central Africa,Female,60,Farmer,13,27.5,0.055,16,1.76,0,2.0,0.0,1,0.862,26.2,56.0,67.0,0,111.33,4,1
Southern Africa,Male,20,Farmer,6,26.7,-0.437,7,2.22,0,1.0,0.0,1,0.544,28.6,25.0,84.0,3,181.09,8,1
Central Africa,Prefer not to say,57,Trader,15,83.46,0.74,12,5.8,0,19.0,0.0,0,,,60.0,38.0,5,90.99,8,1
East Africa,Female,54,Farmer,5,15.25,-1.259,10,0.55,0,6.0,0.0,0,,,52.0,33.0,5,131.11,8,0
West Africa,Female,42,Farmer,7,16.06,-0.348,8,3.2,0,2.0,0.0,1,0.599,8.6,30.0,75.0,4,475.71,8,1
East Africa,Male,64,Farmer,25,35.79,0.172,22,2.12,1,76.0,47.13,0,,,64.0,72.0,5,138.12,12,1
East Africa,Female,51,Farmer,10,36.65,0.562,21,5.93,0,8.0,0.0,1,0.725,35.5,50.0,19.0,5,793.66,24,0
West Africa,Female,19,Trader,12,47.66,-0.154,7,3.07,0,2.0,0.0,1,0.788,6.6,56.0,69.0,9,248.12,4,0
Central Africa,Male,36,Trader,29,51.59,0.448,19,2.58,1,77.0,53.41,1,0.523,3.8,58.0,77.0,9,576.92,12,1
East Africa,Female,57,Self-employed,16,39.9,0.224,12,2.05,0,1.0,0.0,1,0.581,5.0,59.0,23.0,2,115.58,4,1
Southern Africa,Female,54,Informal worker,6,32.18,-0.27,12,1.57,1,74.0,9.58,0,,,31.0,53.0,1,115.18,4,0
East Africa,Male,25,Informal worker,13,37.63,-0.324,16,2.83,0,4.0,0.0,0,,,34.0,72.0,7,251.52,12,1
East Africa,Female,25,Self-employed,22,149.77,-0.492,15,2.48,1,69.0,24.35,1,0.614,13.0,43.0,43.0,8,431.36,52,1
West Africa,Male,61,Informal worker,20,77.13,0.91,19,3.97,1,61.0,18.58,1,0.926,3.0,67.0,99.0,12,295.14,24,1
Central Africa,Female,20,Informal worker,18,53.17,-0.119,14,2.66,1,94.0,37.58,0,,,53.0,50.0,3,247.69,4,1
East Africa,Female,62,Farmer,8,90.94,0.016,15,1.64,1,65.0,50.32,1,0.75,18.4,53.0,65.0,2,414.54,12,1
West Africa,Male,43,Trader,28,89.98,0.814,10,5.8,0,5.0,0.0,1,0.965,6.1,16.0,81.0,12,2075.05,4,1
West Africa,Male,55,Farmer,8,9.34,-0.693,14,6.99,1,43.0,17.81,1,0.535,13.7,38.0,70.0,4,158.55,4,0
East Africa,Male,28,Salaried,17,86.96,0.28,8,2.22,0,2.0,0.0,0,,,34.0,59.0,2,433.66,4,1
Central Africa,Male,34,Farmer,20,25.43,0.504,18,2.33,0,3.0,0.0,1,0.757,3.6,45.0,45.0,4,245.0,4,1
Central Africa,Female,52,Trader,10,42.87,-0.493,11,3.05,1,63.0,26.61,1,0.956,3.6,52.0,11.0,4,147.99,8,1
Southern Africa,Male,25,Salaried,19,27.66,-0.147,11,3.73,0,5.0,0.0,0,,,68.0,84.0,7,171.12,4,1
Central Africa,Male,22,Trader,12,49.08,-0.57,15,2.22,0,8.0,0.0,0,,,30.0,48.0,5,111.46,4,1
Southern Africa,Male,46,Informal worker,13,19.56,-0.371,20,1.28,1,61.0,9.09,1,0.753,5.0,37.0,51.0,3,206.37,4,1
West Africa,Female,18,Informal worker,27,64.79,0.737,12,2.24,0,1.0,0.0,0,,,42.0,60.0,5,674.31,24,0
East Africa,Female,62,Farmer,15,50.26,-1.079,12,1.61,1,56.0,17.8,1,0.925,21.9,74.0,49.0,5,470.94,4,1
West Africa,Male,49,Trader,18,27.36,0.237,22,6.4,0,11.0,0.0,0,,,77.0,80.0,12,380.68,24,1
West Africa,Male,51,Farmer,21,31.45,0.363,22,2.96,1,63.0,14.23,0,,,52.0,79.0,6,363.74,12,1
East Africa,Male,41,Salaried,15,16.75,0.205,7,1.69,0,11.0,0.0,1,0.926,0.2,63.0,14.0,8,307.6,8,1
West Africa,Male,47,Salaried,11,88.67,-0.936,9,1.49,1,49.0,14.72,1,0.804,7.3,81.0,78.0,2,209.03,24,0
Central Africa,Male,62,Salaried,27,60.0,0.147,18,3.72,1,58.0,57.81,0,,,67.0,77.0,10,528.1,4,0
Central Africa,Female,18,Trader,25,55.15,0.349,15,4.0,0,1.0,0.0,0,,,58.0,69.0,8,239.03,12,1
East Africa,Female,29,Trader,37,41.97,0.119,20,3.41,0,5.0,0.0,0,,,58.0,48.0,8,799.7,4,1
Southern Africa,Male,50,Informal worker,8,16.27,-1.367,15,3.86,0,5.0,0.0,0,,,28.0,46.0,1,128.56,12,0
East Africa,Female,23,Informal worker,9,9.32,0.424,14,5.2,0,13.0,0.0,1,0.749,18.8,33.0,65.0,1,84.26,8,0
West Africa,Female,29,Trader,5,33.28,-0.62,12,1.58,0,5.0,0.0,0,,,26.0,61.0,3,415.32,4,0
West Africa,Male,19,Trader,18,31.08,0.053,18,2.53,0,3.0,0.0,0,,,25.0,78.0,8,245.36,8,0
West Africa,Male,20,Trader,16,53.66,0.212,10,2.88,0,5.0,0.0,0,,,62.0,26.0,5,335.49,8,1
West Africa,Female,38,Farmer,8,55.68,0.776,19,3.33,0,9.0,0.0,1,0.633,25.4,43.0,80.0,5,295.47,4,1
West Africa,Male,49,Informal worker,21,216.51,0.763,17,2.38,1,61.0,12.83,0,,,55.0,84.0,7,118.45,4,1
West Africa,Female,22,Self-employed,21,22.98,0.339,16,2.32,0,3.0,0.0,0,,,37.0,48.0,5,163.04,12,1
West Africa,Female,64,Trader,9,29.32,-1.423,14,0.94,0,0.0,0.0,0,,,12.0,74.0,1,273.96,8,0
Central Africa,Female,54,Farmer,15,37.98,1.116,17,2.66,1,59.0,44.15,1,0.757,3.3,78.0,87.0,6,493.27,8,1
West Africa,Male,49,Farmer,21,16.42,0.229,14,2.47,1,20.0,24.86,0,,,56.0,40.0,15,368.02,24,0
West Africa,Male,21,Farmer,7,154.79,-1.408,11,2.13,1,75.0,11.09,1,0.649,7.6,58.0,64.0,3,187.55,8,1
East Africa,Female,42,Trader,28,29.74,0.756,13,2.02,1,81.0,16.76,1,0.812,8.2,44.0,74.0,5,80.14,4,1
East Africa,Male,61,Trader,22,57.47,-0.38,19,3.65,1,43.0,18.07,1,0.723,3.7,35.0,88.0,10,332.71,12,1
East Africa,Male,29,Trader,13,33.19,-0.655,9,1.92,1,71.0,22.05,1,0.624,8.2,42.0,52.0,4,355.05,4,1
West Africa,Female,43,Informal worker,20,51.52,-0.527,16,5.01,1,81.0,50.75,0,,,19.0,26.0,7,122.88,12,1
East Africa,Male,44,Informal worker,11,403.29,-1.595,5,1.48,0,1.0,0.0,1,0.704,6.5,45.0,68.0,3,125.13,12,0
East Africa,Female,50,Informal worker,12,49.31,-0.275,8,5.09,0,15.0,0.0,1,0.412,30.3,33.0,88.0,3,252.89,8,0
Southern Africa,Female,61,Farmer,25,80.54,1.559,18,6.8,1,19.0,39.07,0,,,52.0,92.0,12,315.51,8,0
East Africa,Female,24,Farmer,24,69.0,0.19,15,2.34,1,89.0,23.63,1,0.628,8.1,48.0,42.0,8,187.26,4,1
East Africa,Male,20,Trader,29,52.03,-0.211,9,3.24,1,38.0,31.27,0,,,17.0,72.0,8,121.64,8,1
East Africa,Prefer not to say,22,Trader,10,85.78,-0.351,7,5.21,0,11.0,0.0,0,,,79.0,69.0,5,663.03,4,1
West Africa,Female,30,Trader,11,71.35,-0.381,11,3.34,0,4.0,0.0,0,,,73.0,49.0,3,165.15,4,0
East Africa,Male,34,Trader,14,49.53,-0.654,15,2.87,1,84.0,24.04,0,,,28.0,56.0,6,336.23,24,1
West Africa,Female,59,Self-employed,6,38.51,-0.104,7,1.4,1,76.0,11.32,0,,,19.0,62.0,1,289.25,24,1
West Africa,Male,42,Self-employed,4,61.37,0.115,7,0.82,0,2.0,0.0,0,,,41.0,11.0,0,165.84,24,1
Southern Africa,Male,53,Salaried,26,71.94,1.083,22,3.46,1,73.0,47.57,0,,,32.0,74.0,9,205.51,52,1
West Africa,Female,45,Informal worker,11,76.03,0.365,15,2.88,0,4.0,0.0,1,0.23,3.6,42.0,47.0,1,590.43,8,1
West Africa,Male,62,Informal worker,15,42.44,0.409,4,2.22,0,6.0,0.0,1,0.837,22.7,71.0,55.0,5,227.47,24,0
Southern Africa,Male,33,Informal worker,31,88.85,0.299,20,1.32,0,1.0,0.0,0,,,64.0,84.0,6,285.11,4,1
East Africa,Female,49,Informal worker,4,12.03,-0.071,11,3.85,1,71.0,31.12,1,0.894,1.2,30.0,38.0,1,396.15,12,1
Southern Africa,Male,30,Trader,11,21.29,0.044,13,3.2,0,4.0,0.0,1,0.756,30.9,14.0,41.0,2,97.24,8,0
Central Africa,Female,28,Self-employed,6,87.62,-1.142,4,6.95,0,10.0,0.0,1,0.794,12.0,58.0,27.0,2,119.14,24,0
Central Africa,Male,64,Salaried,25,69.17,0.018,27,3.3,0,3.0,0.0,1,0.614,4.4,50.0,75.0,5,922.37,12,1
East Africa,Female,19,Trader,17,46.59,0.35,10,3.78,1,36.0,22.12,1,0.665,21.9,39.0,68.0,4,231.49,8,1
West Africa,Female,30,Farmer,25,173.62,0.873,18,4.47,0,10.0,0.0,0,,,66.0,66.0,5,392.12,4,0
East Africa,Male,36,Salaried,8,42.55,-0.706,11,2.33,1,54.0,18.58,0,,,58.0,15.0,1,139.62,4,1
East Africa,Female,24,Self-employed,19,43.66,-0.131,11,3.14,1,85.0,9.31,0,,,39.0,58.0,6,257.02,8,1
East Africa,Male,54,Farmer,15,43.0,0.005,11,3.96,0,2.0,0.0,0,,,16.0,42.0,5,203.48,12,0
West Africa,Male,34,Farmer,16,98.35,0.487,25,4.92,0,6.0,0.0,0,,,48.0,51.0,8,879.35,12,1
West Africa,Male,39,Farmer,23,94.6,1.004,8,5.14,1,49.0,134.06,0,,,19.0,72.0,6,178.22,4,1
West Africa,Male,32,Farmer,19,62.36,1.144,13,2.74,0,5.0,0.0,1,0.681,14.7,61.0,71.0,7,249.47,8,1
West Africa,Male,59,Trader,15,216.42,0.548,13,4.1,1,76.0,44.02,1,0.786,0.5,42.0,87.0,8,135.43,12,1
West Africa,Female,37,Trader,28,32.89,-1.158,18,4.93,0,6.0,0.0,1,0.957,10.0,54.0,53.0,9,535.89,52,1
Central Africa,Female,55,Farmer,11,44.7,-0.793,11,2.43,1,68.0,15.25,0,,,47.0,29.0,2,218.59,12,1
West Africa,Prefer not to say,47,Farmer,7,33.33,-0.165,14,4.89,1,78.0,13.55,1,0.669,10.7,47.0,89.0,1,217.57,8,1
East Africa,Female,62,Salaried,17,26.21,0.601,12,3.93,0,18.0,0.0,1,0.526,16.7,27.0,69.0,4,585.87,8,1
Central Africa,Male,46,Farmer,13,22.4,0.529,6,1.13,1,85.0,23.29,1,0.653,10.5,44.0,61.0,2,116.44,4,1
East Africa,Male,64,Farmer,7,44.33,0.586,15,4.38,0,3.0,0.0,1,0.585,8.0,58.0,72.0,4,251.08,12,1
East Africa,Male,50,Farmer,17,33.24,-0.187,16,1.45,0,23.0,0.0,1,0.647,22.3,41.0,60.0,6,562.9,12,1
Southern Africa,Female,20,Salaried,17,37.52,0.143,16,5.34,1,62.0,33.97,0,,,52.0,63.0,4,291.17,24,1
West Africa,Female,25,Farmer,14,9.0,0.35,4,1.73,0,3.0,0.0,0,,,49.0,44.0,4,117.99,12,1
East Africa,Male,55,Informal worker,18,132.94,-0.879,18,3.11,1,20.0,25.41,1,0.5,15.5,79.0,86.0,4,288.24,24,1
Southern Africa,Male,20,Trader,17,51.92,-0.435,8,1.07,0,11.0,0.0,0,,,24.0,77.0,2,386.89,8,1
Southern Africa,Male,26,Trader,11,56.15,0.719,19,1.68,1,87.0,13.48,1,0.843,2.2,16.0,55.0,1,481.5,8,0
Southern Africa,Female,55,Self-employed,8,22.06,0.154,11,3.69,0,2.0,0.0,0,,,60.0,73.0,3,183.9,52,1
Central Africa,Male,34,Trader,18,70.58,0.242,15,2.37,0,0.0,0.0,1,0.788,5.9,20.0,93.0,9,315.05,12,1
East Africa,Female,28,Farmer,12,37.38,-0.106,7,1.69,0,5.0,0.0,1,0.941,8.5,61.0,65.0,5,734.98,12,1
Southern Africa,Male,27,Trader,12,41.52,1.067,10,2.28,0,7.0,0.0,1,0.802,1.4,9.0,78.0,3,117.15,12,1
East Africa,Male,32,Farmer,9,27.29,0.051,10,1.42,0,7.0,0.0,0,,,61.0,84.0,2,478.86,12,1
Southern Africa,Male,57,Informal worker,16,26.06,0.565,13,5.25,1,43.0,22.79,0,,,51.0,59.0,5,330.99,12,0
Southern Africa,Female,39,Informal worker,17,46.27,0.481,9,1.8,0,1.0,0.0,1,0.748,6.2,18.0,34.0,8,275.91,8,1
Southern Africa,Female,62,Salaried,24,59.06,2.084,12,3.55,1,45.0,18.39,0,,,48.0,86.0,11,1266.14,8,1
Central Africa,Male,51,Trader,12,31.8,-0.181,10,3.54,0,17.0,0.0,0,,,63.0,23.0,3,602.63,4,1
West Africa,Male,30,Farmer,8,20.25,0.094,14,0.98,0,2.0,0.0,1,0.974,5.4,50.0,83.0,8,261.2,4,1
Southern Africa,Male,25,Self-employed,8,31.86,0.279,11,1.77,1,31.0,26.95,0,,,45.0,69.0,4,945.76,8,1
West Africa,Male,62,Farmer,8,50.47,-0.991,14,4.14,0,5.0,0.0,0,,,63.0,46.0,1,84.58,24,1
East Africa,Male,60,Salaried,12,56.56,0.869,12,3.29,1,23.0,10.91,0,,,69.0,36.0,2,121.99,12,1
Southern Africa,Male,23,Informal worker,22,52.84,-0.098,11,5.81,0,10.0,0.0,0,,,59.0,85.0,6,410.99,4,0
Southern Africa,Female,33,Trader,10,53.53,-0.601,12,4.03,1,76.0,19.6,0,,,75.0,60.0,7,959.32,8,1
East Africa,Female,52,Self-employed,16,18.48,0.171,11,3.83,0,3.0,0.0,1,0.718,7.1,17.0,59.0,3,146.5,12,1
East Africa,Female,64,Farmer,4,91.92,-1.106,9,2.22,1,88.0,10.58,0,,,23.0,58.0,2,1981.33,4,1
West Africa,Female,60,Informal worker,23,230.96,0.167,15,4.6,0,12.0,0.0,0,,,14.0,53.0,11,304.47,4,1
West Africa,Prefer not to say,31,Trader,10,12.35,-0.195,13,3.29,0,0.0,0.0,1,0.778,20.7,30.0,19.0,0,159.12,52,1
West Africa,Prefer not to say,60,Informal worker,14,46.54,-0.792,18,5.51,1,54.0,29.35,0,,,43.0,75.0,4,191.23,8,1
Central Africa,Male,52,Farmer,38,107.39,0.976,20,5.67,1,53.0,20.4,1,0.868,5.6,42.0,71.0,13,298.34,52,1
West Africa,Male,39,Trader,18,49.42,-0.854,15,2.04,0,13.0,0.0,0,,,12.0,81.0,6,292.54,12,1
Central Africa,Male,35,Self-employed,18,42.79,0.397,20,4.69,1,43.0,24.55,1,0.736,1.6,47.0,64.0,8,258.79,4,1
West Africa,Female,56,Trader,13,37.81,-0.099,14,1.19,0,3.0,0.0,0,,,62.0,53.0,5,170.85,8,1
Southern Africa,Male,57,Farmer,13,79.06,0.259,11,2.19,0,5.0,0.0,1,0.874,1.7,63.0,49.0,5,241.36,8,1
East Africa,Male,60,Trader,14,29.3,0.188,16,2.19,1,71.0,36.92,1,0.786,22.1,32.0,87.0,6,830.13,24,1
Southern Africa,Female,39,Informal worker,11,39.47,0.784,14,2.54,0,13.0,0.0,0,,,17.0,48.0,4,323.58,12,1
East Africa,Female,30,Farmer,34,115.83,-0.739,20,5.24,1,55.0,31.88,0,,,82.0,82.0,7,363.93,24,1
Southern Africa,Female,58,Informal worker,33,142.32,0.418,15,3.66,1,68.0,28.33,1,0.654,4.0,22.0,59.0,8,4045.1,8,1
Central Africa,Female,32,Informal worker,12,55.19,0.176,12,2.61,0,5.0,0.0,1,0.805,9.7,23.0,89.0,1,263.35,12,0
East Africa,Female,53,Salaried,13,70.93,1.119,8,4.22,0,8.0,0.0,0,,,27.0,62.0,5,474.14,4,1
West Africa,Female,41,Self-employed,4,20.62,-0.776,7,3.42,0,13.0,0.0,0,,,22.0,50.0,0,98.18,4,0
West Africa,Male,45,Salaried,12,32.16,-0.153,11,4.0,1,17.0,8.86,0,,,43.0,61.0,4,245.22,4,1
Southern Africa,Female,27,Farmer,28,71.83,1.263,9,3.02,0,4.0,0.0,1,0.836,14.8,72.0,41.0,7,352.69,4,1
East Africa,Female,29,Informal worker,24,37.41,0.209,18,7.63,1,40.0,12.55,1,0.522,2.4,44.0,91.0,8,967.54,8,1
East Africa,Male,48,Trader,11,38.6,0.631,13,2.61,1,13.0,16.47,1,0.777,4.6,48.0,88.0,4,456.62,52,1
East Africa,Prefer not to say,30,Trader,24,84.0,1.221,14,4.32,0,2.0,0.0,0,,,61.0,79.0,11,376.05,12,1
East Africa,Female,49,Farmer,15,99.43,0.729,12,3.37,0,3.0,0.0,0,,,53.0,62.0,6,503.61,4,1
Southern Africa,Female,64,Farmer,21,180.15,-0.161,19,2.39,0,1.0,0.0,1,0.635,10.8,57.0,64.0,6,277.08,8,1
Southern Africa,Female,21,Farmer,21,149.47,-0.282,13,0.92,0,5.0,0.0,0,,,13.0,85.0,1,107.5,12,0
Southern Africa,Male,61,Farmer,11,24.91,-0.956,10,2.61,0,8.0,0.0,0,,,47.0,19.0,8,292.73,8,0
Southern Africa,Male,26,Informal worker,19,117.9,-0.231,12,2.53,0,4.0,0.0,1,0.789,27.1,54.0,25.0,2,317.9,8,1
Central Africa,Male,24,Self-employed,8,43.94,0.04,12,1.42,0,19.0,0.0,0,,,36.0,81.0,6,192.0,4,1
East Africa,Female,57,Trader,25,47.71,1.154,17,5.74,0,4.0,0.0,1,0.853,1.4,46.0,86.0,6,812.87,4,1
Central Africa,Female,27,Farmer,25,49.53,0.425,16,2.01,0,5.0,0.0,0,,,43.0,38.0,8,231.89,52,0
West Africa,Prefer not to say,48,Trader,19,31.96,0.839,15,6.35,0,7.0,0.0,1,0.979,31.5,71.0,81.0,13,529.25,8,0
East Africa,Female,23,Trader,7,31.62,-0.861,12,1.78,1,68.0,12.14,1,0.714,59.1,24.0,88.0,5,51.67,12,1
Southern Africa,Female,22,Self-employed,21,111.32,-0.742,19,5.02,1,69.0,39.35,0,,,59.0,74.0,8,729.08,12,1
East Africa,Male,27,Trader,33,42.26,1.548,18,3.76,0,5.0,0.0,1,0.929,13.6,54.0,39.0,10,857.86,24,1
West Africa,Male,42,Trader,11,22.7,0.253,13,1.63,1,67.0,9.27,1,0.824,7.7,12.0,39.0,3,194.49,8,1
East Africa,Male,31,Farmer,14,35.97,0.476,17,0.51,0,3.0,0.0,0,,,19.0,73.0,3,503.99,8,1
East Africa,Female,28,Trader,24,176.5,-0.468,17,6.32,1,96.0,54.81,1,0.869,9.6,91.0,79.0,15,380.5,4,1
Central Africa,Male,57,Farmer,16,9.76,-0.581,13,2.54,1,38.0,14.97,0,,,69.0,53.0,3,262.55,12,0
East Africa,Female,26,Self-employed,21,75.3,-0.387,13,3.82,1,37.0,16.05,1,0.851,2.1,24.0,85.0,1,555.02,8,1
West Africa,Female,22,Informal worker,5,27.85,-0.665,6,1.23,1,82.0,12.71,1,0.784,1.4,23.0,17.0,4,70.36,4,1
East Africa,Male,23,Farmer,6,50.43,0.227,17,1.55,1,84.0,79.8,0,,,53.0,33.0,3,593.21,8,0
East Africa,Female,59,Informal worker,11,9.08,0.302,17,3.65,0,1.0,0.0,1,0.345,5.6,59.0,42.0,3,541.19,8,1
West Africa,Female,40,Salaried,3,17.99,0.042,14,2.24,0,7.0,0.0,1,0.729,2.3,62.0,85.0,2,96.25,4,1
East Africa,Female,63,Trader,16,35.35,-0.324,11,2.09,0,12.0,0.0,0,,,39.0,65.0,3,119.89,52,1
East Africa,Male,55,Informal worker,14,13.21,-0.269,12,1.53,0,7.0,0.0,0,,,17.0,91.0,2,111.53,4,1
West Africa,Male,31,Informal worker,13,153.03,0.348,16,3.72,0,1.0,0.0,1,0.788,8.5,77.0,32.0,4,378.85,4,1
East Africa,Male,55,Informal worker,21,91.72,-0.432,24,2.61,1,88.0,30.93,1,0.541,5.5,31.0,82.0,9,83.41,24,1
East Africa,Female,39,Trader,16,81.22,-0.246,17,2.66,0,0.0,0.0,0,,,37.0,43.0,5,213.7,4,1
Southern Africa,Female,44,Informal worker,18,88.87,0.169,17,4.58,1,75.0,13.01,0,,,70.0,51.0,6,949.32,8,1
East Africa,Prefer not to say,42,Salaried,21,19.67,0.286,16,1.6,0,3.0,0.0,1,0.807,16.6,37.0,46.0,6,264.15,52,1
West Africa,Female,53,Informal worker,21,21.87,0.483,14,5.09,0,1.0,0.0,1,0.672,8.4,63.0,24.0,9,189.23,24,1
Central Africa,Male,27,Trader,15,80.38,-1.038,10,4.6,0,6.0,0.0,0,,,69.0,68.0,3,412.59,8,1
East Africa,Prefer not to say,20,Trader,19,36.17,-0.229,16,3.18,1,83.0,70.31,0,,,47.0,72.0,11,691.86,12,1
West Africa,Male,52,Informal worker,12,41.11,-0.985,7,2.21,1,78.0,11.09,1,0.826,4.5,80.0,70.0,1,50.18,52,1
Southern Africa,Male,62,Informal worker,10,19.24,0.262,13,1.22,1,48.0,9.66,1,0.773,17.3,22.0,95.0,4,253.96,4,1
West Africa,Female,45,Self-employed,12,16.58,-0.898,10,2.02,1,73.0,9.77,1,0.807,6.1,23.0,43.0,1,731.14,52,1
Southern Africa,Female,23,Farmer,27,67.85,0.168,20,7.64,1,39.0,46.81,0,,,41.0,64.0,10,147.53,24,1
Southern Africa,Female,23,Trader,18,19.8,-1.122,13,2.17,0,5.0,0.0,1,0.925,14.6,41.0,41.0,3,144.18,12,1
Central Africa,Female,43,Salaried,12,13.66,0.641,11,2.52,0,3.0,0.0,0,,,60.0,77.0,6,330.59,4,1
Central Africa,Male,60,Informal worker,27,65.69,0.323,17,5.1,1,65.0,18.54,1,0.664,10.3,35.0,46.0,6,640.18,12,1
West Africa,Male,46,Farmer,16,187.85,1.085,11,2.52,1,67.0,12.95,1,0.234,39.8,78.0,77.0,5,261.28,8,1
Southern Africa,Male,32,Informal worker,8,56.03,-1.884,14,1.21,0,7.0,0.0,0,,,32.0,22.0,2,104.03,4,0
West Africa,Female,47,Farmer,6,11.78,-1.222,6,1.3,0,7.0,0.0,1,0.634,0.4,68.0,40.0,3,41.04,4,0
East Africa,Male,25,Trader,24,41.53,0.566,14,4.49,1,45.0,39.0,0,,,70.0,44.0,6,2248.54,8,1
East Africa,Male,40,Trader,13,41.85,1.111,18,2.39,1,42.0,31.99,1,0.853,33.2,92.0,28.0,5,898.07,12,1
West Africa,Male,64,Trader,12,34.19,-0.998,9,1.49,0,17.0,0.0,0,,,23.0,82.0,2,133.07,4,1
West Africa,Female,47,Informal worker,10,19.34,-1.455,9,3.51,0,6.0,0.0,1,0.777,4.2,38.0,79.0,2,252.19,8,0
West Africa,Female,22,Trader,14,64.79,-0.338,12,1.63,1,84.0,21.75,0,,,49.0,66.0,2,246.17,4,1
West Africa,Male,27,Salaried,7,29.0,-0.48,14,1.63,0,6.0,0.0,1,0.708,16.1,42.0,22.0,4,81.16,12,1
West Africa,Male,20,Trader,22,65.69,0.487,11,5.41,0,9.0,0.0,0,,,52.0,25.0,10,316.12,52,1
Central Africa,Female,36,Informal worker,15,138.65,1.126,12,3.87,0,2.0,0.0,1,0.448,73.1,58.0,46.0,6,252.67,8,0
East Africa,Female,29,Farmer,18,43.34,-0.248,11,3.75,0,0.0,0.0,0,,,78.0,88.0,7,261.82,12,1
Southern Africa,Male,64,Trader,3,85.64,-0.581,5,2.5,1,25.0,7.82,1,0.559,14.4,36.0,40.0,2,209.76,8,1
Southern Africa,Male,33,Informal worker,42,111.03,0.643,17,9.72,0,13.0,0.0,1,0.763,10.0,73.0,67.0,10,147.1,12,1
Southern Africa,Female,19,Self-employed,15,33.77,0.36,16,3.52,0,3.0,0.0,1,0.791,5.7,7.0,74.0,8,255.09,4,1
East Africa,Female,38,Self-employed,22,57.82,0.397,18,3.12,1,63.0,29.06,1,0.85,3.3,43.0,27.0,8,770.72,24,1
Central Africa,Male,52,Trader,26,43.37,-0.216,21,3.86,1,23.0,35.26,1,0.586,2.5,47.0,77.0,7,538.39,24,1
Southern Africa,Female,50,Farmer,10,12.68,0.377,12,1.25,1,59.0,16.1,0,,,40.0,81.0,2,1729.04,24,1
Southern Africa,Female,63,Trader,20,7.37,-0.365,17,4.33,1,71.0,50.86,1,0.776,0.1,58.0,68.0,13,427.14,24,0
Central Africa,Male,35,Farmer,18,25.67,-0.293,18,1.82,1,62.0,26.2,0,,,97.0,74.0,5,449.71,4,1
East Africa,Male,42,Farmer,14,8.6,-0.443,8,1.66,1,53.0,11.36,0,,,52.0,84.0,3,273.67,8,0
East Africa,Female,44,Self-employed,18,20.9,-0.97,13,3.24,0,13.0,0.0,0,,,50.0,59.0,7,78.23,24,1
Central Africa,Male,19,Informal worker,21,108.61,0.839,12,0.95,1,44.0,22.41,1,0.924,14.6,49.0,87.0,8,481.14,52,1
East Africa,Male,18,Trader,17,38.66,-0.282,19,1.8,0,14.0,0.0,0,,,50.0,51.0,10,271.72,8,1
Southern Africa,Female,55,Self-employed,26,167.37,-0.252,22,5.67,0,12.0,0.0,0,,,70.0,75.0,6,131.41,8,1
West Africa,Male,36,Informal worker,7,21.83,0.616,9,1.12,1,82.0,24.93,1,0.863,1.8,42.0,77.0,2,49.31,24,1
West Africa,Female,50,Trader,17,97.37,0.385,16,6.1,0,3.0,0.0,1,0.715,5.9,63.0,37.0,5,325.69,8,1
East Africa,Male,62,Salaried,19,47.35,-0.293,19,2.11,0,9.0,0.0,1,0.793,29.2,50.0,24.0,2,427.97,4,1
West Africa,Male,29,Informal worker,15,29.68,-0.211,8,2.43,0,10.0,0.0,0,,,71.0,85.0,9,187.11,4,1
Central Africa,Male,54,Farmer,5,63.16,-0.292,15,1.48,1,78.0,11.58,0,,,5.0,61.0,0,322.78,12,1
West Africa,Prefer not to say,28,Trader,9,140.66,-0.097,18,1.68,0,7.0,0.0,0,,,55.0,47.0,5,129.34,12,1
Southern Africa,Female,52,Trader,7,20.98,-0.142,8,0.48,1,33.0,3.81,0,,,20.0,45.0,1,159.92,12,1
West Africa,Female,25,Trader,27,40.5,0.737,17,4.93,0,4.0,0.0,1,0.677,5.8,45.0,84.0,9,176.22,4,1
Central Africa,Male,32,Salaried,14,42.19,0.978,12,3.76,0,3.0,0.0,0,,,59.0,35.0,4,228.2,4,1
East Africa,Female,40,Trader,10,48.08,0.122,10,2.94,1,31.0,11.6,0,,,24.0,47.0,2,283.95,24,1
West Africa,Male,40,Farmer,42,127.86,1.136,34,9.88,0,4.0,0.0,1,0.593,5.4,51.0,81.0,13,808.93,12,1
West Africa,Female,19,Self-employed,9,37.3,-0.865,8,2.42,0,16.0,0.0,0,,,69.0,73.0,2,262.64,24,0
East Africa,Male,57,Self-employed,21,33.04,0.215,24,3.82,0,5.0,0.0,0,,,29.0,81.0,10,187.45,4,1
Central Africa,Female,18,Salaried,26,284.34,-0.105,22,3.65,0,1.0,0.0,0,,,41.0,92.0,6,202.3,52,1
Central Africa,Male,59,Salaried,21,22.44,0.292,12,2.4,1,52.0,16.08,1,0.408,1.8,36.0,29.0,3,203.54,12,1
West Africa,Male,27,Self-employed,6,22.29,-0.273,10,1.54,1,31.0,6.19,0,,,8.0,17.0,2,107.27,8,1
East Africa,Female,51,Salaried,8,66.82,-0.127,10,2.19,0,8.0,0.0,0,,,57.0,52.0,5,545.4,4,1
West Africa,Male,51,Farmer,6,13.74,0.163,5,0.89,0,5.0,0.0,0,,,33.0,32.0,4,117.21,8,1
East Africa,Male,39,Trader,17,58.64,1.02,14,3.59,0,12.0,0.0,1,0.859,2.7,71.0,77.0,10,901.95,24,1
East Africa,Female,43,Trader,12,45.92,-1.265,11,1.2,0,7.0,0.0,0,,,59.0,21.0,5,136.71,4,0
West Africa,Male,21,Farmer,15,60.14,-0.132,12,1.79,0,4.0,0.0,1,0.948,13.7,37.0,30.0,3,184.37,8,1
East Africa,Female,60,Trader,10,35.51,-0.308,9,1.78,1,76.0,9.23,0,,,43.0,26.0,2,382.71,52,0
Central Africa,Female,23,Farmer,20,41.48,-0.609,18,3.59,1,44.0,19.33,0,,,51.0,64.0,5,112.45,4,1
West Africa,Female,48,Trader,22,72.08,0.599,13,4.15,1,95.0,42.01,1,0.983,17.7,31.0,63.0,5,840.93,8,1
West Africa,Male,18,Informal worker,7,16.78,-0.003,8,1.02,0,1.0,0.0,1,0.95,10.7,51.0,30.0,3,142.83,4,1
West Africa,Female,53,Farmer,5,8.27,-0.672,9,3.21,0,2.0,0.0,1,0.617,11.7,5.0,56.0,1,245.18,8,0
West Africa,Female,34,Trader,12,30.42,0.42,17,2.23,1,37.0,22.69,0,,,34.0,91.0,4,349.04,24,1
West Africa,Male,40,Informal worker,5,32.1,-0.276,10,1.92,1,92.0,14.83,1,0.801,9.8,24.0,54.0,4,216.52,12,1
East Africa,Female,19,Trader,15,83.15,-0.337,15,2.96,0,11.0,0.0,0,,,81.0,85.0,9,280.12,24,1
West Africa,Prefer not to say,28,Farmer,21,90.41,-0.138,10,1.98,0,10.0,0.0,0,,,72.0,40.0,4,135.8,4,0
Southern Africa,Male,38,Trader,9,94.8,-1.106,16,1.83,0,0.0,0.0,0,,,66.0,74.0,5,319.2,12,1
Central Africa,Male,51,Informal worker,18,20.62,0.106,12,7.19,1,69.0,27.66,0,,,26.0,77.0,7,109.96,12,1
Central Africa,Female,46,Salaried,13,22.87,0.336,8,6.07,1,85.0,24.61,1,0.879,45.6,35.0,47.0,4,202.46,24,1
Southern Africa,Male,30,Trader,15,26.68,0.195,10,2.46,0,4.0,0.0,1,0.746,7.4,71.0,59.0,3,346.61,12,1
West Africa,Female,46,Salaried,10,54.41,-0.151,11,2.84,0,1.0,0.0,0,,,44.0,46.0,4,199.22,8,0
West Africa,Male,28,Salaried,10,34.76,-0.336,9,2.89,0,5.0,0.0,1,0.887,5.9,73.0,72.0,8,296.26,8,1
West Africa,Male,44,Self-employed,28,104.31,0.991,24,7.9,1,79.0,30.43,1,0.924,10.4,62.0,42.0,10,352.08,4,1
Central Africa,Female,43,Salaried,10,45.91,-0.555,7,0.59,1,56.0,19.67,1,0.776,6.3,27.0,72.0,2,227.85,4,1
Central Africa,Prefer not to say,28,Informal worker,4,37.9,-0.976,19,1.32,0,2.0,0.0,0,,,59.0,17.0,1,207.84,4,1
East Africa,Male,27,Trader,13,20.53,1.061,13,1.78,0,18.0,0.0,0,,,38.0,91.0,4,48.32,4,1
West Africa,Female,42,Trader,9,31.13,-0.702,7,0.83,0,7.0,0.0,1,0.787,24.3,42.0,62.0,2,95.0,24,1
East Africa,Male,45,Trader,17,71.73,-0.32,13,3.82,1,20.0,26.21,0,,,35.0,53.0,15,282.03,4,1
West Africa,Male,64,Farmer,12,48.42,0.203,17,3.95,0,13.0,0.0,1,0.992,0.7,9.0,43.0,4,177.31,4,1
Central Africa,Male,41,Self-employed,5,20.48,-1.089,4,1.65,0,6.0,0.0,0,,,21.0,62.0,1,123.31,4,0
West Africa,Male,38,Trader,15,125.1,0.684,8,1.89,0,5.0,0.0,1,0.599,22.0,23.0,46.0,8,855.51,8,0
East Africa,Female,40,Farmer,14,36.96,-0.452,13,3.74,0,15.0,0.0,0,,,24.0,61.0,4,118.65,52,1
East Africa,Male,59,Self-employed,6,14.09,-0.585,11,0.77,1,71.0,11.56,1,0.579,37.5,46.0,67.0,0,249.88,12,1
West Africa,Male,32,Trader,18,30.41,0.582,18,2.94,1,54.0,30.51,0,,,21.0,83.0,7,139.13,8,1
East Africa,Male,35,Trader,23,45.18,1.341,15,2.13,0,11.0,0.0,1,0.469,10.1,39.0,78.0,10,588.49,8,1
Central Africa,Female,35,Trader,34,45.65,1.121,20,3.0,1,84.0,82.44,0,,,89.0,57.0,13,442.75,24,1
West Africa,Female,47,Trader,11,108.79,0.039,5,5.09,0,7.0,0.0,1,0.856,17.1,12.0,70.0,1,283.04,8,1
East Africa,Male,50,Farmer,6,57.09,-0.446,9,1.8,0,3.0,0.0,1,0.874,9.2,28.0,59.0,0,153.93,24,1
East Africa,Male,40,Farmer,31,49.9,1.652,20,3.64,0,1.0,0.0,1,0.622,27.2,72.0,80.0,6,1053.89,8,1
West Africa,Prefer not to say,30,Informal worker,24,70.18,0.498,10,9.78,1,77.0,24.64,0,,,68.0,49.0,3,940.46,12,1
West Africa,Male,50,Trader,18,38.24,-0.572,18,3.81,0,6.0,0.0,0,,,45.0,42.0,9,175.88,8,1
West Africa,Female,30,Informal worker,13,34.71,-0.817,15,2.89,0,7.0,0.0,0,,,71.0,86.0,8,586.58,12,1
West Africa,Female,60,Trader,5,18.12,-0.036,7,1.1,0,7.0,0.0,0,,,30.0,22.0,2,473.45,12,1
East Africa,Female,47,Farmer,34,122.53,1.06,9,4.34,1,88.0,40.7,0,,,33.0,69.0,4,304.67,8,1
Southern Africa,Male,38,Trader,11,23.66,-0.531,8,2.88,0,7.0,0.0,0,,,59.0,36.0,1,106.87,24,1
Southern Africa,Male,28,Salaried,15,34.31,-0.903,9,5.34,1,77.0,21.44,1,0.906,2.3,58.0,39.0,6,265.33,8,1
Central Africa,Male,53,Informal worker,13,31.36,0.086,13,4.04,0,16.0,0.0,0,,,53.0,40.0,4,295.4,12,1
East Africa,Male,46,Trader,33,129.13,0.093,18,6.74,1,24.0,41.34,1,0.692,2.4,34.0,91.0,12,267.6,8,1
Southern Africa,Male,59,Informal worker,26,33.78,-0.266,20,2.81,0,2.0,0.0,0,,,61.0,73.0,8,229.02,4,1
Southern Africa,Prefer not to say,51,Farmer,17,35.2,0.728,16,2.2,1,27.0,16.75,0,,,37.0,87.0,6,358.27,12,1
West Africa,Male,55,Salaried,11,25.36,-0.352,14,2.41,0,4.0,0.0,0,,,43.0,82.0,4,482.45,8,0
West Africa,Male,22,Self-employed,35,131.52,0.372,22,4.38,1,84.0,65.31,1,0.886,9.6,61.0,69.0,12,649.34,12,1
East Africa,Male,19,Trader,22,138.76,0.086,12,2.04,0,5.0,0.0,1,0.561,10.2,47.0,46.0,2,331.05,8,1
Southern Africa,Male,48,Farmer,18,30.87,-0.113,15,4.18,0,4.0,0.0,0,,,37.0,42.0,2,104.83,4,0
East Africa,Female,18,Trader,12,73.11,0.094,16,1.35,1,92.0,31.3,1,0.743,1.8,41.0,83.0,1,615.68,12,1
West Africa,Male,59,Informal worker,40,178.13,0.796,28,10.14,1,79.0,25.09,1,0.935,27.2,39.0,73.0,9,1218.75,8,1
Central Africa,Female,59,Trader,20,31.64,0.057,16,5.39,0,3.0,0.0,0,,,54.0,78.0,7,123.05,12,0
West Africa,Female,45,Farmer,14,44.47,0.674,11,2.16,0,3.0,0.0,0,,,18.0,42.0,9,180.1,4,0
Central Africa,Male,52,Salaried,31,30.72,0.571,16,1.53,1,67.0,28.77,0,,,63.0,94.0,3,157.76,12,1
Southern Africa,Female,37,Farmer,22,53.07,0.904,17,13.31,1,95.0,18.45,0,,,47.0,63.0,9,479.44,4,1
Southern Africa,Male,63,Salaried,15,14.63,0.287,8,2.08,0,3.0,0.0,0,,,34.0,40.0,1,151.51,24,1
Southern Africa,Male,19,Trader,33,65.77,0.596,14,4.71,1,48.0,25.54,1,0.699,0.1,51.0,90.0,17,596.93,8,0
West Africa,Female,31,Self-employed,27,68.79,0.681,15,2.12,1,73.0,88.86,1,0.929,3.7,69.0,49.0,14,377.89,12,1
East Africa,Female,50,Salaried,26,30.04,0.199,18,2.6,0,3.0,0.0,0,,,55.0,45.0,8,2035.29,12,1
Southern Africa,Male,55,Farmer,41,110.25,1.876,14,4.04,1,52.0,21.97,0,,,66.0,89.0,12,236.03,12,1
Southern Africa,Male,29,Trader,23,116.91,-0.763,21,4.91,1,22.0,37.9,1,0.779,12.9,31.0,91.0,11,932.52,4,1
West Africa,Male,55,Farmer,8,42.77,-0.361,10,0.68,0,9.0,0.0,1,0.922,15.2,8.0,30.0,1,433.57,8,0
West Africa,Male,39,Informal worker,19,21.31,0.12,21,1.82,0,3.0,0.0,1,0.49,2.1,25.0,75.0,7,263.5,4,1
West Africa,Female,58,Trader,10,84.84,-0.868,12,2.98,1,72.0,14.24,0,,,53.0,76.0,7,599.6,24,1
East Africa,Male,30,Self-employed,24,53.51,-0.989,14,1.39,0,8.0,0.0,0,,,31.0,36.0,6,137.93,24,0
East Africa,Female,50,Salaried,11,22.44,-0.52,8,3.36,1,20.0,17.21,0,,,54.0,49.0,3,524.66,8,1
Southern Africa,Female,27,Self-employed,14,47.39,0.355,9,2.99,0,11.0,0.0,0,,,89.0,58.0,7,1041.81,8,0
Southern Africa,Male,24,Trader,23,125.53,0.719,20,2.69,1,46.0,66.28,0,,,33.0,70.0,3,185.73,4,1
Southern Africa,Female,51,Farmer,11,64.11,1.135,16,2.75,0,5.0,0.0,1,0.419,6.0,47.0,90.0,6,940.67,4,0
West Africa,Female,50,Trader,17,50.55,0.736,15,3.53,1,66.0,27.16,0,,,71.0,90.0,5,416.81,12,1
East Africa,Male,31,Trader,18,37.28,-0.388,14,2.39,0,1.0,0.0,0,,,13.0,72.0,6,839.8,8,0
West Africa,Female,46,Trader,9,14.07,-0.258,11,6.26,0,10.0,0.0,0,,,19.0,66.0,3,246.44,24,1
West Africa,Female,62,Trader,3,13.25,-0.77,4,2.53,0,3.0,0.0,0,,,62.0,58.0,2,138.12,4,0
West Africa,Prefer not to say,33,Informal worker,4,29.45,-0.279,3,2.33,0,10.0,0.0,1,0.57,35.9,27.0,75.0,2,181.3,12,0
West Africa,Male,41,Trader,10,25.82,-0.549,7,0.88,0,5.0,0.0,1,0.72,0.6,1.0,75.0,0,139.81,8,1
West Africa,Female,27,Trader,32,57.55,0.459,13,6.95,0,4.0,0.0,0,,,65.0,56.0,7,738.92,24,1
East Africa,Female,42,Farmer,17,62.03,0.728,17,3.55,0,18.0,0.0,0,,,48.0,82.0,8,322.37,4,0
West Africa,Prefer not to say,59,Informal worker,17,72.82,-0.446,14,2.32,1,75.0,34.05,1,0.722,21.8,26.0,76.0,3,44.05,12,1
West Africa,Male,47,Salaried,10,124.78,0.242,17,2.09,1,67.0,39.28,0,,,19.0,68.0,1,100.65,8,0
West Africa,Male,24,Informal worker,15,7.89,-0.725,15,7.95,0,0.0,0.0,1,0.77,1.7,24.0,78.0,2,297.82,52,0
East Africa,Female,52,Trader,26,65.87,0.635,16,3.81,0,13.0,0.0,1,0.408,10.5,75.0,68.0,10,622.73,12,0
East Africa,Male,37,Informal worker,9,24.12,-0.788,12,0.81,0,8.0,0.0,1,0.92,31.4,57.0,56.0,4,324.11,12,1
West Africa,Male,18,Informal worker,18,126.01,1.032,24,6.31,1,51.0,31.47,0,,,40.0,27.0,2,591.91,24,1
West Africa,Female,47,Trader,9,34.79,-0.25,8,2.01,0,3.0,0.0,1,0.6,24.1,62.0,72.0,3,511.68,24,1
Central Africa,Female,32,Trader,8,24.78,-0.203,19,1.29,1,49.0,10.76,0,,,68.0,74.0,0,248.33,24,1
East Africa,Female,63,Self-employed,15,19.74,-0.556,7,0.7,1,62.0,22.77,1,0.502,3.1,27.0,30.0,1,135.79,8,0
Southern Africa,Male,64,Trader,14,113.49,0.315,13,2.13,1,70.0,15.41,1,0.646,0.8,89.0,61.0,3,247.64,4,1
East Africa,Female,49,Trader,15,18.09,0.064,14,3.33,0,5.0,0.0,0,,,84.0,58.0,3,284.47,4,1
Southern Africa,Male,47,Trader,15,45.72,-1.019,17,1.4,0,2.0,0.0,1,0.656,2.1,64.0,96.0,4,398.97,12,1
Central Africa,Female,32,Salaried,21,76.32,0.163,13,1.89,0,8.0,0.0,0,,,57.0,63.0,6,194.47,8,1
East Africa,Male,21,Farmer,30,236.14,1.434,32,3.91,1,49.0,50.75,1,0.901,14.0,74.0,44.0,10,146.08,24,1
Southern Africa,Male,20,Self-employed,13,21.38,0.067,18,2.75,1,35.0,38.56,0,,,45.0,90.0,1,364.83,8,0
West Africa,Prefer not to say,39,Salaried,12,28.32,-1.205,10,2.4,0,20.0,0.0,1,0.553,8.3,49.0,47.0,4,707.2,8,1
Southern Africa,Female,32,Salaried,25,100.91,0.717,22,5.04,0,0.0,0.0,1,0.615,3.7,23.0,86.0,13,266.13,8,1
East Africa,Male,63,Trader,11,22.09,-0.343,7,2.65,0,3.0,0.0,0,,,11.0,65.0,3,38.85,12,0
West Africa,Male,31,Farmer,32,32.05,1.194,24,5.39,1,83.0,78.41,0,,,59.0,52.0,14,357.18,4,1
Central Africa,Female,28,Salaried,12,53.89,0.232,11,2.25,0,5.0,0.0,0,,,59.0,79.0,0,259.52,12,1
Central Africa,Prefer not to say,56,Self-employed,9,29.49,-0.78,9,1.5,0,10.0,0.0,1,0.766,2.9,19.0,24.0,2,560.6,12,0
West Africa,Male,57,Salaried,9,23.4,-0.253,14,3.36,0,11.0,0.0,1,0.791,6.8,8.0,77.0,6,183.97,12,0
Central Africa,Female,35,Self-employed,14,24.46,-0.508,20,3.25,0,2.0,0.0,0,,,4.0,52.0,4,221.85,12,1
West Africa,Male,21,Informal worker,10,39.4,-0.321,17,1.99,0,14.0,0.0,1,0.857,6.3,53.0,42.0,1,173.19,8,1
East Africa,Female,22,Farmer,11,13.43,-0.609,10,1.19,1,72.0,11.58,1,0.637,2.4,60.0,84.0,2,162.2,24,0
Central Africa,Male,42,Farmer,20,63.53,-0.013,12,0.99,0,7.0,0.0,1,0.747,4.7,36.0,70.0,3,444.6,12,1
West Africa,Male,58,Farmer,36,581.35,0.825,27,3.59,0,8.0,0.0,1,0.723,2.9,83.0,85.0,12,1240.4,4,1
East Africa,Female,36,Trader,7,15.26,0.067,16,1.68,1,37.0,64.06,0,,,43.0,36.0,2,687.15,24,1
Southern Africa,Male,18,Farmer,14,117.49,1.021,6,3.81,0,1.0,0.0,1,0.541,0.5,29.0,65.0,1,308.27,8,1
West Africa,Female,35,Trader,21,76.34,-0.364,18,2.54,1,96.0,11.42,1,0.515,48.1,36.0,50.0,4,368.81,4,1
East Africa,Male,18,Trader,18,39.36,0.593,19,2.74,1,40.0,15.53,1,0.682,2.9,63.0,50.0,6,1429.32,8,1
West Africa,Male,37,Farmer,13,32.43,-0.443,15,2.35,0,3.0,0.0,1,0.831,18.8,10.0,67.0,6,87.28,4,1
Southern Africa,Female,40,Informal worker,19,32.22,-2.072,9,1.0,1,71.0,35.09,0,,,58.0,59.0,8,90.16,8,1
West Africa,Female,52,Informal worker,21,59.11,0.165,18,2.29,0,6.0,0.0,0,,,46.0,17.0,5,511.57,12,1
West Africa,Male,21,Informal worker,15,34.08,-0.134,12,1.48,0,6.0,0.0,0,,,53.0,71.0,2,282.19,4,1
Southern Africa,Female,40,Informal worker,11,31.12,0.967,12,1.45,0,1.0,0.0,0,,,41.0,50.0,4,229.28,24,1
West Africa,Male,26,Farmer,17,33.74,0.47,12,2.0,1,71.0,25.53,0,,,44.0,87.0,2,98.95,4,1
East Africa,Female,39,Farmer,18,38.3,0.074,19,2.26,0,5.0,0.0,1,0.505,37.6,59.0,28.0,7,340.24,24,0
Southern Africa,Male,64,Farmer,12,54.09,-1.289,12,2.16,0,12.0,0.0,0,,,39.0,76.0,2,60.97,4,1
Southern Africa,Female,52,Trader,20,28.39,0.277,18,7.16,0,7.0,0.0,1,0.766,16.1,48.0,55.0,8,963.03,8,0
West Africa,Male,57,Informal worker,20,41.64,0.864,17,2.03,0,13.0,0.0,1,0.708,3.2,21.0,80.0,4,359.34,8,0
Central Africa,Female,19,Salaried,24,117.52,2.14,26,3.14,0,11.0,0.0,0,,,42.0,80.0,11,658.12,12,1
Southern Africa,Female,53,Trader,14,36.43,0.101,8,5.02,1,26.0,33.94,0,,,66.0,41.0,6,73.56,12,1
West Africa,Female,58,Salaried,16,34.12,0.609,10,2.5,0,2.0,0.0,1,0.841,0.7,21.0,65.0,6,357.45,4,0
Southern Africa,Male,49,Trader,26,44.33,0.262,19,3.15,1,43.0,40.81,0,,,72.0,58.0,5,139.6,8,1
Southern Africa,Male,54,Farmer,17,180.66,0.695,20,7.99,1,70.0,35.37,0,,,60.0,49.0,7,1241.57,12,1
East Africa,Male,20,Salaried,32,42.03,0.82,23,7.14,1,64.0,69.55,1,0.968,8.5,81.0,76.0,8,346.73,4,1
East Africa,Female,52,Informal worker,13,61.03,-1.095,6,1.67,1,59.0,17.04,1,0.718,27.0,57.0,19.0,4,332.05,4,1
Southern Africa,Male,57,Informal worker,10,22.14,-0.233,12,0.71,1,17.0,7.5,0,,,25.0,46.0,3,136.07,24,1
Central Africa,Female,28,Informal worker,10,51.58,-0.232,18,1.79,0,7.0,0.0,0,,,87.0,30.0,3,121.35,12,0
East Africa,Male,40,Trader,12,31.62,0.083,18,2.91,0,4.0,0.0,0,,,7.0,62.0,5,197.44,4,1
Southern Africa,Prefer not to say,37,Informal worker,13,84.58,0.616,15,5.09,0,6.0,0.0,0,,,67.0,49.0,3,278.61,52,0
Southern Africa,Male,22,Informal worker,17,19.08,0.435,10,4.95,1,46.0,11.97,0,,,75.0,31.0,0,198.21,4,1
Central Africa,Female,24,Trader,8,17.94,-0.544,10,0.86,1,75.0,20.51,0,,,15.0,76.0,5,363.58,52,0
Central Africa,Female,32,Trader,18,29.66,0.086,21,5.26,0,13.0,0.0,0,,,53.0,63.0,5,74.16,8,0
West Africa,Prefer not to say,23,Self-employed,10,38.0,-0.678,8,1.23,1,52.0,21.36,1,0.688,6.8,55.0,2.0,4,59.05,8,0
West Africa,Female,41,Trader,13,36.07,-0.912,16,3.31,0,4.0,0.0,0,,,22.0,46.0,5,306.64,8,1
East Africa,Female,20,Salaried,16,18.98,-0.185,5,3.6,0,1.0,0.0,0,,,30.0,21.0,4,359.65,24,0
East Africa,Female,18,Trader,18,22.17,-0.199,10,3.76,1,43.0,13.63,0,,,64.0,44.0,4,288.0,4,1
East Africa,Male,47,Farmer,21,123.34,0.231,12,4.05,0,9.0,0.0,0,,,30.0,81.0,3,542.73,4,1
Southern Africa,Male,29,Informal worker,14,41.86,1.644,7,2.82,0,2.0,0.0,1,0.875,9.9,49.0,88.0,3,686.49,24,1
Central Africa,Female,35,Informal worker,40,26.8,1.192,22,7.54,1,82.0,40.98,1,0.804,8.0,43.0,85.0,14,294.57,8,1
East Africa,Female,33,Farmer,23,69.99,-0.585,12,1.39,1,66.0,16.86,1,0.85,23.9,45.0,33.0,5,567.21,4,1
Southern Africa,Male,40,Farmer,13,57.88,0.338,11,3.95,1,64.0,23.01,1,0.608,0.1,49.0,97.0,5,1171.03,12,1
West Africa,Male,39,Farmer,9,38.07,-0.388,5,3.8,0,18.0,0.0,0,,,17.0,94.0,2,434.51,24,1
East Africa,Female,24,Informal worker,15,40.87,0.446,4,3.14,0,4.0,0.0,0,,,22.0,58.0,3,654.92,12,0
West Africa,Male,18,Farmer,39,54.2,0.702,24,5.73,1,71.0,67.78,0,,,62.0,81.0,14,2673.04,8,1
East Africa,Female,38,Farmer,13,52.22,0.13,16,1.26,1,72.0,21.64,1,0.472,4.5,39.0,69.0,7,413.24,12,0
East Africa,Female,44,Farmer,20,76.2,0.651,10,2.89,1,28.0,33.54,1,0.761,6.7,74.0,82.0,3,271.33,24,1
Southern Africa,Male,54,Farmer,9,20.09,-0.453,10,3.29,1,78.0,19.34,0,,,24.0,40.0,2,54.79,24,0
East Africa,Male,27,Trader,15,132.43,0.001,16,2.56,1,37.0,15.85,0,,,58.0,71.0,8,109.32,12,1
East Africa,Male,21,Trader,16,15.64,0.526,13,2.67,1,38.0,39.03,1,0.585,6.6,53.0,72.0,4,182.39,24,1
West Africa,Male,46,Salaried,11,63.24,-0.182,11,2.42,0,9.0,0.0,1,0.942,0.5,71.0,83.0,7,241.83,4,1
West Africa,Female,60,Self-employed,19,28.48,1.183,8,1.07,0,3.0,0.0,1,0.833,9.4,23.0,78.0,4,256.23,12,0
Central Africa,Female,29,Trader,19,14.54,0.136,20,4.02,0,1.0,0.0,0,,,40.0,74.0,9,753.06,24,1
Central Africa,Female,22,Trader,22,35.69,0.594,15,6.48,0,9.0,0.0,1,0.969,2.6,57.0,81.0,9,223.53,4,1
West Africa,Male,36,Self-employed,8,11.77,0.178,7,1.84,1,73.0,28.51,1,0.369,24.7,71.0,34.0,1,129.23,8,1
West Africa,Female,44,Farmer,39,239.58,1.289,19,7.53,1,70.0,28.26,1,0.86,0.0,46.0,39.0,17,1089.97,12,1
East Africa,Male,47,Farmer,22,36.21,-0.425,20,2.52,1,81.0,20.46,1,0.597,8.7,53.0,74.0,11,116.34,4,1
Southern Africa,Female,23,Informal worker,18,54.43,-0.437,10,3.83,0,1.0,0.0,0,,,47.0,67.0,1,290.94,4,1
East Africa,Male,48,Farmer,18,43.48,-0.011,19,3.77,0,8.0,0.0,0,,,52.0,62.0,7,284.38,4,1
West Africa,Female,34,Farmer,9,88.55,-1.046,12,2.01,1,78.0,5.88,1,0.728,1.5,63.0,44.0,4,415.06,4,1
East Africa,Female,19,Self-employed,9,28.04,-0.586,9,5.04,1,41.0,15.47,1,0.847,5.8,49.0,71.0,5,129.11,52,0
West Africa,Male,61,Informal worker,30,82.01,0.643,15,1.29,1,36.0,47.37,1,0.365,3.1,34.0,45.0,9,965.65,24,1
West Africa,Prefer not to say,43,Informal worker,12,22.83,0.239,16,1.54,0,15.0,0.0,1,0.902,15.4,75.0,59.0,3,118.47,8,0
West Africa,Male,32,Trader,14,84.69,0.141,18,3.74,0,0.0,0.0,1,0.828,3.0,46.0,58.0,7,241.41,52,1
Southern Africa,Male,56,Trader,28,72.21,1.243,14,4.8,1,84.0,22.51,0,,,59.0,58.0,9,177.66,12,1
East Africa,Female,55,Salaried,13,89.34,-0.112,24,2.24,1,65.0,46.1,1,0.908,6.2,36.0,53.0,9,72.19,4,1
West Africa,Male,27,Self-employed,20,21.46,1.304,15,3.02,0,0.0,0.0,0,,,68.0,71.0,6,352.91,24,1
East Africa,Male,63,Salaried,16,64.91,0.877,14,3.2,0,12.0,0.0,0,,,33.0,55.0,6,155.33,12,1
East Africa,Male,43,Trader,5,30.2,0.116,9,2.02,0,16.0,0.0,0,,,60.0,48.0,2,438.82,24,1
Southern Africa,Male,30,Salaried,13,12.71,0.005,11,2.82,1,67.0,8.67,0,,,43.0,66.0,5,472.95,8,1
Central Africa,Female,39,Trader,13,12.23,-1.069,13,5.68,1,67.0,15.2,0,,,65.0,32.0,4,190.24,8,0
West Africa,Female,26,Informal worker,21,141.29,1.254,17,3.15,0,5.0,0.0,1,0.964,21.9,20.0,85.0,9,215.67,12,1
Central Africa,Male,57,Informal worker,14,42.72,-0.705,9,3.03,0,1.0,0.0,0,,,15.0,60.0,3,421.48,8,1
Southern Africa,Male,30,Farmer,22,124.63,0.864,21,4.56,0,0.0,0.0,0,,,68.0,92.0,11,180.41,12,1
Southern Africa,Female,38,Farmer,11,89.49,-0.487,3,2.13,0,1.0,0.0,0,,,46.0,88.0,4,221.14,12,1
East Africa,Female,21,Informal worker,11,46.55,-0.443,13,2.68,1,57.0,28.88,0,,,66.0,58.0,2,667.51,4,1
West Africa,Male,62,Salaried,16,113.3,0.113,14,6.75,0,8.0,0.0,1,0.649,9.4,31.0,26.0,8,115.95,8,0
West Africa,Female,32,Trader,19,27.29,1.496,16,1.54,0,2.0,0.0,1,0.309,5.7,6.0,92.0,5,443.24,4,1
Central Africa,Male,48,Trader,34,87.28,0.743,31,4.59,0,3.0,0.0,1,0.963,8.4,81.0,51.0,10,790.8,12,1
East Africa,Male,34,Informal worker,16,255.73,0.066,11,3.01,0,2.0,0.0,0,,,51.0,88.0,8,233.03,12,1
East Africa,Female,44,Trader,28,69.28,0.394,14,4.92,0,3.0,0.0,1,0.839,2.3,64.0,56.0,2,194.03,8,1
East Africa,Female,44,Trader,6,4.34,-0.205,13,0.97,1,39.0,9.26,1,0.473,0.1,85.0,66.0,3,469.63,12,1
West Africa,Male,31,Trader,24,73.99,0.819,16,9.19,0,9.0,0.0,0,,,23.0,66.0,17,284.54,24,0
West Africa,Female,38,Trader,22,32.05,0.927,12,1.89,0,2.0,0.0,0,,,44.0,87.0,6,136.34,4,1
East Africa,Female,46,Farmer,25,30.52,-0.057,18,2.66,1,29.0,21.63,1,0.788,10.4,59.0,62.0,5,512.38,12,1
East Africa,Female,28,Self-employed,15,93.85,0.823,11,2.86,0,6.0,0.0,1,0.896,1.0,49.0,23.0,8,167.67,4,1
Southern Africa,Female,24,Salaried,20,46.37,0.351,12,4.54,0,1.0,0.0,0,,,80.0,90.0,7,373.72,12,1
Southern Africa,Male,26,Farmer,13,43.22,-0.526,12,3.46,1,26.0,46.68,0,,,25.0,43.0,2,352.46,24,0
East Africa,Female,37,Trader,21,36.98,-0.225,9,2.34,0,5.0,0.0,0,,,47.0,46.0,5,414.41,4,1
Southern Africa,Male,28,Informal worker,13,37.59,0.083,12,1.17,0,5.0,0.0,1,0.844,6.8,64.0,48.0,2,195.53,52,0
West Africa,Male,31,Farmer,14,69.16,0.294,10,1.24,0,1.0,0.0,1,0.887,1.0,16.0,75.0,7,501.54,4,1
Southern Africa,Male,50,Salaried,10,47.53,-0.221,9,1.82,1,59.0,20.18,1,0.964,3.7,44.0,63.0,5,151.68,8,1
Southern Africa,Female,49,Farmer,14,35.01,0.246,7,5.32,1,67.0,11.38,0,,,44.0,85.0,0,117.84,8,1
West Africa,Male,62,Informal worker,26,85.15,0.204,16,2.65,0,14.0,0.0,1,0.782,2.4,61.0,79.0,4,248.5,52,1
West Africa,Male,53,Trader,9,143.47,0.948,14,1.98,0,13.0,0.0,1,0.758,16.9,66.0,35.0,3,608.18,24,1
West Africa,Female,37,Salaried,27,114.29,0.027,18,2.05,0,5.0,0.0,1,0.62,12.3,61.0,92.0,8,202.08,12,0
West Africa,Male,61,Salaried,7,32.66,-0.091,12,1.84,0,12.0,0.0,1,0.938,2.8,36.0,74.0,2,277.64,12,0
East Africa,Male,61,Farmer,12,23.69,-1.095,15,1.81,1,51.0,42.27,1,0.692,8.3,82.0,38.0,4,295.42,8,0
West Africa,Male,28,Self-employed,22,18.54,1.012,14,1.85,0,9.0,0.0,0,,,35.0,59.0,7,331.66,4,1
Southern Africa,Female,26,Trader,6,12.05,0.609,5,1.96,1,77.0,27.3,0,,,94.0,60.0,2,470.8,4,1
West Africa,Male,59,Trader,10,14.27,-0.22,14,1.64,0,5.0,0.0,1,0.956,7.3,48.0,53.0,2,863.94,12,1
West Africa,Male,59,Salaried,13,16.07,-0.064,20,1.34,1,73.0,33.09,1,0.699,38.1,47.0,93.0,3,109.57,8,1
West Africa,Female,57,Informal worker,29,91.14,-0.269,14,5.83,1,90.0,15.63,0,,,82.0,75.0,4,338.56,8,1
West Africa,Female,39,Trader,20,68.06,-0.427,9,4.5,0,5.0,0.0,0,,,18.0,87.0,7,455.93,12,0
Central Africa,Female,58,Trader,21,42.09,0.231,16,4.01,0,2.0,0.0,1,0.713,19.9,75.0,64.0,4,205.95,12,1
West Africa,Male,54,Trader,32,70.46,0.358,24,8.77,1,30.0,10.21,1,0.733,16.5,82.0,40.0,6,324.22,4,1
West Africa,Female,52,Trader,19,91.42,-0.874,23,2.93,1,55.0,21.04,0,,,57.0,19.0,2,863.53,24,1
West Africa,Female,46,Farmer,24,86.37,0.313,17,3.36,0,8.0,0.0,1,0.874,0.8,34.0,67.0,9,670.78,12,1
East Africa,Female,30,Trader,12,46.81,-0.492,9,2.65,1,64.0,7.49,1,0.744,48.9,41.0,65.0,3,74.59,8,0
East Africa,Male,53,Farmer,27,130.14,-0.274,15,5.74,0,0.0,0.0,1,0.928,7.5,44.0,73.0,6,320.75,8,1
Southern Africa,Male,59,Informal worker,12,54.42,-0.842,11,5.21,1,79.0,17.59,1,0.86,5.0,47.0,80.0,3,269.09,24,0
East Africa,Female,59,Informal worker,6,21.69,-0.873,16,5.13,0,3.0,0.0,0,,,59.0,26.0,6,485.79,4,0
East Africa,Male,46,Self-employed,13,44.97,0.23,9,3.59,0,15.0,0.0,1,0.532,19.4,33.0,73.0,0,390.12,12,1
East Africa,Male,19,Trader,22,197.06,1.491,17,20.53,0,0.0,0.0,0,,,47.0,60.0,9,204.44,24,1
Southern Africa,Male,52,Trader,10,31.7,1.855,7,3.1,1,65.0,24.53,0,,,26.0,60.0,4,238.14,12,1
East Africa,Male,29,Trader,18,91.39,-0.064,16,3.68,0,12.0,0.0,1,0.681,18.0,34.0,44.0,9,504.58,24,1
West Africa,Female,27,Farmer,14,167.96,-0.81,13,1.7,0,2.0,0.0,1,0.788,29.5,22.0,63.0,3,411.1,4,1
Southern Africa,Male,21,Farmer,19,29.72,-0.474,10,2.43,0,8.0,0.0,1,0.904,29.8,28.0,82.0,3,691.59,4,0
Southern Africa,Female,25,Trader,7,16.71,-0.857,10,2.41,0,6.0,0.0,0,,,57.0,21.0,3,184.63,24,0
East Africa,Female,41,Informal worker,16,68.54,-1.035,12,7.65,1,64.0,63.54,1,0.843,4.9,59.0,78.0,6,295.34,4,1
Central Africa,Male,31,Self-employed,17,33.0,0.303,12,2.42,0,2.0,0.0,1,0.451,7.9,63.0,17.0,5,697.36,8,1
Central Africa,Male,35,Trader,18,48.91,-0.358,15,2.14,0,13.0,0.0,1,0.889,13.9,68.0,80.0,7,2255.64,8,1
West Africa,Male,42,Trader,29,33.65,0.482,21,3.87,1,66.0,30.44,0,,,31.0,90.0,4,1743.93,4,1
Southern Africa,Male,42,Salaried,16,24.19,-0.006,19,3.04,0,1.0,0.0,0,,,65.0,62.0,7,106.42,12,1
East Africa,Female,37,Salaried,20,44.17,-0.291,14,4.18,0,3.0,0.0,0,,,77.0,60.0,5,2957.91,4,0
East Africa,Female,39,Trader,20,45.62,-1.24,21,7.51,0,2.0,0.0,0,,,62.0,51.0,6,385.25,24,1
East Africa,Female,59,Informal worker,18,144.48,-0.444,17,1.82,1,65.0,35.61,1,0.773,2.5,50.0,67.0,4,151.97,8,0
Central Africa,Prefer not to say,31,Trader,33,42.3,-0.437,25,7.67,0,16.0,0.0,0,,,84.0,67.0,3,1883.55,4,1
East Africa,Male,18,Informal worker,13,30.73,-0.727,12,1.69,0,3.0,0.0,1,0.491,19.5,59.0,41.0,3,194.65,4,0
East Africa,Female,55,Informal worker,22,97.66,0.155,21,7.95,1,64.0,64.57,1,0.769,0.1,66.0,86.0,6,510.39,12,1
West Africa,Male,21,Trader,18,313.58,0.53,15,4.77,0,8.0,0.0,0,,,67.0,63.0,8,262.61,8,1
East Africa,Male,54,Trader,13,48.66,0.023,16,2.61,1,82.0,20.18,0,,,53.0,70.0,4,144.84,4,1
Central Africa,Male,33,Informal worker,15,122.55,0.006,14,3.29,0,12.0,0.0,0,,,13.0,91.0,5,1161.4,24,0
Southern Africa,Male,57,Informal worker,11,22.14,-0.396,8,1.23,1,20.0,12.11,0,,,28.0,50.0,3,357.2,24,0
West Africa,Female,25,Salaried,8,12.02,-0.448,13,0.66,1,70.0,14.29,1,0.84,4.2,49.0,43.0,5,440.54,12,1
Central Africa,Female,25,Farmer,5,14.7,0.255,7,1.34,0,4.0,0.0,1,0.816,15.2,40.0,35.0,3,257.2,12,1
Southern Africa,Male,37,Salaried,24,55.23,2.078,18,4.23,1,55.0,94.32,1,0.737,0.0,40.0,78.0,6,789.6,8,1
East Africa,Male,37,Informal worker,8,102.15,-1.259,13,1.64,1,80.0,4.0,0,,,21.0,78.0,2,116.92,8,1
West Africa,Female,51,Informal worker,8,40.29,-0.092,5,1.09,0,4.0,0.0,0,,,21.0,72.0,2,79.22,4,1
East Africa,Female,48,Trader,14,78.36,-0.964,16,1.81,1,85.0,32.65,1,0.691,19.9,25.0,55.0,5,241.77,12,1
West Africa,Female,64,Trader,27,65.88,1.108,19,1.99,1,43.0,55.33,1,0.612,13.8,63.0,56.0,13,413.61,12,1
West Africa,Male,49,Informal worker,14,39.87,-0.905,16,2.69,0,1.0,0.0,0,,,38.0,57.0,1,452.01,52,1
East Africa,Male,27,Trader,13,25.3,-0.299,8,5.33,0,4.0,0.0,1,0.806,5.4,76.0,41.0,5,411.76,4,1
Central Africa,Female,22,Trader,6,37.48,-1.073,11,2.14,1,73.0,4.92,1,0.402,37.8,39.0,35.0,0,264.76,12,1
East Africa,Female,30,Trader,16,101.6,0.177,14,4.85,0,2.0,0.0,0,,,84.0,44.0,7,269.24,8,1
Central Africa,Male,64,Self-employed,8,56.89,-0.771,17,2.78,0,12.0,0.0,0,,,64.0,73.0,2,107.83,24,0
Central Africa,Male,54,Informal worker,8,11.6,-0.489,11,2.76,1,94.0,19.97,1,0.534,44.1,67.0,58.0,0,188.0,12,1
West Africa,Male,52,Salaried,17,24.96,-0.29,13,4.01,0,4.0,0.0,1,0.724,12.6,21.0,74.0,6,326.35,8,1
West Africa,Female,30,Self-employed,21,193.89,0.665,21,2.21,0,0.0,0.0,0,,,46.0,96.0,9,710.57,12,1
Southern Africa,Male,40,Informal worker,25,123.1,0.514,20,9.03,1,74.0,87.06,0,,,58.0,62.0,17,441.28,12,1
Southern Africa,Female,51,Farmer,13,93.31,1.152,9,1.1,0,5.0,0.0,0,,,57.0,39.0,6,211.84,8,1
East Africa,Female,62,Farmer,16,57.57,0.034,11,2.01,0,8.0,0.0,0,,,31.0,71.0,14,518.22,12,1
Southern Africa,Male,45,Informal worker,13,62.1,0.052,11,3.1,0,2.0,0.0,1,0.646,38.5,14.0,60.0,0,192.36,4,0
East Africa,Male,19,Salaried,34,55.8,-0.321,16,3.52,1,36.0,36.2,1,0.583,1.9,83.0,70.0,8,707.93,4,0
Southern Africa,Male,58,Salaried,16,101.99,0.382,18,3.26,1,60.0,13.12,1,0.814,4.6,33.0,84.0,5,295.84,8,1
Southern Africa,Male,61,Farmer,29,85.69,0.502,18,3.23,1,69.0,26.62,1,0.736,16.7,84.0,90.0,12,1503.13,8,1
West Africa,Female,19,Salaried,15,30.0,0.176,16,3.15,0,0.0,0.0,1,0.759,7.6,23.0,90.0,2,210.5,4,1
West Africa,Prefer not to say,36,Farmer,15,35.58,0.009,11,4.84,0,8.0,0.0,0,,,26.0,55.0,1,182.67,8,0
West Africa,Male,64,Farmer,17,12.68,0.057,15,1.76,1,40.0,34.97,1,0.67,1.8,29.0,81.0,7,426.42,24,1
Central Africa,Female,62,Trader,26,29.18,-0.175,16,2.1,1,41.0,45.76,0,,,44.0,88.0,11,296.09,12,1
Central Africa,Male,63,Trader,22,117.81,0.692,8,16.63,0,3.0,0.0,1,0.909,4.0,77.0,94.0,11,220.36,12,1
Southern Africa,Female,63,Trader,30,145.05,1.313,17,8.23,1,84.0,85.44,0,,,81.0,63.0,14,267.29,12,1
West Africa,Female,19,Informal worker,11,65.71,0.879,12,2.12,0,3.0,0.0,0,,,79.0,75.0,4,294.74,12,1
East Africa,Male,25,Trader,15,21.39,-2.054,17,4.61,1,50.0,17.53,1,0.642,9.8,54.0,60.0,7,332.89,4,1
West Africa,Female,41,Self-employed,9,19.03,-0.022,11,3.68,1,46.0,23.66,0,,,15.0,46.0,4,193.6,12,1
East Africa,Female,46,Trader,24,93.66,0.304,21,4.17,1,24.0,28.02,0,,,56.0,65.0,6,523.14,8,1
West Africa,Male,36,Trader,23,20.73,-0.012,12,4.38,0,2.0,0.0,1,0.86,43.0,58.0,51.0,7,327.08,8,0
Southern Africa,Prefer not to say,30,Farmer,9,19.16,0.253,15,1.68,0,3.0,0.0,0,,,59.0,76.0,2,253.85,8,1
West Africa,Male,29,Trader,16,23.09,0.618,12,5.27,1,76.0,17.14,0,,,72.0,31.0,9,192.22,52,1
East Africa,Male,46,Trader,24,105.37,0.18,18,7.03,1,70.0,49.22,0,,,44.0,86.0,4,273.8,4,1
Central Africa,Female,63,Trader,18,44.38,-0.348,16,3.32,0,5.0,0.0,0,,,62.0,58.0,5,282.51,24,0
Southern Africa,Male,56,Farmer,9,69.71,0.021,15,1.43,0,3.0,0.0,1,0.721,26.6,69.0,63.0,5,363.45,8,1
West Africa,Male,26,Trader,18,66.33,0.743,19,3.36,1,79.0,30.62,1,0.732,8.4,40.0,70.0,9,797.57,8,1
Central Africa,Male,24,Informal worker,10,50.87,-0.94,11,1.95,1,39.0,34.41,0,,,47.0,85.0,3,212.89,8,1
East Africa,Male,30,Trader,16,79.43,0.173,13,4.24,0,16.0,0.0,1,0.5,14.1,30.0,56.0,6,364.94,8,1
East Africa,Male,52,Trader,15,82.8,-0.824,10,0.7,1,92.0,6.82,0,,,12.0,22.0,4,111.69,52,1
Southern Africa,Male,18,Trader,6,38.12,0.147,8,2.04,0,2.0,0.0,1,0.593,8.5,47.0,71.0,2,135.33,24,1
Central Africa,Female,51,Trader,16,126.46,0.793,16,4.75,0,12.0,0.0,0,,,33.0,71.0,7,234.0,4,1
East Africa,Male,45,Salaried,16,27.4,-0.298,21,1.28,0,1.0,0.0,1,0.752,16.7,15.0,55.0,3,761.28,12,1
East Africa,Female,49,Farmer,13,30.04,-0.259,11,5.93,0,7.0,0.0,1,0.636,3.7,56.0,78.0,3,267.57,4,1
East Africa,Female,58,Informal worker,10,14.46,0.094,12,1.87,0,2.0,0.0,1,0.77,17.9,14.0,58.0,4,530.33,8,1
West Africa,Male,45,Salaried,9,61.4,-0.003,13,2.64,0,8.0,0.0,0,,,24.0,39.0,2,451.69,52,1
Southern Africa,Female,47,Trader,15,35.87,-0.258,15,10.69,1,79.0,48.85,1,0.965,16.2,30.0,44.0,5,796.09,8,1
West Africa,Female,40,Salaried,8,27.93,-1.501,11,2.46,1,45.0,17.16,0,,,76.0,21.0,2,791.85,8,1
East Africa,Female,48,Informal worker,13,45.87,-0.583,12,1.74,1,34.0,27.46,0,,,33.0,77.0,1,208.66,4,1
East Africa,Female,35,Informal worker,9,62.46,0.73,17,4.86,0,12.0,0.0,0,,,51.0,44.0,7,160.06,4,1
West Africa,Male,21,Salaried,18,33.68,1.028,16,7.97,1,39.0,43.42,1,0.655,8.4,66.0,69.0,7,83.37,12,1
East Africa,Male,19,Trader,25,96.38,0.446,30,7.93,0,3.0,0.0,1,0.916,3.3,69.0,55.0,14,276.9,4,1
East Africa,Female,51,Farmer,18,31.79,0.541,15,6.29,1,81.0,26.17,1,0.91,9.4,26.0,78.0,9,198.12,12,1
West Africa,Male,47,Farmer,17,80.55,-0.278,15,2.57,1,63.0,12.05,0,,,19.0,52.0,2,321.65,12,1
West Africa,Female,37,Informal worker,18,15.57,-0.066,22,5.03,1,61.0,27.56,1,0.837,1.3,91.0,80.0,6,186.34,8,1
Central Africa,Female,53,Trader,10,13.64,-0.76,7,3.52,0,2.0,0.0,0,,,52.0,27.0,2,230.62,12,0
Central Africa,Male,40,Trader,10,49.4,-1.253,7,2.05,1,54.0,7.93,1,0.82,79.0,37.0,68.0,2,124.36,24,0
East Africa,Male,29,Self-employed,12,80.53,0.21,16,5.38,1,16.0,18.86,1,0.644,20.5,51.0,58.0,8,400.64,12,1
West Africa,Prefer not to say,45,Farmer,30,110.03,0.798,15,10.32,0,10.0,0.0,1,0.661,14.0,80.0,91.0,11,274.8,8,0
West Africa,Male,35,Trader,9,13.89,-0.517,6,1.35,1,61.0,10.97,0,,,69.0,94.0,0,499.55,4,0
West Africa,Female,63,Trader,9,5.96,0.474,12,2.72,0,4.0,0.0,1,0.706,7.0,41.0,68.0,7,306.61,4,0
East Africa,Prefer not to say,51,Informal worker,9,70.78,-0.876,11,2.99,0,2.0,0.0,0,,,55.0,42.0,3,229.9,4,0
Central Africa,Male,53,Trader,6,43.32,-0.546,8,4.19,0,2.0,0.0,1,0.904,8.4,40.0,87.0,4,213.05,8,0
Southern Africa,Male,50,Trader,14,74.12,-0.649,15,5.24,0,4.0,0.0,0,,,84.0,79.0,5,81.62,24,0
West Africa,Female,50,Self-employed,32,39.21,1.345,12,4.25,0,4.0,0.0,1,0.868,5.0,26.0,85.0,12,182.54,24,1
Central Africa,Female,54,Trader,13,51.17,-0.357,16,4.04,0,9.0,0.0,0,,,81.0,71.0,5,932.29,8,0
East Africa,Male,38,Trader,14,13.09,-0.284,12,2.08,0,1.0,0.0,1,0.488,1.8,65.0,72.0,3,38.13,52,1
West Africa,Male,56,Informal worker,21,49.53,-0.271,17,3.07,1,62.0,44.34,1,0.621,17.5,48.0,61.0,3,279.96,4,0
East Africa,Male,19,Trader,25,157.71,1.461,22,5.95,0,4.0,0.0,1,0.58,19.6,81.0,88.0,10,549.65,4,1
West Africa,Male,49,Trader,31,21.09,1.04,18,3.69,1,53.0,52.38,1,0.735,25.5,52.0,70.0,6,706.79,8,1
Central Africa,Male,43,Informal worker,13,152.2,-0.063,13,3.89,0,7.0,0.0,0,,,93.0,98.0,4,954.57,24,1
East Africa,Male,18,Informal worker,13,17.64,-0.099,14,1.28,0,2.0,0.0,1,0.581,14.1,43.0,64.0,5,455.82,8,0
Southern Africa,Female,49,Farmer,22,43.07,0.517,21,2.31,1,74.0,37.63,0,,,43.0,40.0,8,1016.0,4,1
East Africa,Male,18,Salaried,12,24.34,-0.148,8,2.03,0,5.0,0.0,1,0.795,51.6,79.0,63.0,6,165.06,24,1
Central Africa,Female,51,Salaried,20,190.3,0.623,13,8.65,0,7.0,0.0,1,0.719,0.7,45.0,67.0,1,265.25,52,0
East Africa,Female,42,Informal worker,7,23.98,-1.0,7,0.49,1,74.0,21.15,0,,,39.0,65.0,4,230.28,4,0
East Africa,Female,46,Informal worker,14,37.85,0.149,8,1.39,0,2.0,0.0,1,0.748,38.4,21.0,79.0,2,323.97,8,0
West Africa,Female,46,Salaried,12,21.72,-0.581,11,1.19,0,3.0,0.0,0,,,21.0,72.0,9,171.49,24,1
Central Africa,Male,32,Trader,6,17.7,-0.411,8,4.22,0,5.0,0.0,0,,,47.0,35.0,6,176.14,12,0
East Africa,Female,47,Farmer,16,44.98,-0.525,17,2.19,0,1.0,0.0,0,,,90.0,60.0,6,1495.44,52,1
West Africa,Male,28,Trader,7,6.87,-0.51,10,0.89,0,8.0,0.0,0,,,36.0,27.0,0,103.29,8,1
Central Africa,Male,53,Trader,23,22.13,0.141,12,4.33,1,61.0,20.88,0,,,35.0,50.0,2,254.94,12,1
West Africa,Female,22,Self-employed,32,39.98,0.648,20,5.42,1,16.0,50.92,0,,,58.0,46.0,7,287.18,12,1
West Africa,Male,24,Trader,24,127.09,1.778,19,4.55,1,62.0,33.05,0,,,31.0,54.0,20,215.71,4,1
East Africa,Male,51,Farmer,13,42.11,0.084,19,4.67,0,11.0,0.0,0,,,44.0,55.0,4,714.81,12,1
West Africa,Female,20,Trader,17,55.72,-0.849,9,4.17,1,80.0,9.11,0,,,38.0,64.0,3,220.23,24,1
East Africa,Male,63,Informal worker,14,28.38,-0.365,14,5.22,0,4.0,0.0,0,,,39.0,48.0,3,192.01,12,1
West Africa,Male,19,Salaried,11,95.68,-0.517,10,1.41,0,7.0,0.0,1,0.87,0.4,72.0,39.0,3,467.39,12,1
West Africa,Male,42,Farmer,29,136.37,1.459,21,3.9,0,12.0,0.0,1,0.595,2.6,53.0,86.0,10,549.72,12,1
West Africa,Male,64,Salaried,13,39.28,-1.204,13,2.77,0,12.0,0.0,1,0.973,17.0,64.0,62.0,7,598.28,4,1
West Africa,Female,49,Farmer,15,39.21,0.09,11,2.12,0,2.0,0.0,1,0.546,7.2,15.0,92.0,6,127.92,8,1
Central Africa,Female,47,Self-employed,10,19.49,-0.444,13,2.04,1,85.0,9.03,1,0.936,12.0,48.0,45.0,2,111.58,4,1
East Africa,Male,50,Salaried,17,21.85,0.45,13,1.2,0,10.0,0.0,1,0.52,2.7,36.0,87.0,5,57.15,4,1
East Africa,Female,51,Trader,10,21.82,-0.517,11,3.26,1,54.0,37.57,1,0.625,46.6,33.0,60.0,4,285.02,4,1
East Africa,Prefer not to say,25,Salaried,13,38.82,-0.392,16,4.92,0,1.0,0.0,0,,,20.0,42.0,5,214.57,4,0
Southern Africa,Female,32,Trader,21,64.42,0.657,24,1.47,1,40.0,54.48,1,0.647,1.9,53.0,41.0,4,348.44,4,1
West Africa,Female,27,Farmer,9,74.07,0.219,10,11.81,0,0.0,0.0,0,,,68.0,54.0,4,387.34,4,0
West Africa,Female,27,Trader,25,87.81,1.492,21,5.57,0,13.0,0.0,0,,,83.0,77.0,8,502.58,4,1
Southern Africa,Female,27,Farmer,12,12.33,-0.512,6,2.79,0,15.0,0.0,1,0.674,14.4,15.0,48.0,5,515.44,4,0
East Africa,Female,47,Self-employed,21,44.7,-0.23,7,5.45,0,4.0,0.0,1,0.901,35.9,49.0,75.0,6,254.15,4,1
Southern Africa,Male,61,Salaried,15,83.33,-0.214,13,3.8,0,13.0,0.0,0,,,67.0,73.0,8,153.77,52,1
Central Africa,Male,44,Informal worker,6,72.52,-0.098,8,1.32,0,21.0,0.0,1,0.691,0.6,26.0,69.0,3,115.63,4,1
Southern Africa,Male,18,Self-employed,36,70.01,1.429,13,3.63,0,2.0,0.0,0,,,36.0,81.0,13,376.71,8,1
West Africa,Female,50,Farmer,8,38.36,-1.153,12,4.26,0,9.0,0.0,0,,,49.0,53.0,4,141.47,12,0
West Africa,Male,43,Trader,17,56.37,0.624,15,4.25,0,8.0,0.0,0,,,77.0,58.0,4,1065.37,52,1
West Africa,Female,54,Salaried,11,70.46,0.251,17,1.46,1,69.0,49.4,1,0.512,7.3,50.0,55.0,12,380.11,8,1
Southern Africa,Male,35,Trader,25,38.21,0.355,14,5.97,0,9.0,0.0,0,,,79.0,67.0,9,228.21,24,1
Central Africa,Female,38,Salaried,14,81.4,0.803,7,1.76,0,7.0,0.0,0,,,28.0,61.0,3,85.71,52,1
Central Africa,Male,48,Trader,12,46.84,0.471,11,1.93,1,81.0,8.24,0,,,71.0,66.0,3,293.69,12,1
West Africa,Male,51,Trader,32,281.6,1.162,22,4.93,1,49.0,27.19,1,0.81,1.6,44.0,82.0,8,332.91,24,1
Southern Africa,Male,28,Farmer,26,66.37,0.722,15,11.39,0,1.0,0.0,1,0.718,1.3,40.0,56.0,13,602.52,12,1
East Africa,Female,45,Farmer,18,89.76,0.359,12,12.87,0,7.0,0.0,0,,,32.0,83.0,3,368.78,24,0
Southern Africa,Male,63,Trader,15,32.14,0.329,16,1.86,1,63.0,65.12,1,0.316,6.8,26.0,49.0,4,470.73,8,1
East Africa,Male,21,Trader,16,51.27,1.456,12,3.95,1,66.0,18.38,0,,,39.0,67.0,5,576.17,8,1
West Africa,Female,33,Trader,29,102.03,0.6,20,5.91,1,60.0,24.97,0,,,75.0,53.0,10,209.7,8,1
West Africa,Female,43,Salaried,10,91.37,-0.128,8,1.2,0,7.0,0.0,1,0.773,1.3,39.0,65.0,0,542.21,4,1
Central Africa,Female,61,Farmer,18,36.92,-0.373,15,5.11,0,1.0,0.0,0,,,29.0,56.0,5,267.48,4,0
East Africa,Female,63,Trader,30,56.02,-0.488,21,1.87,0,1.0,0.0,0,,,84.0,59.0,8,759.89,4,1
East Africa,Male,45,Trader,10,41.4,0.652,17,7.75,1,77.0,20.18,1,0.897,39.1,18.0,74.0,4,98.21,12,1
East Africa,Female,43,Trader,9,9.44,-0.494,13,0.85,0,2.0,0.0,0,,,25.0,35.0,5,105.07,8,1
East Africa,Male,37,Farmer,8,72.03,0.348,16,2.46,1,66.0,55.88,0,,,27.0,66.0,5,215.15,4,1
Central Africa,Female,38,Farmer,15,26.61,-0.165,2,3.08,0,4.0,0.0,0,,,18.0,78.0,1,146.85,4,1
West Africa,Female,52,Trader,11,40.42,0.59,9,3.63,0,4.0,0.0,1,0.533,13.5,39.0,4.0,3,179.27,12,1
West Africa,Male,43,Self-employed,9,32.25,-0.227,11,2.35,0,8.0,0.0,0,,,38.0,21.0,4,310.27,24,1
Southern Africa,Male,43,Trader,14,38.38,-0.903,11,3.91,1,44.0,18.11,0,,,71.0,80.0,6,86.98,12,1
East Africa,Female,57,Farmer,16,61.3,0.75,15,2.91,1,82.0,13.1,0,,,63.0,18.0,5,145.07,8,1
West Africa,Female,24,Informal worker,17,65.55,0.262,15,7.03,0,4.0,0.0,1,0.834,33.9,47.0,36.0,5,497.4,12,1
West Africa,Female,63,Farmer,19,18.42,-0.155,12,1.97,0,2.0,0.0,0,,,73.0,43.0,3,277.73,8,1
West Africa,Prefer not to say,51,Trader,8,43.54,-1.662,6,1.93,0,2.0,0.0,1,0.917,2.9,87.0,62.0,3,247.85,24,1
West Africa,Female,45,Farmer,12,69.12,0.665,22,4.81,1,63.0,59.37,0,,,10.0,87.0,7,221.57,4,1
West Africa,Male,45,Informal worker,29,64.63,-0.445,21,3.1,0,16.0,0.0,1,0.883,0.4,87.0,62.0,12,790.6,12,1
West Africa,Female,45,Salaried,20,47.02,0.846,7,4.95,1,30.0,65.39,0,,,91.0,63.0,5,375.08,8,1
Southern Africa,Male,44,Farmer,5,41.11,-0.512,7,1.8,0,4.0,0.0,1,0.213,0.1,45.0,27.0,2,258.92,52,0
Central Africa,Female,34,Salaried,24,35.4,0.753,21,1.97,1,93.0,56.65,0,,,62.0,85.0,10,324.7,8,1
Central Africa,Female,52,Farmer,22,33.62,0.448,19,3.48,0,4.0,0.0,1,0.742,53.9,42.0,76.0,9,568.98,4,1
East Africa,Male,29,Informal worker,19,120.07,0.143,18,4.14,0,8.0,0.0,0,,,41.0,83.0,6,555.02,8,1
West Africa,Female,48,Trader,13,51.55,-0.503,14,2.48,0,2.0,0.0,1,0.928,3.9,29.0,78.0,5,132.38,24,1
Central Africa,Female,42,Salaried,7,35.75,-1.602,5,1.04,0,3.0,0.0,1,0.388,12.6,11.0,22.0,3,248.33,8,0
Southern Africa,Male,35,Trader,18,45.39,0.028,13,5.93,1,61.0,10.95,0,,,85.0,89.0,7,186.03,12,1
East Africa,Female,55,Farmer,7,32.62,-0.274,13,0.9,0,6.0,0.0,1,0.882,19.3,67.0,62.0,2,95.49,12,1
West Africa,Female,32,Farmer,37,56.64,1.061,27,4.09,1,83.0,21.91,0,,,81.0,63.0,14,995.25,24,1
West Africa,Male,48,Self-employed,36,112.65,1.285,22,2.63,0,4.0,0.0,0,,,78.0,80.0,11,2418.0,8,1
East Africa,Male,29,Farmer,7,19.63,0.088,11,1.15,0,6.0,0.0,1,0.81,0.7,62.0,63.0,4,79.0,8,1
East Africa,Male,27,Trader,11,83.7,1.18,11,3.36,0,4.0,0.0,0,,,37.0,52.0,7,159.48,12,1
West Africa,Female,45,Self-employed,22,97.22,-0.109,21,3.44,1,71.0,31.66,1,0.796,3.8,70.0,59.0,6,463.47,24,1
Central Africa,Male,63,Salaried,7,30.19,0.882,12,0.96,0,3.0,0.0,1,0.922,22.3,66.0,98.0,3,101.44,8,1
East Africa,Male,32,Informal worker,11,21.54,-0.223,12,0.99,1,37.0,10.81,0,,,21.0,26.0,6,211.1,52,0
East Africa,Female,23,Farmer,8,51.18,0.2,11,3.11,1,74.0,19.53,1,0.932,3.1,61.0,55.0,7,346.52,12,1
West Africa,Female,23,Farmer,18,30.45,0.771,21,2.81,0,8.0,0.0,0,,,46.0,65.0,6,325.28,8,1
Southern Africa,Female,41,Self-employed,13,26.51,-2.16,12,4.79,0,5.0,0.0,0,,,30.0,93.0,4,656.65,4,0
Southern Africa,Female,54,Trader,11,98.51,1.083,13,3.61,1,57.0,16.41,1,0.412,17.6,48.0,80.0,4,959.38,4,1
West Africa,Male,51,Salaried,29,58.06,0.778,21,2.39,1,56.0,16.52,0,,,31.0,34.0,7,350.92,12,1
East Africa,Male,27,Informal worker,24,82.78,0.09,13,8.44,1,36.0,24.42,0,,,39.0,53.0,10,143.88,8,1
Southern Africa,Female,57,Self-employed,18,20.11,-0.288,17,2.68,0,11.0,0.0,0,,,43.0,54.0,3,368.54,12,1
Southern Africa,Male,25,Informal worker,9,63.67,0.529,17,6.26,1,46.0,31.78,1,0.664,3.1,70.0,71.0,2,130.81,4,1
West Africa,Male,44,Trader,26,175.33,0.292,19,3.46,0,3.0,0.0,1,0.43,1.5,69.0,53.0,9,275.1,12,1
Central Africa,Female,57,Salaried,9,43.16,-0.566,13,2.04,0,5.0,0.0,0,,,54.0,32.0,5,216.04,8,0
East Africa,Male,55,Self-employed,27,109.7,0.015,23,4.31,1,77.0,17.42,0,,,44.0,36.0,8,120.1,4,1
West Africa,Female,51,Self-employed,18,41.49,-0.2,13,7.81,1,96.0,14.48,1,0.804,17.3,54.0,61.0,6,188.63,24,0
West Africa,Female,33,Trader,11,148.26,-0.862,14,2.2,0,6.0,0.0,0,,,33.0,48.0,5,258.1,12,1
West Africa,Female,54,Farmer,4,24.87,-0.419,9,2.86,1,58.0,41.96,0,,,24.0,86.0,2,148.94,4,0
West Africa,Male,36,Salaried,25,35.88,-1.215,12,3.74,1,70.0,15.58,0,,,57.0,96.0,5,1058.98,12,1
East Africa,Male,34,Informal worker,29,27.25,0.82,16,3.8,0,6.0,0.0,1,0.52,4.2,23.0,85.0,8,560.76,52,1
Southern Africa,Female,43,Trader,21,133.37,0.225,11,4.84,1,86.0,53.5,1,0.918,20.9,61.0,72.0,14,309.96,24,1
West Africa,Female,47,Trader,13,68.04,0.983,8,1.76,1,78.0,14.58,1,0.664,7.2,14.0,68.0,1,127.56,12,1
Central Africa,Male,27,Trader,13,12.21,0.116,7,1.69,0,7.0,0.0,0,,,51.0,78.0,3,215.19,12,1
West Africa,Male,61,Trader,36,108.49,1.185,25,16.0,1,33.0,46.65,1,0.86,2.9,67.0,55.0,8,361.72,8,1
East Africa,Female,58,Farmer,26,54.64,-0.552,20,3.27,1,62.0,30.07,0,,,44.0,75.0,4,493.84,4,0
Central Africa,Male,31,Self-employed,28,142.98,1.188,19,3.66,1,60.0,25.56,1,0.869,8.6,49.0,69.0,4,385.6,12,1
Southern Africa,Male,29,Informal worker,15,32.27,-0.926,27,7.95,1,82.0,30.81,1,0.519,0.0,54.0,86.0,6,383.84,24,1
East Africa,Male,21,Trader,14,64.69,-0.245,16,3.15,1,75.0,21.3,1,0.761,21.8,70.0,86.0,2,380.02,12,1
Southern Africa,Male,37,Informal worker,11,143.15,-1.007,10,2.96,0,3.0,0.0,1,0.85,7.5,49.0,91.0,6,499.66,8,1
West Africa,Male,26,Farmer,11,39.11,0.029,10,4.59,0,4.0,0.0,1,0.858,27.8,69.0,51.0,8,634.7,24,1
West Africa,Male,61,Salaried,12,31.64,0.366,16,3.49,1,59.0,39.23,1,0.87,12.2,37.0,48.0,2,1115.39,24,0
East Africa,Female,60,Salaried,7,114.95,-0.349,23,2.25,0,13.0,0.0,0,,,39.0,38.0,6,134.32,24,0
West Africa,Male,56,Trader,19,60.34,-0.23,12,5.65,0,0.0,0.0,0,,,51.0,54.0,4,214.68,12,0
East Africa,Male,31,Self-employed,22,59.25,0.817,15,1.41,0,12.0,0.0,0,,,47.0,76.0,6,282.58,12,1
West Africa,Male,50,Trader,16,40.12,0.283,13,3.03,0,2.0,0.0,1,0.47,3.6,57.0,44.0,8,335.57,4,0
Central Africa,Female,41,Informal worker,19,102.59,0.014,12,2.71,0,7.0,0.0,1,0.827,30.7,81.0,33.0,5,150.02,24,0
Central Africa,Male,30,Self-employed,27,52.5,0.476,18,3.83,0,1.0,0.0,0,,,69.0,55.0,5,206.26,8,1
Southern Africa,Male,43,Salaried,16,40.44,-0.677,14,4.28,1,90.0,25.91,1,0.765,25.7,14.0,56.0,5,339.93,12,1
Southern Africa,Female,25,Trader,8,20.12,0.151,12,2.46,0,1.0,0.0,1,0.755,0.2,74.0,60.0,3,225.78,52,0
West Africa,Female,63,Trader,8,39.91,0.388,13,2.22,0,14.0,0.0,1,0.675,1.0,13.0,72.0,5,31.96,12,1
West Africa,Female,25,Trader,14,60.82,-0.157,12,2.83,1,30.0,39.07,0,,,45.0,57.0,5,1170.11,12,1
Southern Africa,Male,32,Trader,13,101.71,0.239,18,2.86,1,35.0,33.59,1,0.414,8.6,39.0,90.0,4,195.73,8,1
East Africa,Male,28,Trader,10,17.84,-0.079,12,0.65,1,18.0,61.1,0,,,55.0,92.0,3,461.52,8,1
East Africa,Male,42,Trader,13,26.47,0.416,14,2.32,0,16.0,0.0,1,0.726,33.3,41.0,81.0,4,314.33,8,1
East Africa,Female,49,Informal worker,9,90.98,1.248,10,1.37,1,46.0,13.47,1,0.798,19.2,46.0,23.0,5,225.38,8,1
East Africa,Male,63,Trader,12,38.14,0.642,11,2.08,0,10.0,0.0,1,0.836,12.3,56.0,52.0,6,174.19,12,1
West Africa,Male,36,Farmer,19,77.06,-0.567,16,5.09,0,8.0,0.0,1,0.789,16.6,77.0,47.0,5,644.11,12,0
West Africa,Male,27,Informal worker,10,27.14,0.279,3,2.45,1,52.0,13.84,1,0.839,10.9,18.0,50.0,4,307.84,8,1
East Africa,Female,19,Trader,17,31.6,1.51,8,1.91,0,6.0,0.0,0,,,31.0,77.0,6,342.82,8,1
East Africa,Male,46,Informal worker,16,67.77,-0.687,8,2.43,0,13.0,0.0,0,,,8.0,58.0,3,413.39,12,0
Central Africa,Male,64,Salaried,14,39.56,0.91,16,3.67,0,12.0,0.0,1,0.804,1.6,35.0,56.0,6,153.6,8,1
East Africa,Female,20,Farmer,10,48.64,0.15,17,1.45,1,58.0,12.35,1,0.956,12.4,24.0,21.0,2,45.88,4,0
Southern Africa,Female,64,Farmer,15,78.4,0.065,12,1.72,0,1.0,0.0,0,,,41.0,62.0,3,285.75,4,1
Southern Africa,Female,30,Informal worker,15,15.86,0.053,8,5.25,0,18.0,0.0,0,,,51.0,80.0,3,168.84,12,1
West Africa,Female,60,Farmer,15,43.12,-0.282,16,2.71,0,11.0,0.0,1,0.879,19.5,62.0,23.0,0,225.51,8,1
Southern Africa,Male,21,Farmer,22,64.88,-0.442,12,4.62,1,51.0,40.31,1,0.706,27.0,40.0,19.0,12,472.62,24,1
East Africa,Female,59,Salaried,2,35.91,0.222,13,2.74,0,2.0,0.0,0,,,22.0,27.0,5,155.09,52,1
East Africa,Male,33,Salaried,9,76.04,-1.193,14,2.47,0,11.0,0.0,0,,,65.0,88.0,3,577.04,12,1
West Africa,Female,30,Farmer,20,42.14,0.088,11,4.22,0,5.0,0.0,0,,,31.0,86.0,9,607.41,8,1
Central Africa,Male,27,Farmer,13,74.2,-0.042,12,2.16,1,86.0,11.81,1,0.9,4.8,78.0,74.0,3,600.5,8,1
Central Africa,Female,24,Salaried,18,83.57,-0.133,14,3.7,0,0.0,0.0,1,0.788,17.9,53.0,36.0,3,189.81,8,1
West Africa,Female,55,Farmer,14,51.99,0.171,13,1.45,1,72.0,7.0,1,0.87,10.8,84.0,44.0,6,228.7,8,1
West Africa,Male,21,Informal worker,18,38.61,0.917,9,1.93,1,74.0,18.83,1,0.875,11.2,43.0,51.0,1,169.94,12,1
West Africa,Male,39,Trader,16,52.64,0.421,21,2.11,1,60.0,38.06,1,0.86,2.8,74.0,62.0,7,482.07,24,1
Southern Africa,Female,62,Trader,7,18.08,-0.141,7,3.57,1,72.0,18.23,0,,,78.0,44.0,3,459.15,8,1
East Africa,Male,37,Farmer,16,61.0,0.49,15,0.72,1,78.0,31.91,1,0.66,11.3,22.0,83.0,4,314.29,8,1
West Africa,Prefer not to say,56,Salaried,7,38.36,0.047,15,1.28,0,4.0,0.0,0,,,39.0,35.0,6,106.54,8,1
Southern Africa,Male,50,Farmer,14,53.69,0.08,12,2.19,0,1.0,0.0,0,,,37.0,30.0,5,684.48,4,0
East Africa,Female,55,Self-employed,24,180.52,0.603,26,11.93,0,4.0,0.0,0,,,55.0,65.0,12,1390.81,12,1
East Africa,Female,62,Salaried,14,26.7,-0.063,11,3.19,0,10.0,0.0,0,,,56.0,67.0,4,158.94,8,0
East Africa,Male,22,Salaried,10,31.11,0.161,9,1.76,1,70.0,14.61,1,0.933,26.2,40.0,68.0,5,156.9,52,1
East Africa,Female,32,Salaried,20,13.69,0.575,11,5.58,0,3.0,0.0,0,,,33.0,67.0,7,278.9,24,0
East Africa,Female,33,Trader,26,89.26,-0.14,21,2.03,0,9.0,0.0,0,,,37.0,38.0,7,641.07,52,0
West Africa,Female,21,Farmer,20,33.76,-0.521,10,3.21,0,21.0,0.0,0,,,75.0,42.0,7,317.44,8,0
East Africa,Female,22,Trader,16,55.5,0.419,17,3.07,0,0.0,0.0,1,0.593,31.0,58.0,63.0,3,365.11,8,1
Central Africa,Female,23,Farmer,24,17.02,-0.487,13,3.5,0,3.0,0.0,0,,,27.0,60.0,7,340.38,4,0
East Africa,Male,62,Trader,20,70.14,0.449,16,2.08,1,48.0,59.22,0,,,42.0,51.0,13,404.51,12,0
Central Africa,Male,58,Salaried,9,35.49,-0.424,13,1.31,0,4.0,0.0,1,0.536,3.2,53.0,70.0,1,620.2,8,1
East Africa,Male,45,Salaried,29,82.66,0.618,17,11.75,0,8.0,0.0,1,0.666,1.7,70.0,72.0,7,464.25,12,1
Southern Africa,Female,57,Trader,8,26.63,0.04,10,3.14,0,2.0,0.0,0,,,80.0,19.0,2,108.08,8,0
West Africa,Female,34,Farmer,20,46.78,0.512,20,2.08,0,4.0,0.0,1,0.792,35.1,64.0,86.0,8,527.16,12,1
Southern Africa,Male,40,Informal worker,17,117.18,0.828,13,3.25,1,67.0,79.43,0,,,42.0,43.0,3,407.62,52,1
West Africa,Female,59,Informal worker,8,20.05,0.294,15,1.35,0,1.0,0.0,0,,,74.0,78.0,4,255.03,8,1
West Africa,Male,24,Self-employed,12,145.21,-0.399,19,11.78,1,52.0,19.91,1,0.36,23.0,59.0,45.0,5,267.94,24,1
West Africa,Female,24,Trader,27,57.42,0.184,16,6.9,0,16.0,0.0,1,0.932,5.8,68.0,62.0,9,316.93,12,1
West Africa,Female,42,Trader,10,134.83,0.05,20,5.46,1,63.0,16.78,0,,,46.0,81.0,6,162.54,24,1
Central Africa,Female,29,Salaried,8,40.0,-0.534,17,1.57,0,10.0,0.0,1,0.781,22.8,19.0,87.0,7,668.91,24,1
Central Africa,Female,49,Trader,5,37.26,0.259,5,1.52,0,6.0,0.0,1,0.541,0.5,65.0,31.0,1,76.83,4,0
Southern Africa,Female,47,Salaried,13,29.96,-0.011,21,5.19,0,1.0,0.0,1,0.826,11.7,37.0,83.0,6,86.77,12,1
West Africa,Male,33,Trader,13,17.76,0.074,14,2.38,0,5.0,0.0,1,0.786,9.2,40.0,38.0,5,171.28,12,1
Central Africa,Male,23,Farmer,7,53.47,-0.194,7,1.39,1,74.0,7.25,0,,,81.0,35.0,0,54.78,4,1
Southern Africa,Male,21,Informal worker,18,125.89,-0.572,11,1.7,0,9.0,0.0,0,,,72.0,64.0,3,315.31,12,1
West Africa,Female,38,Salaried,10,17.88,-0.323,8,1.56,0,1.0,0.0,0,,,33.0,89.0,1,202.85,24,0
East Africa,Female,33,Trader,10,78.88,0.613,10,2.09,1,37.0,16.58,0,,,67.0,65.0,2,392.67,24,1
Southern Africa,Male,19,Salaried,27,20.53,0.432,12,2.89,1,84.0,38.49,0,,,17.0,43.0,7,471.76,12,1
West Africa,Male,50,Salaried,11,31.36,-0.463,13,3.28,1,64.0,7.35,0,,,58.0,72.0,3,178.3,24,0
East Africa,Male,62,Salaried,18,36.9,0.632,16,5.71,1,30.0,31.09,0,,,24.0,51.0,3,270.35,12,1
Southern Africa,Prefer not to say,63,Self-employed,13,39.33,0.425,14,2.97,1,22.0,20.01,0,,,59.0,26.0,4,252.33,24,1
West Africa,Male,23,Salaried,12,70.57,-1.64,8,2.01,0,2.0,0.0,1,0.696,9.4,34.0,37.0,5,208.47,52,0
East Africa,Female,26,Salaried,7,8.42,-0.518,8,3.56,0,15.0,0.0,0,,,29.0,61.0,1,120.37,8,0
East Africa,Male,38,Informal worker,12,37.69,-0.02,10,2.61,0,16.0,0.0,0,,,68.0,68.0,3,145.09,8,1
Southern Africa,Female,60,Salaried,11,17.39,0.506,14,2.18,0,5.0,0.0,1,0.825,3.9,39.0,70.0,2,252.73,8,1
Central Africa,Female,45,Self-employed,14,41.26,1.164,20,2.6,0,0.0,0.0,1,0.94,7.3,67.0,73.0,10,333.98,4,1
Southern Africa,Male,39,Informal worker,9,42.14,-0.417,11,4.78,0,1.0,0.0,0,,,40.0,84.0,2,105.74,4,0
East Africa,Female,61,Trader,16,43.08,-0.031,16,5.07,0,9.0,0.0,1,0.659,28.8,19.0,60.0,4,169.87,8,0
East Africa,Male,49,Trader,27,88.32,0.291,12,6.68,0,0.0,0.0,1,0.925,11.6,59.0,79.0,12,92.13,8,1
East Africa,Female,64,Salaried,27,36.72,1.465,19,5.24,0,8.0,0.0,0,,,47.0,79.0,13,555.35,52,1
East Africa,Male,58,Self-employed,27,136.52,-0.852,21,3.51,1,26.0,24.84,0,,,50.0,78.0,6,494.65,8,0
West Africa,Female,64,Trader,25,53.86,-0.018,24,3.29,1,55.0,58.58,0,,,44.0,64.0,13,488.16,24,1
Southern Africa,Male,44,Self-employed,16,74.91,0.896,10,3.17,1,17.0,34.65,0,,,59.0,63.0,5,277.55,4,1
Southern Africa,Female,35,Trader,15,45.6,0.056,15,1.54,1,71.0,55.89,1,0.776,3.1,47.0,62.0,5,205.85,8,1
East Africa,Male,20,Farmer,28,122.75,0.249,15,10.83,0,0.0,0.0,0,,,28.0,83.0,13,181.14,8,0
Central Africa,Female,52,Self-employed,25,183.53,0.943,16,7.36,0,0.0,0.0,1,0.935,2.4,48.0,72.0,3,310.58,12,1
Southern Africa,Male,30,Self-employed,11,39.59,-1.045,19,5.7,0,6.0,0.0,1,0.868,11.4,48.0,85.0,3,207.86,8,0
East Africa,Male,18,Informal worker,19,129.9,0.054,12,1.75,0,11.0,0.0,1,0.66,2.6,48.0,56.0,4,447.56,24,0
West Africa,Female,55,Self-employed,33,112.76,1.045,13,6.42,0,3.0,0.0,1,0.826,3.2,37.0,59.0,9,168.49,8,1
West Africa,Male,37,Salaried,17,54.01,0.057,8,6.04,1,73.0,30.04,0,,,38.0,60.0,3,335.62,4,1
East Africa,Male,43,Salaried,23,29.72,-1.722,19,2.37,1,57.0,12.04,1,0.964,1.6,59.0,82.0,11,86.97,8,0
East Africa,Female,54,Salaried,7,18.66,-0.621,8,1.53,0,9.0,0.0,0,,,29.0,24.0,1,174.42,12,1
West Africa,Male,33,Farmer,8,47.4,-0.735,13,2.43,0,2.0,0.0,0,,,57.0,54.0,7,432.09,4,0
West Africa,Female,56,Trader,15,44.11,1.239,13,7.63,1,71.0,27.22,1,0.772,12.6,48.0,64.0,8,315.81,8,1
West Africa,Male,45,Trader,20,57.35,0.658,15,0.93,0,11.0,0.0,0,,,71.0,98.0,7,93.6,8,0
Southern Africa,Female,44,Trader,9,37.99,-0.454,12,4.03,0,12.0,0.0,1,0.719,14.0,64.0,29.0,2,268.02,52,1
Southern Africa,Female,30,Trader,18,25.8,-0.983,15,6.56,0,3.0,0.0,0,,,29.0,69.0,3,191.69,4,0
East Africa,Male,55,Trader,12,33.56,0.005,14,5.56,1,36.0,11.05,0,,,68.0,57.0,2,351.17,8,0
West Africa,Male,29,Trader,30,133.45,-0.42,15,2.4,0,2.0,0.0,0,,,58.0,50.0,5,103.84,4,0
West Africa,Female,47,Informal worker,10,20.87,-0.03,13,1.37,0,13.0,0.0,1,0.736,30.8,41.0,69.0,3,177.38,8,1
West Africa,Female,56,Trader,24,23.71,0.305,14,1.61,1,93.0,25.27,0,,,79.0,34.0,9,553.27,12,0
East Africa,Male,23,Farmer,10,30.21,-0.13,19,4.6,0,11.0,0.0,1,0.506,2.9,70.0,41.0,4,594.65,12,0
West Africa,Male,36,Trader,10,86.87,0.402,16,4.06,1,82.0,69.86,0,,,35.0,43.0,6,295.09,12,0
West Africa,Male,49,Trader,9,21.97,1.245,13,0.66,0,9.0,0.0,1,0.751,24.0,51.0,42.0,2,190.01,4,1
Central Africa,Female,30,Informal worker,9,12.12,-1.344,11,2.91,0,7.0,0.0,1,0.616,2.3,37.0,15.0,2,794.9,12,1
East Africa,Female,19,Salaried,14,24.24,-0.991,9,2.31,1,71.0,24.01,0,,,31.0,52.0,4,196.81,8,1
Southern Africa,Male,37,Informal worker,22,74.98,0.32,18,4.84,1,77.0,22.14,0,,,41.0,36.0,6,369.68,4,1
West Africa,Female,41,Informal worker,5,13.61,-0.971,7,2.32,1,84.0,10.68,0,,,19.0,28.0,2,74.25,12,0
West Africa,Female,61,Self-employed,9,56.49,0.179,20,2.26,0,0.0,0.0,0,,,34.0,51.0,1,279.53,8,1
Central Africa,Female,55,Informal worker,17,72.52,-0.488,14,3.39,0,5.0,0.0,0,,,58.0,66.0,11,442.79,12,1
East Africa,Male,26,Trader,17,48.3,-0.007,10,2.49,0,7.0,0.0,1,0.572,15.8,31.0,41.0,3,141.79,8,1
East Africa,Male,31,Trader,5,19.47,-0.241,11,2.86,0,4.0,0.0,0,,,44.0,64.0,5,245.71,12,1
Central Africa,Male,26,Informal worker,14,19.85,0.284,15,3.67,1,86.0,15.82,1,0.922,0.4,46.0,42.0,5,398.6,8,1
East Africa,Female,60,Informal worker,11,67.56,-0.336,12,1.35,0,4.0,0.0,0,,,37.0,73.0,3,360.86,8,0
West Africa,Male,34,Salaried,9,48.42,0.354,14,1.75,0,12.0,0.0,0,,,52.0,75.0,4,751.04,12,0
East Africa,Male,59,Trader,21,68.48,-0.38,14,3.57,1,64.0,22.4,0,,,71.0,34.0,6,120.62,52,1
West Africa,Female,20,Self-employed,27,60.47,0.27,12,1.84,0,11.0,0.0,0,,,55.0,68.0,5,121.39,8,0
West Africa,Female,44,Farmer,28,83.61,-0.88,12,2.78,0,6.0,0.0,1,0.942,0.2,75.0,36.0,5,340.02,8,0
West Africa,Male,21,Self-employed,7,23.55,-1.596,10,1.9,0,2.0,0.0,0,,,71.0,82.0,2,78.32,8,1
Central Africa,Male,44,Farmer,7,41.7,-1.26,7,1.43,1,47.0,18.58,0,,,68.0,22.0,2,285.77,8,1
Southern Africa,Male,18,Trader,14,37.92,1.233,12,3.33,1,65.0,46.45,1,0.418,4.7,22.0,86.0,5,295.9,24,1
West Africa,Male,25,Farmer,22,46.6,1.038,15,2.23,0,5.0,0.0,0,,,65.0,94.0,10,363.45,8,0
West Africa,Male,24,Trader,23,130.62,0.321,9,4.06,0,2.0,0.0,1,0.81,0.0,23.0,70.0,8,91.63,12,0
Southern Africa,Male,51,Trader,9,43.38,-0.813,12,1.35,0,1.0,0.0,0,,,98.0,78.0,3,552.09,8,1
Central Africa,Male,48,Salaried,10,20.28,0.243,13,2.99,0,0.0,0.0,0,,,50.0,57.0,6,263.48,12,0
West Africa,Female,44,Farmer,17,65.52,-0.913,14,2.52,0,7.0,0.0,0,,,44.0,53.0,7,149.2,4,1
West Africa,Female,27,Trader,19,41.37,-1.089,14,4.5,0,3.0,0.0,1,0.455,2.7,52.0,65.0,6,380.05,12,0
Central Africa,Male,30,Farmer,10,28.93,-0.41,10,3.23,1,62.0,11.97,1,0.725,2.6,77.0,73.0,1,367.82,8,0
Central Africa,Female,35,Informal worker,5,40.79,-0.246,6,1.11,0,1.0,0.0,0,,,14.0,54.0,4,301.43,8,1
Central Africa,Male,64,Trader,23,22.7,0.616,9,3.98,1,40.0,40.57,0,,,48.0,67.0,5,613.35,8,1
West Africa,Female,51,Trader,16,37.31,-0.322,14,2.57,1,53.0,23.42,1,0.894,6.0,45.0,71.0,4,129.13,8,1
West Africa,Female,19,Salaried,12,35.12,-0.412,10,3.34,0,3.0,0.0,1,0.546,16.3,26.0,26.0,3,430.5,12,0
East Africa,Female,19,Trader,12,44.22,0.977,15,9.77,1,38.0,13.66,0,,,67.0,50.0,7,160.45,4,1
West Africa,Female,34,Self-employed,23,30.73,0.409,25,3.92,1,71.0,14.89,1,0.874,13.5,46.0,35.0,4,92.79,12,1
Central Africa,Male,27,Trader,33,32.28,0.406,24,9.78,1,40.0,30.8,0,,,48.0,79.0,11,372.45,8,1
West Africa,Male,37,Informal worker,20,69.56,0.597,23,2.79,0,7.0,0.0,1,0.683,20.7,46.0,57.0,9,1488.58,24,1
East Africa,Male,64,Informal worker,34,157.12,0.355,20,3.73,1,72.0,26.23,0,,,51.0,77.0,6,446.9,8,1
Central Africa,Male,27,Trader,18,54.24,1.086,12,1.87,1,36.0,31.38,0,,,51.0,73.0,5,467.01,8,1
Central Africa,Female,46,Informal worker,14,185.82,0.1,11,4.07,1,77.0,24.94,1,0.876,17.2,26.0,60.0,7,134.08,4,1
Southern Africa,Male,40,Farmer,20,51.91,0.027,13,2.28,1,94.0,49.0,0,,,37.0,64.0,5,372.07,8,0
Central Africa,Male,49,Farmer,17,42.99,-0.48,13,0.95,1,53.0,16.16,0,,,19.0,55.0,10,221.53,12,1
West Africa,Female,43,Salaried,15,36.89,-0.932,17,4.18,0,1.0,0.0,0,,,54.0,97.0,7,334.4,12,0
East Africa,Female,42,Self-employed,24,177.6,0.772,30,6.64,0,9.0,0.0,1,0.896,0.9,83.0,62.0,11,625.38,8,1
West Africa,Female,30,Trader,11,21.16,-0.744,19,2.97,1,23.0,17.71,0,,,29.0,53.0,3,101.47,4,1
Central Africa,Female,63,Informal worker,42,93.01,-0.223,25,2.67,1,69.0,54.88,0,,,62.0,55.0,16,1104.44,4,0
Central Africa,Female,30,Trader,14,10.98,-0.742,9,1.22,0,5.0,0.0,0,,,53.0,44.0,4,807.21,12,1
West Africa,Male,24,Trader,10,65.17,0.451,11,1.68,0,3.0,0.0,1,0.421,26.0,19.0,86.0,3,139.47,4,1
West Africa,Female,22,Trader,11,46.75,-0.449,7,1.53,1,64.0,17.3,0,,,46.0,8.0,0,481.53,4,1
East Africa,Male,21,Informal worker,7,31.92,-0.06,6,1.07,1,85.0,5.75,0,,,47.0,62.0,2,376.34,12,1
West Africa,Male,34,Informal worker,9,34.62,-0.004,10,1.79,0,1.0,0.0,1,0.904,1.8,20.0,21.0,4,618.8,4,1
Southern Africa,Prefer not to say,56,Farmer,8,42.58,0.934,11,3.05,1,63.0,22.53,0,,,14.0,59.0,9,431.99,12,1
West Africa,Male,25,Self-employed,10,184.4,-0.242,16,2.19,1,66.0,24.35,1,0.764,8.7,40.0,92.0,8,249.21,52,1
Southern Africa,Male,18,Salaried,24,36.54,-0.014,14,3.29,1,48.0,27.31,0,,,53.0,82.0,2,126.73,12,0
East Africa,Male,42,Trader,12,67.46,0.775,10,4.71,1,85.0,24.48,1,0.591,2.9,78.0,65.0,13,392.06,8,1
East Africa,Prefer not to say,44,Trader,20,27.6,0.282,22,1.59,1,47.0,46.59,1,0.748,0.6,59.0,72.0,5,116.58,12,1
West Africa,Female,44,Informal worker,22,121.6,0.638,14,3.29,0,4.0,0.0,1,0.776,0.1,67.0,41.0,8,820.05,4,1
Central Africa,Male,18,Farmer,10,97.09,-0.064,10,2.49,0,0.0,0.0,1,0.747,9.3,78.0,29.0,9,358.35,8,1
East Africa,Female,27,Trader,20,43.27,0.065,15,1.01,1,67.0,23.98,0,,,50.0,87.0,7,446.46,4,0
East Africa,Male,34,Trader,6,30.46,0.51,11,3.7,0,0.0,0.0,1,0.908,17.7,75.0,57.0,3,192.34,12,1
East Africa,Female,52,Farmer,10,122.67,0.064,10,4.81,1,87.0,38.17,0,,,87.0,41.0,8,322.22,12,1
Central Africa,Male,48,Farmer,21,81.76,0.804,26,3.65,1,76.0,14.45,1,0.87,37.8,33.0,74.0,6,652.1,8,1
Southern Africa,Male,56,Informal worker,20,19.75,0.224,14,2.74,1,58.0,22.19,1,0.754,15.5,60.0,81.0,4,249.96,52,1
Southern Africa,Female,43,Salaried,17,84.51,-2.235,9,1.84,0,17.0,0.0,1,0.904,1.7,8.0,73.0,1,1199.39,8,1
East Africa,Female,36,Self-employed,18,46.28,0.197,15,3.26,1,32.0,24.17,1,0.717,3.3,48.0,55.0,12,306.29,8,1
Central Africa,Male,44,Salaried,24,29.38,0.261,14,3.18,1,58.0,22.07,1,0.795,2.0,28.0,90.0,5,233.46,4,1
West Africa,Male,36,Farmer,21,89.18,-1.114,13,3.05,0,4.0,0.0,0,,,46.0,72.0,5,237.27,4,1
Southern Africa,Female,25,Farmer,12,111.51,-1.137,9,2.41,0,5.0,0.0,0,,,43.0,77.0,4,99.74,12,1
East Africa,Male,45,Trader,7,26.38,-0.559,8,3.64,0,5.0,0.0,0,,,36.0,72.0,4,177.93,4,1
East Africa,Male,31,Self-employed,14,41.1,-0.281,12,5.75,1,59.0,15.18,0,,,43.0,54.0,4,457.36,4,1
Central Africa,Female,30,Farmer,16,28.65,1.157,20,3.69,1,65.0,65.29,0,,,53.0,47.0,8,557.2,24,1
Central Africa,Male,51,Trader,17,23.53,1.055,15,3.54,0,3.0,0.0,0,,,54.0,82.0,5,366.0,8,1
East Africa,Male,21,Informal worker,17,15.97,-0.133,18,3.55,1,62.0,20.15,1,0.891,20.4,58.0,41.0,7,257.88,8,1
East Africa,Male,19,Farmer,15,26.2,-0.543,16,2.69,1,52.0,9.6,1,0.753,26.9,57.0,35.0,8,551.29,8,1
Central Africa,Male,34,Self-employed,7,22.28,-0.224,9,1.56,1,67.0,20.28,0,,,29.0,64.0,5,157.05,24,1
Central Africa,Male,45,Trader,12,20.93,0.419,13,2.78,1,30.0,12.56,1,0.537,17.7,31.0,51.0,3,320.36,4,1
Southern Africa,Female,57,Farmer,11,20.72,-0.422,4,2.08,0,3.0,0.0,0,,,47.0,29.0,2,231.19,8,0
West Africa,Male,42,Self-employed,8,22.48,0.203,6,1.4,0,2.0,0.0,1,0.696,32.5,67.0,39.0,2,430.38,8,1
West Africa,Female,30,Farmer,20,24.51,0.693,15,8.4,0,14.0,0.0,0,,,54.0,35.0,5,118.87,12,1
Central Africa,Male,34,Farmer,10,30.8,0.118,9,3.18,0,1.0,0.0,0,,,41.0,97.0,5,237.08,12,0
Southern Africa,Male,35,Informal worker,23,81.06,0.184,11,6.86,0,5.0,0.0,1,0.739,10.1,84.0,83.0,5,296.55,8,1
Southern Africa,Female,33,Informal worker,29,146.04,0.047,23,3.29,1,71.0,86.4,0,,,83.0,71.0,5,634.94,12,0
Southern Africa,Male,49,Trader,5,32.17,-0.305,9,1.8,0,3.0,0.0,1,0.508,8.1,30.0,85.0,2,103.52,24,1
East Africa,Female,55,Trader,19,104.73,-0.332,17,1.21,0,10.0,0.0,0,,,61.0,25.0,4,47.11,8,1
East Africa,Male,51,Farmer,18,21.21,1.177,17,2.01,1,35.0,23.33,0,,,18.0,91.0,0,1209.64,52,1
Southern Africa,Female,35,Trader,15,7.19,0.615,6,4.94,1,88.0,15.77,1,0.739,4.2,47.0,45.0,3,308.69,12,1
West Africa,Female,31,Farmer,14,78.66,0.152,14,5.43,0,0.0,0.0,0,,,45.0,58.0,3,226.63,12,0
Southern Africa,Male,21,Farmer,18,150.99,0.225,12,1.53,1,36.0,33.07,1,0.707,22.5,68.0,49.0,7,416.43,24,0
Southern Africa,Female,55,Informal worker,7,12.31,-1.155,11,1.48,0,4.0,0.0,1,0.86,33.7,66.0,47.0,2,259.99,24,1
Southern Africa,Male,63,Informal worker,12,48.4,-0.061,16,2.82,1,43.0,52.97,1,0.936,6.1,59.0,65.0,8,177.36,8,0
West Africa,Male,20,Farmer,18,40.75,1.408,12,2.76,0,3.0,0.0,1,0.76,8.5,41.0,57.0,11,282.14,8,1
Southern Africa,Male,24,Trader,8,73.12,-0.135,6,1.35,0,13.0,0.0,0,,,43.0,47.0,2,35.2,4,1
West Africa,Female,28,Farmer,12,40.53,-0.364,9,1.45,1,43.0,8.05,0,,,23.0,65.0,1,154.9,4,1
West Africa,Female,55,Trader,16,48.78,0.437,9,4.05,0,6.0,0.0,1,0.874,1.6,64.0,59.0,6,462.85,24,1
East Africa,Prefer not to say,28,Self-employed,17,90.5,-0.142,13,2.69,1,87.0,32.7,0,,,69.0,62.0,2,179.39,8,1
West Africa,Female,18,Trader,10,27.7,-0.425,6,0.71,0,2.0,0.0,1,0.515,25.4,73.0,71.0,2,199.03,8,1
Central Africa,Male,33,Salaried,20,29.37,0.032,12,4.29,1,97.0,32.32,0,,,42.0,45.0,6,397.85,4,1
Central Africa,Female,35,Informal worker,22,138.24,1.54,20,3.64,1,62.0,37.21,1,0.744,3.5,42.0,77.0,6,462.05,8,1
West Africa,Female,36,Salaried,20,24.6,-0.998,12,5.65,0,6.0,0.0,0,,,26.0,68.0,8,847.56,8,0
Southern Africa,Female,42,Salaried,11,20.67,-0.849,11,1.99,0,22.0,0.0,0,,,75.0,57.0,1,168.87,8,1
East Africa,Female,29,Salaried,15,30.03,-1.544,17,4.6,0,2.0,0.0,1,0.761,10.0,65.0,18.0,6,423.49,8,0
Southern Africa,Female,19,Informal worker,18,218.54,-0.149,19,1.55,1,11.0,38.7,0,,,25.0,54.0,0,2247.63,4,1
Central Africa,Male,23,Trader,16,16.39,-0.111,9,2.41,0,6.0,0.0,0,,,62.0,82.0,3,115.76,12,1
East Africa,Female,52,Informal worker,31,39.42,0.957,22,5.96,1,56.0,52.35,1,0.636,12.9,72.0,83.0,8,256.06,4,1
West Africa,Prefer not to say,49,Trader,15,55.45,-0.935,12,2.3,0,1.0,0.0,1,0.793,40.2,39.0,53.0,1,247.54,12,0
West Africa,Female,30,Farmer,13,23.24,-0.668,15,1.77,0,8.0,0.0,0,,,41.0,83.0,4,179.63,12,0
East Africa,Male,62,Salaried,19,65.38,0.573,12,2.59,1,52.0,84.86,0,,,61.0,80.0,9,443.5,8,0
Central Africa,Male,43,Informal worker,16,47.95,0.536,16,1.75,0,18.0,0.0,0,,,5.0,51.0,3,483.18,4,1
East Africa,Female,55,Trader,36,70.34,1.103,31,11.66,0,2.0,0.0,1,0.849,0.4,65.0,84.0,14,333.17,24,0
East Africa,Female,55,Salaried,8,26.25,-1.825,9,1.31,0,10.0,0.0,1,0.358,4.6,48.0,70.0,2,263.69,4,1
West Africa,Female,32,Trader,10,53.54,-0.171,9,2.88,0,3.0,0.0,1,0.847,9.5,45.0,89.0,2,170.54,8,1
Central Africa,Female,45,Salaried,20,39.31,0.558,17,4.78,0,2.0,0.0,1,0.806,3.1,71.0,41.0,6,353.0,4,0
West Africa,Male,45,Salaried,22,28.98,0.367,17,5.78,1,65.0,22.94,0,,,44.0,49.0,4,716.56,4,1
Southern Africa,Female,39,Trader,12,30.8,-1.152,9,5.97,0,0.0,0.0,1,0.399,2.8,64.0,51.0,2,248.63,8,0
Southern Africa,Male,47,Trader,11,28.3,-0.791,14,1.82,0,1.0,0.0,1,0.845,15.2,47.0,76.0,3,680.14,8,0
West Africa,Male,33,Self-employed,15,76.16,0.705,26,6.58,0,0.0,0.0,1,0.781,7.3,14.0,25.0,3,347.03,12,1
West Africa,Male,22,Trader,13,37.14,0.73,9,3.94,0,14.0,0.0,1,0.456,5.0,79.0,71.0,3,241.34,4,0
East Africa,Male,20,Self-employed,21,73.5,0.775,8,1.62,1,58.0,27.3,0,,,73.0,77.0,4,885.85,24,1
West Africa,Male,39,Farmer,21,50.86,-0.153,9,2.31,0,4.0,0.0,1,0.786,12.7,69.0,60.0,3,313.78,4,0
Southern Africa,Female,60,Farmer,24,45.32,0.194,19,7.08,0,2.0,0.0,1,0.75,4.6,68.0,56.0,8,549.28,4,1
Southern Africa,Male,28,Informal worker,15,132.25,-0.417,12,2.89,1,65.0,7.14,0,,,25.0,41.0,6,228.88,4,1
West Africa,Female,45,Farmer,15,61.02,0.416,19,2.89,1,73.0,7.52,1,0.567,2.9,27.0,42.0,2,196.08,52,1
East Africa,Male,25,Farmer,40,31.65,1.492,15,9.92,0,4.0,0.0,0,,,50.0,84.0,15,527.63,24,1
West Africa,Female,47,Informal worker,10,40.6,0.194,7,2.45,0,5.0,0.0,1,0.804,22.5,20.0,88.0,1,198.43,12,0
West Africa,Male,26,Farmer,9,16.43,0.236,9,5.37,1,38.0,41.27,1,0.541,10.3,45.0,80.0,3,434.25,24,1
Southern Africa,Female,38,Trader,33,100.27,0.243,18,7.55,1,65.0,18.15,0,,,42.0,60.0,17,733.49,8,1
Southern Africa,Female,55,Salaried,17,108.44,-0.106,13,5.34,1,32.0,21.02,0,,,78.0,63.0,7,300.62,8,0
Southern Africa,Male,35,Farmer,8,27.58,-0.698,5,2.38,1,82.0,19.55,1,0.835,2.1,56.0,87.0,0,70.49,24,0
West Africa,Male,61,Informal worker,18,152.28,0.424,15,4.19,0,2.0,0.0,0,,,29.0,47.0,6,237.17,12,1
East Africa,Male,20,Informal worker,20,24.38,0.237,9,3.3,1,23.0,41.76,0,,,18.0,65.0,0,1089.28,52,1
East Africa,Male,21,Informal worker,22,101.56,0.899,20,7.01,0,4.0,0.0,0,,,75.0,80.0,5,290.34,24,1
Central Africa,Male,25,Trader,17,42.96,0.369,14,2.16,1,58.0,42.59,1,0.903,0.3,79.0,35.0,6,38.56,52,1
Southern Africa,Male,29,Self-employed,19,34.78,-0.092,17,3.38,0,4.0,0.0,1,0.752,1.7,59.0,67.0,10,2999.53,8,1
Central Africa,Female,38,Farmer,5,70.05,-1.246,14,1.33,0,5.0,0.0,0,,,51.0,47.0,1,595.54,24,0
West Africa,Male,60,Self-employed,20,46.58,1.35,11,4.73,0,0.0,0.0,0,,,64.0,77.0,5,392.27,8,1
East Africa,Male,29,Salaried,10,36.42,-0.43,10,1.81,0,9.0,0.0,0,,,85.0,51.0,2,174.34,8,1
Southern Africa,Male,34,Informal worker,27,50.24,0.194,18,2.46,1,84.0,27.69,0,,,17.0,74.0,2,289.46,24,1
East Africa,Male,20,Farmer,7,119.75,0.661,7,0.9,0,13.0,0.0,0,,,62.0,62.0,1,205.43,24,1
East Africa,Male,51,Trader,12,64.58,0.253,14,2.84,1,65.0,14.35,1,0.678,9.7,52.0,64.0,6,574.32,4,1
East Africa,Female,43,Farmer,15,91.23,-0.619,15,4.42,1,78.0,10.52,0,,,57.0,55.0,4,281.7,12,1
Central Africa,Female,20,Informal worker,8,14.29,-0.388,6,0.64,0,13.0,0.0,1,0.709,16.2,64.0,29.0,1,174.1,8,0
West Africa,Male,39,Farmer,8,15.89,0.545,7,2.29,0,1.0,0.0,0,,,54.0,18.0,0,624.22,8,1
Central Africa,Male,28,Trader,24,38.13,0.481,16,2.21,0,8.0,0.0,0,,,12.0,80.0,7,220.77,24,0
East Africa,Male,37,Farmer,13,43.5,2.243,16,2.78,0,8.0,0.0,1,0.673,25.5,55.0,82.0,8,257.13,4,1
East Africa,Female,31,Trader,22,28.72,-1.033,19,3.91,0,9.0,0.0,1,0.855,17.8,82.0,42.0,5,224.57,12,1
East Africa,Male,54,Farmer,23,50.28,0.076,13,5.52,1,34.0,59.36,1,0.809,8.8,58.0,58.0,6,227.2,24,0
West Africa,Female,20,Farmer,26,126.64,-0.532,20,4.06,0,1.0,0.0,0,,,41.0,57.0,5,465.9,8,0
Central Africa,Female,46,Trader,15,47.78,0.452,10,3.0,1,69.0,14.07,0,,,25.0,30.0,7,187.46,8,1
Central Africa,Female,55,Trader,24,21.0,-0.317,20,3.32,0,1.0,0.0,0,,,78.0,83.0,9,315.48,4,0
Central Africa,Male,18,Trader,5,93.28,-0.583,10,3.84,1,90.0,37.03,1,0.82,0.7,58.0,81.0,3,205.77,52,1
Central Africa,Female,60,Informal worker,11,12.54,-0.615,11,4.07,1,75.0,19.22,1,0.672,3.1,43.0,66.0,0,195.06,8,1
Southern Africa,Male,53,Self-employed,9,84.0,0.02,17,4.26,1,74.0,44.46,1,0.956,33.2,42.0,39.0,5,157.56,24,1
East Africa,Male,31,Trader,19,42.11,-0.122,8,3.16,1,66.0,5.63,1,0.598,25.2,59.0,77.0,5,774.66,52,1
Central Africa,Female,40,Informal worker,21,219.41,0.588,22,1.97,0,5.0,0.0,1,0.754,6.9,39.0,50.0,3,174.44,12,1
West Africa,Female,50,Trader,16,141.4,-0.513,18,3.55,1,81.0,54.66,1,0.843,11.9,58.0,40.0,7,222.19,8,1
Southern Africa,Male,42,Informal worker,24,97.33,0.652,20,6.27,0,11.0,0.0,0,,,58.0,48.0,9,925.46,24,1
East Africa,Male,53,Trader,14,40.17,-0.206,13,2.5,1,41.0,41.1,1,0.917,26.4,21.0,59.0,7,141.24,52,1
Southern Africa,Male,59,Salaried,21,153.71,-0.797,12,2.89,1,35.0,35.16,0,,,63.0,72.0,7,129.43,8,1
East Africa,Female,34,Informal worker,11,43.91,0.572,12,4.4,0,2.0,0.0,1,0.588,8.0,81.0,64.0,2,165.69,24,1
East Africa,Male,23,Informal worker,6,34.11,-0.857,9,1.27,0,6.0,0.0,0,,,52.0,33.0,0,580.98,4,0
West Africa,Male,38,Trader,18,57.32,0.21,15,10.63,1,70.0,24.36,0,,,77.0,46.0,6,190.93,4,1
East Africa,Male,46,Salaried,12,31.68,-0.499,20,2.38,0,2.0,0.0,0,,,61.0,84.0,6,276.5,24,1
East Africa,Prefer not to say,54,Trader,27,73.99,1.989,18,3.58,1,89.0,21.75,1,0.879,10.0,61.0,42.0,6,1791.49,4,1
West Africa,Female,31,Farmer,23,43.03,1.455,18,3.94,0,12.0,0.0,0,,,67.0,83.0,11,833.67,12,1
West Africa,Male,61,Salaried,20,93.12,-0.009,13,1.3,0,8.0,0.0,0,,,39.0,75.0,6,667.71,4,1
East Africa,Female,19,Informal worker,11,31.67,-0.102,11,2.72,0,9.0,0.0,0,,,31.0,21.0,0,214.06,4,0
West Africa,Male,45,Salaried,15,34.0,0.215,12,2.94,0,1.0,0.0,0,,,50.0,74.0,7,178.27,24,0
Southern Africa,Female,38,Informal worker,14,45.19,-0.383,23,2.42,0,4.0,0.0,0,,,41.0,76.0,10,1392.89,12,1
West Africa,Female,50,Salaried,13,144.25,0.512,16,2.87,0,1.0,0.0,1,0.898,3.6,34.0,37.0,6,516.1,24,0
East Africa,Male,31,Trader,22,27.36,0.179,15,3.61,1,68.0,19.92,0,,,50.0,71.0,4,324.04,4,1
West Africa,Female,61,Farmer,23,93.42,1.291,26,3.14,1,59.0,53.64,1,0.837,2.1,47.0,41.0,7,133.32,8,1
East Africa,Prefer not to say,18,Farmer,15,29.91,0.219,13,4.93,0,10.0,0.0,1,0.973,23.0,43.0,55.0,7,139.48,12,1
East Africa,Male,56,Informal worker,20,75.34,-0.434,17,3.65,1,34.0,18.6,1,0.948,3.0,65.0,51.0,8,339.15,8,1
East Africa,Male,41,Informal worker,23,42.53,-0.319,8,6.29,0,9.0,0.0,0,,,63.0,46.0,4,445.34,8,0
East Africa,Female,42,Informal worker,14,51.29,-0.656,12,3.8,1,49.0,15.32,1,0.649,0.4,50.0,75.0,5,133.09,24,1
East Africa,Male,32,Informal worker,14,39.15,0.196,14,2.75,0,12.0,0.0,0,,,71.0,56.0,6,296.49,24,1
West Africa,Female,36,Trader,19,16.49,0.684,14,1.22,0,19.0,0.0,0,,,55.0,42.0,6,545.42,24,0
East Africa,Male,38,Farmer,13,48.35,-0.97,10,2.23,0,6.0,0.0,1,0.363,8.8,37.0,63.0,5,400.42,4,0
East Africa,Female,32,Self-employed,14,48.57,0.154,5,2.27,1,24.0,22.97,0,,,44.0,39.0,2,134.54,8,1
Southern Africa,Female,18,Trader,15,17.68,0.207,10,6.71,1,39.0,10.41,1,0.898,12.1,42.0,35.0,2,847.25,12,1
East Africa,Female,36,Trader,16,54.46,0.42,16,1.89,0,6.0,0.0,1,0.809,6.8,69.0,48.0,6,478.4,24,1
Southern Africa,Male,36,Informal worker,13,37.27,-1.087,12,3.53,0,6.0,0.0,0,,,60.0,72.0,5,234.07,24,0
East Africa,Prefer not to say,51,Trader,9,45.75,0.844,11,2.77,0,8.0,0.0,1,0.571,56.4,30.0,47.0,7,100.23,24,1
West Africa,Male,40,Farmer,22,51.92,0.309,18,1.92,0,2.0,0.0,0,,,43.0,66.0,3,476.92,12,1
West Africa,Female,43,Informal worker,21,43.95,-0.515,18,4.31,0,3.0,0.0,1,0.463,9.7,79.0,62.0,13,168.38,12,1
West Africa,Female,39,Farmer,5,46.07,-0.672,10,2.12,0,8.0,0.0,0,,,48.0,35.0,2,160.49,24,0
East Africa,Male,37,Self-employed,13,46.25,-0.505,13,2.64,1,60.0,23.4,1,0.74,1.0,68.0,34.0,4,634.25,52,0
Southern Africa,Female,51,Salaried,10,6.98,-0.595,13,2.72,1,43.0,7.98,0,,,64.0,49.0,0,255.0,24,1
Southern Africa,Male,49,Farmer,12,25.61,0.65,11,2.9,0,7.0,0.0,0,,,69.0,60.0,4,257.17,8,0
East Africa,Male,64,Self-employed,8,45.93,-0.131,12,3.35,0,5.0,0.0,1,0.557,3.1,18.0,47.0,3,84.31,12,1
West Africa,Female,41,Trader,22,165.63,0.203,18,10.56,0,7.0,0.0,0,,,70.0,60.0,9,415.05,4,1
Central Africa,Male,19,Trader,9,35.96,0.679,15,3.83,0,2.0,0.0,0,,,45.0,55.0,3,391.41,52,1
West Africa,Female,45,Informal worker,12,15.38,0.057,7,0.91,1,47.0,23.39,0,,,79.0,24.0,3,186.42,24,1
East Africa,Male,36,Informal worker,13,15.64,1.224,9,1.73,0,4.0,0.0,1,0.662,31.2,41.0,53.0,1,160.62,12,1
Central Africa,Male,22,Trader,11,26.52,-0.329,7,2.5,0,5.0,0.0,1,0.67,12.8,20.0,37.0,5,212.25,8,1
East Africa,Female,58,Farmer,17,52.83,1.239,11,4.74,0,6.0,0.0,0,,,42.0,55.0,5,137.47,8,1
West Africa,Male,47,Trader,20,75.0,-0.939,15,3.4,0,3.0,0.0,1,0.633,0.3,92.0,62.0,2,314.52,8,1
West Africa,Prefer not to say,47,Trader,22,24.57,0.507,11,2.17,0,6.0,0.0,1,0.76,9.4,43.0,56.0,7,396.69,52,1
East Africa,Prefer not to say,47,Farmer,28,86.78,0.509,19,7.46,1,50.0,45.47,1,0.732,13.9,40.0,66.0,8,499.6,8,1
West Africa,Male,64,Self-employed,5,20.43,-0.3,13,2.97,1,81.0,23.98,1,0.573,27.0,87.0,22.0,1,332.04,8,1
Southern Africa,Male,50,Salaried,18,33.9,0.552,16,3.5,1,54.0,18.28,0,,,88.0,51.0,8,226.85,4,0
East Africa,Male,51,Farmer,22,120.63,0.429,6,4.99,0,6.0,0.0,1,0.913,10.0,26.0,76.0,7,316.24,8,1
West Africa,Female,53,Farmer,20,91.27,1.175,20,19.09,1,71.0,41.92,0,,,41.0,56.0,4,208.88,24,1
West Africa,Male,52,Trader,10,29.5,0.081,9,1.46,0,13.0,0.0,0,,,47.0,37.0,2,198.2,4,1
Southern Africa,Female,51,Farmer,8,12.67,-0.323,9,1.65,0,0.0,0.0,1,0.846,19.9,20.0,65.0,1,246.97,52,1
East Africa,Prefer not to say,21,Informal worker,32,101.91,0.927,17,1.76,1,70.0,38.1,1,0.991,0.4,31.0,73.0,9,548.06,8,1
Southern Africa,Male,36,Salaried,22,45.1,-0.072,23,1.4,1,58.0,33.89,1,0.639,0.8,49.0,79.0,8,130.61,8,0
East Africa,Female,30,Farmer,15,82.61,1.365,12,3.87,1,76.0,28.86,1,0.75,0.4,45.0,59.0,5,1164.25,8,1
West Africa,Male,59,Self-employed,10,50.42,-0.497,15,5.78,1,72.0,10.27,1,0.727,14.7,49.0,19.0,1,2089.29,12,1
East Africa,Female,45,Salaried,34,46.81,1.319,20,5.47,1,51.0,59.11,0,,,52.0,76.0,8,631.68,4,1
East Africa,Male,42,Trader,30,66.86,1.221,18,7.76,1,59.0,12.85,0,,,39.0,47.0,7,136.64,24,1
East Africa,Female,42,Self-employed,15,66.25,0.201,12,12.56,0,3.0,0.0,1,0.796,5.9,71.0,68.0,5,118.12,12,1
Southern Africa,Male,50,Trader,24,21.61,-0.154,11,3.49,0,1.0,0.0,0,,,48.0,79.0,7,79.55,4,1
Central Africa,Female,53,Self-employed,30,79.89,-0.013,23,2.32,1,94.0,35.52,1,0.721,0.6,32.0,46.0,8,288.08,8,1
Southern Africa,Male,27,Informal worker,16,114.75,0.639,11,5.4,0,0.0,0.0,1,0.88,9.2,64.0,24.0,1,156.44,52,1
East Africa,Female,64,Farmer,32,33.95,0.651,18,5.55,1,65.0,15.39,0,,,32.0,81.0,4,245.04,24,1
East Africa,Female,53,Farmer,14,15.99,-0.251,23,6.51,0,6.0,0.0,0,,,49.0,28.0,4,122.6,12,0
East Africa,Female,27,Informal worker,17,302.68,-0.18,17,3.38,0,1.0,0.0,0,,,29.0,58.0,4,81.29,8,1
West Africa,Female,46,Salaried,16,12.73,-0.259,11,3.57,1,65.0,14.09,0,,,39.0,59.0,4,454.63,24,0
Southern Africa,Male,38,Salaried,11,33.04,-0.09,10,0.87,1,67.0,14.1,0,,,82.0,63.0,4,574.52,8,1
Central Africa,Male,35,Farmer,13,92.06,1.454,19,1.95,0,1.0,0.0,0,,,35.0,77.0,5,192.23,8,1
West Africa,Male,58,Salaried,15,94.47,-0.784,12,3.23,0,14.0,0.0,1,0.495,47.9,57.0,58.0,3,305.23,4,1
Central Africa,Female,31,Farmer,21,94.95,-0.709,16,4.34,1,30.0,44.56,0,,,63.0,72.0,12,478.97,4,1
Southern Africa,Male,57,Farmer,13,68.68,-0.32,9,1.62,0,9.0,0.0,1,0.712,17.1,27.0,51.0,1,314.1,8,0
East Africa,Male,47,Trader,11,27.28,-0.645,11,1.27,1,72.0,20.5,1,0.452,7.3,73.0,46.0,2,56.13,8,1
Central Africa,Female,56,Salaried,20,36.8,-0.138,15,2.08,0,0.0,0.0,1,0.682,0.5,76.0,84.0,5,388.3,12,1
West Africa,Male,53,Informal worker,6,29.74,-1.031,7,1.06,0,11.0,0.0,0,,,14.0,42.0,1,540.2,12,1
West Africa,Female,47,Farmer,20,83.02,1.172,12,4.78,0,12.0,0.0,1,0.97,32.8,70.0,71.0,4,345.41,4,1
West Africa,Male,26,Informal worker,9,54.78,-0.353,15,2.12,0,5.0,0.0,1,0.677,31.4,59.0,81.0,1,548.84,12,1
East Africa,Male,64,Salaried,9,25.0,0.28,11,2.68,0,13.0,0.0,0,,,68.0,43.0,3,523.82,4,1
East Africa,Female,48,Trader,6,34.86,0.702,18,1.53,1,63.0,28.24,1,0.983,15.5,23.0,43.0,2,273.91,24,1
Central Africa,Male,34,Farmer,15,27.73,0.011,11,3.32,1,86.0,23.42,0,,,24.0,55.0,7,347.86,4,1
West Africa,Female,30,Farmer,25,55.21,-0.174,15,6.69,1,56.0,48.44,0,,,51.0,59.0,6,390.63,8,1
West Africa,Male,23,Trader,12,68.04,-0.027,15,3.09,0,9.0,0.0,1,0.675,24.4,16.0,69.0,2,75.46,8,1
East Africa,Male,32,Farmer,17,52.43,-0.2,17,1.32,0,2.0,0.0,0,,,25.0,80.0,2,141.74,12,1
West Africa,Male,24,Salaried,8,73.73,-0.127,10,1.16,0,2.0,0.0,0,,,55.0,53.0,3,174.16,12,1
Southern Africa,Male,59,Trader,20,35.59,0.073,21,5.87,1,11.0,47.99,0,,,40.0,69.0,4,173.32,8,0
East Africa,Female,38,Salaried,22,105.56,0.278,10,2.7,0,6.0,0.0,1,0.982,7.5,70.0,59.0,7,76.77,52,0
Central Africa,Male,47,Self-employed,17,116.23,-0.485,13,2.85,1,54.0,25.17,0,,,61.0,31.0,1,165.22,12,0
Southern Africa,Female,55,Trader,3,108.09,-0.236,16,1.48,0,5.0,0.0,1,0.852,4.6,53.0,21.0,1,63.72,24,0
West Africa,Female,63,Farmer,9,59.55,-0.068,11,0.65,1,69.0,45.05,1,0.522,1.8,62.0,48.0,3,172.17,12,1
West Africa,Male,39,Trader,16,20.54,0.38,14,1.87,1,63.0,34.87,1,0.822,15.5,62.0,59.0,1,211.88,8,1
West Africa,Female,20,Informal worker,18,29.11,-0.845,19,1.89,0,4.0,0.0,0,,,52.0,79.0,4,668.12,8,1
Central Africa,Male,46,Farmer,18,38.06,-0.331,10,12.93,0,2.0,0.0,1,0.943,13.9,83.0,72.0,7,1291.54,4,1
Southern Africa,Female,62,Informal worker,21,62.13,-0.605,13,2.45,1,74.0,26.19,0,,,52.0,90.0,7,96.19,24,1
East Africa,Male,34,Salaried,41,257.41,1.302,21,10.97,1,65.0,77.8,0,,,88.0,89.0,13,347.49,12,1
West Africa,Female,22,Salaried,19,52.77,-0.447,20,6.22,0,10.0,0.0,0,,,63.0,70.0,7,270.8,8,1
Central Africa,Male,51,Farmer,22,29.86,-0.218,16,3.11,0,2.0,0.0,0,,,40.0,85.0,6,391.01,4,0
West Africa,Male,47,Salaried,11,65.67,-0.283,6,1.83,1,56.0,11.9,1,0.604,1.1,2.0,82.0,0,235.83,12,1
Southern Africa,Male,25,Self-employed,8,24.69,-1.113,10,2.55,0,2.0,0.0,0,,,33.0,32.0,4,71.84,12,1
Southern Africa,Male,18,Informal worker,28,138.32,0.298,23,1.87,1,84.0,34.08,1,0.947,6.5,32.0,64.0,11,677.79,4,1
West Africa,Female,42,Trader,30,49.65,1.85,16,4.74,1,22.0,42.79,0,,,53.0,99.0,2,629.05,12,1
East Africa,Male,24,Salaried,10,82.15,0.082,13,4.24,0,5.0,0.0,0,,,17.0,67.0,8,93.81,8,0
West Africa,Prefer not to say,26,Salaried,15,55.6,1.119,14,8.96,1,84.0,18.46,1,0.951,13.1,60.0,65.0,4,141.23,4,1
East Africa,Male,32,Informal worker,13,40.28,-0.237,11,4.11,0,1.0,0.0,0,,,76.0,77.0,5,296.05,4,1
Central Africa,Male,40,Informal worker,17,25.65,0.689,24,2.32,1,90.0,21.07,1,0.851,18.3,86.0,71.0,12,816.69,12,1
Southern Africa,Male,56,Farmer,26,57.54,-0.061,10,2.77,1,70.0,51.64,0,,,48.0,47.0,4,299.28,12,1
Southern Africa,Male,38,Farmer,18,19.31,0.08,10,3.21,0,16.0,0.0,1,0.97,13.7,35.0,64.0,3,511.97,8,1
East Africa,Female,57,Salaried,11,60.45,0.545,14,1.97,1,30.0,19.35,0,,,61.0,59.0,4,786.7,4,1
West Africa,Male,46,Salaried,19,101.76,-0.014,23,1.96,0,9.0,0.0,0,,,14.0,80.0,6,215.01,52,1
Southern Africa,Female,36,Trader,17,56.2,0.214,14,1.13,1,68.0,22.99,0,,,30.0,65.0,2,69.82,4,0
East Africa,Male,41,Trader,22,48.82,-0.089,14,4.74,0,2.0,0.0,0,,,41.0,92.0,5,260.6,8,0
West Africa,Male,24,Farmer,15,40.11,0.084,13,2.26,0,9.0,0.0,1,0.802,15.5,76.0,49.0,4,239.26,12,1
East Africa,Male,63,Farmer,13,54.62,0.415,12,1.67,1,76.0,21.62,1,0.522,6.3,27.0,54.0,4,225.98,8,1
East Africa,Female,32,Salaried,22,41.86,1.145,16,2.7,1,60.0,35.71,1,0.756,13.4,62.0,62.0,5,409.46,24,1
Southern Africa,Male,60,Trader,23,59.52,0.792,13,8.26,0,6.0,0.0,0,,,71.0,35.0,6,417.82,12,1
West Africa,Female,48,Salaried,13,15.18,-0.224,10,2.47,1,38.0,8.66,0,,,54.0,20.0,2,459.2,8,1
Central Africa,Male,31,Farmer,22,30.9,0.831,8,3.24,1,67.0,30.65,1,0.728,6.7,38.0,48.0,5,465.66,12,1
East Africa,Male,40,Informal worker,9,35.77,0.265,10,7.58,0,17.0,0.0,0,,,71.0,76.0,4,421.97,12,1
West Africa,Female,23,Farmer,13,19.13,-0.339,14,2.43,0,2.0,0.0,1,0.593,26.0,29.0,85.0,3,318.09,24,1
West Africa,Female,46,Salaried,37,113.35,0.483,24,9.78,1,66.0,45.66,1,0.938,2.1,48.0,54.0,17,197.35,12,0
Southern Africa,Female,21,Farmer,18,83.48,-0.79,17,4.7,0,15.0,0.0,0,,,63.0,33.0,1,82.06,8,0
East Africa,Male,48,Farmer,19,36.98,1.284,19,2.96,1,51.0,52.69,1,0.783,6.2,48.0,88.0,9,213.15,12,1
East Africa,Female,27,Informal worker,31,86.74,-0.416,17,4.12,1,32.0,31.75,0,,,51.0,63.0,6,565.59,8,0
West Africa,Male,24,Farmer,16,17.77,-0.232,15,2.96,1,80.0,14.03,0,,,43.0,53.0,5,406.62,8,1
Southern Africa,Prefer not to say,28,Farmer,15,58.31,0.223,15,1.41,0,1.0,0.0,0,,,69.0,60.0,2,151.83,24,1
Southern Africa,Male,22,Self-employed,20,44.71,-0.44,10,3.92,1,52.0,20.41,1,0.912,0.9,3.0,57.0,3,556.9,8,1
West Africa,Female,59,Informal worker,19,22.67,0.914,10,4.75,0,11.0,0.0,0,,,6.0,58.0,2,438.19,8,1
Central Africa,Male,61,Trader,3,19.79,1.028,12,1.32,0,8.0,0.0,1,0.817,13.4,50.0,73.0,2,85.04,24,1
West Africa,Female,61,Informal worker,10,15.33,-0.192,11,2.32,0,4.0,0.0,0,,,38.0,42.0,4,33.45,24,0
West Africa,Female,51,Trader,24,89.04,0.103,10,4.63,1,81.0,19.43,1,0.936,53.4,60.0,68.0,3,234.04,12,1
East Africa,Female,28,Farmer,14,50.18,-0.402,10,2.97,1,46.0,28.48,1,0.908,9.5,43.0,28.0,6,357.05,24,1
Southern Africa,Male,53,Trader,17,67.74,0.058,13,1.31,0,1.0,0.0,0,,,30.0,61.0,3,123.8,24,1
West Africa,Male,53,Trader,12,20.95,-0.915,24,2.04,0,14.0,0.0,1,0.875,18.3,73.0,89.0,4,910.1,4,0
East Africa,Female,29,Farmer,22,99.64,0.314,12,6.69,0,6.0,0.0,1,0.754,20.4,85.0,80.0,5,419.14,12,0
West Africa,Female,57,Informal worker,17,17.74,0.486,19,4.26,1,58.0,21.79,0,,,35.0,41.0,5,889.79,12,0
East Africa,Female,64,Farmer,19,48.57,-0.263,15,4.09,0,1.0,0.0,1,0.732,4.5,63.0,38.0,3,162.99,4,1
Southern Africa,Male,35,Trader,10,188.93,0.148,9,4.04,1,70.0,6.75,1,0.859,35.1,67.0,34.0,6,329.22,8,1
Central Africa,Male,45,Trader,24,25.97,0.75,17,2.87,0,1.0,0.0,0,,,66.0,81.0,1,101.93,12,1
East Africa,Male,58,Trader,11,36.38,0.03,13,5.01,0,9.0,0.0,1,0.891,16.0,69.0,53.0,2,238.68,4,1
East Africa,Female,30,Informal worker,36,34.14,0.143,25,1.5,1,91.0,45.03,0,,,57.0,61.0,6,372.38,4,1
East Africa,Male,64,Trader,23,55.81,1.096,17,5.83,1,65.0,56.97,0,,,43.0,65.0,14,482.88,12,1
West Africa,Male,32,Farmer,21,31.83,-0.236,11,2.22,0,4.0,0.0,1,0.944,10.7,38.0,47.0,8,188.56,52,0
West Africa,Female,63,Farmer,21,14.92,-0.038,20,5.46,1,86.0,24.35,1,0.756,13.7,32.0,98.0,7,125.99,8,1
Central Africa,Female,28,Trader,5,45.88,-0.623,10,1.09,1,46.0,16.33,1,0.82,7.8,55.0,74.0,2,238.55,12,1
West Africa,Female,52,Informal worker,26,62.12,0.487,17,6.88,1,86.0,35.05,0,,,74.0,28.0,6,186.2,12,1
Southern Africa,Male,42,Informal worker,13,21.97,-1.21,15,1.85,0,13.0,0.0,0,,,28.0,20.0,3,154.83,24,0
West Africa,Male,35,Informal worker,21,95.64,-0.7,17,2.38,0,2.0,0.0,1,0.667,6.1,52.0,84.0,5,114.63,12,1
Southern Africa,Male,38,Farmer,11,37.62,-1.025,7,2.56,0,9.0,0.0,0,,,38.0,41.0,2,287.36,8,0
West Africa,Male,28,Farmer,7,27.62,-0.263,13,5.7,0,2.0,0.0,0,,,56.0,41.0,1,237.76,24,0
Central Africa,Female,49,Informal worker,21,64.88,-0.451,15,1.93,1,82.0,46.17,1,0.632,7.6,60.0,59.0,6,2036.39,4,1
Southern Africa,Male,64,Self-employed,23,89.93,-0.264,17,2.05,0,17.0,0.0,0,,,37.0,67.0,9,284.62,12,1
West Africa,Male,45,Farmer,13,30.02,-1.069,8,1.59,0,5.0,0.0,0,,,72.0,43.0,2,241.99,52,0
Southern Africa,Male,30,Informal worker,12,41.64,-0.837,14,4.69,0,5.0,0.0,0,,,50.0,50.0,4,81.52,24,1
East Africa,Female,49,Farmer,9,42.01,-0.517,11,1.73,1,29.0,12.3,0,,,35.0,70.0,2,46.51,12,1
West Africa,Female,38,Self-employed,7,19.62,-1.117,7,1.05,0,1.0,0.0,0,,,12.0,18.0,1,96.15,8,0
West Africa,Male,61,Trader,12,22.51,-0.103,11,0.64,0,6.0,0.0,1,0.793,8.7,44.0,37.0,4,158.91,8,1
Southern Africa,Male,30,Farmer,14,25.53,-0.242,10,1.94,0,5.0,0.0,0,,,34.0,61.0,4,285.91,8,0
Southern Africa,Male,42,Farmer,13,19.42,0.484,15,1.69,0,19.0,0.0,1,0.585,76.1,26.0,17.0,5,748.6,24,1
West Africa,Female,41,Informal worker,13,35.04,0.89,14,3.11,0,2.0,0.0,0,,,65.0,52.0,6,231.0,8,1
Central Africa,Male,59,Informal worker,4,38.31,-0.441,13,1.91,0,5.0,0.0,0,,,51.0,44.0,5,101.72,4,1
West Africa,Male,23,Informal worker,21,107.08,0.634,20,2.45,1,51.0,77.57,0,,,56.0,66.0,5,574.29,12,1
West Africa,Female,47,Informal worker,3,28.62,-0.016,12,0.93,0,8.0,0.0,1,0.583,15.9,66.0,17.0,2,437.04,4,1
East Africa,Female,56,Farmer,25,135.57,0.559,16,4.2,0,3.0,0.0,0,,,30.0,89.0,10,196.82,8,1
West Africa,Female,34,Trader,7,13.94,-0.803,5,1.52,1,31.0,19.02,1,0.72,13.2,39.0,79.0,3,503.51,8,1
West Africa,Male,41,Salaried,17,108.75,0.467,8,4.08,1,86.0,12.71,1,0.403,0.8,60.0,63.0,5,105.14,8,1
East Africa,Female,31,Farmer,22,96.34,-0.596,10,2.48,1,72.0,20.61,0,,,24.0,36.0,6,76.5,24,0
West Africa,Male,37,Trader,15,20.12,0.271,22,2.89,0,5.0,0.0,0,,,44.0,55.0,6,450.26,8,1
West Africa,Male,62,Trader,30,31.12,0.266,13,3.73,0,3.0,0.0,1,0.51,27.3,27.0,32.0,7,636.4,24,1
Southern Africa,Female,35,Farmer,16,33.02,0.193,11,2.0,1,73.0,17.0,0,,,48.0,72.0,6,74.56,12,1
East Africa,Male,27,Farmer,18,62.49,0.099,10,2.69,0,11.0,0.0,0,,,33.0,50.0,5,201.71,8,1
Southern Africa,Female,45,Informal worker,12,11.65,0.837,10,4.31,1,59.0,12.34,0,,,31.0,73.0,4,72.51,8,1
East Africa,Male,40,Informal worker,15,45.39,-0.578,16,2.52,1,54.0,23.28,0,,,43.0,61.0,3,255.33,8,1
East Africa,Male,54,Trader,21,101.19,1.047,7,4.37,0,7.0,0.0,0,,,49.0,82.0,10,990.17,8,1
West Africa,Female,19,Trader,19,135.01,0.048,7,5.29,0,4.0,0.0,0,,,69.0,38.0,1,236.18,12,1
Southern Africa,Male,60,Salaried,17,146.32,1.173,19,1.51,1,64.0,39.46,0,,,56.0,66.0,9,386.0,52,1
West Africa,Female,50,Salaried,23,44.84,-0.526,15,5.76,0,11.0,0.0,1,0.775,8.8,21.0,93.0,6,983.55,12,1
West Africa,Female,57,Salaried,16,26.88,-0.184,10,5.95,0,0.0,0.0,0,,,65.0,26.0,5,170.48,4,0
Southern Africa,Male,37,Trader,16,87.56,0.204,13,3.73,1,97.0,11.82,1,0.636,5.8,54.0,52.0,10,693.02,4,0
Southern Africa,Female,38,Self-employed,25,173.91,0.721,24,2.51,0,0.0,0.0,0,,,13.0,94.0,8,345.99,12,0
East Africa,Female,33,Salaried,16,66.58,-0.862,14,7.13,1,60.0,29.25,0,,,28.0,28.0,6,487.57,12,1
West Africa,Female,57,Farmer,12,16.42,-0.606,12,1.71,0,4.0,0.0,1,0.697,11.7,80.0,37.0,3,150.05,12,0
West Africa,Male,21,Informal worker,21,59.19,-0.194,18,4.83,1,58.0,42.09,0,,,55.0,52.0,6,149.09,12,1
East Africa,Female,42,Trader,35,53.06,1.696,20,2.75,1,69.0,44.59,0,,,53.0,94.0,12,316.74,24,1
Southern Africa,Female,30,Informal worker,20,26.94,0.29,25,3.59,1,33.0,35.09,1,0.856,16.9,61.0,61.0,7,525.48,8,1
East Africa,Female,47,Salaried,15,59.32,-0.51,13,4.5,0,2.0,0.0,1,0.854,11.3,39.0,29.0,6,263.71,4,1
West Africa,Male,63,Farmer,13,31.47,0.631,10,2.31,1,36.0,9.72,1,0.83,3.9,31.0,79.0,3,386.69,8,1
West Africa,Male,49,Trader,27,257.58,0.161,17,3.07,0,14.0,0.0,1,0.482,11.2,71.0,53.0,5,235.44,8,0
East Africa,Female,20,Farmer,26,25.26,0.822,14,2.57,0,2.0,0.0,1,0.549,10.3,47.0,70.0,7,75.54,12,0
Southern Africa,Female,36,Informal worker,5,5.05,-0.958,9,1.64,0,12.0,0.0,1,0.875,12.8,19.0,91.0,0,522.21,4,0
West Africa,Female,19,Informal worker,21,75.1,-0.2,15,2.26,0,20.0,0.0,0,,,5.0,52.0,4,445.41,8,1
West Africa,Female,40,Farmer,16,127.79,-0.202,10,2.22,1,35.0,19.23,0,,,55.0,73.0,6,593.76,4,1
West Africa,Male,26,Self-employed,11,48.27,0.274,8,0.81,1,42.0,13.98,1,0.547,3.3,53.0,25.0,6,875.16,4,1
West Africa,Female,50,Trader,15,39.6,0.485,16,2.77,0,9.0,0.0,1,0.674,3.1,44.0,76.0,8,281.97,4,1
East Africa,Male,43,Trader,16,21.22,0.718,7,2.82,0,5.0,0.0,1,0.643,11.2,79.0,62.0,5,511.11,12,0
West Africa,Male,32,Trader,10,15.69,1.038,11,1.32,1,86.0,22.59,1,0.894,39.2,72.0,46.0,5,308.43,12,1
East Africa,Male,58,Salaried,21,40.19,0.621,19,3.79,0,6.0,0.0,0,,,33.0,90.0,4,1339.78,24,1
Southern Africa,Female,53,Salaried,16,26.43,-0.333,13,7.39,0,0.0,0.0,0,,,44.0,47.0,7,440.57,4,1
Central Africa,Male,47,Salaried,12,46.74,0.486,17,1.52,1,43.0,31.51,0,,,16.0,37.0,3,317.87,12,1
Central Africa,Male,34,Salaried,17,38.1,-0.025,15,0.95,1,45.0,21.77,0,,,76.0,50.0,3,453.67,12,1
West Africa,Male,30,Farmer,10,32.23,-0.263,14,1.48,1,85.0,13.59,0,,,20.0,31.0,1,103.35,12,1
West Africa,Male,45,Farmer,16,29.0,0.036,13,3.33,1,41.0,22.89,0,,,36.0,82.0,6,500.46,12,1
West Africa,Female,55,Informal worker,19,47.26,-0.449,16,2.14,0,1.0,0.0,1,0.575,6.1,42.0,97.0,3,464.38,4,0
Southern Africa,Male,57,Farmer,6,77.57,-0.513,9,2.64,0,5.0,0.0,0,,,95.0,60.0,6,137.27,24,0
West Africa,Male,54,Farmer,10,9.69,-1.062,13,0.87,0,11.0,0.0,0,,,45.0,19.0,1,175.78,52,1
East Africa,Male,19,Trader,27,37.65,-0.704,17,4.27,1,84.0,29.42,1,0.57,11.4,66.0,52.0,8,516.68,52,1
West Africa,Female,64,Farmer,9,25.25,-0.145,8,1.3,0,1.0,0.0,1,0.704,11.6,38.0,57.0,2,272.03,8,1
West Africa,Female,29,Farmer,22,51.78,1.344,14,3.59,1,90.0,27.76,1,0.699,5.6,35.0,85.0,4,884.43,8,1
Southern Africa,Female,18,Trader,21,153.38,0.59,26,2.41,0,2.0,0.0,1,0.949,9.9,41.0,89.0,4,110.08,12,1
Southern Africa,Male,44,Self-employed,25,27.73,0.994,16,2.3,0,7.0,0.0,0,,,84.0,65.0,7,983.0,8,0
East Africa,Male,39,Trader,20,8.46,1.297,14,3.93,0,16.0,0.0,1,0.823,2.9,79.0,61.0,2,112.42,12,1
Central Africa,Male,22,Self-employed,27,151.56,-0.01,16,4.59,1,66.0,45.61,0,,,71.0,58.0,10,681.31,4,1
West Africa,Prefer not to say,28,Trader,29,33.84,1.696,20,1.75,1,62.0,34.03,0,,,30.0,73.0,12,436.31,12,1
West Africa,Male,27,Salaried,20,32.87,0.903,14,1.43,0,1.0,0.0,0,,,71.0,46.0,5,384.93,4,1
East Africa,Male,38,Farmer,20,46.59,-0.128,8,1.5,1,87.0,15.1,0,,,78.0,69.0,4,166.33,24,1
Southern Africa,Female,53,Trader,25,142.23,-0.233,22,8.63,1,18.0,29.29,1,0.85,13.3,72.0,28.0,14,766.82,12,1
East Africa,Female,50,Trader,17,35.04,0.476,19,4.69,1,83.0,59.34,1,0.873,2.4,14.0,67.0,10,296.86,12,1
West Africa,Male,19,Farmer,11,17.0,1.063,13,1.98,0,6.0,0.0,1,0.197,8.9,18.0,55.0,0,193.05,24,1
Central Africa,Female,26,Salaried,26,27.29,0.837,14,3.88,0,12.0,0.0,1,0.934,12.0,60.0,59.0,7,671.84,8,1
West Africa,Male,46,Trader,16,48.84,-0.42,15,2.37,1,85.0,31.95,1,0.442,10.4,40.0,88.0,4,194.69,4,1
East Africa,Male,55,Trader,33,215.87,1.287,20,8.15,0,5.0,0.0,0,,,59.0,86.0,11,214.82,12,1
East Africa,Male,19,Informal worker,25,39.6,0.115,13,4.47,0,1.0,0.0,0,,,62.0,83.0,7,135.45,24,1
Central Africa,Prefer not to say,33,Informal worker,18,24.43,0.308,4,1.79,1,65.0,9.96,1,0.914,28.4,16.0,54.0,2,176.83,8,1
Southern Africa,Male,23,Farmer,14,51.81,-0.374,16,3.23,0,14.0,0.0,1,0.798,0.2,61.0,50.0,5,944.87,52,0
Central Africa,Female,40,Trader,5,33.23,-0.09,5,0.82,0,2.0,0.0,0,,,54.0,56.0,2,128.63,24,1
West Africa,Male,36,Informal worker,11,62.7,-0.417,6,1.87,1,57.0,17.16,0,,,38.0,31.0,4,210.83,12,0
East Africa,Female,26,Trader,26,63.11,-0.686,13,1.62,0,1.0,0.0,0,,,48.0,76.0,5,163.25,24,1
Southern Africa,Female,63,Informal worker,9,119.7,0.046,8,1.71,1,71.0,53.16,0,,,54.0,84.0,8,183.3,52,1
East Africa,Female,53,Trader,17,50.26,-0.667,13,0.82,1,18.0,39.46,0,,,26.0,24.0,5,639.33,24,1
East Africa,Female,43,Self-employed,39,106.32,0.532,19,5.08,0,12.0,0.0,1,0.846,1.2,47.0,33.0,12,216.27,8,0
Central Africa,Female,53,Informal worker,12,42.85,-0.906,7,3.12,0,8.0,0.0,1,0.896,1.1,39.0,22.0,3,637.46,12,0
West Africa,Female,32,Informal worker,11,11.67,-0.416,14,1.27,0,7.0,0.0,0,,,47.0,50.0,2,217.23,24,0
East Africa,Male,61,Salaried,10,21.82,-0.506,13,1.55,0,1.0,0.0,1,0.872,2.9,36.0,24.0,2,163.58,4,1
Central Africa,Prefer not to say,37,Self-employed,15,21.32,-0.008,17,2.24,0,8.0,0.0,1,0.409,20.7,73.0,59.0,5,224.5,4,1
Central Africa,Male,36,Salaried,22,63.32,0.187,15,6.68,0,5.0,0.0,1,0.967,13.8,69.0,79.0,6,449.75,8,1
Central Africa,Male,44,Informal worker,14,17.95,-0.82,5,0.99,1,53.0,13.84,1,0.501,36.7,45.0,90.0,7,176.94,8,1
Central Africa,Male,45,Salaried,29,31.97,0.298,19,8.15,0,2.0,0.0,0,,,40.0,51.0,7,135.36,52,1
West Africa,Male,47,Trader,14,101.21,0.33,17,8.62,0,12.0,0.0,0,,,17.0,84.0,10,475.17,4,1
Central Africa,Female,57,Salaried,13,16.79,-0.031,14,2.7,0,0.0,0.0,0,,,79.0,41.0,5,341.34,52,0
East Africa,Male,30,Informal worker,14,166.32,-0.069,12,4.17,0,9.0,0.0,0,,,39.0,49.0,3,279.92,4,1
Southern Africa,Male,51,Informal worker,11,18.32,-0.825,8,1.97,1,77.0,11.05,1,0.449,7.7,49.0,69.0,1,240.53,24,1
East Africa,Female,27,Salaried,37,97.6,0.344,24,6.97,0,4.0,0.0,0,,,67.0,59.0,15,615.53,8,1
Southern Africa,Female,29,Informal worker,8,12.9,0.021,13,2.78,1,39.0,19.43,0,,,38.0,39.0,1,148.59,24,1
East Africa,Male,41,Informal worker,13,23.18,0.135,12,7.6,0,13.0,0.0,0,,,28.0,73.0,2,272.68,12,1
Southern Africa,Prefer not to say,42,Self-employed,24,104.57,-0.799,18,6.29,0,2.0,0.0,0,,,69.0,53.0,5,113.29,8,1
West Africa,Male,48,Informal worker,20,35.93,0.302,14,2.58,0,0.0,0.0,0,,,38.0,93.0,9,452.82,12,1
West Africa,Male,24,Trader,17,44.23,0.278,16,9.92,0,4.0,0.0,0,,,63.0,76.0,9,985.61,12,1
East Africa,Female,56,Trader,10,88.54,-0.696,6,4.19,0,1.0,0.0,1,0.815,14.4,31.0,40.0,7,75.61,8,0
West Africa,Female,44,Farmer,12,120.56,0.879,13,2.25,1,20.0,25.14,0,,,81.0,54.0,5,141.39,8,1
Southern Africa,Female,45,Trader,18,37.58,-0.963,18,2.94,0,4.0,0.0,1,0.475,12.9,58.0,92.0,3,120.67,24,0
West Africa,Male,53,Informal worker,19,12.65,0.424,14,3.03,1,63.0,9.56,0,,,52.0,29.0,4,162.25,12,1
East Africa,Male,50,Salaried,32,47.52,-0.321,13,2.75,0,9.0,0.0,0,,,59.0,74.0,5,325.68,8,0
West Africa,Male,38,Trader,17,30.22,-0.924,11,2.55,1,77.0,18.38,1,0.559,23.6,55.0,83.0,3,429.96,24,0
West Africa,Prefer not to say,40,Self-employed,32,71.07,0.573,19,3.32,1,24.0,38.47,1,0.845,14.2,31.0,67.0,12,522.06,4,1
East Africa,Male,28,Informal worker,11,55.66,-0.788,12,3.35,1,48.0,31.11,0,,,34.0,71.0,4,287.72,12,1
West Africa,Male,44,Self-employed,21,85.04,0.85,8,2.16,0,1.0,0.0,0,,,83.0,79.0,13,312.81,8,1
West Africa,Male,27,Trader,8,19.12,0.371,7,2.75,0,7.0,0.0,1,0.912,8.9,28.0,46.0,5,51.22,12,0
West Africa,Female,47,Farmer,37,97.24,0.686,30,15.19,1,90.0,36.4,1,0.873,7.3,57.0,75.0,5,1536.73,8,1
West Africa,Male,37,Informal worker,11,27.82,-0.269,10,3.67,0,9.0,0.0,1,0.855,3.9,56.0,44.0,1,347.0,4,0
East Africa,Female,29,Salaried,9,131.08,0.4,18,2.42,0,4.0,0.0,1,0.537,3.1,46.0,55.0,7,454.24,4,1
West Africa,Female,40,Self-employed,21,79.25,-0.689,14,2.97,0,3.0,0.0,0,,,51.0,77.0,6,374.22,8,1
East Africa,Male,61,Salaried,26,54.46,1.529,22,1.31,1,53.0,21.84,1,0.805,4.1,64.0,59.0,8,571.28,12,1
Southern Africa,Male,44,Trader,11,24.94,-0.261,15,3.47,1,57.0,43.32,1,0.616,5.4,8.0,66.0,5,139.94,12,1
East Africa,Male,34,Farmer,9,27.51,-0.264,3,2.44,1,96.0,15.9,1,0.783,10.4,38.0,64.0,2,420.45,4,1
East Africa,Female,39,Informal worker,20,50.99,-0.064,10,3.94,1,56.0,33.93,1,0.682,16.7,73.0,68.0,8,171.63,24,1
West Africa,Female,46,Trader,6,35.05,-0.473,12,3.41,0,3.0,0.0,0,,,61.0,93.0,6,326.11,4,1
Central Africa,Male,25,Self-employed,28,41.22,0.153,16,2.24,0,11.0,0.0,0,,,52.0,53.0,8,617.11,4,1
East Africa,Female,44,Informal worker,14,23.67,0.1,15,3.29,1,56.0,19.88,0,,,41.0,53.0,7,159.35,8,0
West Africa,Male,19,Salaried,14,84.9,0.363,10,2.74,0,1.0,0.0,0,,,76.0,75.0,3,384.3,12,1
Central Africa,Female,58,Self-employed,9,8.07,-1.115,10,0.93,0,16.0,0.0,1,0.682,10.2,34.0,15.0,1,365.13,4,0
Southern Africa,Prefer not to say,46,Trader,14,139.01,0.325,19,4.02,1,74.0,23.87,1,0.73,4.6,27.0,64.0,11,327.85,52,1
East Africa,Female,23,Farmer,1,24.91,-1.045,7,2.25,0,7.0,0.0,0,,,35.0,25.0,1,99.1,24,1
Central Africa,Male,39,Informal worker,8,15.74,-1.018,10,2.7,0,1.0,0.0,0,,,4.0,65.0,3,127.03,12,1
West Africa,Male,59,Salaried,9,32.54,0.717,15,2.49,1,56.0,15.89,1,0.441,28.8,32.0,46.0,3,300.3,8,1
Southern Africa,Prefer not to say,63,Informal worker,10,46.63,-0.557,6,2.08,0,23.0,0.0,0,,,36.0,64.0,2,502.46,4,1
Southern Africa,Male,24,Trader,13,57.28,-0.681,19,5.14,1,67.0,22.52,1,0.515,5.1,12.0,93.0,4,120.01,12,1
East Africa,Female,30,Informal worker,11,28.4,0.121,11,0.92,1,42.0,17.22,1,0.879,7.1,34.0,69.0,4,56.18,4,1
West Africa,Female,24,Trader,7,26.65,-0.495,15,1.52,1,72.0,27.38,0,,,42.0,41.0,1,121.4,8,1
West Africa,Female,35,Farmer,20,42.71,0.094,12,0.94,0,5.0,0.0,0,,,49.0,30.0,8,130.81,4,1
Central Africa,Female,58,Self-employed,16,70.62,-0.465,18,2.78,1,60.0,3.81,0,,,33.0,83.0,4,611.49,12,1
West Africa,Male,51,Trader,12,17.06,-0.042,12,1.93,1,43.0,35.77,0,,,31.0,85.0,6,248.36,8,1
West Africa,Female,30,Trader,20,33.79,0.514,16,1.42,0,5.0,0.0,0,,,28.0,41.0,3,359.76,8,1
Southern Africa,Male,33,Farmer,11,50.08,0.647,11,2.49,0,5.0,0.0,1,0.601,8.1,49.0,65.0,7,333.92,24,1
Southern Africa,Female,46,Salaried,12,34.93,0.532,14,5.18,0,15.0,0.0,1,0.744,0.4,23.0,66.0,3,298.36,24,1
West Africa,Male,46,Trader,6,19.43,-0.642,4,2.8,0,21.0,0.0,0,,,64.0,21.0,0,188.12,12,1
Southern Africa,Female,39,Trader,8,38.71,-0.578,11,3.94,0,1.0,0.0,0,,,37.0,77.0,5,116.57,8,0
East Africa,Female,37,Farmer,7,13.26,-0.042,11,4.08,1,51.0,15.8,1,0.834,19.9,37.0,74.0,3,235.56,24,0
Southern Africa,Female,61,Informal worker,19,12.78,-0.238,9,1.43,0,8.0,0.0,1,0.544,6.7,74.0,25.0,1,116.99,8,0
West Africa,Male,41,Trader,12,109.27,-0.172,9,1.22,0,1.0,0.0,1,0.751,19.7,60.0,74.0,5,139.63,8,1
West Africa,Male,54,Salaried,13,30.52,-0.914,7,1.05,0,4.0,0.0,1,0.745,59.3,26.0,43.0,2,128.56,12,1
East Africa,Female,63,Salaried,9,31.52,0.953,13,2.11,1,70.0,22.03,0,,,43.0,64.0,4,349.58,12,1
West Africa,Female,33,Farmer,10,14.57,0.077,9,2.79,0,9.0,0.0,0,,,47.0,61.0,2,841.95,8,0
East Africa,Male,54,Trader,34,23.98,-0.275,19,4.42,0,4.0,0.0,0,,,51.0,50.0,8,997.69,4,0
West Africa,Female,56,Farmer,5,29.64,-0.448,13,1.75,1,34.0,9.5,1,0.952,26.0,26.0,89.0,1,67.73,8,1
Southern Africa,Female,28,Trader,8,88.22,0.434,8,3.48,0,5.0,0.0,0,,,29.0,55.0,8,293.62,24,1
Central Africa,Female,28,Farmer,7,20.68,1.334,4,3.31,1,89.0,38.87,0,,,24.0,49.0,4,125.8,24,1
Southern Africa,Female,25,Salaried,14,54.64,0.111,9,3.13,0,5.0,0.0,0,,,40.0,60.0,3,155.39,12,1
Central Africa,Prefer not to say,46,Trader,14,74.5,0.352,10,2.07,0,2.0,0.0,0,,,87.0,82.0,5,240.51,8,1
Central Africa,Female,53,Trader,27,58.05,0.755,22,6.04,0,2.0,0.0,0,,,50.0,63.0,9,355.22,8,1
East Africa,Male,53,Trader,20,143.82,0.107,22,3.34,1,68.0,58.68,1,0.918,24.5,48.0,49.0,7,212.66,4,1
East Africa,Prefer not to say,36,Trader,31,62.76,0.883,17,2.79,0,9.0,0.0,1,0.796,6.7,48.0,85.0,10,601.28,24,0
Central Africa,Female,51,Trader,19,63.78,0.064,15,2.06,0,7.0,0.0,1,0.801,3.1,50.0,84.0,4,748.43,4,0
Central Africa,Female,19,Farmer,15,105.19,-0.632,7,3.11,1,74.0,14.18,1,0.757,15.4,27.0,47.0,2,968.61,8,0
Central Africa,Female,48,Salaried,11,66.59,0.077,12,4.06,1,58.0,35.21,1,0.518,30.9,31.0,63.0,4,117.12,24,0
Southern Africa,Female,40,Trader,19,46.19,0.238,15,3.71,0,12.0,0.0,0,,,61.0,56.0,7,960.72,24,1
West Africa,Male,57,Farmer,20,50.54,1.012,17,1.63,1,63.0,22.64,1,0.797,5.8,37.0,91.0,13,667.65,24,1
Central Africa,Male,63,Self-employed,11,96.39,0.65,15,5.31,0,13.0,0.0,1,0.675,0.4,12.0,74.0,4,260.3,12,1
Central Africa,Male,44,Informal worker,8,47.81,-1.315,6,1.17,0,8.0,0.0,0,,,71.0,16.0,1,127.87,12,1
Southern Africa,Female,47,Salaried,7,46.72,-0.828,9,0.99,1,57.0,20.77,0,,,55.0,21.0,1,46.56,4,1
Central Africa,Female,61,Farmer,12,54.31,0.941,13,6.5,0,0.0,0.0,1,0.744,3.6,8.0,78.0,1,316.74,4,1
East Africa,Male,34,Trader,14,67.17,-0.479,8,2.67,0,6.0,0.0,1,0.739,21.6,45.0,23.0,4,377.67,4,0
Central Africa,Male,24,Trader,7,20.12,-0.855,15,3.25,0,10.0,0.0,0,,,91.0,73.0,5,205.73,4,0
West Africa,Female,41,Salaried,22,38.36,-0.808,13,6.79,0,1.0,0.0,1,0.866,53.6,69.0,46.0,7,278.73,4,0
Central Africa,Male,34,Salaried,7,17.28,0.403,7,1.24,0,2.0,0.0,0,,,56.0,84.0,2,149.1,8,1
West Africa,Male,47,Farmer,26,87.18,0.157,18,5.61,0,2.0,0.0,0,,,40.0,73.0,7,181.07,4,1
West Africa,Male,54,Farmer,17,27.31,-0.803,15,4.71,0,10.0,0.0,1,0.74,0.2,17.0,37.0,5,415.02,12,0
West Africa,Female,41,Farmer,18,31.95,-0.376,16,5.24,0,9.0,0.0,0,,,58.0,80.0,10,485.78,8,0
East Africa,Female,32,Trader,27,74.77,-0.082,20,3.76,0,0.0,0.0,1,0.717,15.2,33.0,60.0,8,317.84,12,1
West Africa,Female,44,Trader,5,18.36,0.929,8,2.3,0,4.0,0.0,1,0.45,23.1,32.0,61.0,7,542.56,8,1
Central Africa,Male,38,Self-employed,20,81.51,0.715,18,3.85,0,2.0,0.0,0,,,56.0,86.0,7,401.57,4,1
East Africa,Male,26,Trader,14,33.67,0.317,15,7.79,0,19.0,0.0,0,,,60.0,88.0,8,365.99,12,1
Central Africa,Female,54,Farmer,13,112.01,0.364,16,2.96,0,15.0,0.0,1,0.866,7.8,34.0,57.0,2,459.6,12,1
West Africa,Prefer not to say,33,Informal worker,9,70.96,0.54,11,2.47,0,4.0,0.0,1,0.572,10.0,72.0,43.0,1,336.13,8,1
West Africa,Male,43,Farmer,17,151.43,1.549,20,1.45,0,1.0,0.0,0,,,47.0,57.0,8,1262.81,12,1
Southern Africa,Female,60,Self-employed,14,27.18,0.257,15,3.89,1,61.0,57.27,0,,,44.0,78.0,5,88.68,8,1
Southern Africa,Female,26,Trader,10,30.61,-0.373,10,3.4,0,3.0,0.0,0,,,59.0,45.0,2,109.92,8,1
East Africa,Female,38,Salaried,17,111.34,1.395,23,1.67,1,31.0,26.64,0,,,63.0,35.0,4,394.09,4,1
Southern Africa,Male,26,Trader,19,144.36,-0.219,20,6.51,1,48.0,14.56,0,,,76.0,96.0,5,167.2,8,1
Southern Africa,Male,38,Trader,13,15.93,0.536,12,6.81,0,6.0,0.0,0,,,31.0,72.0,1,312.71,4,1
East Africa,Male,32,Farmer,18,88.94,-0.362,19,5.42,1,80.0,50.75,0,,,67.0,76.0,6,96.04,4,1
Central Africa,Female,61,Salaried,13,41.52,0.019,9,2.87,0,0.0,0.0,1,0.868,34.8,25.0,82.0,5,205.99,12,1
Southern Africa,Female,32,Farmer,24,73.55,0.302,9,4.17,1,73.0,57.87,0,,,69.0,70.0,5,207.72,4,0
Southern Africa,Male,46,Trader,11,14.43,-0.513,10,1.4,1,96.0,12.49,0,,,56.0,47.0,5,101.84,8,1
East Africa,Male,24,Farmer,12,35.82,0.149,13,3.21,0,6.0,0.0,0,,,56.0,50.0,5,239.01,8,1
West Africa,Male,39,Trader,16,67.7,-0.425,10,4.27,0,7.0,0.0,1,0.543,7.6,77.0,81.0,2,58.25,4,1
West Africa,Female,57,Salaried,10,64.1,-1.314,8,2.51,1,68.0,13.24,0,,,71.0,22.0,5,217.59,12,0
Southern Africa,Female,49,Self-employed,14,37.74,0.251,13,1.64,1,35.0,22.03,0,,,39.0,41.0,4,245.39,8,1
Southern Africa,Male,31,Informal worker,8,57.22,-0.558,7,2.41,1,59.0,8.62,0,,,18.0,66.0,1,209.73,12,1
West Africa,Female,63,Farmer,4,55.12,-0.336,9,2.84,0,1.0,0.0,0,,,45.0,76.0,1,428.71,8,1
East Africa,Female,55,Informal worker,9,82.74,0.692,10,0.97,0,1.0,0.0,0,,,18.0,16.0,4,21.94,8,1
West Africa,Female,36,Informal worker,14,66.78,-0.117,17,4.63,0,7.0,0.0,1,0.856,2.1,29.0,70.0,8,578.8,24,0
West Africa,Female,63,Trader,10,137.05,-0.193,6,1.14,0,7.0,0.0,0,,,27.0,50.0,2,156.41,4,0
Central Africa,Male,26,Farmer,38,73.53,0.356,24,3.23,1,55.0,45.26,1,0.885,2.3,50.0,92.0,12,344.63,8,1
East Africa,Female,33,Informal worker,7,106.82,1.066,11,3.22,0,3.0,0.0,1,0.777,4.9,45.0,46.0,2,262.51,4,0
West Africa,Female,61,Salaried,27,35.78,-0.001,14,2.99,0,7.0,0.0,0,,,77.0,39.0,11,376.46,24,0
East Africa,Female,63,Farmer,8,21.24,-1.111,9,0.75,0,2.0,0.0,0,,,51.0,70.0,1,77.46,4,0
East Africa,Female,56,Salaried,4,45.54,-1.908,7,0.95,1,82.0,10.59,0,,,51.0,42.0,3,37.42,12,1
Southern Africa,Male,26,Salaried,20,10.67,0.524,12,3.18,1,70.0,25.62,1,0.639,50.8,51.0,76.0,10,323.88,12,1
Central Africa,Female,28,Self-employed,27,48.72,0.73,18,1.62,0,1.0,0.0,0,,,45.0,67.0,8,507.03,4,0
East Africa,Female,48,Self-employed,22,227.5,0.142,18,4.09,1,29.0,25.04,1,0.897,18.6,45.0,74.0,11,303.74,4,1
East Africa,Male,20,Trader,25,166.99,0.312,15,5.47,0,7.0,0.0,0,,,86.0,53.0,5,301.81,8,1
East Africa,Prefer not to say,64,Farmer,5,13.62,-0.49,8,2.23,0,13.0,0.0,0,,,76.0,43.0,4,523.12,8,1
East Africa,Male,62,Salaried,28,20.3,1.161,14,2.52,0,4.0,0.0,0,,,56.0,54.0,5,206.08,4,1
West Africa,Female,55,Salaried,22,26.65,-0.01,20,3.18,1,12.0,23.24,1,0.866,21.4,63.0,68.0,3,370.08,12,1
West Africa,Male,63,Trader,17,35.59,0.138,12,2.42,0,5.0,0.0,1,0.707,24.3,31.0,80.0,4,485.87,8,1
Central Africa,Male,28,Informal worker,30,68.35,-0.703,21,7.32,1,59.0,24.98,1,0.772,2.3,73.0,92.0,14,723.2,8,1
East Africa,Female,59,Salaried,13,65.2,0.186,11,3.28,0,13.0,0.0,1,0.569,0.1,35.0,59.0,4,176.47,8,0
East Africa,Female,30,Trader,4,62.56,-0.277,3,2.58,0,11.0,0.0,1,0.947,5.9,26.0,61.0,2,106.94,12,1
West Africa,Female,23,Farmer,12,108.79,0.144,6,1.7,0,8.0,0.0,0,,,11.0,79.0,4,315.36,24,1
Southern Africa,Female,30,Farmer,23,114.16,0.353,16,4.05,0,17.0,0.0,0,,,53.0,48.0,9,256.12,52,0
West Africa,Male,54,Farmer,12,8.39,-0.062,10,2.08,1,80.0,20.77,0,,,38.0,42.0,3,86.47,12,1
East Africa,Female,62,Informal worker,13,27.7,-0.597,8,4.22,0,11.0,0.0,1,0.682,20.4,13.0,60.0,4,107.31,8,1
Southern Africa,Female,46,Trader,13,14.04,-0.664,13,2.87,0,7.0,0.0,1,0.87,7.9,37.0,48.0,5,111.56,4,0
East Africa,Male,29,Salaried,8,154.73,0.177,16,2.08,1,36.0,13.86,1,0.672,7.5,29.0,45.0,3,478.93,4,1
Central Africa,Female,46,Trader,29,50.9,0.035,18,2.43,0,0.0,0.0,0,,,47.0,88.0,13,126.57,4,1
West Africa,Male,41,Salaried,13,21.95,0.127,8,3.09,0,2.0,0.0,0,,,48.0,60.0,3,314.37,24,1
Southern Africa,Male,42,Trader,23,90.45,0.312,18,2.83,0,13.0,0.0,1,0.707,12.4,51.0,87.0,3,132.5,12,1
Central Africa,Female,34,Salaried,9,29.42,0.197,14,3.59,0,5.0,0.0,0,,,54.0,62.0,3,121.83,8,1
East Africa,Female,24,Farmer,23,118.9,-0.369,14,2.5,0,6.0,0.0,1,0.774,7.7,39.0,37.0,5,258.71,4,0
Southern Africa,Male,34,Informal worker,9,30.87,-0.3,12,2.66,1,57.0,20.97,0,,,39.0,78.0,7,217.6,24,1
East Africa,Female,59,Trader,24,86.35,0.058,10,3.6,1,41.0,31.05,0,,,73.0,70.0,8,235.04,24,1
Southern Africa,Male,37,Farmer,43,20.84,0.504,10,6.51,1,36.0,44.29,0,,,53.0,42.0,11,800.74,12,1
Central Africa,Prefer not to say,18,Trader,23,343.44,0.321,20,5.03,1,90.0,21.88,0,,,83.0,55.0,9,278.95,24,0
Southern Africa,Male,34,Trader,15,69.95,-0.322,14,1.62,0,5.0,0.0,1,0.714,7.0,61.0,91.0,3,76.25,12,1
Central Africa,Male,39,Informal worker,7,31.09,-0.22,4,0.83,1,25.0,13.34,0,,,30.0,31.0,2,238.25,8,1
East Africa,Male,46,Trader,9,27.06,-0.033,10,3.25,0,12.0,0.0,0,,,13.0,67.0,4,1074.6,8,1
East Africa,Male,48,Self-employed,16,51.75,0.174,15,3.87,1,38.0,26.13,1,0.627,12.8,76.0,40.0,5,681.22,8,1
West Africa,Male,37,Farmer,27,83.67,0.16,12,6.21,0,10.0,0.0,1,0.742,5.3,86.0,96.0,7,1089.59,8,1
Southern Africa,Female,24,Trader,19,45.21,-0.295,9,5.18,1,64.0,28.62,1,0.861,55.2,50.0,83.0,4,879.4,24,1
Central Africa,Female,38,Self-employed,11,64.53,-0.289,22,4.04,0,2.0,0.0,0,,,69.0,73.0,5,271.31,12,1
East Africa,Female,18,Trader,11,37.62,0.788,12,2.11,1,95.0,37.21,0,,,21.0,26.0,4,329.12,8,1
West Africa,Male,41,Salaried,25,64.7,-0.433,17,3.63,0,5.0,0.0,1,0.673,4.1,85.0,79.0,12,534.43,12,1
East Africa,Female,38,Farmer,31,67.74,0.141,18,2.44,1,67.0,22.95,1,0.79,10.8,26.0,61.0,8,728.51,12,1
Southern Africa,Male,34,Informal worker,19,54.53,0.245,14,3.41,0,1.0,0.0,0,,,57.0,21.0,4,418.64,24,0
Central Africa,Female,49,Salaried,11,28.42,-1.042,3,3.06,0,4.0,0.0,1,0.785,4.6,41.0,53.0,0,180.99,52,1
West Africa,Female,53,Trader,11,43.37,-0.513,14,1.73,1,25.0,13.59,1,0.934,16.6,72.0,54.0,2,217.46,24,1
West Africa,Male,30,Informal worker,18,44.03,-0.442,13,4.02,0,18.0,0.0,1,0.606,15.3,30.0,59.0,4,469.54,8,1
East Africa,Male,41,Trader,13,33.16,-1.281,12,1.41,0,11.0,0.0,1,0.511,33.7,39.0,25.0,6,656.99,12,0
West Africa,Female,41,Informal worker,16,76.34,0.173,9,5.53,0,7.0,0.0,0,,,25.0,39.0,7,796.98,4,1
Central Africa,Male,41,Trader,7,20.22,-1.257,14,1.76,1,63.0,16.05,0,,,47.0,52.0,2,143.71,12,0
East Africa,Female,36,Trader,23,23.52,1.659,10,2.4,1,86.0,28.5,0,,,50.0,45.0,8,200.28,12,1
East Africa,Female,27,Trader,21,46.39,-0.257,13,2.45,1,66.0,22.12,0,,,36.0,42.0,4,259.92,52,1
West Africa,Male,26,Informal worker,19,72.4,-0.301,16,0.93,0,19.0,0.0,0,,,58.0,62.0,4,186.21,12,1
East Africa,Male,19,Self-employed,29,99.41,0.007,19,4.14,0,6.0,0.0,0,,,29.0,49.0,10,249.3,24,1
Central Africa,Male,20,Self-employed,23,93.59,0.251,9,5.4,1,28.0,21.16,1,0.863,5.3,43.0,74.0,6,369.05,8,1
East Africa,Female,56,Informal worker,8,23.34,-0.145,11,2.61,1,71.0,12.31,0,,,13.0,49.0,1,179.36,4,1
West Africa,Male,21,Salaried,10,40.1,-1.373,12,1.86,1,20.0,8.99,0,,,57.0,65.0,4,279.01,4,0
West Africa,Male,58,Salaried,24,232.01,0.595,23,3.27,1,85.0,32.44,0,,,41.0,36.0,3,718.47,4,1
Central Africa,Male,60,Farmer,22,28.2,0.407,17,3.27,1,88.0,10.87,0,,,85.0,59.0,7,384.39,12,1
Central Africa,Prefer not to say,29,Trader,13,45.01,-1.158,9,1.29,0,4.0,0.0,0,,,33.0,64.0,2,488.25,12,0
West Africa,Female,38,Informal worker,20,45.22,0.447,26,4.59,0,0.0,0.0,0,,,34.0,72.0,6,384.37,8,1
East Africa,Female,34,Trader,33,174.27,-0.092,14,3.63,0,11.0,0.0,0,,,54.0,29.0,10,449.91,4,1
West Africa,Prefer not to say,36,Salaried,12,30.0,-0.624,12,1.16,1,72.0,10.31,0,,,41.0,23.0,1,216.5,12,0
East Africa,Female,34,Farmer,16,39.97,-0.311,15,5.21,0,7.0,0.0,1,0.48,0.3,57.0,60.0,5,154.62,8,1
West Africa,Female,34,Trader,24,26.85,-0.466,15,3.17,1,21.0,38.83,1,0.788,7.1,21.0,90.0,4,596.72,4,1
Southern Africa,Male,50,Salaried,19,26.46,-0.673,14,3.54,1,56.0,11.75,0,,,42.0,39.0,3,824.93,4,1
Central Africa,Male,37,Trader,12,39.68,1.382,14,2.03,0,3.0,0.0,0,,,47.0,90.0,4,234.44,8,1
West Africa,Female,26,Self-employed,19,100.3,-0.844,7,4.68,1,85.0,40.19,0,,,84.0,78.0,9,1189.13,4,1
East Africa,Male,35,Self-employed,12,79.05,0.237,12,1.19,0,2.0,0.0,0,,,18.0,27.0,3,254.17,8,1
West Africa,Male,63,Informal worker,16,38.94,-0.172,14,2.06,0,2.0,0.0,0,,,38.0,53.0,3,473.34,8,0
West Africa,Female,64,Informal worker,31,74.46,1.85,18,6.67,1,46.0,74.08,0,,,57.0,69.0,17,945.87,4,1
West Africa,Female,20,Trader,6,31.56,0.288,10,1.02,1,41.0,27.12,0,,,30.0,76.0,1,186.79,4,1
West Africa,Male,45,Farmer,17,58.22,-0.655,21,1.53,0,12.0,0.0,1,0.802,12.3,35.0,55.0,5,788.8,4,0
Central Africa,Male,63,Salaried,14,46.26,-0.313,14,1.74,1,34.0,27.53,0,,,67.0,64.0,9,897.21,12,1
West Africa,Male,27,Trader,12,43.25,0.501,15,3.46,1,59.0,34.76,0,,,56.0,83.0,6,49.48,4,1
Central Africa,Male,21,Trader,12,47.3,-0.133,16,2.61,1,86.0,7.43,1,0.796,7.5,43.0,61.0,1,267.43,52,0
West Africa,Male,27,Farmer,11,66.01,-0.861,13,1.89,0,18.0,0.0,0,,,43.0,39.0,5,816.15,12,1
East Africa,Female,32,Informal worker,32,44.24,-0.049,17,3.63,0,3.0,0.0,0,,,62.0,52.0,13,491.81,8,1
East Africa,Female,61,Informal worker,11,18.49,1.196,18,3.09,1,67.0,20.76,0,,,49.0,59.0,5,187.45,24,1
Central Africa,Male,29,Trader,11,26.11,-0.476,5,1.22,1,64.0,10.32,0,,,34.0,12.0,2,119.81,12,1
West Africa,Male,33,Trader,10,26.48,-0.01,16,5.75,0,2.0,0.0,0,,,74.0,77.0,4,443.96,12,1
West Africa,Female,30,Salaried,31,173.21,0.968,22,2.09,0,7.0,0.0,0,,,80.0,60.0,10,1022.7,8,1
Southern Africa,Male,36,Trader,12,57.4,-0.765,19,5.14,1,49.0,12.71,1,0.741,0.2,55.0,44.0,7,298.14,8,1
Southern Africa,Male,64,Trader,15,30.95,0.683,9,1.53,1,58.0,24.82,1,0.87,4.4,49.0,43.0,2,190.29,12,1
Southern Africa,Male,21,Trader,14,37.12,-1.456,13,3.67,1,83.0,22.27,1,0.709,11.3,58.0,71.0,3,346.78,8,1
West Africa,Female,39,Salaried,11,53.95,0.752,13,1.62,0,0.0,0.0,0,,,53.0,54.0,6,245.52,4,1
West Africa,Male,46,Trader,14,59.29,0.22,12,2.09,0,8.0,0.0,1,0.611,26.4,58.0,83.0,3,384.03,24,1
Southern Africa,Male,23,Farmer,13,169.37,0.336,6,1.8,0,2.0,0.0,0,,,54.0,37.0,3,271.16,8,1
East Africa,Female,20,Farmer,11,25.37,-0.296,19,3.4,1,47.0,31.78,0,,,38.0,67.0,2,747.24,12,1
East Africa,Female,64,Trader,23,97.02,-0.244,15,4.48,0,1.0,0.0,0,,,40.0,62.0,7,212.38,8,1
West Africa,Female,30,Self-employed,20,245.53,1.331,17,4.16,1,96.0,29.17,1,0.66,19.9,49.0,75.0,6,203.71,24,1
West Africa,Female,29,Salaried,16,44.26,1.459,13,5.43,0,4.0,0.0,0,,,36.0,27.0,4,183.68,4,1
Central Africa,Female,34,Informal worker,24,58.8,0.331,10,4.13,0,17.0,0.0,0,,,41.0,91.0,10,170.34,4,0
Southern Africa,Male,21,Farmer,6,25.53,0.506,12,1.39,1,81.0,18.38,1,0.841,47.9,41.0,35.0,4,673.22,24,1
West Africa,Male,24,Trader,13,47.17,0.247,11,5.11,1,57.0,36.9,0,,,45.0,66.0,7,452.98,24,1
Central Africa,Male,19,Informal worker,21,40.77,-0.454,12,3.47,0,4.0,0.0,1,0.883,1.6,56.0,65.0,4,199.34,8,1
East Africa,Male,43,Trader,4,70.73,0.893,8,0.98,1,85.0,11.16,0,,,36.0,48.0,2,777.78,8,1
West Africa,Male,39,Informal worker,6,48.77,-0.599,8,1.82,0,4.0,0.0,1,0.583,8.6,37.0,42.0,0,179.04,24,0
East Africa,Male,30,Trader,9,27.87,0.257,10,2.04,0,3.0,0.0,0,,,70.0,96.0,4,304.69,4,0
Southern Africa,Female,61,Informal worker,7,77.25,-0.101,9,2.2,0,14.0,0.0,1,0.84,22.3,38.0,52.0,1,105.59,24,0
East Africa,Female,32,Farmer,29,75.49,0.738,13,3.65,0,4.0,0.0,1,0.942,21.2,68.0,32.0,7,149.55,52,1
East Africa,Male,18,Farmer,12,40.53,-0.46,8,1.76,1,68.0,8.22,0,,,66.0,9.0,6,271.4,4,0
Southern Africa,Male,22,Trader,25,127.64,0.685,21,1.06,0,8.0,0.0,1,0.695,0.4,39.0,89.0,8,199.22,4,0
West Africa,Male,52,Trader,22,50.94,-0.322,14,3.01,1,30.0,17.19,1,0.72,13.4,24.0,51.0,3,120.1,24,1
Central Africa,Male,43,Farmer,15,57.57,1.214,14,2.46,0,17.0,0.0,1,0.494,8.7,71.0,70.0,3,673.49,4,1
East Africa,Male,30,Farmer,17,49.11,0.084,12,1.93,1,39.0,9.79,0,,,78.0,49.0,3,193.82,12,1
East Africa,Male,29,Self-employed,24,111.53,-0.021,5,4.78,1,78.0,17.67,1,0.614,15.4,48.0,44.0,5,203.92,24,0
Southern Africa,Male,28,Farmer,17,12.33,0.217,10,2.18,1,52.0,16.3,0,,,89.0,61.0,7,321.44,8,1
East Africa,Prefer not to say,37,Trader,13,71.88,0.785,26,1.13,1,86.0,40.85,1,0.827,6.9,67.0,54.0,7,144.97,24,1
East Africa,Female,51,Farmer,19,25.99,-0.348,20,0.99,0,6.0,0.0,0,,,21.0,27.0,0,232.37,4,0
East Africa,Female,47,Farmer,5,63.47,-1.021,13,0.96,0,2.0,0.0,1,0.895,5.9,61.0,42.0,1,78.28,24,1
Central Africa,Male,53,Salaried,20,24.32,-0.234,9,7.98,0,0.0,0.0,0,,,57.0,82.0,5,159.6,8,1
Southern Africa,Male,19,Trader,10,61.45,0.237,12,1.14,1,79.0,18.72,1,0.77,10.1,47.0,93.0,4,800.17,4,1
Southern Africa,Male,44,Salaried,29,55.28,0.456,25,6.32,1,49.0,28.92,1,0.631,5.3,62.0,90.0,10,492.55,52,0
West Africa,Prefer not to say,53,Informal worker,27,189.7,-0.48,10,2.19,1,59.0,29.7,0,,,51.0,64.0,6,225.97,4,1
East Africa,Male,27,Trader,8,17.74,-0.18,8,3.26,0,0.0,0.0,0,,,7.0,53.0,5,80.72,12,0
East Africa,Male,45,Farmer,10,34.26,0.713,9,5.4,0,4.0,0.0,1,0.552,0.1,21.0,57.0,2,401.05,24,1
West Africa,Prefer not to say,18,Farmer,12,54.23,-0.136,11,2.29,1,79.0,32.68,0,,,52.0,43.0,9,255.5,4,0
Southern Africa,Male,60,Farmer,9,31.55,-1.207,8,3.87,0,17.0,0.0,1,0.66,11.9,22.0,88.0,2,373.91,4,0
West Africa,Male,52,Farmer,18,30.71,-0.055,26,10.88,1,51.0,62.33,0,,,83.0,60.0,10,424.11,12,1
West Africa,Female,47,Informal worker,5,33.83,-0.687,14,1.45,0,16.0,0.0,1,0.683,14.0,40.0,52.0,0,90.64,4,1
West Africa,Male,46,Informal worker,9,13.39,-0.134,16,1.91,1,74.0,50.4,0,,,16.0,45.0,2,198.9,8,1
West Africa,Female,49,Farmer,14,41.68,0.093,11,2.45,1,83.0,20.94,0,,,51.0,73.0,5,203.53,24,1
West Africa,Male,37,Informal worker,33,74.0,0.881,15,2.3,1,47.0,35.64,1,0.918,17.9,54.0,81.0,6,403.86,12,1
East Africa,Female,63,Salaried,27,45.54,0.277,9,4.44,0,14.0,0.0,0,,,34.0,58.0,10,441.87,8,1
East Africa,Male,28,Farmer,31,16.47,-0.009,25,5.45,0,4.0,0.0,0,,,64.0,71.0,10,952.09,8,1
West Africa,Female,56,Farmer,10,17.1,-0.689,20,1.63,0,2.0,0.0,0,,,90.0,65.0,5,322.8,24,1
West Africa,Female,53,Trader,14,19.83,-0.092,5,1.75,0,2.0,0.0,0,,,45.0,40.0,4,1044.45,4,0
Southern Africa,Female,57,Trader,6,25.58,-1.34,6,1.09,0,4.0,0.0,1,0.892,9.1,47.0,88.0,2,78.7,12,0
West Africa,Female,21,Trader,15,90.2,1.488,19,1.06,0,1.0,0.0,0,,,68.0,41.0,6,225.11,12,1
East Africa,Female,38,Farmer,10,46.25,0.607,11,2.39,1,30.0,22.09,0,,,43.0,46.0,3,266.12,24,1
East Africa,Male,48,Salaried,22,27.51,1.196,18,2.21,1,75.0,27.99,0,,,39.0,58.0,6,689.95,8,1
East Africa,Male,47,Trader,29,160.69,0.262,18,4.77,1,64.0,28.14,0,,,95.0,91.0,9,1973.24,4,1
Central Africa,Male,50,Informal worker,12,81.16,-0.07,10,6.55,0,12.0,0.0,0,,,24.0,69.0,3,128.21,24,1
East Africa,Male,47,Trader,14,40.84,-0.755,13,2.66,0,5.0,0.0,0,,,18.0,82.0,2,1447.62,52,0
Central Africa,Male,28,Trader,16,80.83,0.536,19,5.99,0,6.0,0.0,0,,,66.0,94.0,1,84.09,8,1
Central Africa,Female,56,Farmer,14,26.17,-0.996,13,3.04,0,4.0,0.0,0,,,54.0,42.0,3,247.96,12,1
West Africa,Female,40,Farmer,8,21.89,-0.525,8,2.2,0,12.0,0.0,0,,,43.0,36.0,4,191.55,52,1
West Africa,Prefer not to say,63,Trader,22,14.04,-0.535,15,4.98,1,92.0,20.12,1,0.574,10.1,67.0,93.0,8,150.52,12,1
West Africa,Male,42,Trader,14,21.37,0.638,10,2.14,0,2.0,0.0,1,0.758,8.2,21.0,79.0,3,294.19,4,0
East Africa,Female,43,Informal worker,15,39.79,0.311,13,2.24,0,3.0,0.0,1,0.937,8.9,11.0,60.0,4,315.47,8,1
East Africa,Female,45,Farmer,16,73.77,0.178,20,1.56,0,2.0,0.0,0,,,51.0,48.0,2,536.4,24,0
West Africa,Prefer not to say,58,Farmer,23,79.78,-0.134,11,2.0,1,72.0,15.21,0,,,76.0,68.0,1,75.91,12,1
West Africa,Female,60,Farmer,11,17.21,0.212,13,1.79,0,1.0,0.0,0,,,55.0,65.0,1,286.48,12,0
East Africa,Male,45,Farmer,29,48.55,1.69,26,4.67,1,75.0,78.67,1,0.66,13.1,46.0,69.0,11,537.82,8,1
Southern Africa,Male,43,Trader,24,35.22,0.902,9,2.07,0,12.0,0.0,0,,,49.0,44.0,3,237.73,12,1
Southern Africa,Prefer not to say,20,Trader,21,127.81,1.797,16,3.14,0,2.0,0.0,0,,,23.0,61.0,7,243.7,12,1
Central Africa,Female,21,Farmer,13,83.63,-0.566,15,2.52,0,1.0,0.0,0,,,26.0,55.0,3,396.52,4,1
West Africa,Female,52,Farmer,20,55.91,-0.351,13,3.28,0,4.0,0.0,0,,,35.0,29.0,2,129.35,8,0
East Africa,Female,34,Self-employed,19,71.1,0.652,14,3.84,1,80.0,39.62,0,,,72.0,61.0,6,161.31,4,1
Central Africa,Female,38,Salaried,36,80.6,0.611,16,10.96,1,73.0,55.73,0,,,65.0,36.0,7,223.96,8,1
Southern Africa,Female,47,Trader,7,32.45,-0.206,11,1.66,0,8.0,0.0,1,0.874,25.1,82.0,69.0,2,152.48,12,1
East Africa,Female,28,Trader,20,25.51,-0.951,14,4.47,0,6.0,0.0,1,0.605,4.1,62.0,96.0,3,281.15,24,0
East Africa,Female,33,Salaried,5,16.04,0.041,6,1.21,0,0.0,0.0,1,0.883,13.5,54.0,46.0,1,48.93,8,1
West Africa,Male,20,Farmer,22,28.46,-0.246,11,6.47,1,40.0,14.57,1,0.823,13.9,11.0,15.0,2,518.78,8,1
Central Africa,Male,54,Farmer,24,147.58,0.816,24,5.86,1,71.0,24.38,1,0.717,7.3,7.0,60.0,16,1036.66,8,1
East Africa,Male,41,Informal worker,17,121.56,-0.15,9,2.27,0,3.0,0.0,0,,,55.0,70.0,4,344.36,12,1
East Africa,Male,26,Farmer,18,46.86,-0.619,5,1.74,0,2.0,0.0,1,0.713,6.1,78.0,93.0,3,264.37,24,0
East Africa,Female,46,Trader,19,158.45,1.332,13,2.39,0,1.0,0.0,1,0.836,7.5,56.0,66.0,10,429.86,24,0
East Africa,Female,24,Trader,27,105.26,0.811,22,6.97,0,6.0,0.0,1,0.933,9.9,65.0,64.0,4,321.18,4,1
West Africa,Male,54,Trader,17,41.0,-0.04,12,1.61,0,21.0,0.0,1,0.807,1.5,47.0,56.0,2,283.91,4,0
Southern Africa,Male,28,Trader,15,16.38,-0.438,11,2.79,0,2.0,0.0,1,0.665,18.9,42.0,20.0,5,512.47,12,0
East Africa,Male,30,Trader,12,160.92,0.373,21,3.79,1,44.0,20.09,0,,,64.0,65.0,6,393.07,12,1
West Africa,Female,59,Informal worker,12,60.39,0.057,14,1.62,0,5.0,0.0,0,,,15.0,38.0,5,939.16,12,0
East Africa,Female,52,Farmer,11,27.59,-0.872,8,1.85,0,3.0,0.0,0,,,6.0,69.0,2,291.96,8,0
Central Africa,Male,50,Trader,25,79.63,0.898,21,6.45,0,19.0,0.0,1,0.886,9.1,41.0,79.0,8,641.48,4,1
East Africa,Male,46,Trader,17,144.46,0.22,18,6.06,0,2.0,0.0,0,,,49.0,75.0,9,353.09,12,1
East Africa,Female,42,Self-employed,22,55.08,0.687,13,5.43,1,8.0,35.02,0,,,64.0,80.0,8,637.58,12,1
East Africa,Female,27,Trader,21,18.29,0.276,15,3.71,0,13.0,0.0,0,,,12.0,77.0,1,246.25,8,1
Southern Africa,Female,32,Trader,29,149.63,-0.014,16,3.82,1,61.0,27.17,1,0.751,24.5,42.0,46.0,8,204.54,4,1
Southern Africa,Female,63,Informal worker,17,24.55,0.067,14,1.55,0,8.0,0.0,0,,,46.0,74.0,2,192.74,8,1
Central Africa,Male,61,Trader,25,50.33,1.287,17,4.54,1,93.0,16.29,0,,,42.0,67.0,2,377.56,4,1
West Africa,Male,52,Trader,13,14.13,0.295,5,1.12,0,1.0,0.0,0,,,39.0,38.0,3,174.68,52,0
Central Africa,Male,59,Trader,12,107.34,0.012,17,0.99,1,19.0,14.62,0,,,46.0,61.0,4,444.01,12,1
Central Africa,Male,55,Self-employed,4,45.55,-0.338,6,2.28,0,6.0,0.0,1,0.847,5.1,30.0,51.0,6,38.62,8,1
East Africa,Male,36,Informal worker,32,23.01,1.366,21,4.06,0,0.0,0.0,0,,,51.0,60.0,14,419.71,24,1
East Africa,Male,51,Farmer,13,81.4,0.912,17,4.66,1,55.0,44.12,1,0.833,5.8,69.0,69.0,4,159.51,8,1
West Africa,Male,53,Salaried,11,49.08,-0.907,7,3.33,0,2.0,0.0,1,0.841,1.8,59.0,46.0,4,140.36,12,1
East Africa,Female,24,Informal worker,18,119.74,0.525,13,1.19,0,4.0,0.0,1,0.643,8.6,62.0,74.0,5,411.44,12,1
West Africa,Male,60,Trader,11,26.04,-0.321,18,3.82,0,0.0,0.0,0,,,71.0,65.0,3,454.91,12,0
West Africa,Female,41,Farmer,9,12.28,-0.93,9,4.41,0,7.0,0.0,1,0.8,14.0,19.0,77.0,5,84.53,24,0
Central Africa,Male,32,Farmer,27,47.82,0.922,13,4.04,0,7.0,0.0,1,0.64,7.1,71.0,91.0,4,101.78,12,1
West Africa,Male,40,Farmer,15,12.98,0.071,14,2.2,0,2.0,0.0,0,,,65.0,34.0,5,127.66,4,1
East Africa,Male,33,Salaried,9,79.97,-0.435,11,1.78,1,76.0,17.9,1,0.592,45.6,52.0,72.0,3,214.72,24,1
West Africa,Male,33,Trader,11,8.88,-0.275,10,5.55,0,1.0,0.0,0,,,59.0,89.0,6,84.77,12,1
East Africa,Male,43,Trader,10,24.11,0.373,10,1.92,0,2.0,0.0,0,,,72.0,32.0,2,190.49,12,1
East Africa,Female,64,Farmer,12,17.39,-0.515,8,1.45,1,90.0,15.66,1,0.799,21.7,48.0,67.0,2,264.4,12,1
West Africa,Female,37,Trader,21,38.18,-0.147,12,1.96,0,0.0,0.0,1,0.691,8.0,25.0,81.0,3,207.55,4,1
East Africa,Male,28,Self-employed,13,26.24,-0.951,11,1.7,0,19.0,0.0,1,0.63,4.8,63.0,40.0,4,112.97,12,0
Central Africa,Male,53,Farmer,15,54.87,0.297,15,5.76,1,25.0,13.68,0,,,46.0,38.0,3,304.06,4,0
East Africa,Male,31,Trader,21,46.66,-0.849,14,2.66,0,6.0,0.0,0,,,77.0,78.0,4,241.16,8,0
Central Africa,Female,43,Informal worker,19,50.75,-0.722,8,3.14,0,0.0,0.0,1,0.619,45.1,75.0,72.0,3,369.49,4,0
Southern Africa,Male,29,Salaried,18,45.13,0.028,14,1.99,1,84.0,15.99,1,0.592,14.8,79.0,65.0,3,274.39,8,1
East Africa,Male,27,Farmer,15,101.93,-0.333,15,5.12,0,6.0,0.0,0,,,40.0,33.0,5,345.2,8,0
West Africa,Female,29,Farmer,27,90.72,-0.544,22,1.87,0,4.0,0.0,0,,,31.0,64.0,7,267.95,4,1
West Africa,Female,34,Informal worker,18,31.46,-0.62,14,1.91,1,23.0,28.86,0,,,72.0,27.0,5,194.94,12,1
Central Africa,Female,62,Trader,8,14.76,-1.217,8,1.25,0,10.0,0.0,1,0.552,9.3,29.0,35.0,5,57.2,52,0
East Africa,Male,49,Informal worker,11,50.92,0.113,15,1.2,0,2.0,0.0,0,,,36.0,77.0,11,128.48,8,1
East Africa,Male,50,Informal worker,13,51.47,-0.727,15,4.42,0,8.0,0.0,0,,,66.0,69.0,6,182.94,4,1
Southern Africa,Male,20,Salaried,18,26.03,-0.808,11,2.95,0,8.0,0.0,1,0.922,12.0,48.0,57.0,2,210.7,12,0
West Africa,Female,18,Salaried,18,37.64,0.175,13,6.45,1,37.0,46.37,1,0.978,13.1,55.0,68.0,8,407.58,4,1
Southern Africa,Female,34,Self-employed,13,70.18,0.06,16,2.58,1,35.0,14.96,1,0.698,3.4,28.0,64.0,5,491.97,12,1
West Africa,Male,59,Trader,11,124.01,-0.181,10,4.23,1,84.0,15.41,1,0.91,2.3,68.0,87.0,1,247.62,8,1
Central Africa,Female,18,Salaried,5,54.16,0.742,10,0.92,1,23.0,9.06,1,0.522,8.9,23.0,48.0,1,140.09,8,1
West Africa,Male,54,Informal worker,18,40.54,0.02,13,2.99,0,10.0,0.0,1,0.852,9.6,69.0,13.0,13,188.54,4,1
West Africa,Female,56,Farmer,14,55.24,-1.63,16,6.3,0,4.0,0.0,0,,,61.0,75.0,8,654.33,4,0
Southern Africa,Male,31,Self-employed,11,44.61,0.325,6,3.54,1,95.0,15.98,0,,,32.0,30.0,4,809.25,8,1
West Africa,Male,23,Salaried,21,104.28,-0.206,11,9.36,1,32.0,30.62,1,0.964,7.3,61.0,79.0,9,747.68,12,1
Central Africa,Male,25,Salaried,15,151.74,0.62,15,2.57,0,5.0,0.0,1,0.598,4.2,30.0,69.0,7,795.39,24,1
Southern Africa,Female,21,Trader,18,39.18,-0.544,10,4.43,1,76.0,14.99,1,0.877,2.4,90.0,49.0,2,625.02,8,1
West Africa,Male,57,Trader,14,22.37,-0.123,13,1.25,1,71.0,29.82,0,,,25.0,81.0,6,76.14,8,1
West Africa,Male,54,Self-employed,15,55.64,-0.119,10,5.5,1,64.0,22.58,1,0.662,14.9,57.0,40.0,6,96.01,12,1
Central Africa,Female,49,Self-employed,29,42.1,0.232,17,4.56,0,10.0,0.0,0,,,57.0,83.0,5,390.43,8,1
East Africa,Female,22,Trader,23,64.14,-0.746,13,3.49,0,6.0,0.0,0,,,49.0,25.0,8,528.71,4,0
Central Africa,Female,62,Trader,13,32.43,-0.288,15,3.93,0,2.0,0.0,0,,,63.0,85.0,4,656.77,4,1
West Africa,Female,50,Informal worker,15,61.62,-0.799,12,2.65,1,36.0,14.43,0,,,10.0,42.0,7,215.38,12,1
Central Africa,Female,56,Trader,11,88.56,0.082,8,3.2,1,58.0,25.4,0,,,54.0,41.0,5,77.39,8,1
East Africa,Female,35,Informal worker,14,21.75,1.166,9,2.04,1,39.0,8.0,1,0.548,12.8,23.0,85.0,4,191.75,52,1
Southern Africa,Male,27,Self-employed,30,49.14,0.847,23,30.85,1,41.0,36.48,0,,,68.0,77.0,6,626.05,4,1
East Africa,Male,56,Trader,10,22.43,0.935,11,1.48,0,1.0,0.0,1,0.675,4.2,74.0,73.0,2,205.53,12,1
West Africa,Male,20,Informal worker,15,30.95,-1.235,12,2.62,1,58.0,34.67,1,0.735,0.8,27.0,45.0,3,177.9,4,0
Central Africa,Male,26,Farmer,23,111.5,0.491,21,2.25,0,1.0,0.0,1,0.855,7.1,53.0,89.0,6,648.81,4,0
Central Africa,Male,25,Trader,15,19.93,-0.175,12,4.05,0,2.0,0.0,1,0.776,24.5,29.0,94.0,4,199.84,24,0
East Africa,Male,21,Farmer,20,77.95,-0.043,18,2.26,0,12.0,0.0,0,,,67.0,49.0,9,171.48,24,1
Central Africa,Male,43,Informal worker,26,184.61,-0.783,20,4.09,0,13.0,0.0,1,0.891,3.9,27.0,61.0,9,437.22,8,1
West Africa,Female,28,Salaried,6,19.97,0.038,9,3.45,0,4.0,0.0,0,,,72.0,72.0,1,145.49,8,1
West Africa,Female,63,Farmer,10,26.89,0.385,11,2.44,0,1.0,0.0,0,,,57.0,75.0,4,359.43,12,0
West Africa,Female,61,Self-employed,4,16.47,-0.378,9,1.54,1,36.0,28.69,0,,,40.0,81.0,2,145.63,8,1
East Africa,Female,25,Trader,9,70.24,-1.274,13,1.97,0,1.0,0.0,0,,,54.0,54.0,0,99.88,4,0
West Africa,Male,56,Self-employed,5,34.26,-0.851,6,2.35,1,81.0,15.1,0,,,43.0,71.0,3,101.32,8,1
East Africa,Male,19,Informal worker,11,56.65,-0.519,12,2.69,0,4.0,0.0,1,0.67,0.0,17.0,69.0,3,339.78,8,0
West Africa,Male,31,Farmer,16,28.79,0.6,11,1.53,0,4.0,0.0,1,0.549,8.6,45.0,63.0,3,496.89,8,1
Southern Africa,Female,49,Trader,24,102.47,-0.478,17,7.35,0,0.0,0.0,0,,,73.0,80.0,2,319.54,8,0
Southern Africa,Male,27,Trader,20,45.79,0.475,10,2.45,1,69.0,13.68,1,0.824,30.8,63.0,61.0,7,296.63,4,1
Southern Africa,Female,21,Farmer,19,124.88,0.755,16,7.19,1,55.0,27.78,0,,,19.0,85.0,9,376.46,4,1
West Africa,Male,25,Self-employed,16,89.71,0.104,22,5.61,1,51.0,18.3,0,,,33.0,76.0,9,176.47,8,1
Southern Africa,Male,48,Salaried,21,104.25,0.007,19,2.15,0,5.0,0.0,1,0.741,5.0,35.0,44.0,3,513.05,24,1
West Africa,Female,28,Trader,15,82.14,-0.19,11,1.47,0,13.0,0.0,0,,,43.0,67.0,8,206.69,8,1
Southern Africa,Male,29,Farmer,25,46.6,-0.145,18,5.61,0,4.0,0.0,1,0.867,1.4,58.0,55.0,9,463.75,12,1
East Africa,Female,27,Farmer,13,151.54,0.239,17,4.34,0,8.0,0.0,0,,,13.0,50.0,8,89.31,12,1
East Africa,Female,59,Salaried,9,111.58,-0.625,13,0.64,1,49.0,27.3,1,0.923,6.8,20.0,84.0,2,366.48,8,1
West Africa,Female,59,Salaried,9,18.19,0.462,8,1.68,0,7.0,0.0,0,,,63.0,59.0,4,800.93,8,1
Southern Africa,Female,55,Trader,15,40.91,0.488,15,1.66,0,3.0,0.0,0,,,31.0,70.0,4,515.59,12,1
Central Africa,Male,18,Trader,11,22.97,-0.16,11,0.43,0,1.0,0.0,1,0.351,10.2,33.0,77.0,4,171.84,4,0
Southern Africa,Male,29,Trader,20,81.11,0.104,19,3.31,1,29.0,59.52,0,,,24.0,66.0,6,299.01,8,1
Central Africa,Female,59,Farmer,8,31.5,-0.007,8,1.73,0,4.0,0.0,0,,,66.0,48.0,2,153.47,4,1
Central Africa,Male,44,Trader,15,41.35,-0.73,15,1.09,0,13.0,0.0,0,,,62.0,47.0,6,114.92,8,1
West Africa,Male,19,Trader,13,31.58,-1.571,14,3.07,0,3.0,0.0,0,,,40.0,87.0,6,477.14,24,0
Southern Africa,Male,29,Salaried,16,18.31,-0.622,16,0.91,0,2.0,0.0,0,,,61.0,65.0,5,233.97,12,1
West Africa,Female,56,Farmer,14,25.73,-0.151,16,4.18,0,1.0,0.0,0,,,37.0,64.0,3,162.01,4,1
East Africa,Male,59,Self-employed,10,59.67,-0.831,13,3.44,0,4.0,0.0,1,0.717,43.1,82.0,88.0,1,439.05,4,1
West Africa,Prefer not to say,38,Salaried,19,27.81,0.775,8,0.92,0,9.0,0.0,0,,,55.0,88.0,4,452.02,8,1
Central Africa,Male,25,Trader,11,12.53,-1.215,9,2.13,1,77.0,11.91,0,,,42.0,61.0,0,79.81,4,0
Southern Africa,Male,21,Trader,10,20.8,-0.006,14,1.34,1,75.0,29.75,1,0.942,18.9,3.0,24.0,3,171.93,12,1
West Africa,Male,28,Farmer,11,51.62,-0.285,14,2.3,1,54.0,24.33,1,0.733,15.6,74.0,95.0,3,225.72,8,1
East Africa,Male,55,Informal worker,9,15.62,-1.063,5,1.87,0,2.0,0.0,0,,,72.0,78.0,4,291.39,52,1
East Africa,Male,56,Farmer,30,87.56,0.4,17,6.58,1,70.0,54.68,0,,,28.0,63.0,6,107.16,12,1
Southern Africa,Female,30,Self-employed,22,50.14,-0.591,11,1.87,0,4.0,0.0,0,,,46.0,67.0,4,303.74,4,1
Central Africa,Male,63,Salaried,14,44.22,-0.056,12,0.97,1,59.0,48.83,1,0.961,13.1,55.0,91.0,4,220.37,4,1
West Africa,Male,59,Farmer,18,69.0,0.197,18,2.63,1,56.0,52.47,0,,,52.0,80.0,9,209.24,12,1
East Africa,Male,64,Trader,15,20.48,-1.036,17,6.14,1,25.0,46.12,1,0.896,8.4,34.0,81.0,9,300.96,4,1
East Africa,Male,53,Farmer,9,32.9,-1.497,13,2.73,0,4.0,0.0,1,0.766,9.1,3.0,67.0,1,506.01,8,0
East Africa,Female,44,Farmer,20,54.64,1.346,12,2.25,0,12.0,0.0,0,,,66.0,73.0,8,243.81,4,1
East Africa,Male,64,Trader,22,40.88,0.326,9,1.51,0,14.0,0.0,0,,,60.0,60.0,7,170.5,12,0
West Africa,Female,50,Salaried,8,26.01,-0.595,7,3.61,0,10.0,0.0,1,0.517,5.9,53.0,55.0,2,402.91,12,1
West Africa,Male,57,Farmer,10,29.74,-0.42,11,3.26,0,19.0,0.0,1,0.58,4.0,15.0,47.0,5,93.01,4,0
East Africa,Male,36,Trader,22,79.3,0.1,14,5.0,1,46.0,34.23,0,,,44.0,83.0,4,603.32,8,1
Central Africa,Female,29,Salaried,6,40.17,0.163,12,1.48,0,2.0,0.0,1,0.929,1.2,47.0,64.0,5,176.78,12,1
West Africa,Male,44,Informal worker,18,66.9,-0.387,17,1.87,0,4.0,0.0,0,,,76.0,88.0,5,426.65,12,1
West Africa,Female,37,Trader,5,287.0,-1.051,7,1.92,0,2.0,0.0,0,,,29.0,54.0,3,401.05,12,1
Southern Africa,Male,34,Farmer,26,72.79,0.18,14,2.41,0,4.0,0.0,0,,,45.0,67.0,9,147.67,8,1
Central Africa,Male,50,Informal worker,15,98.71,-0.462,9,3.52,0,9.0,0.0,0,,,35.0,41.0,7,336.28,12,1
East Africa,Female,46,Farmer,11,23.6,-0.372,13,3.96,0,8.0,0.0,0,,,58.0,74.0,5,348.32,8,1
West Africa,Male,32,Farmer,13,39.51,1.264,17,3.93,0,16.0,0.0,0,,,80.0,70.0,4,208.56,8,1
Southern Africa,Prefer not to say,29,Informal worker,9,21.16,-1.202,12,2.33,0,3.0,0.0,0,,,23.0,81.0,4,45.36,52,0
East Africa,Female,43,Informal worker,30,40.78,-0.235,15,4.95,1,96.0,39.42,0,,,52.0,78.0,8,447.01,8,1
Southern Africa,Male,33,Trader,16,95.01,0.426,8,4.2,0,8.0,0.0,1,0.779,3.2,44.0,73.0,7,82.96,8,1
West Africa,Male,29,Trader,28,171.5,-0.27,17,2.83,1,47.0,45.28,1,0.876,1.6,43.0,44.0,5,610.87,8,1
West Africa,Female,28,Informal worker,12,57.9,0.521,16,2.73,0,14.0,0.0,1,0.635,14.2,86.0,95.0,3,155.96,12,1
West Africa,Male,49,Trader,23,55.71,0.797,19,7.83,0,9.0,0.0,0,,,78.0,58.0,6,172.75,8,1
Southern Africa,Female,37,Self-employed,16,42.95,0.32,16,1.15,1,65.0,5.8,1,0.486,0.7,9.0,60.0,4,105.59,4,0
East Africa,Male,34,Trader,8,46.95,0.558,16,2.33,0,4.0,0.0,1,0.616,6.9,18.0,62.0,1,255.52,12,1
West Africa,Male,23,Informal worker,10,75.8,0.148,6,2.76,1,37.0,17.37,1,0.467,12.0,50.0,82.0,4,176.21,12,1
East Africa,Male,20,Self-employed,9,74.06,-0.481,17,1.33,0,5.0,0.0,0,,,39.0,65.0,3,93.9,12,1
Southern Africa,Female,50,Farmer,22,203.24,1.846,13,2.74,1,73.0,45.47,0,,,82.0,76.0,5,347.41,8,1
West Africa,Female,63,Informal worker,16,32.47,-0.966,9,5.77,0,4.0,0.0,1,0.669,11.0,45.0,64.0,2,321.92,4,0
Southern Africa,Female,33,Trader,8,30.69,-0.261,12,2.63,0,3.0,0.0,1,0.865,3.9,71.0,36.0,2,142.15,24,0
Southern Africa,Male,57,Informal worker,34,100.83,0.563,21,4.4,0,1.0,0.0,1,0.524,15.2,34.0,89.0,9,933.4,12,1
East Africa,Male,46,Self-employed,17,29.4,1.002,18,3.56,1,88.0,39.63,0,,,58.0,81.0,8,158.62,12,1
Central Africa,Male,32,Self-employed,7,42.84,-0.037,9,1.08,0,0.0,0.0,0,,,39.0,21.0,1,455.8,8,1
Central Africa,Male,44,Farmer,27,39.94,0.653,13,5.5,0,9.0,0.0,1,0.73,0.9,70.0,74.0,7,218.44,8,1
West Africa,Male,24,Salaried,37,44.57,1.372,24,7.04,0,3.0,0.0,0,,,59.0,54.0,12,530.26,4,1
West Africa,Female,33,Salaried,16,229.1,-0.182,19,3.14,0,0.0,0.0,1,0.925,0.8,62.0,94.0,8,163.54,8,1
West Africa,Male,52,Farmer,16,98.11,-0.491,2,2.26,0,3.0,0.0,1,0.74,28.5,89.0,91.0,5,199.05,4,0
West Africa,Male,58,Salaried,17,64.09,1.153,13,4.21,0,21.0,0.0,0,,,68.0,63.0,3,312.95,8,1
East Africa,Female,28,Trader,20,86.71,0.997,16,3.46,0,4.0,0.0,1,0.765,4.8,59.0,34.0,12,391.4,8,1
Central Africa,Male,60,Self-employed,18,112.24,0.402,17,8.92,1,50.0,13.63,0,,,63.0,77.0,9,365.1,12,1
Central Africa,Prefer not to say,46,Salaried,13,51.64,-0.24,15,2.68,1,67.0,9.79,1,0.299,1.5,61.0,72.0,7,248.79,24,1
West Africa,Male,28,Farmer,7,85.04,-0.146,23,3.05,0,8.0,0.0,0,,,48.0,32.0,2,233.17,12,1
East Africa,Male,54,Farmer,9,71.87,0.508,6,1.42,0,4.0,0.0,0,,,38.0,61.0,5,480.4,24,1
West Africa,Female,59,Self-employed,17,96.04,0.523,15,2.47,0,9.0,0.0,1,0.742,4.3,30.0,55.0,9,275.46,4,0
East Africa,Female,30,Trader,25,25.02,-0.026,14,3.03,1,59.0,33.23,1,0.702,6.2,50.0,68.0,7,454.37,12,1
West Africa,Female,22,Farmer,19,21.47,0.081,18,8.36,1,28.0,36.01,0,,,59.0,71.0,9,659.83,8,1
Central Africa,Male,31,Farmer,10,42.33,-0.238,11,1.06,0,5.0,0.0,0,,,49.0,17.0,4,198.32,24,1
Central Africa,Male,53,Farmer,28,168.39,1.593,20,2.49,0,10.0,0.0,1,0.691,8.9,53.0,46.0,4,402.62,24,1
West Africa,Female,20,Trader,25,39.56,0.035,18,4.75,1,51.0,78.35,0,,,20.0,90.0,7,727.56,4,1
Southern Africa,Male,31,Trader,10,52.04,-0.29,7,5.05,0,2.0,0.0,0,,,29.0,61.0,1,310.14,4,1
East Africa,Female,33,Self-employed,26,39.6,0.667,17,3.71,1,63.0,21.33,1,0.762,6.7,42.0,78.0,4,287.77,8,1
Southern Africa,Male,18,Salaried,5,39.21,-0.923,15,1.57,0,0.0,0.0,1,0.389,2.9,43.0,27.0,4,187.53,8,0
East Africa,Male,46,Salaried,17,34.11,-0.476,19,1.95,1,89.0,41.35,0,,,47.0,32.0,4,623.8,4,1
West Africa,Male,55,Farmer,14,36.46,0.542,15,3.86,1,54.0,48.64,1,0.795,0.4,82.0,33.0,6,331.8,8,1
East Africa,Female,25,Informal worker,9,45.48,0.306,13,1.71,1,50.0,11.25,0,,,27.0,82.0,10,61.25,12,1
West Africa,Male,59,Farmer,15,53.24,0.255,8,7.02,1,77.0,27.71,1,0.495,0.0,54.0,85.0,3,98.01,4,1
East Africa,Prefer not to say,62,Informal worker,14,113.34,0.808,6,1.07,0,8.0,0.0,1,0.734,8.0,46.0,91.0,2,161.42,4,1
West Africa,Male,58,Salaried,18,34.96,0.006,15,2.0,0,7.0,0.0,0,,,91.0,26.0,6,107.46,52,1
Southern Africa,Male,51,Trader,13,38.66,1.136,17,5.03,1,75.0,21.88,0,,,59.0,73.0,4,117.95,52,1
Southern Africa,Male,39,Self-employed,13,54.34,0.808,15,2.65,0,4.0,0.0,1,0.394,34.5,24.0,72.0,6,345.79,8,1
West Africa,Female,27,Self-employed,19,67.18,0.011,13,2.83,1,84.0,18.02,0,,,78.0,47.0,5,587.78,12,0
East Africa,Female,60,Farmer,20,28.08,0.481,15,2.99,0,0.0,0.0,0,,,60.0,74.0,10,122.61,4,1
Southern Africa,Male,42,Self-employed,22,13.4,0.376,12,5.27,0,5.0,0.0,0,,,66.0,65.0,4,176.61,12,1
West Africa,Male,39,Salaried,24,24.07,-0.838,9,3.25,1,34.0,22.92,1,0.788,9.8,79.0,35.0,2,217.82,12,0
East Africa,Female,36,Trader,16,41.36,1.194,16,3.45,1,47.0,23.03,1,0.591,34.6,72.0,79.0,6,325.58,12,1
Southern Africa,Male,28,Trader,2,22.48,-1.017,11,0.9,0,15.0,0.0,0,,,33.0,66.0,2,209.23,12,0
East Africa,Female,35,Informal worker,25,111.97,0.944,16,2.38,1,84.0,39.65,0,,,54.0,58.0,11,1116.95,24,1
Southern Africa,Female,55,Salaried,24,32.49,0.568,11,6.44,1,82.0,28.04,0,,,34.0,52.0,7,521.74,8,1
East Africa,Male,44,Trader,13,32.26,-0.881,14,3.63,0,1.0,0.0,1,0.364,10.4,16.0,47.0,3,261.26,4,1
East Africa,Female,36,Farmer,25,182.84,1.205,13,3.34,0,3.0,0.0,0,,,48.0,68.0,9,333.9,24,1
West Africa,Female,23,Farmer,12,22.17,0.118,9,2.0,0,9.0,0.0,0,,,51.0,46.0,1,311.42,12,1
West Africa,Male,37,Farmer,11,62.19,-0.711,12,3.19,1,52.0,4.9,1,0.769,10.6,81.0,60.0,2,187.16,8,0
West Africa,Male,28,Trader,14,61.87,-0.913,11,1.36,0,18.0,0.0,0,,,62.0,54.0,2,551.46,8,0
Central Africa,Male,36,Trader,21,119.58,0.246,13,6.58,1,94.0,25.16,1,0.429,64.2,24.0,39.0,3,441.93,4,0
Central Africa,Female,25,Salaried,13,26.78,0.031,11,7.41,1,60.0,20.36,1,0.509,7.7,8.0,74.0,4,193.45,12,1
Southern Africa,Female,62,Trader,22,63.65,0.798,17,2.91,0,5.0,0.0,1,0.833,8.5,83.0,90.0,5,672.76,8,1
West Africa,Male,26,Informal worker,10,31.56,-1.418,13,6.85,0,11.0,0.0,1,0.64,0.8,31.0,75.0,7,198.08,12,1
East Africa,Male,23,Informal worker,10,60.67,0.472,13,2.84,0,6.0,0.0,0,,,79.0,24.0,1,222.65,12,1
Southern Africa,Male,48,Self-employed,16,46.32,-0.098,7,2.77,0,10.0,0.0,0,,,43.0,87.0,6,135.87,12,0
Southern Africa,Male,34,Self-employed,27,72.19,0.898,25,7.9,1,71.0,37.14,0,,,58.0,71.0,7,766.55,24,1
West Africa,Male,64,Self-employed,15,11.85,0.056,8,0.96,0,3.0,0.0,1,0.63,0.9,46.0,55.0,4,279.6,24,1
Central Africa,Male,36,Farmer,5,14.39,0.336,14,1.24,1,28.0,14.79,1,0.524,8.4,62.0,61.0,1,268.54,4,1
West Africa,Male,48,Trader,13,60.36,-1.047,13,1.25,0,5.0,0.0,0,,,47.0,52.0,2,775.3,4,1
West Africa,Female,57,Trader,7,54.07,-1.065,11,2.05,1,67.0,32.33,0,,,75.0,80.0,4,255.42,8,1
Central Africa,Female,64,Farmer,20,77.8,0.808,26,5.12,0,10.0,0.0,1,0.598,0.2,40.0,79.0,5,301.18,24,1
East Africa,Male,56,Trader,19,270.31,0.894,16,2.71,0,1.0,0.0,1,0.683,14.7,28.0,72.0,7,239.48,8,1
East Africa,Female,45,Trader,14,30.47,0.061,11,1.78,1,92.0,20.64,0,,,30.0,21.0,7,219.1,12,0
East Africa,Male,56,Farmer,12,56.65,-0.76,11,2.56,0,6.0,0.0,0,,,43.0,61.0,3,290.12,8,0
Central Africa,Male,31,Farmer,8,37.71,0.382,5,1.71,0,1.0,0.0,0,,,20.0,50.0,2,60.41,12,1
West Africa,Prefer not to say,58,Informal worker,18,95.39,0.164,10,2.39,1,69.0,21.84,0,,,68.0,55.0,4,122.59,8,1
Southern Africa,Female,58,Self-employed,12,67.48,-0.276,16,2.48,0,3.0,0.0,1,0.589,11.2,27.0,74.0,7,522.18,8,1
West Africa,Male,36,Farmer,20,30.34,0.561,14,5.85,1,83.0,41.49,1,0.716,11.1,27.0,59.0,3,684.66,12,1
West Africa,Male,21,Trader,26,36.83,0.466,13,7.96,1,32.0,25.88,1,0.528,10.1,47.0,74.0,6,1069.81,4,1
East Africa,Female,50,Farmer,33,67.36,-0.065,19,6.16,0,3.0,0.0,0,,,43.0,58.0,3,107.43,24,1
East Africa,Male,22,Farmer,10,52.95,0.026,10,1.02,1,73.0,8.06,1,0.631,11.3,47.0,28.0,1,64.72,4,1
West Africa,Prefer not to say,18,Self-employed,10,106.8,-0.764,15,5.19,0,4.0,0.0,0,,,24.0,40.0,2,1065.99,8,0
East Africa,Male,62,Farmer,18,65.95,0.416,11,1.02,0,9.0,0.0,0,,,45.0,56.0,1,149.68,8,0
East Africa,Male,44,Farmer,29,53.59,0.397,16,3.5,1,74.0,21.03,0,,,45.0,44.0,7,261.38,8,1
East Africa,Female,48,Informal worker,27,80.66,0.859,19,3.56,1,88.0,41.81,1,0.938,4.7,23.0,50.0,11,363.15,24,0
Southern Africa,Female,59,Farmer,13,71.74,0.448,13,5.37,0,13.0,0.0,0,,,69.0,56.0,5,260.09,24,0
Southern Africa,Male,61,Informal worker,9,21.77,-1.037,8,1.85,1,78.0,21.91,0,,,63.0,50.0,1,164.15,4,0
East Africa,Female,62,Trader,15,73.37,-0.085,11,2.99,0,8.0,0.0,1,0.566,19.2,52.0,47.0,6,394.45,8,1
East Africa,Female,24,Farmer,19,19.69,0.898,20,3.16,1,83.0,20.5,1,0.554,3.8,63.0,85.0,8,517.83,8,1
East Africa,Male,33,Trader,25,31.45,0.164,17,2.28,1,80.0,39.12,1,0.641,8.4,81.0,43.0,3,1018.61,24,1
East Africa,Male,54,Salaried,10,38.54,-2.584,8,0.83,0,6.0,0.0,0,,,13.0,82.0,1,38.27,4,1
West Africa,Male,19,Trader,21,241.81,0.516,13,3.79,1,67.0,39.69,1,0.962,16.5,80.0,89.0,7,165.84,8,1
West Africa,Female,29,Trader,25,53.16,1.028,22,4.14,1,46.0,22.76,0,,,54.0,67.0,6,668.62,8,1
West Africa,Female,42,Informal worker,5,44.62,0.027,10,1.82,0,14.0,0.0,1,0.558,17.0,13.0,55.0,3,169.55,12,1
East Africa,Male,34,Informal worker,25,148.84,0.66,13,3.38,1,25.0,62.52,1,0.598,24.1,40.0,79.0,7,842.32,12,1
Central Africa,Female,26,Farmer,13,40.97,-0.529,5,2.6,0,0.0,0.0,0,,,48.0,78.0,3,75.71,4,1
East Africa,Male,60,Self-employed,19,65.88,-0.07,14,2.69,0,1.0,0.0,0,,,66.0,66.0,6,868.37,8,0
East Africa,Female,39,Informal worker,28,178.73,0.952,19,3.43,1,14.0,18.09,0,,,55.0,40.0,8,460.19,8,1
East Africa,Female,37,Self-employed,5,15.33,-0.259,16,5.44,0,1.0,0.0,1,0.895,3.3,32.0,54.0,5,162.97,4,1
Southern Africa,Male,48,Farmer,9,8.34,-0.525,9,3.05,0,1.0,0.0,0,,,38.0,56.0,4,70.78,12,0
East Africa,Male,49,Informal worker,17,22.91,-0.119,18,3.11,0,7.0,0.0,0,,,48.0,73.0,2,271.08,52,1
East Africa,Male,41,Farmer,21,21.82,0.399,14,2.14,0,0.0,0.0,0,,,54.0,88.0,3,418.75,4,1
Southern Africa,Female,59,Farmer,17,24.71,0.085,7,3.25,0,7.0,0.0,1,0.923,11.9,50.0,72.0,7,293.9,24,1
West Africa,Male,31,Trader,21,44.16,-0.306,18,1.79,0,5.0,0.0,0,,,61.0,60.0,5,128.05,12,1
East Africa,Female,58,Trader,21,41.88,0.276,12,1.7,0,0.0,0.0,1,0.877,8.1,88.0,39.0,9,523.0,8,0
East Africa,Male,58,Salaried,14,9.15,-1.021,17,4.5,1,73.0,6.87,0,,,78.0,66.0,4,108.47,8,1
Southern Africa,Male,18,Salaried,27,61.43,0.89,19,10.55,0,3.0,0.0,1,0.726,9.2,59.0,38.0,8,496.9,12,1
Central Africa,Female,53,Trader,11,28.7,-0.133,5,0.97,1,60.0,17.2,0,,,44.0,84.0,4,963.17,24,1
Southern Africa,Male,25,Trader,33,98.87,0.518,20,3.24,0,2.0,0.0,0,,,16.0,90.0,12,623.72,12,1
East Africa,Female,40,Trader,16,76.41,-0.298,15,2.74,1,78.0,23.93,0,,,71.0,82.0,6,112.69,12,1
West Africa,Male,61,Informal worker,24,82.13,1.1,12,2.61,1,31.0,54.23,1,0.705,57.4,47.0,41.0,9,529.3,8,1
East Africa,Male,27,Trader,10,6.88,-0.518,9,2.68,1,49.0,21.92,1,0.69,2.2,34.0,49.0,3,488.49,4,1
Southern Africa,Male,44,Salaried,17,29.06,-0.906,14,3.74,1,96.0,16.03,1,0.728,2.4,65.0,80.0,5,445.82,12,1
Central Africa,Male,54,Trader,6,15.51,-0.744,8,1.91,0,1.0,0.0,0,,,58.0,16.0,0,215.08,12,1
Southern Africa,Female,40,Informal worker,23,24.52,-0.675,12,1.86,0,1.0,0.0,0,,,48.0,43.0,5,648.52,24,1
West Africa,Male,21,Salaried,9,90.74,-1.985,9,1.98,1,60.0,11.9,1,0.623,46.2,75.0,25.0,2,382.42,12,1
Southern Africa,Male,21,Trader,19,42.1,1.285,14,2.62,0,3.0,0.0,0,,,85.0,49.0,7,181.49,4,1
Central Africa,Male,42,Salaried,33,44.5,0.357,13,3.18,0,7.0,0.0,1,0.877,0.3,48.0,76.0,8,781.33,8,0
Southern Africa,Female,19,Self-employed,12,39.25,0.346,4,1.25,0,16.0,0.0,0,,,13.0,81.0,3,108.78,4,1
Southern Africa,Female,18,Farmer,14,13.72,0.016,11,2.1,0,2.0,0.0,0,,,66.0,76.0,2,321.25,8,1
East Africa,Female,62,Trader,17,33.65,1.008,17,1.34,1,6.0,34.18,0,,,31.0,60.0,7,168.67,24,0
East Africa,Prefer not to say,43,Informal worker,6,44.48,-0.734,15,1.3,0,3.0,0.0,1,0.548,21.5,37.0,38.0,0,42.95,12,1
West Africa,Male,40,Farmer,22,30.86,1.46,16,10.7,0,10.0,0.0,1,0.752,25.5,42.0,68.0,6,559.42,8,1
West Africa,Male,22,Self-employed,16,122.98,-0.641,11,2.36,0,12.0,0.0,1,0.884,4.5,76.0,67.0,1,475.03,8,0
Southern Africa,Male,54,Farmer,3,32.54,-0.34,7,0.67,0,6.0,0.0,1,0.83,33.4,79.0,23.0,0,404.67,24,1
Central Africa,Male,41,Salaried,14,53.41,-0.148,13,9.41,1,48.0,31.7,1,0.897,2.2,28.0,74.0,9,366.46,12,1
Central Africa,Female,28,Informal worker,16,54.75,0.715,13,3.01,0,1.0,0.0,0,,,37.0,54.0,4,306.4,12,1
West Africa,Female,53,Trader,13,17.06,0.213,13,1.25,0,13.0,0.0,1,0.711,5.7,80.0,55.0,2,211.2,4,0
West Africa,Male,29,Farmer,15,46.9,-1.117,17,3.83,1,39.0,27.53,0,,,51.0,63.0,5,387.52,4,0
West Africa,Female,41,Salaried,20,27.52,0.102,13,4.01,0,1.0,0.0,1,0.553,11.1,40.0,59.0,6,400.27,12,1
Southern Africa,Male,44,Farmer,5,56.62,0.448,8,1.46,1,71.0,12.49,1,0.933,11.5,71.0,43.0,3,54.07,12,1
Southern Africa,Female,31,Farmer,15,217.26,-0.117,21,2.17,0,11.0,0.0,0,,,74.0,66.0,4,325.07,4,1
Central Africa,Male,59,Self-employed,16,18.28,-0.332,9,1.49,1,91.0,18.27,0,,,55.0,61.0,2,711.51,4,1
West Africa,Female,51,Farmer,17,32.62,-0.036,8,3.69,1,78.0,12.31,1,0.594,8.2,53.0,13.0,3,177.93,8,1
East Africa,Male,31,Salaried,16,59.66,-0.087,18,3.24,0,11.0,0.0,0,,,38.0,77.0,9,295.02,8,1
Southern Africa,Female,25,Trader,34,181.06,1.604,25,6.28,0,5.0,0.0,0,,,63.0,71.0,3,141.97,52,1
West Africa,Female,33,Salaried,9,95.0,-0.724,13,3.89,1,56.0,9.16,0,,,68.0,24.0,5,303.09,4,1
Central Africa,Male,39,Informal worker,18,43.12,0.003,8,2.14,0,10.0,0.0,0,,,82.0,72.0,0,696.51,52,1
East Africa,Male,43,Trader,22,172.43,1.004,18,9.84,0,3.0,0.0,0,,,53.0,35.0,10,313.41,12,1
West Africa,Female,36,Trader,10,22.91,-0.297,6,1.41,1,89.0,9.94,0,,,15.0,65.0,3,67.83,8,1
West Africa,Female,19,Trader,13,31.68,0.415,11,3.53,0,4.0,0.0,1,0.819,10.4,59.0,84.0,6,348.78,12,1
Central Africa,Female,49,Informal worker,16,19.29,-0.164,18,2.53,1,53.0,15.89,0,,,57.0,35.0,8,157.13,12,1
East Africa,Female,35,Farmer,12,26.85,-0.376,8,3.72,0,0.0,0.0,0,,,47.0,42.0,4,201.72,12,1
Southern Africa,Female,33,Trader,16,47.3,0.143,15,8.84,0,1.0,0.0,0,,,37.0,75.0,5,187.66,12,0
Southern Africa,Female,44,Informal worker,26,45.72,0.219,12,9.1,0,2.0,0.0,0,,,37.0,86.0,5,277.34,4,1
East Africa,Male,57,Self-employed,35,363.4,0.564,13,7.09,1,49.0,101.61,0,,,87.0,93.0,7,927.72,12,1
Southern Africa,Female,18,Trader,21,53.0,0.024,7,3.83,0,5.0,0.0,1,0.89,9.0,25.0,35.0,5,213.37,8,0
Central Africa,Male,63,Informal worker,6,31.96,0.041,10,1.36,0,13.0,0.0,1,0.558,7.5,54.0,54.0,2,522.12,12,1
West Africa,Male,47,Self-employed,10,11.43,-0.224,7,1.4,0,7.0,0.0,1,0.545,18.9,66.0,62.0,4,472.59,24,1
Southern Africa,Prefer not to say,43,Farmer,25,46.66,0.624,15,1.91,0,4.0,0.0,1,0.861,6.4,53.0,55.0,8,1059.28,52,1
West Africa,Male,20,Self-employed,26,46.43,0.203,18,1.98,1,52.0,52.69,1,0.829,13.8,44.0,84.0,8,757.55,4,1
West Africa,Male,51,Informal worker,5,24.82,0.051,10,1.94,1,65.0,13.82,0,,,81.0,78.0,2,361.23,8,1
East Africa,Female,51,Informal worker,7,119.69,-0.349,13,1.82,0,6.0,0.0,1,0.879,5.3,11.0,70.0,6,56.48,12,1
Central Africa,Female,44,Salaried,11,61.12,1.266,9,4.39,0,6.0,0.0,0,,,30.0,62.0,4,470.24,24,1
West Africa,Male,55,Trader,18,76.22,1.073,19,3.9,1,68.0,61.69,0,,,54.0,83.0,9,323.13,8,1
East Africa,Male,57,Informal worker,12,45.66,1.246,16,3.18,1,17.0,32.96,1,0.698,11.7,50.0,39.0,2,240.65,12,0
Southern Africa,Male,57,Informal worker,12,36.43,-0.006,15,4.41,0,3.0,0.0,0,,,54.0,79.0,7,290.75,4,1
West Africa,Male,33,Trader,17,63.22,-0.384,8,2.5,0,11.0,0.0,0,,,49.0,22.0,8,297.3,24,0
Southern Africa,Male,49,Farmer,9,50.86,-1.796,10,1.43,0,6.0,0.0,0,,,56.0,54.0,3,148.75,52,0
Central Africa,Male,20,Salaried,9,49.52,-0.85,10,3.25,0,5.0,0.0,1,0.951,33.8,53.0,19.0,2,54.68,4,1
West Africa,Female,44,Trader,19,84.87,0.163,20,7.61,0,10.0,0.0,0,,,34.0,52.0,5,160.38,4,1
West Africa,Female,24,Farmer,28,125.72,1.423,27,1.89,1,42.0,34.97,0,,,70.0,35.0,3,1156.54,4,1
Central Africa,Female,32,Trader,20,22.38,-0.248,7,2.24,0,0.0,0.0,1,0.618,0.7,24.0,35.0,5,128.85,12,1
West Africa,Female,49,Trader,18,67.76,-0.009,14,4.98,0,1.0,0.0,0,,,75.0,35.0,6,468.09,24,1
West Africa,Female,37,Farmer,24,120.84,0.706,12,4.14,1,50.0,18.26,1,0.826,1.6,58.0,31.0,6,270.47,24,1
Central Africa,Female,58,Trader,10,33.85,-1.193,15,1.34,1,88.0,24.98,0,,,46.0,67.0,6,631.04,8,0
Central Africa,Male,22,Farmer,20,43.92,1.005,16,3.04,0,13.0,0.0,1,0.856,5.4,37.0,63.0,7,1325.23,4,1
Southern Africa,Female,63,Trader,16,20.04,0.971,17,5.03,1,81.0,38.54,1,0.914,16.3,76.0,47.0,8,825.98,4,1
East Africa,Female,51,Self-employed,18,28.46,1.1,10,4.15,1,47.0,23.89,0,,,54.0,50.0,9,269.11,8,0
Central Africa,Male,38,Salaried,12,45.68,0.269,14,2.68,0,7.0,0.0,0,,,71.0,45.0,4,238.67,12,0
Southern Africa,Male,19,Trader,8,54.38,-0.326,13,2.38,1,79.0,15.63,1,0.932,53.1,64.0,81.0,0,340.13,8,1
Southern Africa,Male,19,Trader,21,30.93,0.868,17,1.04,1,79.0,52.1,1,0.766,0.1,43.0,45.0,14,516.76,12,1
Southern Africa,Male,37,Trader,11,76.57,0.402,8,2.45,0,4.0,0.0,0,,,28.0,78.0,4,135.99,4,0
Southern Africa,Female,44,Trader,10,31.12,0.312,12,2.34,0,1.0,0.0,1,0.745,4.2,46.0,22.0,0,75.96,8,0
East Africa,Male,41,Informal worker,25,32.62,0.748,22,2.38,1,52.0,69.43,1,0.863,8.6,59.0,37.0,9,559.83,8,1
East Africa,Male,31,Informal worker,8,45.59,-0.585,11,3.04,0,4.0,0.0,0,,,58.0,63.0,6,421.55,12,0
East Africa,Male,48,Farmer,16,75.8,-0.382,13,2.91,0,4.0,0.0,1,0.867,21.6,58.0,74.0,7,199.27,4,1
East Africa,Female,46,Salaried,6,30.53,-0.121,10,1.39,0,4.0,0.0,1,0.526,7.8,42.0,21.0,0,143.0,8,1
East Africa,Male,34,Salaried,13,45.82,0.066,12,2.13,1,70.0,52.83,0,,,46.0,72.0,8,1082.15,4,1
East Africa,Male,33,Farmer,13,66.05,-0.452,8,0.62,0,5.0,0.0,0,,,34.0,28.0,2,215.21,12,0
Southern Africa,Female,38,Informal worker,24,86.43,0.616,17,6.33,0,7.0,0.0,0,,,28.0,81.0,15,892.71,24,1
East Africa,Female,52,Farmer,18,87.01,1.522,15,5.51,1,58.0,24.6,0,,,25.0,46.0,4,1282.91,12,1
West Africa,Male,45,Informal worker,20,20.04,0.792,12,4.29,0,3.0,0.0,1,0.665,18.6,48.0,80.0,4,88.3,24,1
West Africa,Female,23,Trader,32,91.79,1.793,17,2.98,0,1.0,0.0,0,,,41.0,83.0,11,1235.18,4,1
West Africa,Male,61,Farmer,18,62.65,0.588,10,3.47,0,0.0,0.0,0,,,88.0,44.0,2,295.98,24,1
Southern Africa,Female,27,Trader,6,47.45,0.525,8,3.39,1,68.0,11.75,0,,,65.0,49.0,0,129.14,4,1
East Africa,Female,49,Trader,15,60.93,-0.495,26,1.76,1,78.0,28.03,0,,,50.0,32.0,4,611.26,12,1
West Africa,Female,18,Farmer,21,41.75,0.849,16,3.7,1,86.0,42.77,0,,,74.0,31.0,1,567.75,8,1
Southern Africa,Male,29,Informal worker,26,109.41,0.91,26,3.93,1,68.0,61.53,1,0.859,4.6,35.0,79.0,12,194.54,12,1
West Africa,Female,44,Farmer,10,15.86,0.28,8,1.63,1,59.0,22.83,0,,,84.0,65.0,1,502.31,4,1
West Africa,Male,57,Self-employed,7,16.47,-0.262,7,5.39,0,12.0,0.0,1,0.69,5.3,52.0,66.0,3,57.17,8,0
Southern Africa,Male,44,Farmer,8,31.75,-0.892,10,1.94,1,32.0,18.77,0,,,43.0,64.0,2,257.72,24,1
East Africa,Female,20,Self-employed,11,23.18,-0.37,18,2.92,1,38.0,14.73,0,,,88.0,64.0,3,257.68,12,1
Southern Africa,Female,62,Trader,18,39.76,0.976,10,3.69,1,70.0,24.53,0,,,40.0,37.0,2,337.67,8,1
Southern Africa,Male,30,Farmer,12,59.27,-0.647,15,12.72,0,14.0,0.0,1,0.83,0.1,52.0,57.0,7,180.23,4,1
Central Africa,Female,35,Trader,10,61.5,0.016,13,1.53,0,2.0,0.0,0,,,40.0,44.0,5,226.18,8,1
West Africa,Male,23,Trader,24,33.4,0.23,16,2.35,0,5.0,0.0,1,0.866,0.0,49.0,18.0,6,129.97,12,1
Southern Africa,Female,50,Trader,7,10.9,0.526,15,2.19,0,11.0,0.0,0,,,77.0,76.0,2,424.82,4,1
Southern Africa,Male,39,Informal worker,9,15.41,-1.227,10,1.34,1,47.0,11.83,1,0.649,36.2,23.0,81.0,4,161.61,8,1
West Africa,Male,28,Trader,7,31.36,-0.482,13,3.55,1,78.0,14.77,0,,,21.0,67.0,4,54.28,12,0
Central Africa,Female,47,Trader,19,194.23,-0.82,16,3.49,1,66.0,46.88,0,,,67.0,75.0,7,920.4,12,1
East Africa,Male,27,Trader,13,27.63,-0.395,16,1.45,0,1.0,0.0,0,,,34.0,59.0,2,147.7,12,1
Central Africa,Female,42,Informal worker,10,147.95,0.628,18,2.9,0,5.0,0.0,0,,,68.0,84.0,6,140.14,8,1
East Africa,Male,49,Farmer,17,78.55,-0.938,11,3.59,1,25.0,20.99,1,0.81,34.4,58.0,32.0,3,2696.18,12,1
East Africa,Female,56,Trader,8,30.61,-0.837,10,5.46,1,70.0,24.98,1,0.617,32.4,71.0,69.0,1,439.96,4,0
West Africa,Male,50,Trader,21,50.74,-0.265,15,3.44,0,7.0,0.0,0,,,64.0,64.0,4,498.39,12,1
Central Africa,Female,44,Informal worker,16,63.17,-0.462,13,1.69,0,2.0,0.0,1,0.627,38.8,31.0,83.0,3,363.83,12,1
East Africa,Female,19,Informal worker,14,40.17,-0.067,11,3.95,0,12.0,0.0,1,0.53,15.6,39.0,86.0,8,275.31,4,1
West Africa,Female,28,Farmer,21,147.74,0.113,13,2.37,0,5.0,0.0,0,,,67.0,87.0,4,198.98,52,0
West Africa,Male,45,Farmer,16,64.27,0.45,18,4.07,0,4.0,0.0,0,,,80.0,60.0,6,904.25,8,0
Southern Africa,Female,43,Trader,15,39.75,-1.04,11,3.4,0,3.0,0.0,0,,,27.0,62.0,1,188.43,8,1
West Africa,Female,43,Farmer,9,31.02,-0.097,8,1.05,1,93.0,8.94,0,,,66.0,55.0,0,185.57,8,1
East Africa,Male,52,Informal worker,13,80.41,-0.229,15,6.59,0,6.0,0.0,0,,,63.0,46.0,3,174.14,4,1
Southern Africa,Female,60,Salaried,11,113.0,0.044,15,2.9,0,2.0,0.0,1,0.572,54.1,50.0,92.0,5,622.78,12,1
West Africa,Female,41,Farmer,9,42.59,-0.461,13,1.57,1,52.0,52.76,1,0.53,3.0,17.0,57.0,2,177.8,24,1
East Africa,Female,24,Informal worker,12,24.87,0.425,15,1.61,0,6.0,0.0,0,,,46.0,78.0,1,407.96,24,1
West Africa,Male,38,Farmer,11,36.35,-0.442,16,3.7,0,8.0,0.0,0,,,44.0,38.0,6,127.95,4,1
Central Africa,Male,29,Informal worker,33,42.08,1.584,19,2.48,1,46.0,39.96,0,,,64.0,66.0,15,616.57,8,1
Central Africa,Prefer not to say,42,Informal worker,16,72.06,0.933,13,3.01,1,38.0,26.35,0,,,26.0,57.0,5,437.15,8,0
West Africa,Female,45,Salaried,8,19.08,-0.488,9,1.8,0,2.0,0.0,1,0.582,19.1,67.0,72.0,0,190.85,4,1
East Africa,Male,43,Trader,18,54.37,0.793,16,6.69,0,2.0,0.0,0,,,63.0,93.0,7,303.44,12,0
East Africa,Prefer not to say,45,Farmer,7,66.89,-0.002,10,2.62,0,1.0,0.0,1,0.909,1.3,22.0,31.0,4,151.88,12,0
Central Africa,Male,32,Trader,7,69.98,0.069,9,2.64,0,14.0,0.0,1,0.787,11.0,23.0,40.0,2,500.11,8,0
East Africa,Male,26,Farmer,28,43.64,-0.688,18,3.64,1,54.0,26.11,1,0.921,2.8,72.0,72.0,11,511.64,8,0
East Africa,Female,58,Farmer,7,31.72,-2.126,18,1.72,0,3.0,0.0,0,,,72.0,29.0,4,440.48,12,1
Central Africa,Female,36,Informal worker,4,32.92,-0.201,6,3.07,0,1.0,0.0,0,,,66.0,59.0,2,309.01,4,1
West Africa,Prefer not to say,27,Informal worker,28,46.28,1.051,11,2.93,1,61.0,68.91,0,,,37.0,26.0,8,110.98,8,1
East Africa,Female,64,Informal worker,17,79.81,0.727,22,4.68,0,4.0,0.0,1,0.909,0.1,46.0,80.0,5,398.11,8,1
West Africa,Male,19,Informal worker,23,49.89,0.443,13,5.47,0,6.0,0.0,0,,,28.0,40.0,6,139.77,4,0
East Africa,Male,34,Trader,17,41.63,0.232,14,1.66,1,68.0,29.63,1,0.808,20.7,43.0,68.0,6,170.9,12,1
East Africa,Male,52,Trader,23,125.26,0.581,19,5.4,0,5.0,0.0,0,,,43.0,66.0,8,255.97,8,1
Central Africa,Female,37,Trader,28,24.21,0.755,16,3.91,1,87.0,45.27,0,,,58.0,41.0,6,538.2,4,1
East Africa,Male,57,Salaried,13,35.59,-0.265,13,3.85,0,3.0,0.0,0,,,46.0,67.0,6,1746.94,12,0
West Africa,Female,34,Trader,14,34.56,0.614,14,2.4,1,45.0,22.97,0,,,27.0,69.0,5,386.11,4,0
Southern Africa,Male,48,Farmer,14,19.36,-0.198,12,7.44,0,6.0,0.0,0,,,74.0,20.0,5,97.99,4,1
Southern Africa,Male,38,Trader,17,48.53,-0.053,15,2.35,0,20.0,0.0,1,0.916,19.2,55.0,69.0,4,307.56,12,1
Southern Africa,Male,40,Informal worker,20,29.48,0.895,15,7.91,1,48.0,50.65,0,,,53.0,96.0,7,484.49,24,1
Southern Africa,Female,41,Self-employed,23,32.27,0.121,16,3.78,1,51.0,21.83,1,0.632,1.1,34.0,47.0,3,150.37,8,1
West Africa,Male,63,Salaried,19,71.64,0.346,16,7.25,1,91.0,14.43,0,,,87.0,41.0,9,88.1,24,1
East Africa,Prefer not to say,53,Trader,18,16.76,0.524,12,7.93,1,76.0,26.5,0,,,41.0,91.0,5,291.79,52,1
West Africa,Female,35,Farmer,17,69.37,-1.384,14,3.58,0,2.0,0.0,1,0.895,5.1,59.0,75.0,3,349.89,52,0
West Africa,Male,37,Trader,25,157.36,0.664,16,7.59,1,54.0,45.96,0,,,37.0,86.0,8,218.28,8,0
Central Africa,Female,37,Salaried,5,28.95,-0.35,10,4.29,0,3.0,0.0,0,,,34.0,20.0,3,87.38,8,0
Southern Africa,Male,52,Farmer,16,78.26,-0.809,19,6.45,1,30.0,36.63,0,,,40.0,31.0,5,781.53,52,0
West Africa,Male,45,Trader,8,111.32,-0.675,7,0.93,0,3.0,0.0,1,0.91,38.6,62.0,20.0,0,164.03,8,1
West Africa,Male,43,Farmer,12,62.51,0.373,17,2.54,0,1.0,0.0,0,,,58.0,25.0,3,262.38,12,1
Central Africa,Female,38,Farmer,9,41.33,-0.845,10,2.09,0,5.0,0.0,0,,,65.0,79.0,1,36.11,4,1
West Africa,Female,36,Self-employed,20,147.55,0.811,28,7.16,1,74.0,42.97,1,0.167,0.6,96.0,89.0,6,397.36,12,1
West Africa,Male,44,Trader,14,43.78,-0.202,20,2.38,1,23.0,37.56,1,0.794,5.1,48.0,70.0,5,207.71,52,1
West Africa,Female,57,Self-employed,20,38.67,-0.158,22,2.24,1,47.0,22.37,1,0.553,10.1,65.0,82.0,8,247.04,52,1
West Africa,Female,63,Trader,27,76.53,0.287,20,5.14,0,2.0,0.0,1,0.579,19.2,30.0,69.0,5,869.61,8,1
West Africa,Female,20,Trader,10,31.44,0.314,16,2.06,1,80.0,22.29,1,0.689,22.5,43.0,71.0,2,366.16,24,1
Central Africa,Female,29,Informal worker,13,16.19,0.599,20,1.26,0,1.0,0.0,1,0.896,3.0,52.0,25.0,2,217.78,12,1
West Africa,Female,50,Farmer,19,27.94,0.655,15,3.47,0,8.0,0.0,1,0.723,15.8,81.0,64.0,8,895.03,12,0
East Africa,Female,24,Salaried,11,17.13,-0.438,17,2.59,0,5.0,0.0,1,0.642,17.7,56.0,84.0,2,699.11,4,1
Southern Africa,Male,46,Farmer,24,48.8,0.726,23,6.3,1,71.0,25.89,0,,,37.0,60.0,11,266.53,8,1
East Africa,Female,37,Farmer,9,20.89,0.358,15,2.04,1,44.0,11.28,1,0.821,13.0,79.0,40.0,4,384.41,8,1
Southern Africa,Male,26,Trader,12,59.45,-0.115,17,1.49,1,93.0,8.68,1,0.661,1.2,69.0,22.0,4,216.74,4,1
Southern Africa,Female,41,Self-employed,23,160.65,-0.108,19,7.03,1,34.0,38.25,0,,,59.0,70.0,6,127.25,12,1
East Africa,Female,41,Informal worker,12,60.52,1.057,7,2.8,1,58.0,24.86,0,,,57.0,34.0,4,420.32,12,0
East Africa,Male,51,Informal worker,24,34.22,-0.03,7,3.93,0,9.0,0.0,0,,,23.0,31.0,4,264.24,12,1
Southern Africa,Male,56,Salaried,14,151.32,-0.103,18,1.38,0,9.0,0.0,1,0.488,2.3,65.0,54.0,6,866.19,4,1
Southern Africa,Female,62,Trader,17,24.93,-0.547,13,2.2,0,3.0,0.0,0,,,15.0,98.0,2,121.64,12,0
Southern Africa,Female,38,Salaried,3,20.23,0.651,10,1.7,1,79.0,16.06,1,0.772,12.8,56.0,17.0,3,149.77,4,1
West Africa,Female,50,Farmer,22,55.07,1.18,17,2.94,1,39.0,41.98,0,,,69.0,61.0,5,403.51,8,1
Southern Africa,Female,54,Salaried,12,74.11,0.154,12,2.24,0,5.0,0.0,1,0.805,15.5,44.0,31.0,4,397.78,12,1
Southern Africa,Male,64,Informal worker,26,36.71,0.905,11,1.5,0,7.0,0.0,1,0.686,10.7,30.0,51.0,10,1335.5,4,1
West Africa,Male,48,Farmer,18,84.93,-0.37,9,2.43,0,8.0,0.0,0,,,28.0,92.0,2,330.53,8,1
Central Africa,Female,29,Salaried,20,18.2,0.852,23,1.98,0,14.0,0.0,1,0.783,22.1,54.0,70.0,9,943.53,8,1
West Africa,Male,34,Informal worker,20,35.47,0.171,16,1.42,1,60.0,19.39,0,,,37.0,53.0,4,420.41,8,0
West Africa,Female,27,Trader,17,73.67,0.105,14,3.19,0,5.0,0.0,0,,,31.0,70.0,3,336.88,4,0
Central Africa,Male,27,Informal worker,21,255.44,-0.102,21,2.88,0,4.0,0.0,1,0.661,4.5,29.0,63.0,8,817.82,8,0
West Africa,Male,32,Farmer,5,73.35,-1.494,10,2.52,0,2.0,0.0,0,,,14.0,59.0,1,68.84,12,0
East Africa,Female,41,Salaried,27,117.66,0.301,18,11.53,1,54.0,52.64,1,0.898,20.2,86.0,66.0,12,278.53,8,1
East Africa,Female,54,Salaried,8,21.03,-0.211,9,2.62,0,12.0,0.0,1,0.85,1.8,33.0,92.0,2,199.79,8,0
Central Africa,Female,31,Trader,9,19.66,-0.76,9,0.97,1,39.0,15.11,1,0.933,22.0,26.0,34.0,2,179.77,24,1
East Africa,Male,26,Trader,23,104.66,1.887,20,4.01,1,93.0,82.58,0,,,64.0,96.0,5,227.88,8,1
Southern Africa,Female,23,Trader,11,46.47,0.215,6,0.57,0,10.0,0.0,1,0.725,3.2,51.0,41.0,2,383.53,24,1
Southern Africa,Male,27,Informal worker,27,71.12,1.109,18,6.1,0,17.0,0.0,0,,,78.0,78.0,13,466.89,12,1
East Africa,Female,38,Salaried,18,42.55,0.238,16,8.6,1,99.0,36.09,0,,,41.0,40.0,8,859.5,24,1
Central Africa,Female,37,Informal worker,21,116.45,0.469,8,3.33,0,1.0,0.0,1,0.908,24.6,49.0,69.0,10,303.64,8,1
Southern Africa,Male,36,Salaried,18,108.0,1.11,9,7.75,0,6.0,0.0,0,,,37.0,48.0,6,256.09,12,1
East Africa,Female,32,Informal worker,10,58.06,0.022,14,3.12,0,3.0,0.0,1,0.837,17.8,61.0,77.0,6,436.54,8,0
Central Africa,Female,39,Farmer,26,52.87,0.352,9,2.72,1,61.0,36.79,1,0.881,1.5,39.0,88.0,8,788.93,24,1
East Africa,Male,48,Self-employed,8,46.78,-0.456,12,2.49,0,5.0,0.0,1,0.592,3.6,31.0,41.0,0,107.03,12,1
West Africa,Female,20,Trader,22,39.25,-0.591,11,3.15,0,1.0,0.0,0,,,31.0,59.0,7,334.23,24,0
West Africa,Male,59,Farmer,12,33.88,-0.742,14,7.54,0,4.0,0.0,1,0.908,12.1,11.0,65.0,7,339.68,12,1
East Africa,Female,32,Trader,17,75.74,0.916,16,3.98,0,5.0,0.0,0,,,29.0,79.0,10,660.92,12,1
West Africa,Male,24,Trader,18,71.29,0.549,11,7.05,0,7.0,0.0,1,0.411,17.8,28.0,55.0,4,215.47,4,1
East Africa,Male,26,Informal worker,20,16.14,0.64,14,3.47,1,95.0,20.24,0,,,61.0,70.0,9,371.71,12,1
East Africa,Female,43,Trader,4,46.6,-1.084,4,1.69,1,66.0,17.53,0,,,12.0,34.0,1,704.26,8,1
East Africa,Male,42,Farmer,14,109.37,0.933,27,1.48,0,1.0,0.0,1,0.825,29.6,77.0,61.0,4,321.59,8,1
West Africa,Prefer not to say,22,Trader,13,58.74,-0.385,12,5.04,1,58.0,31.69,1,0.682,10.1,69.0,65.0,4,132.1,4,1
Southern Africa,Male,41,Farmer,12,46.7,-0.391,11,1.27,0,10.0,0.0,0,,,19.0,28.0,6,137.18,12,1
East Africa,Male,28,Trader,8,13.29,-0.892,10,1.88,1,59.0,15.76,0,,,72.0,31.0,1,407.77,52,0
West Africa,Male,60,Salaried,15,77.2,-0.867,19,2.46,1,90.0,15.06,0,,,38.0,53.0,4,206.04,52,1
East Africa,Male,32,Farmer,24,45.46,-0.245,22,4.55,1,73.0,22.69,0,,,79.0,69.0,6,1149.57,24,1
East Africa,Male,64,Salaried,14,32.05,-0.479,13,3.27,0,2.0,0.0,0,,,28.0,57.0,5,389.46,8,0
East Africa,Male,45,Farmer,21,209.14,0.09,20,5.83,0,3.0,0.0,0,,,76.0,91.0,4,1296.34,8,0
East Africa,Male,63,Trader,24,69.55,0.806,17,2.94,0,2.0,0.0,1,0.888,8.3,48.0,43.0,7,789.01,4,0
West Africa,Male,44,Informal worker,9,34.77,0.411,9,3.67,0,10.0,0.0,0,,,63.0,73.0,10,357.46,24,1
Central Africa,Male,23,Trader,14,23.83,0.228,6,2.42,1,66.0,25.09,1,0.495,9.9,45.0,13.0,3,157.83,8,1
East Africa,Male,48,Farmer,13,55.15,-0.214,12,2.31,0,15.0,0.0,0,,,44.0,70.0,5,383.84,12,1
West Africa,Male,40,Farmer,17,39.78,0.013,19,5.1,1,69.0,33.07,0,,,48.0,62.0,5,134.93,8,1
Southern Africa,Male,56,Salaried,7,10.43,0.617,25,6.85,0,17.0,0.0,1,0.678,15.6,44.0,69.0,3,176.02,52,0
Southern Africa,Male,36,Salaried,28,35.21,-0.422,14,7.51,0,14.0,0.0,0,,,47.0,61.0,4,188.62,4,1
East Africa,Male,26,Trader,16,42.31,-1.294,12,3.77,1,69.0,15.8,0,,,19.0,31.0,3,305.78,4,1
East Africa,Male,23,Informal worker,9,46.19,-1.078,4,1.88,1,25.0,25.6,0,,,55.0,95.0,3,181.16,24,1
East Africa,Male,52,Farmer,15,75.92,0.302,13,0.69,1,75.0,22.04,1,0.395,8.3,43.0,91.0,4,148.68,12,1
East Africa,Female,28,Salaried,13,66.2,-0.039,17,2.0,0,9.0,0.0,0,,,19.0,40.0,4,373.68,24,1
West Africa,Male,49,Self-employed,24,50.14,0.046,21,4.16,1,50.0,38.85,0,,,50.0,50.0,10,632.92,12,1
West Africa,Male,24,Farmer,10,41.68,-0.081,11,1.86,1,79.0,29.39,1,0.954,8.3,84.0,86.0,4,265.76,4,1
Central Africa,Female,21,Trader,9,50.89,0.155,9,1.46,0,10.0,0.0,0,,,19.0,88.0,2,304.48,12,1
Southern Africa,Male,51,Salaried,6,61.03,1.435,10,3.8,1,49.0,37.71,0,,,44.0,34.0,2,199.3,4,1
East Africa,Male,34,Farmer,23,44.48,1.127,12,2.12,0,9.0,0.0,0,,,54.0,75.0,8,523.03,8,1
West Africa,Female,44,Salaried,20,87.97,0.476,19,3.06,1,43.0,22.18,1,0.778,1.4,48.0,82.0,7,113.28,12,1
Southern Africa,Female,19,Informal worker,15,51.99,0.609,15,5.25,0,6.0,0.0,0,,,52.0,76.0,6,625.26,8,1
West Africa,Prefer not to say,26,Self-employed,38,63.82,2.2,21,17.49,0,10.0,0.0,1,0.805,19.0,43.0,71.0,8,655.96,4,1
West Africa,Female,22,Trader,21,34.13,-0.124,22,4.55,1,85.0,25.19,0,,,61.0,68.0,7,448.74,12,1
West Africa,Female,31,Informal worker,12,28.46,-1.083,10,0.75,0,2.0,0.0,1,0.709,1.2,56.0,48.0,2,119.43,12,1
Southern Africa,Female,31,Farmer,13,32.02,0.736,16,3.8,1,59.0,27.87,0,,,65.0,64.0,4,280.91,24,1
East Africa,Male,35,Informal worker,14,20.69,-0.253,9,4.78,1,17.0,12.65,0,,,32.0,65.0,3,175.53,12,1
West Africa,Female,29,Self-employed,22,44.13,-0.451,13,3.62,1,74.0,58.83,1,0.847,2.8,28.0,70.0,7,1961.23,24,1
West Africa,Female,39,Informal worker,36,65.31,0.739,12,10.63,0,9.0,0.0,1,0.778,3.6,43.0,85.0,16,260.21,4,1
East Africa,Male,60,Informal worker,12,112.44,-0.825,8,2.4,0,14.0,0.0,0,,,29.0,55.0,0,95.84,24,1
East Africa,Male,22,Trader,10,62.35,-0.827,16,3.19,1,55.0,16.31,0,,,66.0,57.0,2,97.56,24,1
Southern Africa,Female,60,Trader,41,43.04,0.767,15,5.63,0,17.0,0.0,1,0.537,4.4,65.0,91.0,7,337.61,12,1
West Africa,Female,37,Informal worker,6,97.19,-0.253,16,2.56,0,16.0,0.0,1,0.958,7.4,35.0,67.0,7,288.58,8,1
Southern Africa,Female,45,Farmer,32,80.93,-0.548,16,3.74,1,56.0,16.43,0,,,22.0,83.0,11,757.14,8,1
Central Africa,Male,49,Trader,17,24.31,0.22,16,3.58,0,12.0,0.0,1,0.714,15.6,41.0,25.0,6,117.5,8,0
East Africa,Female,52,Informal worker,12,39.01,-0.389,14,1.97,0,10.0,0.0,1,0.607,14.4,24.0,82.0,5,113.1,12,1
West Africa,Male,62,Informal worker,8,31.09,-0.113,10,1.21,0,2.0,0.0,1,0.956,8.9,59.0,69.0,2,400.35,12,0
Southern Africa,Female,64,Trader,21,38.76,-0.121,15,5.04,1,87.0,14.27,0,,,72.0,72.0,3,52.76,4,1
West Africa,Male,22,Trader,19,15.49,-0.324,12,3.17,1,69.0,16.1,1,0.745,4.0,11.0,65.0,5,492.86,4,1
West Africa,Male,37,Farmer,17,17.26,1.092,15,4.49,0,13.0,0.0,0,,,37.0,62.0,6,633.74,24,1
West Africa,Male,43,Informal worker,15,65.11,-0.739,8,2.25,0,12.0,0.0,1,0.9,22.6,71.0,83.0,5,317.2,8,0
Central Africa,Male,42,Salaried,9,39.41,0.522,10,4.58,1,82.0,20.34,1,0.529,1.7,39.0,80.0,1,321.29,4,1
East Africa,Male,64,Farmer,16,35.09,0.194,13,4.25,0,3.0,0.0,1,0.934,5.1,57.0,29.0,5,385.25,4,1
Central Africa,Female,48,Trader,11,87.61,0.627,14,5.1,0,4.0,0.0,1,0.687,1.9,39.0,74.0,8,637.5,8,0
East Africa,Male,36,Salaried,24,62.65,0.324,16,4.28,1,64.0,18.95,1,0.324,4.7,16.0,86.0,5,226.71,8,1
East Africa,Female,61,Trader,7,13.98,-0.132,12,1.34,0,2.0,0.0,1,0.709,9.6,14.0,34.0,2,80.03,8,1
West Africa,Female,52,Informal worker,8,31.15,-0.111,11,2.15,1,52.0,23.27,1,0.655,6.1,72.0,25.0,3,307.85,8,0
East Africa,Male,55,Farmer,14,78.79,0.896,14,2.08,1,82.0,22.78,1,0.951,25.1,39.0,64.0,2,751.98,12,0
West Africa,Female,47,Self-employed,12,7.15,-0.153,9,2.85,0,3.0,0.0,0,,,71.0,17.0,3,222.08,8,1
East Africa,Female,21,Informal worker,32,138.37,-0.191,19,3.38,1,52.0,40.48,1,0.543,8.9,44.0,64.0,9,471.55,24,0
West Africa,Female,63,Trader,14,91.15,0.157,17,3.18,0,9.0,0.0,0,,,44.0,45.0,4,215.71,52,1
East Africa,Female,51,Farmer,17,83.68,0.957,20,2.86,0,2.0,0.0,0,,,70.0,30.0,7,347.43,24,1
East Africa,Female,25,Trader,15,39.76,0.632,11,1.97,0,10.0,0.0,1,0.946,17.9,15.0,12.0,6,431.49,8,1
West Africa,Prefer not to say,29,Trader,16,60.04,-0.097,19,2.94,0,11.0,0.0,1,0.798,7.3,57.0,45.0,5,737.18,12,1
West Africa,Male,34,Farmer,12,19.52,-0.563,11,3.27,0,0.0,0.0,1,0.895,5.1,59.0,41.0,3,123.4,8,1
Central Africa,Male,29,Farmer,7,15.96,-1.046,4,0.8,0,0.0,0.0,0,,,26.0,19.0,0,162.89,8,0
West Africa,Female,47,Salaried,25,96.22,0.43,7,1.64,0,2.0,0.0,0,,,62.0,47.0,3,460.43,24,0
West Africa,Male,43,Trader,12,29.55,0.392,8,2.07,0,3.0,0.0,1,0.844,2.8,39.0,55.0,6,224.46,24,1
West Africa,Female,27,Farmer,15,34.71,0.884,14,1.85,0,15.0,0.0,1,0.703,13.7,46.0,25.0,4,217.66,12,1
East Africa,Male,50,Salaried,10,52.89,-0.58,4,1.6,0,1.0,0.0,0,,,25.0,67.0,0,176.8,8,1
Southern Africa,Male,31,Farmer,12,10.81,-0.066,6,3.16,0,11.0,0.0,0,,,34.0,52.0,4,173.78,12,1
West Africa,Female,25,Farmer,24,39.08,0.123,16,4.56,1,70.0,26.15,1,0.735,27.7,29.0,91.0,9,563.31,8,0
East Africa,Male,62,Salaried,8,31.98,-0.357,8,2.77,1,57.0,24.57,0,,,16.0,66.0,3,160.98,12,1
East Africa,Male,32,Informal worker,11,32.08,-0.294,14,1.66,0,18.0,0.0,1,0.497,36.7,42.0,85.0,1,132.95,4,0
West Africa,Female,28,Farmer,4,41.9,-0.993,4,1.03,1,51.0,28.31,1,0.712,5.0,9.0,67.0,3,108.82,8,0
Central Africa,Female,51,Self-employed,14,39.03,0.367,21,5.32,1,90.0,20.36,1,0.729,15.4,48.0,74.0,3,368.38,8,1
Central Africa,Female,53,Trader,39,94.62,1.557,25,5.95,1,47.0,52.14,0,,,21.0,68.0,10,357.27,4,1
West Africa,Male,25,Trader,12,15.62,0.268,16,1.25,1,30.0,21.96,0,,,23.0,89.0,6,518.36,4,1
West Africa,Female,20,Farmer,24,13.97,0.48,16,4.86,0,2.0,0.0,0,,,61.0,65.0,11,586.11,12,1
West Africa,Female,57,Trader,11,34.23,0.429,10,2.8,0,1.0,0.0,0,,,22.0,88.0,3,218.53,4,0
West Africa,Female,41,Trader,27,33.35,0.009,10,2.6,0,4.0,0.0,0,,,19.0,75.0,6,456.18,8,0
East Africa,Male,39,Trader,19,47.99,-0.591,19,3.14,1,53.0,13.39,0,,,79.0,54.0,6,62.78,24,1
East Africa,Male,37,Informal worker,11,43.45,-0.404,8,2.59,0,1.0,0.0,1,0.753,18.1,53.0,62.0,1,457.29,12,1
East Africa,Female,45,Farmer,16,13.9,-0.633,8,1.58,0,1.0,0.0,0,,,43.0,33.0,5,117.87,12,0
West Africa,Female,49,Salaried,13,84.49,1.285,13,1.51,1,88.0,29.4,1,0.747,6.2,59.0,38.0,3,642.32,12,1
West Africa,Male,21,Trader,10,43.39,0.195,7,2.58,0,8.0,0.0,1,0.76,1.9,67.0,27.0,2,184.28,12,1
Central Africa,Female,30,Informal worker,20,52.82,0.288,21,4.08,0,3.0,0.0,0,,,30.0,80.0,2,176.43,12,1
Central Africa,Female,62,Trader,28,62.83,0.829,6,1.53,1,82.0,23.45,0,,,84.0,30.0,13,339.71,4,1
West Africa,Male,25,Trader,6,17.15,-0.0,7,0.92,0,15.0,0.0,1,0.574,26.8,28.0,95.0,1,344.77,8,0
Southern Africa,Male,60,Informal worker,27,51.79,0.667,12,1.46,0,5.0,0.0,0,,,77.0,47.0,12,998.55,4,0
East Africa,Male,36,Trader,31,20.84,0.373,15,1.8,1,83.0,17.13,1,0.834,2.8,29.0,87.0,7,409.01,8,1
Southern Africa,Female,26,Informal worker,25,12.69,-0.314,12,2.82,0,1.0,0.0,0,,,86.0,92.0,3,657.68,8,1
East Africa,Female,45,Informal worker,29,86.37,1.156,24,3.21,0,6.0,0.0,0,,,29.0,82.0,13,2226.26,8,0
Central Africa,Female,49,Informal worker,16,17.65,0.649,14,3.52,0,1.0,0.0,1,0.752,45.6,31.0,60.0,4,694.01,4,1
West Africa,Female,34,Informal worker,17,56.14,-0.939,9,1.6,0,5.0,0.0,0,,,44.0,72.0,3,307.35,8,1
West Africa,Female,55,Salaried,21,48.09,0.52,14,1.56,1,70.0,42.61,0,,,31.0,43.0,3,219.5,24,1
Central Africa,Male,21,Trader,15,35.25,0.358,17,1.58,0,6.0,0.0,1,0.984,10.9,54.0,95.0,2,530.97,24,1
West Africa,Female,23,Self-employed,11,27.93,-0.501,19,3.4,1,88.0,29.05,0,,,51.0,95.0,5,777.06,8,1
West Africa,Prefer not to say,47,Trader,14,12.53,0.001,14,4.09,1,91.0,25.58,0,,,35.0,54.0,5,254.03,12,1
Southern Africa,Male,45,Farmer,11,77.88,-0.592,24,1.03,1,48.0,42.93,0,,,73.0,65.0,7,1202.09,4,1
Southern Africa,Female,50,Self-employed,8,46.2,-0.091,17,1.84,0,6.0,0.0,1,0.728,0.8,78.0,83.0,0,291.39,12,1
Southern Africa,Male,57,Trader,18,23.03,0.363,13,4.83,1,81.0,24.65,1,0.714,3.4,65.0,62.0,4,435.39,4,1
Southern Africa,Female,61,Salaried,10,60.93,0.439,10,2.46,1,89.0,9.7,1,0.969,5.1,61.0,86.0,11,924.43,12,1
Southern Africa,Female,41,Informal worker,19,31.2,0.753,10,3.41,1,40.0,44.75,0,,,47.0,64.0,6,1648.83,8,1
West Africa,Female,41,Salaried,17,17.4,0.65,15,9.55,0,0.0,0.0,1,0.929,3.1,53.0,57.0,6,259.84,12,0
East Africa,Female,61,Trader,9,81.14,-0.552,11,1.96,1,58.0,12.9,0,,,73.0,69.0,2,660.49,8,1
Southern Africa,Male,63,Informal worker,12,15.88,0.473,11,8.08,0,3.0,0.0,1,0.586,24.9,92.0,31.0,1,129.69,24,0
Central Africa,Male,20,Trader,17,19.43,0.077,17,2.55,1,36.0,26.09,1,0.819,0.9,13.0,7.0,3,191.53,8,1
West Africa,Female,41,Trader,14,24.0,-0.581,12,3.22,0,4.0,0.0,1,0.905,7.7,59.0,52.0,2,466.48,24,1
West Africa,Male,61,Informal worker,23,74.29,-0.117,19,2.66,0,7.0,0.0,0,,,88.0,42.0,6,151.42,4,1
Southern Africa,Male,20,Informal worker,24,49.25,-0.292,29,10.91,1,69.0,15.71,1,0.824,3.9,62.0,58.0,10,100.36,24,1
West Africa,Female,63,Informal worker,24,101.52,0.405,13,2.3,1,72.0,55.46,1,0.829,0.6,32.0,75.0,7,361.5,24,1
West Africa,Male,53,Informal worker,31,168.34,0.069,23,4.59,0,2.0,0.0,1,0.932,0.3,79.0,60.0,8,586.67,8,1
Southern Africa,Male,25,Salaried,13,46.62,0.606,14,2.14,0,6.0,0.0,1,0.577,53.6,30.0,78.0,8,409.58,12,0
East Africa,Male,48,Farmer,8,27.65,0.09,12,4.65,0,2.0,0.0,1,0.642,4.8,62.0,55.0,6,101.1,4,1
West Africa,Male,38,Farmer,9,68.13,0.196,8,2.99,0,1.0,0.0,0,,,56.0,30.0,4,581.52,24,1
West Africa,Female,33,Salaried,15,84.03,-0.157,14,1.81,1,70.0,39.87,1,0.589,8.0,69.0,84.0,6,138.09,24,1
West Africa,Male,47,Informal worker,7,14.02,-1.555,10,1.92,1,62.0,27.71,1,0.796,2.2,20.0,57.0,4,193.14,4,0
Southern Africa,Male,52,Trader,10,62.49,-0.398,12,1.85,0,2.0,0.0,0,,,58.0,77.0,3,96.86,4,0
East Africa,Female,59,Farmer,20,59.01,0.744,24,6.43,0,2.0,0.0,0,,,76.0,81.0,9,337.54,24,0
West Africa,Male,37,Trader,19,32.84,-0.458,10,1.38,0,1.0,0.0,0,,,54.0,67.0,2,136.45,8,0
East Africa,Female,25,Salaried,20,83.32,0.538,8,0.78,1,52.0,27.87,0,,,53.0,72.0,2,149.31,12,1
West Africa,Male,58,Trader,8,23.55,-0.326,11,3.43,0,13.0,0.0,1,0.625,15.6,25.0,59.0,2,155.97,12,0
West Africa,Male,33,Informal worker,12,109.28,0.586,18,6.6,1,86.0,21.36,1,0.835,13.3,46.0,85.0,1,71.48,12,1
West Africa,Female,53,Informal worker,11,19.66,-0.509,14,2.96,1,89.0,40.78,0,,,49.0,67.0,3,280.73,8,1
East Africa,Female,55,Self-employed,29,78.57,1.198,10,4.35,1,40.0,20.04,0,,,69.0,59.0,9,216.85,8,1
West Africa,Female,20,Farmer,14,16.58,0.651,9,1.3,1,74.0,8.85,0,,,40.0,4.0,3,222.97,4,0
West Africa,Male,37,Salaried,15,32.52,-0.451,11,2.19,0,9.0,0.0,0,,,41.0,47.0,4,292.14,12,1
East Africa,Male,21,Informal worker,11,71.53,0.452,15,2.08,0,0.0,0.0,1,0.874,8.1,89.0,82.0,4,230.31,8,1
East Africa,Male,46,Trader,6,7.61,-0.28,8,1.95,0,15.0,0.0,1,0.887,32.2,45.0,50.0,0,403.43,12,1
West Africa,Female,55,Farmer,13,9.33,-0.978,8,1.15,0,10.0,0.0,1,0.808,6.7,19.0,42.0,0,133.7,12,1
West Africa,Male,44,Farmer,9,76.67,0.05,10,4.91,0,2.0,0.0,1,0.582,20.2,45.0,54.0,6,107.06,12,1
West Africa,Female,33,Trader,13,31.21,0.238,9,3.02,1,99.0,42.3,1,0.934,4.5,18.0,47.0,1,173.85,52,1
East Africa,Female,63,Farmer,10,36.13,-1.066,15,4.23,1,34.0,20.46,1,0.549,6.5,44.0,82.0,7,132.57,24,1
Southern Africa,Male,22,Trader,26,109.17,0.087,25,4.73,0,16.0,0.0,1,0.938,1.3,37.0,63.0,10,493.81,4,1
West Africa,Male,24,Salaried,13,46.13,-0.121,10,1.13,0,1.0,0.0,0,,,71.0,69.0,3,152.15,4,1
Southern Africa,Male,35,Farmer,16,17.7,-0.89,17,2.47,1,35.0,10.38,0,,,19.0,12.0,5,501.69,8,1
Southern Africa,Female,62,Trader,13,46.83,-0.868,9,3.1,0,2.0,0.0,1,0.496,7.4,81.0,96.0,4,242.97,24,1
West Africa,Female,60,Informal worker,9,27.14,0.244,12,2.66,1,87.0,14.65,1,0.768,3.5,22.0,48.0,1,298.42,12,1
West Africa,Female,44,Salaried,21,66.46,1.778,15,2.62,0,17.0,0.0,1,0.83,32.5,29.0,75.0,9,278.85,12,1
West Africa,Male,62,Self-employed,12,26.56,0.318,14,6.66,1,46.0,16.55,0,,,39.0,74.0,2,226.34,24,1
West Africa,Male,60,Salaried,11,42.58,-0.296,9,2.01,0,12.0,0.0,1,0.828,50.2,32.0,91.0,3,127.43,8,0
East Africa,Male,45,Salaried,9,38.08,-0.119,18,2.37,1,78.0,22.14,1,0.435,22.1,69.0,66.0,9,465.91,24,1
West Africa,Male,23,Farmer,18,52.18,0.618,12,1.85,0,14.0,0.0,1,0.962,7.0,65.0,50.0,5,235.0,12,1
Southern Africa,Female,60,Farmer,10,38.87,-0.383,10,2.3,0,8.0,0.0,0,,,53.0,87.0,5,589.98,8,1
East Africa,Female,48,Farmer,16,52.9,0.772,11,1.83,0,3.0,0.0,1,0.676,15.9,42.0,93.0,4,234.5,8,1
Southern Africa,Female,24,Self-employed,22,19.77,0.455,16,3.13,0,3.0,0.0,1,0.704,5.3,49.0,35.0,5,1390.08,12,1
Southern Africa,Female,57,Trader,14,69.68,0.814,23,5.95,0,3.0,0.0,0,,,36.0,73.0,6,311.5,24,1
East Africa,Male,36,Informal worker,12,71.59,0.069,9,1.56,0,14.0,0.0,1,0.792,5.0,62.0,74.0,3,814.47,8,1
Central Africa,Female,54,Trader,31,181.93,0.555,24,5.38,0,6.0,0.0,0,,,53.0,38.0,16,1168.44,4,1
Central Africa,Female,30,Salaried,28,61.06,1.618,17,5.07,1,87.0,62.06,0,,,79.0,86.0,12,356.65,24,0
East Africa,Male,18,Farmer,21,58.34,0.386,19,1.96,0,1.0,0.0,1,0.89,1.6,43.0,61.0,8,195.34,4,1
West Africa,Male,39,Salaried,13,25.37,-0.965,9,0.6,0,8.0,0.0,0,,,35.0,90.0,4,538.14,52,0
East Africa,Female,39,Self-employed,5,19.6,-0.948,4,1.49,0,9.0,0.0,1,0.66,27.0,56.0,60.0,5,127.99,8,1
West Africa,Female,58,Trader,23,66.79,-1.003,11,2.71,0,9.0,0.0,0,,,31.0,71.0,8,108.71,4,0
East Africa,Male,23,Salaried,22,72.7,0.731,15,2.08,0,2.0,0.0,1,0.915,0.0,71.0,89.0,12,684.84,4,1
East Africa,Female,60,Farmer,22,14.83,-0.028,13,0.84,0,9.0,0.0,1,0.79,12.3,61.0,70.0,7,236.46,12,1
East Africa,Female,25,Farmer,20,101.33,0.832,16,4.19,1,22.0,37.82,0,,,53.0,73.0,5,387.14,8,1
Southern Africa,Female,61,Trader,6,45.61,0.857,10,1.82,1,68.0,12.57,0,,,54.0,91.0,7,124.69,24,1
West Africa,Male,51,Informal worker,22,110.99,0.781,16,2.41,1,71.0,17.32,0,,,50.0,88.0,4,463.11,8,1
East Africa,Male,34,Farmer,36,130.34,-0.123,15,2.6,0,2.0,0.0,0,,,43.0,74.0,11,590.59,4,1
West Africa,Female,62,Informal worker,12,71.59,0.21,12,2.03,0,9.0,0.0,1,0.619,24.4,44.0,93.0,2,123.21,8,0
Southern Africa,Male,34,Salaried,19,65.75,-0.209,14,4.16,1,34.0,14.46,1,0.68,11.9,25.0,47.0,7,941.82,4,1
East Africa,Male,47,Farmer,19,27.41,0.285,13,2.95,0,9.0,0.0,1,0.768,5.6,47.0,78.0,6,347.94,12,1
West Africa,Female,18,Trader,20,21.46,0.808,6,1.88,0,2.0,0.0,1,0.757,8.3,65.0,76.0,3,175.04,8,1
Southern Africa,Male,22,Trader,25,49.79,-0.055,25,4.03,0,3.0,0.0,0,,,68.0,71.0,12,204.76,4,1
West Africa,Male,34,Trader,9,22.45,-0.964,15,3.75,1,62.0,11.18,1,0.657,4.2,83.0,32.0,8,360.66,12,1
Southern Africa,Female,29,Self-employed,15,12.25,0.07,14,1.78,0,20.0,0.0,1,0.782,30.9,18.0,77.0,7,190.25,12,0
East Africa,Male,28,Farmer,25,39.11,-0.336,18,6.5,1,57.0,75.13,1,0.858,1.3,57.0,88.0,8,421.27,24,1
East Africa,Female,35,Informal worker,20,108.04,0.162,14,1.7,1,58.0,17.7,0,,,12.0,62.0,7,522.37,4,1
Southern Africa,Male,46,Self-employed,24,28.67,0.242,17,3.64,0,1.0,0.0,1,0.472,5.9,41.0,57.0,10,317.14,4,1
Central Africa,Male,23,Farmer,15,63.41,-0.829,16,1.96,1,21.0,21.07,1,0.798,23.4,56.0,61.0,7,134.34,4,1
Southern Africa,Male,53,Informal worker,21,32.87,-0.191,20,2.14,0,5.0,0.0,0,,,49.0,72.0,10,469.33,12,0
East Africa,Male,57,Salaried,11,38.55,0.47,6,1.9,1,60.0,20.5,0,,,81.0,45.0,4,511.29,8,1
Southern Africa,Male,57,Informal worker,6,22.69,0.532,12,2.43,1,81.0,12.77,1,0.882,3.0,19.0,14.0,4,366.8,4,1
East Africa,Female,27,Trader,17,27.48,0.745,11,3.17,0,6.0,0.0,1,0.449,25.9,14.0,74.0,9,202.29,12,0
Southern Africa,Female,59,Salaried,11,62.86,0.787,9,4.96,0,3.0,0.0,1,0.51,13.9,39.0,54.0,7,190.43,12,1
Southern Africa,Male,24,Self-employed,15,44.72,0.484,11,2.26,1,92.0,24.58,0,,,17.0,66.0,7,815.61,24,1
West Africa,Male,23,Salaried,15,19.34,-1.066,11,2.13,0,11.0,0.0,0,,,11.0,92.0,2,161.84,8,0
West Africa,Female,52,Salaried,11,29.58,0.21,8,1.86,0,4.0,0.0,1,0.927,1.2,63.0,61.0,2,63.59,4,0
West Africa,Male,53,Salaried,26,123.24,0.001,16,3.97,0,5.0,0.0,0,,,73.0,64.0,11,452.43,8,1
West Africa,Male,23,Informal worker,15,29.45,-1.379,18,1.46,1,45.0,52.78,0,,,66.0,58.0,5,74.37,12,0
East Africa,Male,37,Trader,11,38.82,0.141,20,2.31,0,2.0,0.0,0,,,50.0,12.0,4,259.99,8,1
West Africa,Male,37,Self-employed,27,109.12,0.43,15,2.02,1,75.0,33.84,1,0.912,19.4,74.0,39.0,10,1784.05,24,1
East Africa,Female,51,Trader,6,28.33,-0.283,11,2.42,0,9.0,0.0,1,0.261,3.5,44.0,39.0,2,450.94,12,0
West Africa,Male,42,Salaried,23,29.05,0.035,12,2.19,1,86.0,51.07,0,,,70.0,71.0,6,384.31,8,1
West Africa,Female,46,Farmer,7,13.02,-0.847,12,0.79,0,0.0,0.0,0,,,51.0,27.0,4,158.67,24,1
Southern Africa,Male,21,Informal worker,12,13.48,0.057,15,1.73,0,5.0,0.0,0,,,22.0,70.0,3,386.01,8,1
East Africa,Male,63,Salaried,15,43.79,-0.049,15,4.82,1,39.0,22.32,1,0.62,5.6,50.0,69.0,6,1024.62,8,1
East Africa,Female,44,Salaried,9,11.83,-0.519,6,1.47,1,26.0,20.27,1,0.793,16.1,8.0,31.0,0,136.22,24,1
Southern Africa,Male,49,Trader,13,32.75,-0.441,12,7.76,0,2.0,0.0,0,,,66.0,83.0,5,229.3,8,1
Central Africa,Female,40,Informal worker,5,25.61,-1.185,8,1.68,0,1.0,0.0,1,0.603,8.9,12.0,74.0,1,89.47,12,0
East Africa,Female,29,Trader,24,65.8,0.169,21,6.48,0,15.0,0.0,1,0.777,9.5,70.0,35.0,6,274.91,4,1
West Africa,Female,49,Trader,8,16.28,0.487,19,5.8,0,2.0,0.0,1,0.981,0.2,45.0,82.0,1,299.3,4,0
West Africa,Male,31,Farmer,9,33.45,0.253,11,2.14,1,77.0,13.56,1,0.84,20.1,24.0,49.0,2,216.04,8,1
Central Africa,Male,28,Self-employed,23,39.61,-1.096,12,3.2,0,8.0,0.0,0,,,46.0,46.0,2,166.52,12,0
Southern Africa,Male,43,Self-employed,5,63.34,-0.361,6,1.0,1,70.0,11.31,0,,,75.0,49.0,1,467.69,12,1
Southern Africa,Female,34,Informal worker,13,38.84,-0.536,14,2.07,1,81.0,8.03,0,,,72.0,69.0,3,261.51,12,1
Southern Africa,Female,60,Salaried,12,82.1,1.28,12,2.21,0,10.0,0.0,0,,,80.0,50.0,2,480.37,8,0
West Africa,Male,49,Trader,11,174.22,-0.208,10,5.31,0,4.0,0.0,0,,,55.0,54.0,3,570.91,52,1
East Africa,Male,35,Trader,10,93.84,-0.545,15,4.62,1,74.0,29.8,0,,,64.0,86.0,6,258.64,24,1
Southern Africa,Male,19,Informal worker,18,30.18,-0.222,22,6.37,1,66.0,34.24,1,0.831,7.0,39.0,74.0,8,406.78,12,1
Central Africa,Male,34,Salaried,7,21.61,0.367,4,0.85,1,79.0,11.43,1,0.819,68.9,26.0,29.0,6,161.5,12,0
West Africa,Male,23,Informal worker,26,335.08,-0.751,26,3.62,0,13.0,0.0,1,0.851,8.4,55.0,67.0,7,153.98,4,0
East Africa,Female,28,Trader,14,21.38,-0.837,14,2.18,1,86.0,17.4,1,0.62,11.1,47.0,55.0,4,88.16,24,1
West Africa,Female,31,Farmer,37,66.8,0.546,19,2.82,0,12.0,0.0,0,,,70.0,46.0,8,468.18,4,0
Central Africa,Male,48,Trader,12,69.45,0.182,14,2.51,1,37.0,11.17,1,0.62,7.3,26.0,60.0,3,224.6,24,1
West Africa,Male,22,Salaried,20,81.53,0.723,16,3.04,0,4.0,0.0,0,,,68.0,49.0,8,586.47,4,1
Southern Africa,Male,25,Farmer,16,36.43,-1.321,13,2.42,0,5.0,0.0,0,,,66.0,69.0,4,469.6,4,1
West Africa,Male,19,Farmer,5,47.31,-0.82,6,2.3,1,68.0,8.22,0,,,29.0,62.0,1,119.37,24,0
East Africa,Female,61,Informal worker,29,24.96,0.536,15,2.51,0,10.0,0.0,1,0.861,4.7,79.0,48.0,5,1011.32,4,1
Southern Africa,Male,64,Trader,8,27.1,-0.705,11,1.54,0,6.0,0.0,0,,,32.0,64.0,2,233.03,8,1
West Africa,Prefer not to say,32,Farmer,17,55.25,-0.781,11,0.99,0,1.0,0.0,0,,,49.0,74.0,3,502.43,24,1
Southern Africa,Female,39,Informal worker,11,20.89,0.307,18,2.58,0,11.0,0.0,1,0.292,3.6,72.0,62.0,5,230.76,12,0
Central Africa,Male,32,Trader,6,64.12,0.39,13,2.68,1,44.0,17.82,0,,,32.0,65.0,2,626.91,4,1
Central Africa,Female,43,Informal worker,22,88.42,-0.043,13,2.46,0,1.0,0.0,0,,,97.0,69.0,6,2147.67,8,0
West Africa,Female,43,Self-employed,13,78.57,-0.351,13,1.49,0,4.0,0.0,1,0.471,12.9,76.0,30.0,5,493.11,8,1
Southern Africa,Prefer not to say,29,Trader,15,136.53,-0.617,23,2.64,0,4.0,0.0,0,,,63.0,57.0,6,130.0,4,1
East Africa,Male,48,Trader,8,34.5,0.14,10,1.31,1,47.0,17.6,0,,,26.0,94.0,4,184.82,24,0
East Africa,Prefer not to say,18,Informal worker,15,17.86,1.012,8,2.44,0,17.0,0.0,0,,,70.0,44.0,5,1156.48,8,1
East Africa,Male,48,Informal worker,10,41.79,-0.179,12,1.52,0,3.0,0.0,0,,,47.0,71.0,1,207.91,12,0
East Africa,Male,53,Self-employed,4,24.75,-0.571,8,2.09,1,89.0,19.22,0,,,19.0,21.0,0,103.72,24,1
West Africa,Female,20,Trader,22,131.04,0.382,21,2.67,0,8.0,0.0,1,0.855,3.4,53.0,31.0,12,398.28,12,1
East Africa,Male,52,Salaried,22,36.08,0.323,18,10.14,0,2.0,0.0,1,0.645,10.9,33.0,43.0,5,250.6,8,1
West Africa,Male,52,Farmer,10,15.99,-1.712,16,2.02,0,2.0,0.0,1,0.67,18.1,69.0,21.0,0,142.62,8,0
West Africa,Male,63,Trader,17,42.19,-0.884,11,1.45,0,4.0,0.0,1,0.655,3.1,38.0,78.0,2,199.18,24,0
West Africa,Male,55,Farmer,26,165.42,1.331,13,2.98,1,39.0,54.7,0,,,83.0,93.0,7,409.06,4,1
West Africa,Male,18,Farmer,16,58.01,1.181,16,5.23,0,2.0,0.0,0,,,72.0,78.0,7,547.56,12,1
Southern Africa,Male,21,Trader,15,58.45,0.186,16,7.16,0,24.0,0.0,0,,,58.0,65.0,7,179.44,12,0
East Africa,Female,24,Trader,17,27.62,-0.798,17,2.04,0,5.0,0.0,0,,,56.0,50.0,3,130.0,4,1
West Africa,Female,45,Trader,10,30.08,0.387,9,0.95,1,44.0,22.18,1,0.807,0.3,37.0,81.0,3,77.09,8,1
Southern Africa,Male,51,Informal worker,10,70.86,0.373,12,1.27,0,11.0,0.0,0,,,65.0,48.0,4,98.88,52,0
Central Africa,Female,48,Trader,11,47.0,0.478,16,4.83,0,4.0,0.0,0,,,54.0,45.0,7,240.78,4,1
Central Africa,Female,33,Trader,26,219.74,-0.2,20,3.52,0,2.0,0.0,1,0.754,14.1,38.0,39.0,4,243.88,8,1
Southern Africa,Female,27,Farmer,8,37.91,-1.097,18,3.15,0,0.0,0.0,0,,,23.0,60.0,5,490.17,4,0
Central Africa,Female,20,Informal worker,27,63.53,-0.49,18,4.52,0,7.0,0.0,0,,,59.0,88.0,6,338.33,8,1
East Africa,Female,35,Self-employed,23,76.38,-0.315,14,1.67,0,6.0,0.0,0,,,29.0,93.0,2,156.72,4,1
Central Africa,Male,32,Trader,12,49.75,-0.249,11,2.32,1,63.0,28.07,0,,,47.0,55.0,4,287.89,8,1
Central Africa,Female,32,Self-employed,15,165.43,0.038,16,1.99,0,1.0,0.0,0,,,30.0,32.0,1,384.7,12,1
West Africa,Female,22,Informal worker,16,33.79,0.756,20,2.24,0,14.0,0.0,0,,,52.0,44.0,6,193.87,24,0
Central Africa,Female,31,Self-employed,18,59.73,-0.215,15,3.74,0,1.0,0.0,1,0.846,3.3,54.0,41.0,6,490.75,12,1
Southern Africa,Male,57,Farmer,8,13.63,0.358,12,2.65,0,0.0,0.0,0,,,84.0,71.0,7,846.92,24,1
Southern Africa,Female,29,Farmer,17,107.58,0.758,13,3.12,0,10.0,0.0,0,,,39.0,44.0,3,335.61,12,0
Central Africa,Female,59,Salaried,11,133.95,1.569,8,1.77,1,24.0,23.99,0,,,45.0,59.0,4,858.41,4,1
East Africa,Male,22,Informal worker,8,34.07,-0.251,9,1.46,0,13.0,0.0,0,,,22.0,66.0,0,231.63,24,0
East Africa,Female,47,Salaried,9,64.97,-0.371,13,3.54,0,4.0,0.0,0,,,71.0,35.0,1,304.32,24,1
East Africa,Female,23,Salaried,9,17.23,-0.226,3,2.35,0,2.0,0.0,0,,,18.0,86.0,7,100.83,8,0
Southern Africa,Female,36,Farmer,19,89.08,0.277,6,3.12,1,65.0,11.08,1,0.923,10.0,65.0,68.0,8,369.24,52,1
Central Africa,Male,62,Informal worker,6,44.24,1.041,10,1.4,0,15.0,0.0,0,,,88.0,65.0,2,410.12,4,1
Central Africa,Female,54,Farmer,8,126.93,0.346,15,2.08,0,1.0,0.0,1,0.675,4.7,20.0,22.0,4,72.59,8,1
Southern Africa,Female,42,Informal worker,22,94.38,0.476,23,2.73,0,17.0,0.0,1,0.889,5.3,64.0,49.0,4,355.19,8,0
Central Africa,Male,47,Informal worker,21,57.76,-1.127,12,1.34,1,70.0,44.83,1,0.543,14.4,55.0,68.0,4,92.45,8,1
West Africa,Female,49,Informal worker,7,29.03,0.027,15,3.78,1,85.0,13.28,0,,,74.0,32.0,4,465.57,8,1
Central Africa,Male,55,Trader,28,124.43,-0.173,18,4.32,0,3.0,0.0,0,,,67.0,85.0,10,1063.43,8,1
West Africa,Female,45,Self-employed,27,39.26,1.626,25,15.71,0,3.0,0.0,1,0.725,3.5,49.0,62.0,10,1077.78,52,1
East Africa,Female,42,Farmer,9,25.91,-0.429,10,5.58,1,64.0,21.23,1,0.684,5.5,37.0,34.0,1,194.67,4,1
West Africa,Female,21,Trader,7,26.22,-1.404,8,1.8,1,96.0,21.34,1,0.766,2.5,73.0,46.0,5,248.29,8,1
East Africa,Female,63,Trader,38,26.73,-0.054,26,4.15,1,96.0,104.05,1,0.882,2.2,44.0,88.0,10,754.19,24,1
East Africa,Male,44,Trader,18,76.55,-0.277,16,1.86,0,7.0,0.0,1,0.832,18.5,24.0,52.0,7,938.59,8,1
West Africa,Female,31,Farmer,21,27.19,0.408,21,1.69,1,73.0,38.18,0,,,81.0,85.0,14,177.53,12,1
East Africa,Male,24,Trader,22,126.03,0.182,19,3.86,1,75.0,22.7,1,0.978,0.2,82.0,76.0,8,174.9,8,1
Southern Africa,Male,46,Trader,23,31.62,-0.022,14,3.05,1,61.0,32.97,1,0.682,4.2,32.0,56.0,7,480.89,4,1
West Africa,Male,54,Trader,10,26.12,0.664,8,2.17,0,6.0,0.0,1,0.684,2.4,52.0,70.0,0,173.01,24,1
Southern Africa,Female,55,Trader,2,42.14,-0.71,6,0.95,0,27.0,0.0,0,,,41.0,86.0,3,157.31,24,1
West Africa,Female,59,Self-employed,21,231.04,-0.068,12,14.4,0,5.0,0.0,0,,,39.0,26.0,8,289.29,12,1
West Africa,Male,60,Farmer,3,16.57,-0.438,9,2.99,0,4.0,0.0,0,,,80.0,17.0,1,80.55,8,0
West Africa,Male,47,Trader,12,27.89,-0.334,13,1.44,1,77.0,27.4,1,0.663,3.0,41.0,86.0,4,108.0,8,1
East Africa,Male,62,Informal worker,19,83.49,0.061,12,1.39,1,66.0,35.18,1,0.984,4.6,41.0,54.0,2,56.05,4,1
Southern Africa,Male,21,Informal worker,6,27.96,-1.026,12,1.35,1,60.0,12.35,0,,,19.0,49.0,1,202.66,4,1
East Africa,Male,36,Farmer,20,88.1,0.389,7,3.2,0,4.0,0.0,0,,,59.0,84.0,1,259.02,12,1
Southern Africa,Female,40,Farmer,18,55.69,-1.151,16,6.2,1,68.0,23.0,0,,,21.0,71.0,5,272.73,8,0
East Africa,Female,50,Informal worker,10,25.52,-0.943,9,1.94,1,43.0,19.1,0,,,73.0,23.0,2,310.82,8,1
Southern Africa,Female,32,Trader,37,65.19,0.278,21,3.66,1,57.0,25.17,1,0.892,0.1,77.0,37.0,8,279.8,8,1
Central Africa,Male,31,Trader,24,168.66,-0.002,17,1.69,1,37.0,25.3,0,,,23.0,60.0,5,122.78,8,1
East Africa,Male,60,Self-employed,23,20.42,-0.018,13,1.98,0,3.0,0.0,1,0.589,20.0,76.0,27.0,1,403.89,8,0
West Africa,Male,48,Farmer,16,19.08,-0.617,14,3.98,0,14.0,0.0,0,,,54.0,81.0,10,170.08,8,0
West Africa,Female,47,Trader,21,25.23,-0.056,10,2.01,0,8.0,0.0,0,,,70.0,45.0,2,290.85,24,1
East Africa,Female,26,Trader,18,185.57,0.611,21,1.94,1,56.0,20.27,1,0.746,4.7,59.0,42.0,7,236.64,4,1
East Africa,Female,41,Informal worker,9,97.14,-0.531,6,1.73,0,2.0,0.0,1,0.743,38.9,52.0,48.0,1,111.25,52,1
West Africa,Male,37,Trader,12,77.8,0.029,13,3.51,1,57.0,35.6,0,,,18.0,13.0,9,178.27,4,0
Central Africa,Female,47,Farmer,29,26.52,0.418,22,5.29,0,3.0,0.0,0,,,49.0,85.0,7,126.4,24,1
Central Africa,Prefer not to say,61,Farmer,8,52.38,-0.299,17,4.02,0,13.0,0.0,1,0.537,20.5,14.0,42.0,8,446.97,8,0
West Africa,Male,31,Trader,12,37.9,-0.356,12,2.4,0,1.0,0.0,0,,,47.0,44.0,3,218.58,52,1
West Africa,Female,56,Farmer,18,29.13,1.707,8,5.51,0,0.0,0.0,0,,,60.0,96.0,3,229.26,8,1
West Africa,Female,47,Trader,16,76.38,-0.288,11,1.38,0,7.0,0.0,0,,,57.0,67.0,3,610.12,12,1
East Africa,Male,41,Farmer,30,145.75,-0.329,19,3.01,1,48.0,47.16,0,,,71.0,85.0,4,965.01,4,1
Central Africa,Female,62,Trader,9,22.83,-0.426,9,2.44,0,6.0,0.0,0,,,29.0,52.0,6,159.94,24,1
East Africa,Female,24,Self-employed,12,85.2,-0.788,11,1.45,1,45.0,6.75,0,,,43.0,46.0,0,177.76,4,1
West Africa,Female,49,Informal worker,10,20.54,-1.716,7,1.9,0,8.0,0.0,0,,,39.0,59.0,2,56.56,4,0
East Africa,Male,36,Trader,9,43.07,-0.07,12,1.62,1,38.0,19.12,0,,,9.0,60.0,7,121.81,24,1
West Africa,Male,50,Trader,22,28.15,0.94,10,4.3,1,66.0,41.85,1,0.713,29.0,79.0,41.0,8,158.02,24,1
East Africa,Female,24,Informal worker,11,30.81,0.345,14,3.5,0,7.0,0.0,1,0.648,8.8,53.0,55.0,5,189.4,8,0
East Africa,Male,52,Informal worker,8,17.57,-0.031,14,0.89,0,2.0,0.0,0,,,76.0,74.0,3,386.47,12,1
East Africa,Male,21,Farmer,12,29.0,0.361,13,5.05,0,13.0,0.0,0,,,47.0,77.0,5,441.82,8,1
East Africa,Male,34,Trader,18,20.36,-0.055,11,2.35,0,12.0,0.0,1,0.825,8.4,20.0,49.0,5,376.12,8,1
Central Africa,Male,60,Farmer,27,350.35,-1.038,22,3.65,1,53.0,71.16,1,0.852,5.8,64.0,71.0,12,290.14,24,1
West Africa,Female,47,Trader,9,25.26,0.087,7,1.15,0,11.0,0.0,1,0.802,42.2,33.0,66.0,3,309.82,4,1
Southern Africa,Female,41,Trader,23,61.1,-0.147,11,2.17,0,0.0,0.0,0,,,39.0,78.0,5,552.87,4,1
West Africa,Male,33,Farmer,13,51.14,0.107,14,3.31,0,7.0,0.0,0,,,55.0,20.0,4,213.62,12,0
West Africa,Female,22,Salaried,10,15.0,0.141,9,1.33,0,13.0,0.0,0,,,3.0,54.0,2,372.76,8,0
Central Africa,Male,23,Farmer,14,63.19,0.009,8,3.25,0,0.0,0.0,1,0.855,39.5,45.0,73.0,5,62.88,8,0
Southern Africa,Male,51,Trader,8,21.51,-0.164,14,2.05,1,67.0,11.28,0,,,56.0,70.0,2,445.61,8,0
West Africa,Male,30,Trader,11,53.24,0.336,12,3.8,0,11.0,0.0,1,0.944,33.8,41.0,53.0,6,506.59,24,0
East Africa,Male,21,Informal worker,15,50.44,-0.092,20,1.1,1,70.0,31.79,0,,,17.0,65.0,7,634.78,12,1
Southern Africa,Male,38,Farmer,28,41.25,0.503,9,5.84,0,5.0,0.0,0,,,40.0,49.0,4,187.56,8,1
Central Africa,Female,36,Informal worker,6,14.34,0.908,12,2.68,0,1.0,0.0,0,,,61.0,37.0,3,184.74,52,0
East Africa,Male,63,Informal worker,12,91.13,0.05,13,2.62,0,4.0,0.0,1,0.616,13.1,9.0,57.0,6,179.14,52,1
West Africa,Female,28,Farmer,37,168.26,0.69,16,7.56,0,2.0,0.0,1,0.841,4.2,69.0,38.0,5,217.94,4,1
East Africa,Male,30,Farmer,12,54.94,0.63,16,3.62,0,1.0,0.0,0,,,66.0,70.0,2,350.24,8,1
West Africa,Female,25,Self-employed,30,84.02,1.094,12,6.1,1,48.0,40.23,0,,,49.0,79.0,10,181.86,24,1
West Africa,Female,26,Salaried,8,17.88,-0.361,7,3.29,0,6.0,0.0,1,0.967,37.8,60.0,73.0,3,275.89,8,0
East Africa,Male,43,Farmer,12,51.27,-1.181,12,1.41,0,5.0,0.0,1,0.608,28.5,47.0,48.0,4,154.81,4,0
Southern Africa,Female,28,Informal worker,15,35.89,-0.556,12,2.38,0,7.0,0.0,0,,,50.0,23.0,5,201.29,4,1
West Africa,Female,51,Trader,43,32.0,1.072,19,5.09,0,6.0,0.0,0,,,31.0,86.0,11,513.4,8,1
Southern Africa,Male,56,Trader,11,26.3,-0.437,11,1.58,0,13.0,0.0,0,,,65.0,94.0,4,208.83,8,1
Southern Africa,Female,40,Farmer,23,58.53,-0.104,19,4.6,0,1.0,0.0,0,,,61.0,72.0,5,870.83,24,1
Southern Africa,Female,29,Salaried,11,56.99,-0.061,15,2.16,0,3.0,0.0,1,0.961,3.5,26.0,69.0,2,325.34,24,1
West Africa,Male,56,Self-employed,27,92.31,0.315,24,5.1,0,15.0,0.0,0,,,46.0,52.0,8,660.72,12,1
East Africa,Female,63,Informal worker,16,36.64,0.675,19,1.25,1,65.0,12.82,0,,,40.0,31.0,2,112.31,52,1
West Africa,Male,61,Informal worker,23,59.53,-0.08,17,1.77,1,49.0,16.19,1,0.777,8.4,52.0,91.0,7,361.44,8,1
West Africa,Female,61,Trader,6,36.94,-0.476,11,1.7,0,9.0,0.0,0,,,36.0,86.0,2,147.44,12,1
West Africa,Female,55,Self-employed,7,18.71,-0.435,15,1.86,1,36.0,16.9,1,0.681,0.7,66.0,48.0,5,256.79,4,0
West Africa,Prefer not to say,52,Trader,17,62.51,0.002,20,2.13,0,9.0,0.0,0,,,66.0,45.0,8,953.55,8,0
West Africa,Female,62,Self-employed,34,138.51,0.655,19,3.26,0,8.0,0.0,0,,,39.0,68.0,4,144.3,24,0
West Africa,Female,33,Trader,13,52.21,-1.412,12,2.81,0,0.0,0.0,1,0.935,41.3,29.0,79.0,2,451.68,12,0
Central Africa,Male,61,Trader,24,52.27,0.251,22,3.74,1,62.0,16.98,0,,,67.0,90.0,3,538.5,4,1
Southern Africa,Male,18,Informal worker,10,43.51,0.546,18,3.35,0,2.0,0.0,0,,,38.0,19.0,7,119.49,12,1
West Africa,Female,57,Trader,19,16.16,0.61,11,2.29,0,5.0,0.0,0,,,38.0,60.0,7,488.69,24,1
Central Africa,Male,33,Trader,3,32.55,-0.045,10,1.51,0,24.0,0.0,1,0.621,39.9,14.0,43.0,2,127.93,52,1
West Africa,Female,31,Informal worker,11,17.66,0.155,6,1.29,1,72.0,10.09,1,0.541,6.2,72.0,58.0,1,323.29,4,1
East Africa,Male,49,Informal worker,22,54.19,0.428,14,2.06,1,65.0,56.5,1,0.46,7.6,93.0,64.0,5,234.31,8,0
Southern Africa,Male,26,Trader,33,45.78,1.192,13,2.94,0,4.0,0.0,0,,,16.0,72.0,3,191.97,4,1
East Africa,Male,64,Farmer,15,175.85,0.327,14,1.73,0,0.0,0.0,1,0.961,15.1,33.0,47.0,7,370.6,4,1
West Africa,Female,52,Informal worker,13,31.88,-0.231,14,0.91,0,7.0,0.0,0,,,36.0,91.0,0,166.77,8,0
East Africa,Male,18,Trader,22,12.87,-0.386,4,1.4,0,5.0,0.0,0,,,54.0,23.0,8,203.84,8,0
East Africa,Male,57,Farmer,35,79.28,0.597,19,6.49,0,0.0,0.0,1,0.906,5.2,62.0,82.0,10,485.45,12,1
East Africa,Prefer not to say,23,Informal worker,12,12.16,0.023,11,2.08,0,6.0,0.0,1,0.819,49.9,54.0,88.0,3,79.99,24,0
East Africa,Female,56,Salaried,16,39.47,0.186,10,2.43,0,14.0,0.0,0,,,65.0,46.0,3,280.19,8,0
East Africa,Female,56,Farmer,11,55.28,-0.545,7,1.69,0,15.0,0.0,0,,,31.0,76.0,3,119.59,4,1
West Africa,Male,48,Informal worker,17,34.36,0.026,19,2.28,1,64.0,48.09,1,0.495,3.3,61.0,64.0,10,308.2,4,1
East Africa,Male,46,Farmer,30,75.64,0.656,21,7.73,0,10.0,0.0,1,0.738,3.2,25.0,32.0,10,444.61,4,1
West Africa,Female,57,Informal worker,15,46.34,0.625,10,3.81,0,3.0,0.0,0,,,50.0,90.0,2,151.97,4,1
Central Africa,Male,57,Salaried,14,22.56,1.282,7,4.51,0,14.0,0.0,0,,,43.0,56.0,4,197.17,4,0
Southern Africa,Male,51,Farmer,26,34.35,0.35,13,1.06,0,3.0,0.0,1,0.856,11.7,37.0,37.0,4,175.12,12,1
East Africa,Female,26,Trader,4,72.01,-0.603,11,4.32,1,76.0,9.36,0,,,44.0,88.0,5,388.76,8,1
Southern Africa,Male,49,Salaried,15,32.85,-0.737,13,2.49,1,79.0,11.85,1,0.845,6.2,45.0,21.0,3,223.89,8,1
West Africa,Female,27,Informal worker,3,19.77,0.57,9,1.38,0,2.0,0.0,1,0.648,10.8,26.0,52.0,2,129.97,24,1
West Africa,Male,20,Informal worker,24,76.92,0.713,14,5.05,1,67.0,31.32,0,,,16.0,73.0,16,627.52,4,1
East Africa,Male,25,Farmer,23,44.95,0.002,16,5.2,0,12.0,0.0,1,0.923,5.7,24.0,96.0,5,677.51,12,1
East Africa,Male,39,Trader,20,53.37,-0.049,10,4.75,0,9.0,0.0,0,,,55.0,96.0,5,487.79,8,0
Southern Africa,Female,63,Farmer,14,46.66,0.713,16,3.12,1,87.0,23.74,0,,,83.0,42.0,1,171.14,4,0
Central Africa,Female,19,Farmer,19,76.28,0.32,17,3.42,0,0.0,0.0,0,,,40.0,79.0,9,147.83,12,1
East Africa,Female,21,Farmer,12,164.25,0.502,7,1.24,1,49.0,6.89,0,,,70.0,63.0,0,374.07,12,1
East Africa,Male,22,Trader,15,170.87,0.843,12,3.16,1,80.0,9.33,1,0.675,11.9,62.0,70.0,9,830.72,8,1
East Africa,Female,26,Salaried,18,46.06,-0.176,13,6.15,0,2.0,0.0,0,,,73.0,43.0,1,91.22,4,1
West Africa,Female,43,Farmer,19,59.38,1.146,18,2.03,0,6.0,0.0,0,,,52.0,76.0,7,197.32,12,1
West Africa,Female,56,Informal worker,6,13.92,-0.366,5,2.35,0,0.0,0.0,0,,,36.0,75.0,4,225.46,4,0
Central Africa,Female,20,Trader,12,22.35,-0.524,8,0.89,1,91.0,9.86,0,,,27.0,13.0,3,295.23,4,1
Southern Africa,Female,55,Farmer,20,55.86,1.081,15,2.8,0,7.0,0.0,0,,,80.0,48.0,4,187.32,12,0
Central Africa,Female,60,Trader,16,82.07,0.475,16,4.35,0,6.0,0.0,0,,,43.0,84.0,4,418.4,4,0
West Africa,Male,21,Informal worker,22,83.06,0.184,10,2.14,0,1.0,0.0,1,0.843,50.0,62.0,74.0,12,396.62,24,1
West Africa,Female,39,Informal worker,14,47.53,0.432,18,1.58,0,6.0,0.0,0,,,21.0,78.0,0,613.29,8,0
East Africa,Male,56,Farmer,8,16.86,0.192,14,1.92,1,55.0,13.08,1,0.868,5.7,41.0,30.0,0,218.32,4,1
Central Africa,Prefer not to say,50,Self-employed,19,17.52,0.247,12,2.14,1,34.0,18.3,0,,,50.0,94.0,1,564.92,52,1
West Africa,Male,26,Farmer,47,63.9,0.718,20,5.92,0,15.0,0.0,0,,,43.0,80.0,13,1068.72,8,1
West Africa,Male,24,Farmer,13,32.32,0.193,16,4.08,1,71.0,38.33,0,,,54.0,64.0,2,254.64,8,1
West Africa,Male,38,Informal worker,7,35.17,-1.036,8,0.85,0,8.0,0.0,0,,,49.0,50.0,4,64.4,4,1
Southern Africa,Female,57,Farmer,27,184.84,0.341,13,2.29,0,20.0,0.0,1,0.741,12.6,75.0,85.0,9,531.66,8,0
Southern Africa,Male,62,Informal worker,12,32.93,0.009,18,5.81,0,12.0,0.0,0,,,35.0,97.0,7,640.58,24,1
Southern Africa,Female,40,Self-employed,17,48.25,0.48,13,1.78,0,15.0,0.0,1,0.765,10.9,53.0,35.0,2,832.88,52,1
West Africa,Female,42,Informal worker,31,208.34,1.121,16,6.28,1,17.0,44.0,1,0.821,10.2,58.0,67.0,9,243.48,24,1
Southern Africa,Male,44,Trader,8,25.81,-1.137,12,1.8,0,4.0,0.0,0,,,20.0,62.0,3,300.08,12,0
East Africa,Female,41,Trader,24,123.25,0.832,20,11.49,0,2.0,0.0,0,,,54.0,53.0,14,422.18,8,1
West Africa,Female,48,Salaried,13,15.26,-0.253,9,1.96,0,5.0,0.0,1,0.658,37.7,38.0,78.0,2,222.68,12,0
West Africa,Female,30,Trader,10,119.06,0.029,8,4.13,0,10.0,0.0,0,,,54.0,52.0,3,370.89,8,0
East Africa,Male,43,Farmer,7,21.71,0.678,5,1.6,1,50.0,21.7,0,,,47.0,80.0,3,443.48,8,1
West Africa,Female,46,Self-employed,20,29.78,-0.175,17,2.72,1,58.0,22.97,0,,,34.0,17.0,9,158.14,8,0
Central Africa,Male,44,Salaried,26,161.92,0.043,12,3.56,0,10.0,0.0,0,,,21.0,52.0,7,213.48,12,1
East Africa,Female,63,Trader,7,54.45,0.153,13,3.35,0,0.0,0.0,1,0.778,5.7,50.0,41.0,0,136.21,4,0
East Africa,Female,52,Informal worker,28,48.42,0.73,29,4.92,1,49.0,31.44,1,0.71,9.7,78.0,62.0,13,155.91,8,1
Southern Africa,Male,52,Farmer,28,88.62,-0.453,15,10.94,1,46.0,16.32,0,,,58.0,48.0,5,213.66,24,1
Southern Africa,Male,55,Self-employed,22,85.93,1.368,20,7.3,1,77.0,75.21,1,0.669,2.5,43.0,96.0,3,374.7,4,1
West Africa,Female,42,Informal worker,17,24.04,0.25,13,4.75,0,1.0,0.0,0,,,76.0,65.0,4,456.11,24,0
East Africa,Male,32,Farmer,41,46.29,1.473,17,8.51,1,54.0,112.04,1,0.941,6.2,66.0,72.0,13,610.57,24,1
West Africa,Male,43,Trader,8,67.14,-0.389,16,2.46,0,3.0,0.0,1,0.766,66.4,19.0,63.0,1,495.25,24,0
East Africa,Male,61,Trader,18,70.57,-0.764,13,2.49,1,67.0,52.44,0,,,22.0,77.0,3,79.97,12,1
Southern Africa,Female,59,Farmer,14,20.93,-0.114,15,3.45,0,3.0,0.0,0,,,34.0,73.0,2,277.49,12,1
East Africa,Male,34,Informal worker,29,54.71,0.421,15,6.75,0,3.0,0.0,1,0.905,2.7,63.0,90.0,2,106.14,8,1
East Africa,Male,40,Farmer,16,91.8,1.012,17,3.2,1,76.0,43.44,1,0.872,6.1,59.0,89.0,7,222.29,8,1
West Africa,Prefer not to say,30,Salaried,16,47.84,-0.281,17,3.19,0,7.0,0.0,0,,,21.0,46.0,7,197.28,24,1
East Africa,Female,18,Trader,22,57.43,1.101,15,3.4,0,6.0,0.0,1,0.756,9.5,85.0,73.0,4,341.23,24,1
West Africa,Female,32,Farmer,17,29.89,-0.736,13,2.41,0,7.0,0.0,0,,,49.0,94.0,4,195.98,4,0
Central Africa,Female,22,Informal worker,15,57.35,-0.251,20,2.5,0,10.0,0.0,1,0.561,30.9,34.0,50.0,1,63.43,8,0
East Africa,Male,34,Informal worker,17,52.41,0.356,14,5.43,0,10.0,0.0,1,0.858,19.9,55.0,67.0,10,217.61,24,1
Central Africa,Male,20,Farmer,15,43.73,-0.606,12,1.6,1,43.0,66.26,1,0.422,7.8,23.0,79.0,6,266.06,8,0
East Africa,Male,32,Farmer,13,60.8,1.199,16,5.68,0,2.0,0.0,1,0.691,8.9,55.0,46.0,4,126.6,4,1
Southern Africa,Male,51,Trader,10,58.96,-0.333,7,2.69,1,43.0,18.73,0,,,55.0,17.0,1,149.16,12,1
West Africa,Male,57,Informal worker,21,13.49,-0.436,15,2.97,0,2.0,0.0,0,,,25.0,86.0,6,341.31,12,1
West Africa,Female,59,Self-employed,35,72.79,0.48,23,9.6,1,69.0,51.54,1,0.766,1.9,54.0,83.0,16,364.68,8,1
West Africa,Male,44,Salaried,9,29.37,-1.126,6,2.61,0,6.0,0.0,1,0.729,9.8,71.0,74.0,0,546.15,12,0
West Africa,Male,43,Informal worker,18,63.93,0.687,17,5.38,0,4.0,0.0,0,,,72.0,86.0,11,255.25,8,1
Central Africa,Female,63,Informal worker,7,102.25,-0.727,12,2.97,0,14.0,0.0,1,0.9,6.2,54.0,18.0,3,69.2,24,0
Southern Africa,Male,44,Salaried,8,46.44,0.088,16,2.31,1,67.0,16.2,1,0.772,13.2,18.0,30.0,1,147.33,4,1
East Africa,Female,21,Salaried,10,87.65,-0.309,9,4.41,1,66.0,22.79,0,,,72.0,77.0,4,154.45,24,0
East Africa,Male,61,Trader,17,66.15,0.471,8,2.48,0,5.0,0.0,0,,,11.0,38.0,1,716.55,8,1
East Africa,Female,46,Farmer,21,100.02,0.352,17,2.56,0,1.0,0.0,0,,,49.0,56.0,4,491.81,8,1
East Africa,Male,49,Salaried,23,48.06,0.616,15,2.71,1,61.0,25.53,0,,,46.0,70.0,6,143.15,8,1
Southern Africa,Male,22,Salaried,27,32.97,1.918,26,1.29,1,28.0,59.4,0,,,42.0,49.0,11,283.23,8,1
East Africa,Female,40,Informal worker,14,196.69,0.069,18,3.75,0,3.0,0.0,0,,,63.0,95.0,11,428.6,24,1
Southern Africa,Male,39,Farmer,21,53.78,0.233,18,2.77,0,3.0,0.0,0,,,28.0,66.0,7,824.02,4,1
West Africa,Male,56,Salaried,7,29.18,-0.127,11,1.78,0,2.0,0.0,1,0.706,0.1,37.0,51.0,2,187.44,52,1
Central Africa,Male,35,Trader,6,25.05,0.293,15,4.12,0,5.0,0.0,0,,,58.0,21.0,17,261.81,52,0
West Africa,Male,34,Trader,9,49.26,-0.475,12,3.3,1,16.0,9.15,1,0.944,82.4,4.0,92.0,2,334.23,4,1
East Africa,Male,49,Farmer,15,9.3,0.476,10,1.04,0,9.0,0.0,0,,,52.0,34.0,3,285.81,4,1
Central Africa,Female,18,Informal worker,23,24.66,1.675,9,1.43,1,45.0,18.98,0,,,69.0,38.0,8,179.59,8,1
West Africa,Female,53,Farmer,8,9.81,-0.381,8,2.02,1,78.0,12.07,0,,,42.0,46.0,3,191.09,4,1
West Africa,Female,18,Informal worker,25,28.56,0.281,28,1.42,0,9.0,0.0,1,0.835,22.9,31.0,74.0,10,542.96,8,1
East Africa,Female,29,Informal worker,7,23.14,-0.895,9,1.92,1,78.0,13.6,1,0.684,5.6,28.0,33.0,2,98.51,12,0
East Africa,Male,41,Trader,27,97.48,-0.558,20,3.9,0,6.0,0.0,1,0.881,3.7,42.0,67.0,11,78.52,8,1
Central Africa,Female,27,Trader,11,33.72,-0.684,10,2.36,1,31.0,24.43,0,,,15.0,62.0,0,215.84,12,0
Southern Africa,Male,19,Informal worker,11,69.63,-0.883,12,1.71,1,52.0,10.65,1,0.856,26.4,71.0,64.0,6,525.69,8,1
East Africa,Male,37,Self-employed,23,266.02,-0.221,17,8.41,1,70.0,32.96,1,0.518,14.3,50.0,46.0,14,187.68,4,1
Central Africa,Female,51,Salaried,31,84.09,0.17,18,1.11,0,13.0,0.0,1,0.723,18.2,59.0,82.0,9,127.64,52,0
East Africa,Female,29,Trader,7,70.22,-0.729,14,4.89,0,13.0,0.0,1,0.762,10.7,48.0,78.0,6,259.48,24,1
Central Africa,Male,30,Informal worker,25,107.73,-0.088,24,4.05,1,37.0,31.53,0,,,90.0,50.0,5,389.88,8,1
West Africa,Prefer not to say,49,Salaried,14,55.98,-0.616,11,1.01,0,3.0,0.0,1,0.658,17.8,34.0,54.0,6,113.62,4,0
East Africa,Female,62,Trader,17,22.23,-0.533,7,1.38,1,10.0,13.68,0,,,31.0,75.0,6,107.61,4,1
West Africa,Male,42,Informal worker,15,42.2,1.346,15,2.65,0,2.0,0.0,1,0.865,4.5,66.0,82.0,6,464.93,4,1
West Africa,Female,44,Farmer,12,18.39,-0.77,9,4.21,1,63.0,29.46,0,,,16.0,49.0,4,620.04,4,1
Southern Africa,Female,56,Informal worker,10,42.98,-0.569,9,2.44,0,3.0,0.0,0,,,36.0,59.0,1,162.99,8,1
West Africa,Female,21,Trader,20,95.06,0.847,21,4.17,0,0.0,0.0,0,,,42.0,69.0,8,531.91,12,1
East Africa,Female,64,Farmer,18,27.72,-0.95,9,2.61,0,2.0,0.0,1,0.681,50.8,23.0,35.0,2,160.55,4,1
Southern Africa,Male,40,Farmer,22,101.56,-0.552,14,2.02,0,12.0,0.0,1,0.826,40.4,71.0,71.0,9,556.95,4,0
West Africa,Female,35,Farmer,9,21.47,-1.054,5,1.43,0,0.0,0.0,0,,,63.0,55.0,0,181.48,8,0
East Africa,Male,47,Trader,21,62.73,0.013,14,2.42,0,9.0,0.0,0,,,44.0,35.0,5,101.07,4,1
Southern Africa,Female,60,Farmer,12,20.46,-0.01,14,2.71,1,52.0,19.92,0,,,24.0,55.0,5,201.3,4,1
Central Africa,Female,62,Farmer,26,27.59,0.891,13,5.9,0,8.0,0.0,1,0.492,14.5,47.0,94.0,7,459.93,8,1
West Africa,Female,54,Trader,19,119.02,0.324,6,2.2,0,6.0,0.0,0,,,46.0,65.0,5,669.17,24,1
Central Africa,Male,40,Farmer,10,84.27,0.959,11,2.59,0,1.0,0.0,1,0.865,4.3,23.0,87.0,4,146.43,4,1
Southern Africa,Male,25,Trader,19,70.71,0.174,15,3.5,0,1.0,0.0,1,0.493,8.8,31.0,80.0,4,327.07,4,1
Southern Africa,Female,26,Self-employed,24,40.36,0.458,11,1.63,0,10.0,0.0,0,,,67.0,74.0,8,169.66,4,0
East Africa,Male,57,Trader,21,31.75,-0.339,21,5.84,0,14.0,0.0,0,,,29.0,53.0,10,30.2,24,0
Southern Africa,Male,23,Informal worker,16,24.42,0.176,17,4.56,0,4.0,0.0,1,0.825,19.6,28.0,52.0,4,343.34,8,0
Southern Africa,Male,40,Farmer,12,59.28,-0.07,23,2.76,0,18.0,0.0,1,0.838,35.7,30.0,87.0,6,251.48,24,1
West Africa,Female,37,Trader,14,79.49,-0.393,11,5.47,0,5.0,0.0,0,,,44.0,71.0,11,576.27,4,1
Central Africa,Male,51,Salaried,28,49.58,1.499,10,4.22,0,1.0,0.0,1,0.878,4.1,58.0,66.0,8,679.84,4,1
Central Africa,Female,34,Informal worker,24,132.16,-0.602,16,3.06,0,2.0,0.0,1,0.53,12.8,46.0,57.0,4,283.52,4,0
East Africa,Male,51,Informal worker,20,11.63,1.064,16,2.97,1,11.0,17.87,1,0.668,23.7,60.0,39.0,2,183.47,12,1
Southern Africa,Female,41,Trader,10,64.08,0.584,14,5.69,1,50.0,23.3,0,,,87.0,59.0,5,359.34,8,0
East Africa,Male,59,Trader,23,38.97,-0.112,13,2.77,0,6.0,0.0,1,0.651,31.8,36.0,56.0,4,253.13,52,1
Southern Africa,Male,26,Trader,12,42.98,-0.898,8,6.43,0,4.0,0.0,0,,,57.0,40.0,2,263.95,8,0
Southern Africa,Male,53,Farmer,21,10.61,0.191,12,3.58,1,97.0,32.85,1,0.964,3.7,88.0,85.0,8,872.01,8,1
West Africa,Male,51,Self-employed,9,19.57,-0.884,10,1.28,0,3.0,0.0,0,,,47.0,57.0,3,288.6,24,0
West Africa,Female,56,Farmer,8,19.63,0.878,10,1.99,0,1.0,0.0,1,0.718,3.1,38.0,71.0,5,426.99,12,1
West Africa,Female,41,Farmer,15,123.61,0.615,21,4.55,0,11.0,0.0,0,,,35.0,40.0,4,421.43,4,1
Central Africa,Female,33,Trader,8,19.22,0.27,7,2.83,0,1.0,0.0,0,,,20.0,42.0,4,320.9,8,1
East Africa,Female,42,Farmer,28,21.68,0.294,22,6.54,0,3.0,0.0,1,0.979,1.1,64.0,70.0,11,1135.29,8,1
Central Africa,Female,63,Trader,18,60.44,0.056,10,1.76,1,23.0,38.52,0,,,35.0,68.0,5,633.58,12,1
East Africa,Prefer not to say,27,Farmer,6,41.52,-0.083,9,2.64,0,14.0,0.0,0,,,12.0,41.0,1,261.4,8,1
West Africa,Female,49,Self-employed,20,95.97,0.161,21,14.57,1,52.0,66.1,1,0.714,4.9,71.0,53.0,3,301.73,12,1
Central Africa,Male,28,Informal worker,12,39.59,0.82,12,1.59,0,1.0,0.0,0,,,30.0,39.0,1,320.37,4,0
East Africa,Male,54,Trader,16,63.8,-0.426,6,4.6,0,10.0,0.0,1,0.859,0.5,36.0,43.0,1,465.44,12,1
East Africa,Female,37,Trader,8,17.91,0.575,9,1.68,1,61.0,16.72,1,0.779,37.3,55.0,70.0,3,931.61,12,0
West Africa,Female,58,Informal worker,6,38.99,-0.788,14,1.59,0,1.0,0.0,1,0.889,0.2,45.0,68.0,4,46.25,12,0
West Africa,Female,25,Trader,8,35.66,-0.686,14,3.97,1,32.0,12.86,0,,,13.0,42.0,2,369.83,4,0
West Africa,Male,23,Salaried,6,25.4,-0.562,10,3.79,0,3.0,0.0,0,,,26.0,19.0,3,525.92,52,0
East Africa,Female,62,Informal worker,19,48.07,0.074,12,6.09,1,83.0,36.1,1,0.73,3.0,62.0,91.0,11,357.92,8,1
East Africa,Male,33,Farmer,8,14.75,-0.837,8,2.78,1,40.0,13.81,1,0.629,12.3,68.0,10.0,1,604.56,52,0
West Africa,Male,21,Informal worker,23,32.55,-1.194,19,1.86,0,12.0,0.0,0,,,62.0,58.0,4,871.71,8,0
West Africa,Female,57,Trader,14,87.2,0.092,12,4.05,1,75.0,29.37,0,,,42.0,45.0,5,268.54,4,1
West Africa,Female,37,Trader,9,22.86,-0.632,13,1.43,0,2.0,0.0,0,,,4.0,51.0,7,201.67,52,0
East Africa,Male,61,Informal worker,27,55.25,0.217,20,3.0,0,1.0,0.0,1,0.752,24.1,52.0,75.0,12,222.01,24,1
Central Africa,Male,38,Trader,15,49.16,0.141,8,2.3,0,11.0,0.0,1,0.741,22.7,34.0,48.0,5,423.86,8,1
East Africa,Female,53,Trader,9,16.96,-0.578,10,2.58,1,53.0,21.83,1,0.937,0.1,52.0,89.0,2,80.18,12,1
West Africa,Male,45,Self-employed,15,21.52,-0.231,9,1.74,1,58.0,14.24,0,,,17.0,18.0,2,235.87,8,1
East Africa,Male,40,Salaried,19,19.63,-0.164,10,2.52,0,2.0,0.0,1,0.87,0.3,49.0,89.0,5,526.86,12,0
Central Africa,Female,40,Trader,10,139.14,0.887,10,1.93,0,6.0,0.0,1,0.424,36.2,49.0,54.0,5,96.34,12,0
Southern Africa,Female,29,Salaried,12,32.28,0.389,13,2.07,0,2.0,0.0,1,0.706,25.2,29.0,64.0,4,223.85,8,1
Southern Africa,Male,52,Trader,7,50.7,-0.22,7,1.9,0,1.0,0.0,0,,,66.0,38.0,5,607.22,12,1
Central Africa,Female,42,Salaried,5,117.07,-0.242,11,6.74,1,69.0,8.5,0,,,39.0,29.0,4,140.98,8,1
East Africa,Female,18,Farmer,6,10.3,-1.462,13,0.77,0,3.0,0.0,0,,,40.0,71.0,1,123.32,4,1
Central Africa,Male,36,Farmer,15,50.71,-0.208,18,1.97,0,4.0,0.0,1,0.498,2.7,45.0,51.0,3,562.85,24,0
West Africa,Male,37,Informal worker,22,29.94,0.86,12,1.78,1,71.0,10.69,0,,,39.0,76.0,3,499.9,8,1
Southern Africa,Male,59,Trader,11,25.83,-0.625,15,2.54,0,11.0,0.0,0,,,35.0,53.0,5,58.73,24,0
Central Africa,Male,38,Self-employed,19,52.54,0.035,8,8.87,1,52.0,29.7,0,,,45.0,77.0,9,356.06,8,1
Central Africa,Female,44,Trader,11,88.78,-1.156,13,2.43,0,9.0,0.0,0,,,54.0,61.0,2,226.34,8,0
East Africa,Male,21,Self-employed,25,88.69,0.638,13,3.75,1,53.0,63.7,1,0.842,10.6,45.0,85.0,6,549.53,4,1
Southern Africa,Prefer not to say,36,Trader,19,165.48,0.243,19,3.22,0,6.0,0.0,0,,,39.0,68.0,7,1087.17,8,1
West Africa,Male,31,Trader,7,36.94,-0.865,14,2.72,0,9.0,0.0,0,,,22.0,51.0,4,157.31,12,1
East Africa,Female,41,Trader,4,20.63,-1.143,4,1.19,0,10.0,0.0,0,,,40.0,48.0,2,702.51,4,1
East Africa,Female,60,Farmer,31,121.4,1.561,12,2.85,0,15.0,0.0,1,0.82,0.7,37.0,51.0,8,202.42,12,0
East Africa,Female,61,Informal worker,15,37.71,-0.126,13,2.59,0,1.0,0.0,0,,,67.0,30.0,9,178.09,8,1
Southern Africa,Female,31,Informal worker,9,37.56,-0.606,16,3.4,0,10.0,0.0,1,0.975,7.7,18.0,46.0,2,227.49,4,1
West Africa,Male,46,Salaried,33,80.93,0.687,22,2.59,1,52.0,20.36,1,0.769,0.4,59.0,43.0,11,125.63,8,1
West Africa,Male,62,Farmer,12,89.88,-1.093,13,3.48,1,43.0,7.38,0,,,45.0,60.0,8,350.26,4,1
West Africa,Female,28,Farmer,10,32.88,0.687,9,2.18,0,2.0,0.0,1,0.789,12.3,55.0,92.0,1,123.59,52,1
Southern Africa,Female,38,Farmer,26,110.75,0.21,15,2.87,1,70.0,23.29,0,,,54.0,44.0,9,561.22,4,1
Southern Africa,Prefer not to say,41,Informal worker,11,28.67,-0.233,12,3.9,0,7.0,0.0,0,,,53.0,40.0,3,87.83,4,1
Southern Africa,Male,18,Self-employed,11,30.53,-0.683,11,1.35,0,8.0,0.0,1,0.81,44.9,35.0,53.0,4,223.4,24,1
West Africa,Male,39,Farmer,13,50.85,-0.166,14,4.25,0,2.0,0.0,0,,,50.0,96.0,6,133.61,12,0
Southern Africa,Male,23,Farmer,11,52.3,-0.313,14,5.19,0,17.0,0.0,1,0.834,1.6,48.0,70.0,6,441.65,4,0
Southern Africa,Female,32,Farmer,17,27.42,-0.199,14,6.26,1,70.0,28.83,1,0.84,3.2,39.0,55.0,5,290.91,12,1
West Africa,Male,23,Trader,32,113.43,-0.206,15,3.1,1,45.0,22.04,1,0.894,24.6,36.0,65.0,3,86.26,52,1
West Africa,Male,52,Informal worker,10,40.36,-0.146,9,2.99,0,3.0,0.0,0,,,35.0,46.0,4,90.97,24,0
East Africa,Female,57,Trader,18,18.07,-0.302,7,1.8,1,87.0,7.71,0,,,35.0,54.0,6,386.04,4,1
East Africa,Male,30,Salaried,14,65.36,0.163,20,3.65,0,15.0,0.0,0,,,75.0,61.0,4,546.12,4,1
West Africa,Female,19,Trader,9,47.7,-0.444,18,2.15,1,61.0,49.06,1,0.718,4.7,20.0,53.0,4,248.54,52,0
West Africa,Male,41,Trader,30,70.58,1.487,18,3.34,0,5.0,0.0,0,,,51.0,89.0,7,1047.8,4,1
West Africa,Female,23,Trader,17,71.59,0.19,20,2.46,0,18.0,0.0,0,,,67.0,68.0,6,209.82,12,1
West Africa,Male,38,Farmer,6,61.2,0.074,10,4.11,0,9.0,0.0,0,,,59.0,36.0,4,172.49,12,1
West Africa,Female,43,Salaried,18,23.22,0.333,20,3.57,0,20.0,0.0,1,0.663,10.4,88.0,40.0,10,237.07,4,1
Southern Africa,Female,39,Self-employed,19,113.67,0.905,16,5.95,1,85.0,65.55,0,,,79.0,66.0,14,312.22,8,1
East Africa,Male,42,Farmer,9,7.99,-0.586,16,3.05,1,32.0,8.71,0,,,62.0,81.0,5,279.44,52,0
East Africa,Male,44,Trader,20,42.41,0.169,23,1.86,0,11.0,0.0,0,,,35.0,68.0,15,479.5,24,0
Southern Africa,Female,25,Informal worker,8,11.87,-0.219,14,1.79,0,0.0,0.0,0,,,37.0,62.0,2,337.7,4,1
East Africa,Female,50,Informal worker,10,89.69,-1.429,12,1.94,0,7.0,0.0,0,,,46.0,23.0,3,195.13,12,0
West Africa,Male,49,Informal worker,8,21.84,-0.197,7,3.19,1,48.0,8.46,0,,,14.0,56.0,0,61.34,8,0
West Africa,Female,24,Farmer,17,52.61,-0.319,15,2.73,0,1.0,0.0,1,0.959,40.4,71.0,79.0,6,506.98,8,1
West Africa,Male,38,Informal worker,14,40.15,-0.197,16,6.76,1,90.0,34.58,0,,,52.0,71.0,6,547.96,52,1
East Africa,Male,31,Trader,17,50.87,0.704,14,4.3,1,28.0,11.96,0,,,88.0,82.0,6,200.73,8,1
East Africa,Male,36,Trader,21,40.87,-0.047,12,2.52,0,10.0,0.0,1,0.678,28.3,65.0,22.0,6,181.09,8,1
East Africa,Male,54,Self-employed,20,78.92,-0.309,13,1.87,0,14.0,0.0,1,0.666,3.8,64.0,50.0,10,337.96,8,1
East Africa,Male,46,Trader,27,83.14,0.633,22,9.04,1,67.0,65.32,1,0.894,0.9,69.0,71.0,6,350.37,52,1
Central Africa,Male,60,Farmer,11,31.85,-0.283,12,3.23,1,68.0,8.65,1,0.825,1.3,35.0,65.0,5,398.05,8,1
West Africa,Male,44,Trader,15,16.35,-0.027,12,2.49,0,4.0,0.0,1,0.875,1.9,74.0,84.0,4,374.77,12,1
East Africa,Male,20,Trader,15,97.55,-0.543,17,7.4,0,5.0,0.0,1,0.653,10.3,84.0,71.0,5,219.57,12,0
East Africa,Female,51,Self-employed,21,90.05,1.003,13,8.0,1,66.0,31.01,1,0.615,19.7,86.0,88.0,6,910.74,8,1
Southern Africa,Female,21,Trader,22,46.96,-0.519,14,2.94,1,91.0,10.63,0,,,23.0,84.0,8,58.43,8,1
Southern Africa,Male,34,Farmer,11,66.69,0.058,8,1.36,0,11.0,0.0,1,0.701,7.7,33.0,53.0,5,133.45,24,0
Southern Africa,Male,61,Salaried,27,282.43,-0.567,28,2.87,1,42.0,29.0,0,,,50.0,73.0,13,556.03,8,1
West Africa,Female,64,Trader,13,51.39,0.04,13,3.0,0,8.0,0.0,0,,,46.0,33.0,4,281.52,8,1
East Africa,Female,24,Trader,7,79.26,0.022,13,1.97,0,11.0,0.0,1,0.778,3.4,11.0,85.0,5,130.82,12,1
Southern Africa,Female,64,Farmer,25,74.42,-0.051,12,4.45,1,28.0,27.15,0,,,67.0,76.0,12,1019.7,4,1
East Africa,Male,64,Trader,18,118.58,0.163,14,0.84,0,1.0,0.0,1,0.559,23.9,15.0,54.0,6,56.4,12,0
Central Africa,Male,59,Trader,13,50.83,0.023,5,1.8,1,70.0,40.89,0,,,66.0,47.0,8,2145.2,24,1
East Africa,Male,56,Informal worker,7,18.43,-0.68,16,1.11,0,5.0,0.0,1,0.932,7.0,49.0,34.0,0,147.76,12,1
East Africa,Female,21,Trader,9,79.57,-0.122,8,2.85,0,8.0,0.0,0,,,63.0,66.0,5,145.59,12,1
East Africa,Male,23,Informal worker,13,42.9,0.656,7,3.0,0,2.0,0.0,0,,,31.0,68.0,2,906.14,8,0
East Africa,Male,46,Self-employed,14,58.75,0.385,11,4.74,1,73.0,22.0,0,,,73.0,87.0,6,480.51,12,1
Southern Africa,Male,22,Trader,24,75.83,-0.696,13,1.45,1,54.0,10.86,1,0.514,10.0,46.0,24.0,6,344.22,4,1
West Africa,Female,29,Trader,11,46.4,-0.494,10,3.34,0,3.0,0.0,1,0.421,1.9,21.0,53.0,3,153.14,4,1
East Africa,Male,63,Trader,14,15.29,-0.568,16,4.23,0,2.0,0.0,0,,,22.0,46.0,6,94.39,8,0
East Africa,Female,60,Trader,19,52.87,0.112,17,3.34,0,6.0,0.0,0,,,11.0,78.0,10,763.6,4,1
Central Africa,Male,29,Farmer,16,40.46,0.499,19,3.44,1,69.0,56.94,1,0.961,8.2,34.0,48.0,7,1062.72,8,1
East Africa,Male,43,Farmer,7,13.61,-0.076,12,1.36,0,4.0,0.0,0,,,15.0,44.0,0,98.44,4,0
Central Africa,Male,43,Trader,22,138.71,0.838,15,5.21,1,30.0,39.83,1,0.992,6.7,47.0,56.0,2,667.5,8,0
Central Africa,Prefer not to say,30,Farmer,25,53.87,-1.382,23,3.94,0,24.0,0.0,0,,,39.0,52.0,9,413.43,4,0
West Africa,Male,29,Trader,18,30.08,0.102,16,3.54,0,16.0,0.0,1,0.899,27.8,26.0,60.0,7,145.97,12,0
Central Africa,Male,38,Informal worker,11,36.62,-0.384,9,2.3,0,8.0,0.0,1,0.914,2.7,71.0,84.0,5,955.63,8,1
Central Africa,Female,46,Farmer,9,58.21,0.406,14,2.8,1,83.0,19.45,1,0.758,22.3,71.0,54.0,6,354.59,24,1
West Africa,Male,55,Informal worker,20,67.25,0.771,18,2.27,0,2.0,0.0,1,0.869,3.5,29.0,40.0,5,161.67,12,1
East Africa,Male,57,Informal worker,22,57.33,-0.791,24,9.08,0,7.0,0.0,0,,,34.0,93.0,4,522.89,12,0
West Africa,Male,18,Farmer,21,64.6,0.146,18,1.89,0,5.0,0.0,1,0.748,28.3,78.0,79.0,7,204.52,8,1
East Africa,Female,48,Informal worker,21,23.62,0.497,20,3.51,0,6.0,0.0,0,,,51.0,83.0,4,620.57,4,1
West Africa,Male,46,Trader,6,39.84,-0.102,11,0.7,1,70.0,20.34,0,,,57.0,59.0,1,393.98,12,1
Southern Africa,Female,20,Informal worker,9,15.9,0.318,9,1.74,0,22.0,0.0,1,0.859,20.3,58.0,15.0,1,164.26,8,1
East Africa,Female,57,Farmer,8,62.18,0.406,9,1.64,1,66.0,5.96,1,0.766,3.8,42.0,60.0,2,352.71,24,1
East Africa,Female,45,Farmer,15,40.63,-0.12,13,2.23,1,90.0,12.69,0,,,69.0,35.0,5,328.75,4,1
West Africa,Male,51,Farmer,10,15.04,-0.724,6,1.4,1,76.0,21.16,1,0.779,2.0,28.0,73.0,4,904.35,24,1
Southern Africa,Female,49,Informal worker,19,58.82,-0.376,9,1.63,1,72.0,12.02,1,0.704,9.3,35.0,61.0,2,218.86,52,1
East Africa,Female,33,Informal worker,21,76.94,0.597,13,2.16,1,53.0,28.82,0,,,34.0,40.0,4,164.27,24,1
East Africa,Female,27,Trader,14,33.38,0.306,9,2.02,0,8.0,0.0,0,,,22.0,79.0,6,408.89,24,1
West Africa,Male,35,Farmer,30,122.6,0.927,20,23.3,0,18.0,0.0,1,0.706,22.8,62.0,88.0,13,275.24,8,1
West Africa,Female,53,Trader,14,81.63,-0.226,9,2.25,1,49.0,45.84,1,0.888,22.6,48.0,59.0,2,558.16,4,1
East Africa,Female,47,Trader,15,51.77,0.24,14,5.75,0,5.0,0.0,0,,,14.0,18.0,3,529.0,12,1
Central Africa,Female,47,Trader,27,32.96,0.596,22,2.66,1,68.0,53.2,0,,,40.0,66.0,9,413.67,8,1
West Africa,Male,24,Informal worker,10,34.35,-0.453,7,3.05,0,5.0,0.0,1,0.803,5.2,54.0,86.0,3,228.14,8,1
Southern Africa,Female,18,Informal worker,10,32.92,0.707,14,5.7,0,2.0,0.0,0,,,50.0,10.0,4,39.99,12,0
West Africa,Female,49,Salaried,10,9.3,-1.02,7,1.97,0,4.0,0.0,1,0.782,0.2,21.0,76.0,1,141.59,4,1
Southern Africa,Female,62,Farmer,6,11.42,0.123,11,3.75,1,84.0,23.76,0,,,41.0,32.0,2,105.66,24,1
West Africa,Female,34,Informal worker,34,230.44,-0.033,27,2.2,1,59.0,43.29,1,0.888,0.2,37.0,93.0,5,816.1,4,1
East Africa,Female,38,Salaried,26,52.07,0.582,16,8.31,1,69.0,34.15,0,,,83.0,85.0,12,270.06,4,1
East Africa,Male,63,Trader,18,40.97,0.699,23,3.58,1,41.0,44.12,1,0.813,1.2,53.0,73.0,7,344.69,12,1
West Africa,Male,28,Informal worker,16,18.1,0.323,9,2.23,0,2.0,0.0,1,0.805,1.4,39.0,31.0,2,149.17,12,1
West Africa,Male,42,Farmer,37,278.02,0.825,24,9.89,1,63.0,71.52,1,0.561,7.3,38.0,79.0,8,668.96,4,1
East Africa,Female,22,Trader,19,72.72,-0.826,13,2.51,1,61.0,27.92,0,,,64.0,46.0,9,224.46,24,1
East Africa,Male,30,Self-employed,37,67.61,0.133,33,6.37,0,20.0,0.0,1,0.621,6.3,48.0,82.0,9,596.12,8,1
Central Africa,Female,35,Trader,9,44.05,-0.111,6,2.05,0,10.0,0.0,0,,,37.0,30.0,3,653.88,12,1
East Africa,Prefer not to say,50,Self-employed,16,98.39,-0.179,14,3.43,0,6.0,0.0,0,,,66.0,76.0,2,712.75,24,1
Central Africa,Female,32,Salaried,2,6.58,-0.789,6,2.36,1,89.0,15.69,0,,,36.0,29.0,0,70.05,8,0
East Africa,Female,39,Salaried,15,72.92,-1.854,7,1.0,0,9.0,0.0,0,,,13.0,92.0,3,318.86,8,0
West Africa,Female,32,Informal worker,29,46.2,0.459,22,5.68,1,54.0,36.99,1,0.835,14.0,78.0,92.0,11,375.45,8,1
West Africa,Male,24,Informal worker,10,10.81,-0.307,6,5.14,1,70.0,10.84,0,,,30.0,81.0,2,38.33,8,1
East Africa,Male,55,Farmer,16,138.71,-0.448,14,2.0,0,2.0,0.0,0,,,71.0,57.0,7,93.4,12,0
West Africa,Female,49,Farmer,23,61.11,0.075,15,5.82,1,87.0,32.43,0,,,43.0,60.0,10,264.61,12,1
Central Africa,Female,48,Salaried,16,34.98,-0.129,15,6.04,0,2.0,0.0,0,,,40.0,47.0,7,124.86,12,1
Southern Africa,Male,45,Farmer,11,87.28,0.05,9,1.49,0,1.0,0.0,0,,,42.0,35.0,1,334.54,4,0
East Africa,Male,24,Farmer,7,33.12,-0.135,17,1.17,1,48.0,37.56,1,0.891,2.1,80.0,89.0,5,391.77,4,1
East Africa,Female,42,Self-employed,18,22.38,-0.246,10,3.22,0,7.0,0.0,1,0.811,20.4,23.0,68.0,3,120.01,12,0
East Africa,Male,51,Farmer,21,107.25,0.263,12,3.54,0,6.0,0.0,0,,,79.0,80.0,10,334.7,52,1
East Africa,Female,41,Salaried,18,21.46,-0.133,18,4.46,0,5.0,0.0,0,,,62.0,57.0,3,210.95,12,0
West Africa,Male,52,Trader,8,37.46,0.409,11,1.63,1,51.0,9.95,1,0.822,0.5,57.0,72.0,2,532.56,4,1
West Africa,Female,33,Trader,17,24.87,-0.126,17,3.7,0,5.0,0.0,1,0.873,10.8,38.0,47.0,3,276.23,8,1
West Africa,Male,42,Informal worker,11,14.4,0.058,6,1.35,1,93.0,22.18,0,,,82.0,43.0,2,128.52,4,1
West Africa,Female,35,Farmer,7,46.13,-0.772,10,2.7,0,4.0,0.0,0,,,30.0,44.0,3,744.62,24,0
Southern Africa,Female,64,Salaried,7,15.42,0.609,10,1.68,1,27.0,11.0,0,,,41.0,84.0,2,124.3,4,1
West Africa,Male,26,Trader,13,56.81,1.23,11,1.41,1,92.0,8.62,0,,,50.0,27.0,6,288.9,8,1
West Africa,Male,31,Trader,21,11.63,0.192,6,4.03,0,15.0,0.0,1,0.931,8.9,44.0,73.0,5,144.1,24,1
Central Africa,Female,50,Salaried,28,58.29,0.746,15,2.5,1,66.0,9.74,0,,,66.0,75.0,7,602.09,24,1
Central Africa,Male,20,Farmer,14,25.47,-0.243,7,3.09,0,7.0,0.0,0,,,42.0,69.0,6,221.76,8,1
East Africa,Female,42,Farmer,19,59.57,0.518,12,4.73,0,3.0,0.0,0,,,61.0,71.0,6,195.35,4,0
East Africa,Male,19,Trader,27,65.79,0.32,25,4.84,1,92.0,78.9,1,0.794,1.2,27.0,88.0,13,1403.77,4,1
Southern Africa,Female,42,Self-employed,8,41.96,-0.843,7,3.17,1,95.0,17.5,1,0.547,13.4,28.0,59.0,0,149.31,4,1
West Africa,Male,33,Self-employed,10,52.48,0.183,14,1.35,0,0.0,0.0,1,0.586,1.8,28.0,91.0,3,150.12,8,1
East Africa,Female,26,Farmer,14,27.34,-0.727,12,2.55,1,59.0,16.92,1,0.693,4.8,35.0,68.0,3,213.8,12,1
West Africa,Female,41,Trader,22,62.71,1.161,25,3.93,1,49.0,27.92,1,0.883,12.1,40.0,84.0,11,593.46,12,1
East Africa,Male,33,Self-employed,14,68.54,0.669,16,1.81,0,5.0,0.0,1,0.82,17.9,45.0,66.0,4,218.39,12,1
Central Africa,Male,21,Salaried,8,49.38,0.552,10,5.01,0,8.0,0.0,1,0.555,20.2,33.0,25.0,3,372.46,8,0
Southern Africa,Female,43,Farmer,13,12.22,-0.511,20,1.93,1,32.0,23.87,1,0.622,4.2,29.0,80.0,3,525.37,4,0
Central Africa,Female,44,Informal worker,15,18.99,-0.7,12,5.38,0,1.0,0.0,0,,,68.0,47.0,7,640.96,4,1
Southern Africa,Prefer not to say,49,Farmer,22,29.36,0.718,15,12.77,0,1.0,0.0,0,,,21.0,79.0,10,130.04,4,0
East Africa,Female,60,Trader,10,37.14,0.486,20,34.53,0,6.0,0.0,1,0.79,4.5,48.0,72.0,5,553.74,24,1
Southern Africa,Female,51,Informal worker,25,19.69,0.752,16,1.56,0,4.0,0.0,1,0.784,5.1,37.0,61.0,5,510.38,12,1
Southern Africa,Female,55,Informal worker,12,49.33,0.294,13,2.93,0,8.0,0.0,0,,,32.0,81.0,4,212.82,4,1
East Africa,Female,48,Farmer,6,21.16,-0.689,8,1.68,0,3.0,0.0,1,0.713,24.5,37.0,68.0,5,67.22,12,1
West Africa,Female,49,Salaried,17,73.46,0.038,20,5.91,0,5.0,0.0,0,,,37.0,34.0,2,801.56,8,1
East Africa,Male,55,Farmer,12,36.84,0.05,14,3.63,1,62.0,50.07,1,0.665,6.3,64.0,66.0,9,269.42,12,1
West Africa,Female,49,Salaried,7,47.76,0.117,11,4.99,1,38.0,23.96,0,,,28.0,84.0,1,47.62,4,1
East Africa,Female,41,Trader,6,19.33,-0.108,12,2.33,1,93.0,18.49,0,,,36.0,22.0,0,154.14,8,0
West Africa,Male,52,Self-employed,6,35.19,0.211,10,3.02,0,9.0,0.0,0,,,75.0,77.0,1,172.29,4,1
East Africa,Male,63,Trader,17,104.44,0.657,11,5.16,0,0.0,0.0,0,,,56.0,92.0,7,1319.0,12,0
West Africa,Female,41,Trader,28,57.74,0.721,14,2.14,0,5.0,0.0,0,,,37.0,88.0,2,1529.01,12,0
West Africa,Female,28,Informal worker,19,15.34,-0.27,9,1.86,0,2.0,0.0,1,0.435,22.7,49.0,20.0,0,386.5,24,1
East Africa,Male,36,Trader,23,26.75,0.653,20,6.19,0,2.0,0.0,0,,,51.0,53.0,9,92.44,8,0
West Africa,Female,18,Trader,23,115.02,0.72,18,5.08,0,8.0,0.0,1,0.474,7.3,80.0,71.0,10,327.24,24,1
Central Africa,Female,32,Informal worker,18,31.61,1.064,23,2.74,1,45.0,13.3,1,0.661,9.1,29.0,49.0,13,592.4,4,1
East Africa,Male,59,Farmer,28,55.44,1.268,13,5.18,0,2.0,0.0,1,0.494,3.9,18.0,64.0,7,467.22,4,1
East Africa,Female,22,Salaried,16,138.62,0.644,22,1.6,1,63.0,22.93,0,,,74.0,79.0,2,181.86,24,1
West Africa,Male,59,Trader,20,32.06,0.766,17,4.34,0,4.0,0.0,1,0.948,1.1,27.0,65.0,5,110.4,52,1
Southern Africa,Female,44,Farmer,21,37.84,0.715,13,6.78,0,2.0,0.0,0,,,84.0,66.0,4,69.22,52,1
East Africa,Male,32,Farmer,16,56.91,-0.817,8,5.22,1,22.0,21.19,0,,,27.0,88.0,8,172.89,8,1
East Africa,Female,40,Farmer,11,66.02,0.198,8,3.96,0,15.0,0.0,1,0.693,5.0,48.0,25.0,4,464.77,24,1
West Africa,Male,59,Farmer,22,199.32,-0.019,18,2.91,0,15.0,0.0,1,0.807,14.0,63.0,28.0,7,313.54,12,0
Southern Africa,Female,23,Farmer,14,25.45,0.785,8,7.12,0,1.0,0.0,1,0.947,27.6,64.0,28.0,0,176.07,12,1
Central Africa,Female,44,Farmer,11,49.86,-1.383,11,2.33,0,3.0,0.0,1,0.848,3.9,51.0,52.0,4,101.06,24,1
East Africa,Male,30,Trader,12,49.56,-1.056,12,6.08,0,1.0,0.0,1,0.763,15.0,65.0,41.0,9,736.18,12,1
West Africa,Prefer not to say,43,Informal worker,18,57.86,1.35,18,1.45,1,36.0,26.99,1,0.711,3.4,87.0,44.0,12,331.03,8,1
West Africa,Male,54,Farmer,21,101.85,1.807,21,6.58,1,94.0,77.27,0,,,62.0,76.0,9,298.38,24,1
West Africa,Female,61,Farmer,24,78.62,1.109,20,6.11,1,78.0,41.69,1,0.842,4.4,67.0,39.0,8,289.21,12,1
Southern Africa,Female,30,Trader,15,29.42,1.065,15,3.83,1,93.0,24.6,0,,,56.0,73.0,9,394.84,4,1
Central Africa,Female,49,Salaried,21,28.6,-0.577,10,1.58,0,9.0,0.0,0,,,26.0,51.0,5,208.84,4,0
Central Africa,Female,38,Trader,12,126.06,0.693,5,4.02,0,1.0,0.0,0,,,91.0,73.0,4,1081.74,8,1
Southern Africa,Prefer not to say,41,Self-employed,17,33.57,-0.477,7,1.21,1,68.0,15.6,0,,,71.0,41.0,3,378.41,4,1
West Africa,Male,25,Trader,7,41.41,0.369,9,0.7,0,15.0,0.0,1,0.868,15.6,70.0,83.0,0,283.1,8,0
Central Africa,Male,58,Self-employed,12,79.2,-0.506,11,2.23,0,4.0,0.0,0,,,37.0,61.0,2,271.38,8,1
West Africa,Male,25,Farmer,18,44.9,0.057,17,3.5,0,6.0,0.0,1,0.561,5.9,43.0,77.0,4,420.35,4,1
West Africa,Male,19,Farmer,3,53.23,0.173,10,5.59,0,2.0,0.0,0,,,51.0,23.0,2,281.97,12,1
Southern Africa,Female,53,Trader,20,33.41,0.082,20,4.06,0,8.0,0.0,1,0.907,1.5,24.0,79.0,5,350.81,4,1
West Africa,Male,37,Self-employed,24,84.55,0.313,14,3.7,0,2.0,0.0,0,,,73.0,64.0,5,291.54,4,1
Southern Africa,Female,21,Trader,21,42.05,-0.514,12,1.81,0,1.0,0.0,1,0.895,46.0,79.0,27.0,1,113.95,12,0
Central Africa,Male,50,Informal worker,14,30.86,-0.612,13,2.69,0,5.0,0.0,0,,,45.0,52.0,1,85.37,8,0
Southern Africa,Male,31,Trader,23,93.48,0.115,18,2.03,1,31.0,17.29,0,,,55.0,49.0,4,219.32,4,1
Southern Africa,Female,63,Informal worker,11,39.87,-0.623,14,4.22,0,7.0,0.0,0,,,53.0,85.0,3,89.51,8,1
East Africa,Male,64,Informal worker,9,22.2,0.19,7,4.02,0,3.0,0.0,0,,,16.0,13.0,3,47.7,12,0
West Africa,Female,43,Farmer,7,11.84,-0.05,12,2.52,1,65.0,16.0,0,,,64.0,77.0,2,319.63,8,1
Southern Africa,Female,40,Informal worker,12,52.8,-0.953,14,1.55,0,3.0,0.0,1,0.509,5.6,33.0,83.0,1,219.47,4,1
East Africa,Female,38,Salaried,12,50.77,0.661,14,2.12,0,12.0,0.0,0,,,9.0,40.0,4,985.9,4,0
Central Africa,Female,46,Farmer,36,261.22,1.788,25,8.45,0,11.0,0.0,0,,,60.0,84.0,12,454.6,24,1
West Africa,Female,60,Trader,11,67.21,0.11,10,2.69,0,6.0,0.0,1,0.465,36.0,41.0,44.0,3,244.7,8,0
West Africa,Male,48,Farmer,17,33.2,-0.122,15,2.54,0,4.0,0.0,0,,,59.0,89.0,3,906.65,4,0
East Africa,Female,22,Informal worker,6,41.88,0.642,13,1.5,1,43.0,26.04,1,0.636,14.3,55.0,53.0,2,1018.63,8,1
Southern Africa,Male,27,Trader,16,57.92,-0.153,9,5.84,1,96.0,35.45,0,,,72.0,39.0,12,260.8,8,1
Southern Africa,Male,47,Informal worker,10,62.86,0.7,10,2.86,0,1.0,0.0,0,,,44.0,57.0,2,465.6,52,1
Central Africa,Female,35,Trader,13,65.83,-0.251,13,2.5,0,1.0,0.0,0,,,43.0,27.0,4,157.95,4,0
West Africa,Female,40,Self-employed,26,239.94,1.052,17,4.29,1,44.0,36.0,1,0.454,1.8,74.0,71.0,6,514.31,8,1
East Africa,Female,36,Informal worker,12,39.2,0.425,13,1.38,0,8.0,0.0,1,0.668,46.9,12.0,94.0,4,214.97,24,1
West Africa,Female,46,Farmer,17,92.07,1.623,14,2.55,0,2.0,0.0,1,0.771,4.2,48.0,46.0,6,131.22,24,1
West Africa,Female,28,Salaried,4,72.86,0.171,15,1.24,1,79.0,7.56,0,,,61.0,38.0,7,586.46,12,1
East Africa,Female,21,Salaried,12,86.12,1.369,17,1.71,1,88.0,30.17,1,0.884,5.9,40.0,8.0,5,222.47,24,1
East Africa,Male,28,Trader,2,24.51,-0.521,12,1.99,0,11.0,0.0,1,0.745,22.4,56.0,60.0,3,122.22,24,0
East Africa,Male,49,Farmer,13,37.22,-0.526,15,3.39,0,2.0,0.0,0,,,50.0,61.0,6,357.88,12,1
East Africa,Female,46,Farmer,20,112.15,0.37,17,4.52,1,89.0,40.21,0,,,63.0,51.0,8,334.75,8,1
East Africa,Female,56,Farmer,19,87.21,0.404,23,2.73,1,95.0,19.21,1,0.817,2.7,32.0,21.0,5,118.03,24,1
Southern Africa,Male,23,Farmer,9,19.57,-0.008,16,2.96,0,6.0,0.0,0,,,74.0,82.0,9,325.75,4,0
West Africa,Male,24,Farmer,29,46.81,0.921,22,3.29,1,78.0,40.28,0,,,57.0,75.0,8,274.98,12,1
West Africa,Male,24,Trader,9,51.67,0.073,7,2.42,0,9.0,0.0,0,,,77.0,87.0,2,191.13,24,1
Southern Africa,Female,44,Trader,7,9.7,0.343,9,1.37,1,23.0,16.75,0,,,85.0,84.0,1,851.55,12,1
Southern Africa,Male,44,Trader,20,59.97,-0.591,16,1.13,0,3.0,0.0,0,,,59.0,64.0,6,145.14,24,1
Southern Africa,Male,25,Trader,10,21.7,-0.356,18,2.65,1,78.0,29.6,1,0.376,9.1,30.0,55.0,2,250.22,4,1
West Africa,Male,39,Farmer,23,32.85,-0.015,13,3.59,1,66.0,38.52,1,0.569,4.5,70.0,66.0,10,288.81,8,1
East Africa,Male,20,Trader,23,47.12,0.532,16,2.26,0,2.0,0.0,0,,,40.0,35.0,5,284.28,8,1
Central Africa,Male,46,Trader,22,71.83,0.346,20,2.49,1,65.0,32.55,0,,,69.0,24.0,8,263.89,12,1
East Africa,Female,44,Salaried,29,74.61,1.448,23,0.97,0,1.0,0.0,0,,,71.0,96.0,7,3146.65,24,1
East Africa,Male,19,Informal worker,13,15.67,0.064,9,2.2,0,12.0,0.0,1,0.54,19.2,47.0,38.0,4,406.68,8,0
Central Africa,Male,22,Salaried,7,10.75,0.382,12,2.23,0,6.0,0.0,1,0.605,3.2,14.0,63.0,1,71.47,12,1
West Africa,Female,51,Self-employed,5,22.55,-0.629,12,1.69,0,4.0,0.0,1,0.474,5.2,60.0,65.0,2,190.3,4,0
Southern Africa,Female,60,Informal worker,16,63.16,0.603,21,3.68,0,8.0,0.0,0,,,40.0,69.0,7,146.08,8,0
Central Africa,Male,57,Salaried,12,70.52,-0.287,11,4.0,1,62.0,8.08,1,0.873,2.6,73.0,37.0,3,321.62,24,1
West Africa,Male,44,Trader,26,19.21,-0.413,14,1.46,0,4.0,0.0,1,0.895,1.4,64.0,64.0,3,543.75,4,1
Southern Africa,Female,42,Informal worker,9,28.48,0.404,12,1.37,0,18.0,0.0,0,,,7.0,79.0,2,182.98,4,0
East Africa,Female,55,Farmer,21,74.07,0.124,8,3.83,1,50.0,8.72,0,,,73.0,74.0,5,1441.53,8,1
Central Africa,Male,57,Informal worker,31,35.42,0.074,9,1.36,1,14.0,30.45,1,0.814,7.4,43.0,97.0,3,434.69,12,1
Central Africa,Female,60,Trader,16,34.87,-0.468,16,1.84,0,9.0,0.0,1,0.911,8.8,57.0,77.0,2,108.01,12,1
Central Africa,Male,36,Self-employed,21,46.27,-0.209,23,6.67,0,1.0,0.0,0,,,39.0,64.0,5,179.19,8,1
West Africa,Male,40,Farmer,7,20.02,0.656,10,1.25,1,78.0,6.86,0,,,33.0,33.0,2,163.81,4,1
Southern Africa,Male,21,Salaried,9,69.6,0.39,11,2.07,0,16.0,0.0,1,0.822,11.2,23.0,75.0,3,181.06,12,1
Central Africa,Female,26,Self-employed,13,26.8,-0.638,14,2.9,1,37.0,17.73,1,0.73,49.2,68.0,63.0,2,687.85,4,1
East Africa,Male,35,Salaried,16,21.37,-0.645,9,2.81,0,3.0,0.0,0,,,45.0,76.0,2,420.61,8,1
East Africa,Male,56,Farmer,11,8.81,-0.084,8,2.88,1,47.0,14.52,1,0.891,16.0,16.0,6.0,3,116.66,4,1
West Africa,Male,38,Farmer,8,56.5,-0.356,13,1.44,1,44.0,28.76,1,0.589,0.7,65.0,39.0,5,300.57,24,1
Central Africa,Male,45,Informal worker,15,40.35,0.007,13,2.66,0,1.0,0.0,1,0.779,3.9,83.0,42.0,9,371.85,52,1
West Africa,Male,58,Farmer,23,27.09,-0.425,9,4.15,0,1.0,0.0,0,,,19.0,70.0,3,172.32,8,0
West Africa,Female,40,Farmer,33,174.42,0.416,20,4.46,1,98.0,61.05,1,0.854,3.8,14.0,97.0,10,308.14,12,1
Central Africa,Female,33,Informal worker,5,16.42,-1.038,8,2.35,0,1.0,0.0,1,0.847,20.4,17.0,49.0,2,144.98,8,0
Central Africa,Male,52,Self-employed,33,28.57,0.08,22,4.68,1,70.0,86.53,0,,,32.0,51.0,12,378.24,8,1
Central Africa,Male,32,Farmer,13,19.01,0.717,21,1.15,0,3.0,0.0,1,0.817,25.9,46.0,54.0,5,235.16,4,1
East Africa,Female,36,Trader,9,13.23,-0.879,13,0.96,1,67.0,27.69,0,,,57.0,73.0,2,263.02,8,1
West Africa,Male,59,Informal worker,10,22.35,-0.23,20,2.43,1,61.0,24.4,0,,,23.0,45.0,7,259.2,12,0
East Africa,Male,38,Informal worker,5,25.82,-0.164,6,2.07,1,97.0,9.18,1,0.576,0.2,27.0,57.0,2,217.67,4,1
West Africa,Female,29,Self-employed,9,32.67,0.552,11,1.74,1,38.0,22.2,0,,,53.0,92.0,8,263.95,24,1
Central Africa,Female,57,Informal worker,13,61.67,-0.91,13,5.37,0,18.0,0.0,1,0.793,6.3,29.0,74.0,2,246.75,4,0
East Africa,Male,48,Farmer,14,45.72,-0.677,12,2.3,0,10.0,0.0,1,0.833,4.3,25.0,52.0,0,289.12,8,1
East Africa,Male,54,Informal worker,21,54.46,0.065,15,3.23,1,16.0,28.73,0,,,65.0,83.0,2,227.07,24,1
West Africa,Male,33,Salaried,7,41.51,0.392,9,1.28,0,1.0,0.0,0,,,49.0,89.0,3,94.64,8,1
East Africa,Male,54,Farmer,7,55.63,0.304,13,2.66,0,1.0,0.0,1,0.777,3.6,54.0,44.0,4,73.86,8,1
Central Africa,Female,62,Trader,12,41.51,1.02,13,1.51,1,85.0,43.96,1,0.929,11.9,76.0,62.0,2,543.05,8,1
Southern Africa,Female,25,Informal worker,32,139.97,-0.165,17,1.97,0,10.0,0.0,0,,,58.0,49.0,10,719.24,8,1
West Africa,Male,26,Trader,10,25.1,-0.569,14,3.6,0,2.0,0.0,0,,,51.0,97.0,5,134.77,52,0
West Africa,Male,44,Self-employed,21,44.07,0.004,24,3.35,0,1.0,0.0,0,,,46.0,80.0,8,207.34,24,1
East Africa,Male,52,Trader,29,38.94,0.07,24,2.55,0,1.0,0.0,1,0.933,2.5,42.0,63.0,6,418.34,12,1
West Africa,Male,18,Farmer,18,40.3,-0.051,17,3.52,0,8.0,0.0,0,,,65.0,59.0,10,1219.68,4,1
Central Africa,Female,43,Self-employed,14,14.76,-0.012,13,3.67,0,3.0,0.0,1,0.948,1.7,16.0,75.0,2,336.64,24,0
Southern Africa,Male,23,Trader,9,13.97,-1.343,12,6.14,1,54.0,14.78,1,0.309,43.1,59.0,82.0,2,185.67,8,1
West Africa,Female,63,Trader,17,28.9,0.508,11,1.49,0,3.0,0.0,1,0.853,7.4,66.0,57.0,4,230.02,4,1
Southern Africa,Female,52,Trader,13,44.45,0.069,9,1.13,1,76.0,16.5,1,0.765,5.3,82.0,32.0,6,298.45,8,1
East Africa,Female,64,Self-employed,13,44.47,0.602,22,3.59,1,78.0,41.78,0,,,77.0,71.0,4,369.62,52,1
West Africa,Female,28,Self-employed,9,14.35,-1.223,11,1.16,0,6.0,0.0,1,0.706,11.2,15.0,70.0,2,146.42,12,0
East Africa,Female,55,Farmer,14,62.54,-0.779,8,4.52,0,4.0,0.0,1,0.663,22.8,43.0,54.0,2,183.48,4,1
West Africa,Prefer not to say,35,Informal worker,8,52.51,-0.823,13,1.23,1,71.0,18.45,0,,,34.0,67.0,1,217.89,24,1
East Africa,Male,22,Informal worker,21,84.36,-0.05,13,4.81,0,10.0,0.0,0,,,61.0,62.0,10,140.24,8,1
Southern Africa,Male,40,Trader,11,35.97,-0.601,11,2.41,1,90.0,27.68,1,0.615,4.7,52.0,52.0,2,205.39,8,1
Central Africa,Male,40,Trader,28,194.42,0.726,15,5.79,1,76.0,29.32,0,,,24.0,90.0,13,409.68,12,1
West Africa,Female,41,Salaried,31,81.62,0.168,9,3.69,1,38.0,20.37,1,0.899,13.0,90.0,90.0,4,1070.27,24,1
East Africa,Female,58,Trader,24,27.45,0.8,24,8.73,1,65.0,28.2,0,,,44.0,46.0,3,183.24,24,1
West Africa,Male,31,Farmer,13,20.38,0.343,15,1.45,0,12.0,0.0,0,,,63.0,95.0,3,823.95,4,1
East Africa,Female,48,Trader,28,78.16,1.697,15,3.75,1,86.0,65.91,1,0.825,11.4,45.0,91.0,8,409.47,24,1
West Africa,Female,27,Informal worker,16,48.15,-0.091,16,3.7,1,83.0,15.98,0,,,29.0,53.0,1,141.17,4,1
East Africa,Female,59,Trader,22,154.36,0.426,20,4.16,0,7.0,0.0,1,0.798,13.5,68.0,96.0,15,137.72,8,1
West Africa,Male,39,Trader,36,218.21,1.237,19,3.62,1,86.0,25.82,0,,,42.0,90.0,16,633.18,12,1
Central Africa,Male,55,Trader,19,87.48,0.398,15,2.08,0,4.0,0.0,0,,,61.0,36.0,5,142.25,8,0
Central Africa,Male,30,Self-employed,5,52.21,-0.746,7,1.5,0,0.0,0.0,1,0.603,73.1,52.0,70.0,3,74.43,8,0
West Africa,Male,32,Trader,7,31.34,0.391,8,2.5,1,75.0,10.34,1,0.824,3.6,30.0,42.0,3,559.88,8,1
Southern Africa,Female,64,Farmer,16,26.87,0.223,17,2.29,0,7.0,0.0,0,,,45.0,50.0,0,379.54,24,1
West Africa,Male,27,Farmer,4,19.4,-1.386,5,1.93,1,34.0,10.07,0,,,4.0,83.0,3,423.51,4,1
Southern Africa,Male,44,Farmer,20,45.65,1.128,8,9.93,1,39.0,14.21,1,0.867,4.4,36.0,59.0,10,106.2,12,1
West Africa,Male,33,Salaried,18,76.63,0.257,12,4.23,1,49.0,25.84,1,0.731,0.5,41.0,64.0,2,326.91,12,1
West Africa,Female,36,Farmer,8,242.85,-0.72,8,4.81,0,9.0,0.0,1,0.763,1.4,57.0,84.0,3,416.04,8,0
Southern Africa,Male,50,Informal worker,16,35.92,-0.545,8,3.38,0,8.0,0.0,1,0.712,10.4,45.0,78.0,5,213.16,8,1
East Africa,Prefer not to say,54,Farmer,9,24.97,-0.022,15,2.07,0,5.0,0.0,1,0.794,20.6,24.0,35.0,1,138.47,8,1
East Africa,Male,40,Salaried,22,92.84,-0.126,16,3.62,0,0.0,0.0,0,,,55.0,62.0,4,429.88,4,1
East Africa,Female,47,Salaried,9,18.95,-0.953,13,3.37,0,0.0,0.0,0,,,20.0,36.0,0,186.8,8,1
West Africa,Male,20,Trader,17,109.64,-0.129,22,5.3,1,67.0,17.45,1,0.748,21.6,69.0,37.0,9,309.6,24,1
West Africa,Male,28,Salaried,10,64.56,-0.051,8,2.36,0,8.0,0.0,0,,,75.0,50.0,2,162.76,8,0
East Africa,Prefer not to say,52,Salaried,7,136.92,-0.222,15,4.16,1,62.0,12.04,1,0.933,33.6,71.0,50.0,3,539.46,8,1
East Africa,Female,49,Self-employed,4,28.76,-0.968,9,2.0,0,6.0,0.0,0,,,51.0,77.0,2,222.23,12,1
West Africa,Female,20,Self-employed,25,179.63,1.415,5,5.44,0,8.0,0.0,0,,,70.0,73.0,8,628.01,8,1
East Africa,Female,59,Informal worker,21,23.39,0.402,16,2.73,0,0.0,0.0,1,0.931,5.8,33.0,65.0,4,1107.61,8,1
East Africa,Male,37,Farmer,16,124.27,-0.29,15,1.59,0,2.0,0.0,1,0.596,4.3,70.0,41.0,10,1667.15,24,0
Southern Africa,Female,32,Trader,9,74.75,0.143,14,2.23,0,4.0,0.0,0,,,44.0,80.0,1,720.89,8,0
Southern Africa,Male,39,Salaried,24,65.85,0.314,3,3.2,0,7.0,0.0,0,,,58.0,67.0,4,492.92,24,1
East Africa,Female,36,Self-employed,13,37.16,-0.078,9,1.21,1,84.0,11.39,0,,,80.0,37.0,6,296.28,8,1
East Africa,Female,41,Trader,16,8.46,0.065,13,4.77,1,83.0,22.57,1,0.715,14.7,45.0,95.0,2,433.52,12,1
East Africa,Female,25,Informal worker,5,35.95,-0.531,8,1.37,0,5.0,0.0,1,0.717,8.0,40.0,91.0,2,51.53,24,1
West Africa,Female,24,Trader,19,35.29,0.346,13,4.17,1,71.0,59.73,1,0.897,3.8,57.0,46.0,6,792.87,12,1
West Africa,Female,64,Trader,17,30.46,-0.174,12,3.63,0,0.0,0.0,0,,,50.0,77.0,2,259.5,8,1
West Africa,Female,53,Farmer,30,97.77,0.905,22,5.31,1,92.0,29.04,0,,,40.0,51.0,11,567.11,24,1
Southern Africa,Male,34,Farmer,14,42.15,0.049,13,2.46,0,11.0,0.0,0,,,44.0,52.0,6,148.48,24,0
West Africa,Female,57,Informal worker,31,42.93,0.429,11,6.47,1,85.0,20.17,1,0.736,1.0,57.0,60.0,4,229.49,8,0
East Africa,Female,55,Trader,15,21.35,0.243,12,1.83,1,73.0,11.43,1,0.848,14.5,38.0,85.0,3,413.75,8,1
East Africa,Male,50,Informal worker,7,17.89,0.532,15,1.61,1,47.0,20.68,0,,,62.0,61.0,4,165.01,12,1
East Africa,Female,51,Informal worker,19,40.83,-0.283,11,1.97,0,1.0,0.0,0,,,38.0,33.0,3,580.18,4,1
Southern Africa,Male,62,Salaried,17,111.49,-0.131,18,6.0,1,81.0,41.61,0,,,40.0,90.0,5,158.05,12,1
Southern Africa,Female,57,Trader,9,29.86,-1.173,11,1.38,0,8.0,0.0,0,,,40.0,71.0,2,95.19,12,0
West Africa,Female,30,Farmer,14,60.39,0.522,12,6.12,0,1.0,0.0,0,,,25.0,69.0,6,161.01,4,0
Southern Africa,Male,52,Informal worker,17,57.85,0.328,18,4.37,1,91.0,31.7,1,0.539,16.5,33.0,88.0,7,149.74,8,1
East Africa,Male,25,Informal worker,7,28.52,-0.83,16,2.3,0,21.0,0.0,1,0.825,0.7,39.0,61.0,5,479.78,4,0
West Africa,Female,41,Farmer,21,38.63,-0.08,17,3.82,1,82.0,47.87,1,0.618,13.0,84.0,64.0,6,308.17,12,1
Southern Africa,Male,21,Farmer,16,30.69,0.151,12,4.16,0,10.0,0.0,1,0.581,4.4,75.0,51.0,6,163.79,12,1
Southern Africa,Prefer not to say,25,Self-employed,8,13.08,0.192,11,3.95,0,3.0,0.0,0,,,31.0,46.0,4,422.45,12,1
West Africa,Male,51,Farmer,24,151.9,0.813,16,6.6,1,53.0,38.98,1,0.741,9.7,39.0,55.0,8,150.61,24,1
Central Africa,Male,35,Trader,26,95.22,0.692,19,34.54,1,64.0,28.27,1,0.716,15.7,66.0,87.0,8,755.08,24,1
East Africa,Male,25,Self-employed,5,28.87,0.052,5,0.75,0,9.0,0.0,1,0.915,11.8,46.0,45.0,1,140.37,8,0
East Africa,Female,64,Salaried,18,58.85,0.104,11,3.12,0,5.0,0.0,1,0.714,0.9,49.0,88.0,4,346.62,8,1
West Africa,Female,62,Trader,25,45.89,0.408,16,4.19,0,11.0,0.0,1,0.647,2.5,69.0,41.0,3,452.55,24,1
West Africa,Female,28,Salaried,20,78.92,-0.065,16,6.61,1,40.0,25.79,0,,,66.0,85.0,4,757.67,8,1
East Africa,Prefer not to say,46,Trader,12,39.16,0.909,14,3.43,0,1.0,0.0,0,,,18.0,37.0,4,512.23,12,1
East Africa,Female,31,Salaried,9,34.86,0.468,12,4.16,0,18.0,0.0,1,0.652,10.8,32.0,70.0,8,465.17,8,1
East Africa,Male,55,Informal worker,11,38.26,-0.337,10,2.15,0,1.0,0.0,1,0.945,7.2,81.0,64.0,3,394.13,4,1
Southern Africa,Male,50,Farmer,16,51.92,0.768,20,3.81,1,76.0,48.33,1,0.719,8.2,25.0,66.0,7,150.12,8,1
West Africa,Female,38,Self-employed,21,92.11,-0.891,11,1.59,1,94.0,28.05,1,0.884,3.2,40.0,57.0,4,113.52,4,1
Southern Africa,Male,61,Salaried,7,18.78,-0.712,9,1.12,0,2.0,0.0,1,0.699,1.0,48.0,52.0,2,64.14,12,0
Southern Africa,Female,52,Trader,13,13.56,-1.136,12,1.47,1,45.0,10.37,1,0.702,1.3,72.0,75.0,5,90.88,24,1
Southern Africa,Female,25,Informal worker,14,26.42,-0.444,12,2.88,0,4.0,0.0,1,0.704,3.4,60.0,59.0,2,277.08,12,1
Southern Africa,Female,38,Salaried,32,161.9,0.412,15,2.07,1,23.0,40.29,1,0.866,0.0,43.0,83.0,8,224.03,12,1
Central Africa,Female,56,Farmer,19,82.89,1.069,22,6.04,0,1.0,0.0,0,,,83.0,71.0,5,985.33,4,1
West Africa,Female,43,Trader,25,247.1,0.463,18,2.25,1,65.0,52.74,1,0.852,4.2,32.0,72.0,9,146.67,8,1
Southern Africa,Female,22,Trader,22,60.42,0.203,27,4.6,1,93.0,34.5,1,0.693,16.1,60.0,19.0,8,589.18,24,1
Central Africa,Female,54,Self-employed,21,66.6,0.43,11,3.46,1,57.0,35.88,1,0.702,23.5,48.0,44.0,7,264.9,12,1
East Africa,Male,40,Farmer,24,64.05,0.797,15,1.63,0,11.0,0.0,1,0.764,4.1,50.0,81.0,12,303.21,8,1
West Africa,Male,29,Farmer,16,60.63,0.917,9,1.59,1,61.0,22.85,0,,,18.0,41.0,5,163.71,12,1
Central Africa,Male,56,Informal worker,20,27.84,-0.06,10,4.52,1,36.0,9.23,0,,,41.0,59.0,3,982.39,8,1
West Africa,Female,59,Trader,14,54.64,0.144,15,4.79,0,22.0,0.0,0,,,45.0,69.0,6,118.97,8,1
West Africa,Female,45,Trader,11,16.95,-0.834,9,1.32,0,8.0,0.0,1,0.256,7.0,60.0,40.0,2,278.76,12,0
West Africa,Female,51,Trader,17,68.09,0.333,17,2.74,1,60.0,19.18,0,,,66.0,66.0,5,161.16,12,1
East Africa,Male,29,Trader,16,55.81,0.123,7,3.21,0,11.0,0.0,1,0.861,5.9,48.0,45.0,4,327.63,12,1
East Africa,Female,53,Salaried,24,78.18,0.539,20,4.05,0,6.0,0.0,0,,,83.0,79.0,9,384.51,12,1
East Africa,Male,60,Trader,16,31.12,0.065,7,2.66,1,86.0,53.12,0,,,63.0,57.0,7,432.21,4,1
Central Africa,Female,29,Trader,10,20.34,-0.39,5,2.82,1,69.0,11.71,1,0.71,13.5,54.0,41.0,1,304.29,12,1
East Africa,Male,62,Farmer,20,28.9,0.348,11,1.67,0,5.0,0.0,1,0.913,3.8,45.0,74.0,4,330.8,8,1
East Africa,Female,22,Salaried,19,28.5,-0.137,15,2.26,0,1.0,0.0,0,,,64.0,75.0,3,441.56,8,0
Central Africa,Female,38,Trader,25,279.61,0.484,11,3.73,0,3.0,0.0,0,,,54.0,50.0,10,114.56,4,1
Southern Africa,Male,21,Trader,8,32.46,-0.666,10,2.09,0,9.0,0.0,1,0.705,5.4,60.0,29.0,2,104.24,4,1
West Africa,Male,39,Informal worker,19,44.85,0.612,12,3.74,0,1.0,0.0,0,,,56.0,53.0,8,145.91,8,1
West Africa,Male,48,Farmer,24,48.59,0.904,17,4.37,0,9.0,0.0,0,,,50.0,84.0,8,156.09,12,1
East Africa,Male,58,Informal worker,21,38.93,0.608,15,2.02,0,3.0,0.0,0,,,70.0,43.0,6,363.53,12,1
Southern Africa,Male,25,Trader,16,78.87,0.284,21,6.97,0,3.0,0.0,0,,,63.0,73.0,5,589.1,8,1
East Africa,Male,59,Salaried,13,66.05,0.031,11,2.36,0,3.0,0.0,0,,,79.0,86.0,8,553.89,4,0
West Africa,Male,64,Informal worker,8,59.69,-1.071,9,0.86,0,13.0,0.0,0,,,28.0,79.0,3,164.88,24,0
Southern Africa,Male,21,Salaried,20,95.89,0.667,7,1.11,0,4.0,0.0,0,,,75.0,45.0,9,677.39,4,0
Southern Africa,Female,63,Self-employed,19,59.93,0.364,17,3.01,0,1.0,0.0,1,0.659,1.3,55.0,12.0,4,533.5,4,1
East Africa,Male,60,Informal worker,15,22.32,-0.36,9,3.83,0,12.0,0.0,1,0.782,5.0,59.0,58.0,2,454.38,8,0
Central Africa,Male,19,Trader,15,34.86,0.398,17,3.6,0,1.0,0.0,0,,,21.0,70.0,4,221.64,12,0
Southern Africa,Female,20,Informal worker,7,62.86,0.344,13,3.07,0,10.0,0.0,1,0.841,7.4,63.0,49.0,3,133.77,8,0
Southern Africa,Male,52,Informal worker,20,37.84,-0.006,12,13.14,1,59.0,36.16,1,0.868,6.1,55.0,53.0,5,391.44,12,0
Southern Africa,Female,37,Trader,24,234.35,0.631,18,2.81,0,10.0,0.0,0,,,52.0,66.0,7,359.69,8,1
Southern Africa,Female,30,Trader,18,37.54,0.264,11,5.51,1,54.0,36.25,1,0.889,14.8,59.0,49.0,6,315.38,4,1
East Africa,Female,36,Trader,19,58.35,0.647,11,2.26,0,3.0,0.0,0,,,60.0,94.0,3,536.74,52,0
East Africa,Female,34,Self-employed,26,76.75,-0.214,19,3.51,0,14.0,0.0,0,,,34.0,71.0,10,273.26,12,1
Southern Africa,Female,63,Salaried,12,50.57,0.523,7,2.58,0,8.0,0.0,1,0.787,0.4,32.0,74.0,3,841.85,4,1
East Africa,Female,29,Informal worker,29,22.7,1.29,23,7.73,0,1.0,0.0,0,,,67.0,89.0,10,406.83,8,1
East Africa,Female,22,Salaried,33,113.86,0.155,24,4.73,0,6.0,0.0,0,,,51.0,90.0,6,699.85,12,1
West Africa,Male,57,Informal worker,24,56.53,0.199,20,1.66,1,31.0,40.19,1,0.586,1.8,68.0,85.0,4,197.6,8,1
Southern Africa,Female,57,Salaried,10,25.33,0.183,18,2.54,0,2.0,0.0,0,,,86.0,84.0,2,120.73,8,1
East Africa,Female,60,Trader,11,70.45,-0.908,14,3.16,1,81.0,17.12,0,,,46.0,84.0,5,133.8,8,1
West Africa,Female,63,Trader,32,29.52,0.995,23,2.51,0,4.0,0.0,0,,,28.0,34.0,6,227.66,8,1
East Africa,Male,19,Informal worker,31,265.74,0.887,21,4.87,0,2.0,0.0,0,,,81.0,36.0,15,213.35,8,1
West Africa,Male,54,Salaried,13,57.47,0.427,15,5.98,1,60.0,45.31,1,0.808,2.7,31.0,39.0,5,616.18,8,1
Central Africa,Male,30,Salaried,5,26.48,-0.713,8,2.85,1,66.0,5.15,0,,,24.0,69.0,2,514.89,24,0
Central Africa,Male,37,Self-employed,23,22.05,1.498,9,1.74,0,5.0,0.0,0,,,26.0,77.0,4,548.49,8,1
East Africa,Female,39,Salaried,17,39.61,0.144,16,2.85,1,73.0,29.25,0,,,12.0,49.0,4,296.39,12,1
East Africa,Male,64,Trader,19,106.23,0.863,17,7.22,0,4.0,0.0,0,,,28.0,83.0,7,642.42,12,1
Southern Africa,Male,42,Trader,12,50.52,0.222,12,2.81,1,39.0,20.53,0,,,42.0,89.0,5,235.24,4,1
East Africa,Male,28,Farmer,9,37.09,0.147,14,1.44,1,73.0,7.43,1,0.84,2.0,57.0,48.0,2,135.73,12,1
Central Africa,Female,22,Informal worker,32,156.33,0.116,23,5.39,0,1.0,0.0,0,,,58.0,83.0,14,152.31,4,1
West Africa,Female,45,Farmer,13,25.18,1.001,15,4.13,0,7.0,0.0,1,0.733,7.4,15.0,73.0,5,102.77,4,1
West Africa,Female,57,Trader,24,24.86,0.734,25,2.0,0,9.0,0.0,0,,,74.0,80.0,10,352.84,52,1
East Africa,Female,51,Farmer,20,38.95,0.798,17,3.53,1,60.0,20.89,1,0.545,10.6,42.0,65.0,9,439.51,8,1
West Africa,Female,61,Salaried,11,29.95,0.069,11,2.17,0,2.0,0.0,1,0.87,25.3,16.0,57.0,2,411.23,12,1
East Africa,Male,19,Trader,9,30.26,0.083,8,4.03,0,0.0,0.0,1,0.528,8.9,56.0,67.0,0,357.48,12,0
Southern Africa,Male,36,Informal worker,15,33.77,0.003,9,2.46,1,36.0,29.83,1,0.51,8.7,28.0,83.0,2,440.07,4,1
West Africa,Female,46,Trader,19,70.3,0.002,15,4.2,1,13.0,15.79,0,,,61.0,43.0,7,305.89,4,1
East Africa,Female,58,Informal worker,24,50.4,-0.237,24,2.24,0,7.0,0.0,0,,,41.0,68.0,6,369.03,12,1
Southern Africa,Male,32,Informal worker,31,43.64,1.773,18,4.81,0,1.0,0.0,0,,,56.0,79.0,12,303.16,12,1
Southern Africa,Prefer not to say,49,Trader,23,29.69,-0.419,9,6.2,1,39.0,20.06,0,,,73.0,73.0,6,410.33,4,1
East Africa,Male,27,Informal worker,27,102.0,1.126,15,2.65,0,1.0,0.0,0,,,38.0,70.0,6,197.38,24,1
West Africa,Female,45,Informal worker,10,77.86,0.206,16,4.45,1,70.0,48.94,0,,,51.0,55.0,5,446.68,8,1
East Africa,Female,54,Farmer,23,128.76,-0.176,12,5.31,0,0.0,0.0,0,,,54.0,70.0,6,151.81,12,1
East Africa,Male,56,Salaried,22,34.29,0.45,9,3.92,1,68.0,20.03,0,,,79.0,8.0,7,344.17,8,1
Southern Africa,Female,39,Salaried,14,66.24,0.056,9,10.81,1,71.0,55.01,0,,,45.0,69.0,10,248.01,12,1
East Africa,Female,40,Farmer,6,42.23,0.864,16,1.32,1,62.0,14.25,1,0.491,10.8,36.0,78.0,2,256.7,8,1
West Africa,Female,59,Trader,12,43.96,-0.187,7,2.22,1,52.0,9.33,1,0.708,1.8,52.0,60.0,4,228.58,4,1
Southern Africa,Female,43,Farmer,23,82.18,0.794,15,4.19,0,0.0,0.0,0,,,36.0,85.0,6,197.75,8,1
East Africa,Male,34,Farmer,15,71.75,-0.23,13,1.61,1,60.0,26.88,0,,,77.0,30.0,4,69.9,8,1
West Africa,Male,30,Trader,11,29.04,-0.51,8,2.32,1,60.0,10.37,1,0.625,5.6,44.0,64.0,1,189.81,12,1
East Africa,Male,51,Informal worker,15,39.86,0.232,19,3.72,1,67.0,28.48,1,0.84,9.9,40.0,82.0,5,372.98,24,1
Central Africa,Male,51,Self-employed,20,55.81,0.892,7,4.26,0,15.0,0.0,0,,,75.0,91.0,5,190.77,4,1
Southern Africa,Male,43,Trader,13,22.86,-0.975,20,2.0,1,62.0,25.07,0,,,40.0,37.0,6,440.21,4,0
West Africa,Female,25,Informal worker,17,25.7,-0.497,13,1.57,0,7.0,0.0,0,,,49.0,66.0,3,148.93,4,1
Southern Africa,Male,25,Informal worker,4,23.1,-0.502,10,1.05,1,11.0,8.55,1,0.78,13.5,70.0,4.0,2,130.97,8,0
West Africa,Female,29,Informal worker,4,18.26,-0.929,8,2.09,0,5.0,0.0,1,0.581,17.7,67.0,75.0,0,158.29,12,1
East Africa,Male,18,Salaried,12,43.17,-0.861,15,6.3,1,76.0,15.68,1,0.725,3.2,49.0,48.0,2,170.6,12,0
East Africa,Male,40,Farmer,32,44.05,0.994,25,2.65,1,72.0,35.06,0,,,51.0,64.0,4,463.34,24,1
West Africa,Female,37,Informal worker,9,9.18,-0.526,12,1.78,0,1.0,0.0,1,0.788,7.6,51.0,69.0,1,203.74,24,0
West Africa,Prefer not to say,36,Trader,15,37.98,-0.704,8,1.91,0,4.0,0.0,1,0.683,1.8,32.0,67.0,1,70.63,12,0
Central Africa,Female,61,Trader,12,43.06,-0.338,12,4.43,0,4.0,0.0,1,0.523,6.3,65.0,22.0,8,348.98,8,0
West Africa,Male,29,Farmer,15,111.95,0.048,13,1.87,0,8.0,0.0,1,0.898,33.3,42.0,42.0,7,199.36,8,1
Southern Africa,Female,56,Trader,22,40.12,0.388,11,6.58,0,4.0,0.0,1,0.905,0.4,50.0,71.0,3,271.23,24,1
Southern Africa,Male,27,Trader,34,82.05,-0.005,18,14.21,0,3.0,0.0,1,0.681,9.2,34.0,77.0,11,166.53,52,1
East Africa,Female,46,Trader,18,49.07,0.228,17,5.29,0,1.0,0.0,0,,,78.0,48.0,9,219.41,8,1
West Africa,Female,58,Trader,12,28.06,-0.392,18,1.71,0,10.0,0.0,1,0.779,11.6,41.0,76.0,4,744.65,24,1
West Africa,Male,57,Farmer,22,54.1,-0.181,15,4.82,1,77.0,9.74,0,,,40.0,79.0,7,338.81,52,0
West Africa,Female,45,Trader,15,22.74,-0.364,16,3.46,1,18.0,15.02,0,,,29.0,33.0,4,458.98,4,0
East Africa,Female,27,Trader,15,48.84,0.508,17,1.02,0,2.0,0.0,0,,,72.0,88.0,5,263.54,8,1
Central Africa,Male,35,Informal worker,19,69.21,0.579,21,15.26,0,9.0,0.0,0,,,55.0,70.0,3,351.27,4,0
Central Africa,Male,37,Informal worker,23,41.23,0.975,25,7.23,0,1.0,0.0,0,,,38.0,88.0,11,301.64,4,1
West Africa,Female,57,Self-employed,24,115.61,-0.827,18,8.74,1,51.0,75.58,1,0.826,8.8,56.0,77.0,12,873.28,8,1
West Africa,Male,35,Self-employed,5,14.43,-0.847,5,3.49,0,4.0,0.0,1,0.813,5.1,20.0,22.0,2,66.99,8,1
West Africa,Male,56,Salaried,21,48.18,0.342,11,2.88,0,15.0,0.0,0,,,14.0,41.0,7,1009.05,8,1
Central Africa,Male,62,Informal worker,12,74.26,-0.222,18,2.83,1,46.0,46.75,1,0.91,3.6,80.0,29.0,7,753.47,24,1
West Africa,Prefer not to say,23,Trader,8,62.67,-0.298,9,1.59,0,7.0,0.0,0,,,30.0,4.0,1,817.11,12,1
West Africa,Male,61,Trader,9,7.05,-0.287,8,1.4,1,29.0,8.92,1,0.874,4.9,65.0,29.0,1,80.61,4,1
East Africa,Prefer not to say,44,Self-employed,30,128.89,-0.233,9,7.9,1,58.0,55.69,0,,,50.0,65.0,10,236.62,12,1
East Africa,Female,46,Self-employed,15,43.35,-0.401,5,1.81,1,71.0,14.82,0,,,53.0,38.0,5,232.35,24,0
West Africa,Male,32,Farmer,5,36.8,-0.881,14,2.03,1,72.0,7.96,1,0.809,0.1,34.0,37.0,1,209.52,4,1
Southern Africa,Male,33,Farmer,27,41.89,0.395,20,4.36,0,1.0,0.0,0,,,72.0,75.0,7,171.79,24,1
West Africa,Female,43,Trader,6,32.52,-0.702,12,2.65,0,8.0,0.0,1,0.852,24.3,71.0,51.0,0,80.17,12,1
West Africa,Male,27,Trader,2,53.92,-1.038,14,1.04,1,26.0,6.22,1,0.906,16.9,64.0,41.0,0,128.85,12,0
West Africa,Male,51,Farmer,19,73.03,0.084,19,6.68,0,6.0,0.0,1,0.642,39.3,21.0,69.0,4,256.76,52,1
East Africa,Male,49,Trader,17,67.3,0.76,10,4.76,0,4.0,0.0,0,,,51.0,82.0,5,126.0,8,1
Central Africa,Female,18,Farmer,19,180.36,-0.71,19,6.71,0,6.0,0.0,0,,,17.0,57.0,6,365.53,12,0
East Africa,Female,27,Salaried,12,92.49,0.481,10,2.8,1,65.0,26.81,0,,,33.0,49.0,4,222.2,8,0
Southern Africa,Male,42,Salaried,17,26.36,-0.512,12,1.74,1,46.0,19.35,0,,,26.0,12.0,7,301.99,8,1
West Africa,Male,52,Salaried,13,61.96,-0.1,14,2.36,0,1.0,0.0,1,0.884,4.6,57.0,49.0,1,187.11,8,1
Southern Africa,Male,31,Trader,24,113.81,-0.666,22,2.01,1,67.0,29.26,0,,,67.0,58.0,10,445.39,24,1
Central Africa,Female,59,Farmer,25,63.65,0.308,17,2.2,0,4.0,0.0,1,0.789,0.9,57.0,43.0,6,245.99,8,1
East Africa,Male,43,Informal worker,15,94.0,0.569,14,6.57,1,50.0,82.14,1,0.477,5.6,42.0,37.0,10,1320.74,24,1
Central Africa,Prefer not to say,43,Informal worker,26,27.4,1.517,19,4.62,1,70.0,62.12,0,,,78.0,90.0,13,613.68,4,1
East Africa,Female,23,Self-employed,11,28.26,-0.054,6,3.72,0,3.0,0.0,1,0.542,36.3,28.0,35.0,3,597.24,8,1
Southern Africa,Male,47,Trader,19,38.57,-1.056,14,2.6,1,44.0,34.05,0,,,53.0,90.0,5,473.15,4,1
West Africa,Female,56,Trader,18,21.0,-0.079,12,2.27,0,3.0,0.0,0,,,56.0,40.0,7,285.67,24,1
East Africa,Female,27,Farmer,19,67.18,0.007,11,2.49,0,3.0,0.0,0,,,41.0,80.0,4,345.33,8,1
East Africa,Female,43,Farmer,21,28.57,-0.535,15,5.86,0,7.0,0.0,1,0.765,6.8,28.0,56.0,6,602.96,4,1
Central Africa,Male,18,Farmer,17,72.96,-1.32,22,4.96,0,10.0,0.0,1,0.669,17.4,69.0,67.0,5,505.5,4,1
Central Africa,Female,27,Farmer,7,29.14,-1.335,9,3.86,0,6.0,0.0,1,0.937,4.7,31.0,68.0,1,141.59,4,1
East Africa,Male,21,Trader,23,96.78,0.219,10,1.21,0,2.0,0.0,0,,,70.0,49.0,3,775.88,4,1
Central Africa,Female,54,Farmer,25,111.11,0.718,25,14.77,1,63.0,45.37,0,,,50.0,81.0,8,704.71,8,1
Central Africa,Male,64,Informal worker,23,82.66,1.182,20,6.22,1,40.0,12.96,1,0.844,20.7,70.0,80.0,11,294.42,12,1
East Africa,Male,19,Trader,4,21.59,0.316,6,0.73,1,71.0,5.59,1,0.644,4.1,30.0,68.0,0,289.0,4,1
West Africa,Prefer not to say,51,Salaried,27,55.49,1.001,23,3.69,0,14.0,0.0,1,0.775,0.5,18.0,55.0,9,644.97,4,1
West Africa,Male,45,Informal worker,32,105.17,1.411,21,13.27,1,71.0,31.23,1,0.735,9.9,68.0,72.0,17,207.61,24,1
West Africa,Male,50,Trader,13,9.67,0.444,10,2.1,0,3.0,0.0,1,0.518,41.0,26.0,53.0,2,222.16,12,0
West Africa,Female,41,Trader,30,48.71,0.5,11,3.02,0,2.0,0.0,0,,,22.0,63.0,6,433.28,24,1
Central Africa,Male,64,Trader,12,41.83,-0.069,8,0.85,0,14.0,0.0,0,,,54.0,54.0,2,469.0,8,0
West Africa,Female,19,Trader,9,45.77,-1.11,17,6.53,1,38.0,49.28,1,0.618,12.2,70.0,42.0,8,695.83,24,0
Southern Africa,Female,25,Informal worker,15,75.28,-0.368,14,3.23,1,43.0,11.8,1,0.716,3.7,57.0,58.0,8,593.24,8,1
East Africa,Male,29,Self-employed,14,28.73,-0.62,13,2.99,0,2.0,0.0,1,0.907,8.7,73.0,31.0,1,188.14,4,0
East Africa,Female,54,Trader,26,51.18,1.705,27,4.44,1,54.0,56.36,0,,,78.0,98.0,8,1418.23,8,1
West Africa,Prefer not to say,21,Trader,15,42.08,-0.711,7,4.68,0,6.0,0.0,0,,,89.0,72.0,3,1233.31,12,1
East Africa,Female,23,Salaried,5,22.69,-0.856,10,2.28,0,8.0,0.0,1,0.673,15.1,29.0,53.0,4,103.93,12,1
East Africa,Female,52,Farmer,17,87.21,0.127,15,2.06,1,40.0,143.51,1,0.891,1.1,65.0,97.0,4,970.64,4,1
East Africa,Female,37,Farmer,14,37.32,0.968,11,3.79,0,11.0,0.0,0,,,21.0,58.0,5,736.03,8,1
West Africa,Female,51,Farmer,10,43.33,0.877,9,3.33,1,67.0,25.11,0,,,62.0,88.0,1,93.49,4,1
Southern Africa,Male,35,Trader,11,12.5,0.071,8,1.29,0,13.0,0.0,0,,,49.0,58.0,6,312.37,4,1
West Africa,Female,22,Trader,12,36.01,0.204,12,5.09,0,7.0,0.0,1,0.754,8.1,46.0,82.0,1,115.77,8,1
East Africa,Male,46,Self-employed,16,45.01,0.141,18,2.13,0,9.0,0.0,0,,,34.0,44.0,7,110.42,4,1
East Africa,Male,23,Informal worker,11,10.04,0.003,13,1.68,1,59.0,18.01,1,0.747,8.1,14.0,35.0,1,159.04,4,1
West Africa,Male,40,Trader,24,93.34,-0.443,19,2.23,1,61.0,25.51,1,0.837,7.3,73.0,81.0,10,502.26,24,1
Southern Africa,Female,59,Self-employed,18,45.71,0.781,11,3.68,0,14.0,0.0,1,0.754,6.2,55.0,71.0,10,419.48,8,1
West Africa,Male,26,Farmer,12,21.17,-0.216,9,1.93,0,3.0,0.0,0,,,47.0,68.0,0,273.38,12,1
Central Africa,Male,27,Trader,37,179.67,0.432,23,7.96,0,0.0,0.0,1,0.71,0.8,42.0,68.0,12,268.36,12,1
Central Africa,Male,62,Self-employed,10,18.99,-0.571,10,1.21,0,11.0,0.0,1,0.715,1.8,35.0,54.0,1,318.9,8,0
East Africa,Male,32,Informal worker,10,56.31,-0.024,9,1.84,1,81.0,11.09,0,,,46.0,7.0,4,1028.05,8,1
West Africa,Prefer not to say,35,Salaried,33,61.04,1.251,13,7.63,0,4.0,0.0,0,,,40.0,62.0,10,614.83,4,1
West Africa,Male,50,Trader,11,52.77,0.501,5,0.92,1,61.0,19.2,0,,,38.0,51.0,1,167.77,12,1
Central Africa,Male,24,Trader,8,40.95,-0.742,11,2.63,0,1.0,0.0,1,0.866,8.4,53.0,74.0,1,316.25,8,0
East Africa,Prefer not to say,20,Self-employed,27,20.66,0.848,16,9.65,0,8.0,0.0,1,0.806,9.0,48.0,59.0,2,809.37,4,1
West Africa,Male,57,Trader,14,20.98,-0.607,18,2.4,1,52.0,17.35,1,0.525,19.2,86.0,78.0,1,391.14,4,1
East Africa,Male,62,Salaried,7,21.9,-0.596,14,3.47,0,5.0,0.0,0,,,71.0,83.0,6,143.76,12,1
West Africa,Female,64,Salaried,9,120.07,-0.385,7,1.59,0,13.0,0.0,0,,,85.0,36.0,0,259.45,12,1
East Africa,Female,19,Farmer,13,60.09,0.007,6,2.47,0,11.0,0.0,0,,,32.0,63.0,1,441.27,4,1
East Africa,Male,42,Salaried,3,68.09,-0.038,7,1.45,0,3.0,0.0,1,0.911,2.2,48.0,55.0,0,201.06,4,1
West Africa,Female,57,Self-employed,19,32.52,0.503,13,2.32,0,9.0,0.0,1,0.742,9.6,60.0,61.0,5,939.92,8,1
Southern Africa,Female,57,Salaried,15,47.8,-0.921,14,1.45,1,76.0,22.36,0,,,70.0,25.0,5,397.52,8,0
West Africa,Female,34,Farmer,21,36.5,0.58,13,4.57,0,1.0,0.0,1,0.942,1.1,55.0,53.0,6,325.15,12,1
East Africa,Male,41,Informal worker,7,107.65,1.2,15,2.45,0,12.0,0.0,1,0.939,4.5,61.0,36.0,0,233.93,8,1
East Africa,Female,25,Farmer,13,59.14,0.337,16,1.91,0,4.0,0.0,1,0.405,35.0,41.0,55.0,8,292.81,4,0
Central Africa,Female,24,Trader,23,61.83,1.221,20,3.95,1,68.0,32.24,0,,,78.0,15.0,9,494.33,4,1
East Africa,Female,35,Self-employed,10,26.12,0.271,18,3.74,0,5.0,0.0,1,0.77,4.9,34.0,50.0,1,158.36,4,1
Central Africa,Female,28,Self-employed,21,98.19,0.925,12,4.59,1,92.0,45.72,1,0.854,12.7,41.0,56.0,9,1515.24,12,1
East Africa,Female,63,Trader,12,56.48,-0.827,17,1.39,1,33.0,22.76,0,,,23.0,61.0,8,279.72,24,0
Central Africa,Female,21,Informal worker,39,65.72,0.208,18,5.86,0,9.0,0.0,1,0.986,14.2,79.0,79.0,13,306.17,8,1
West Africa,Male,42,Self-employed,9,22.23,0.515,8,1.21,0,10.0,0.0,0,,,47.0,51.0,2,259.2,4,1
Southern Africa,Male,44,Informal worker,12,72.39,0.592,14,6.73,0,10.0,0.0,0,,,45.0,69.0,5,282.3,12,1
West Africa,Female,20,Trader,7,34.28,-0.377,9,2.11,0,10.0,0.0,0,,,44.0,45.0,4,277.15,24,1
Central Africa,Male,38,Trader,19,40.45,0.421,14,4.54,1,35.0,9.73,1,0.56,1.1,64.0,66.0,7,182.63,4,1
Central Africa,Female,62,Farmer,22,88.02,1.217,12,1.53,0,1.0,0.0,0,,,42.0,51.0,4,161.21,12,1
East Africa,Female,23,Self-employed,36,147.64,1.184,16,5.12,1,31.0,41.58,0,,,85.0,67.0,15,933.38,12,1
East Africa,Female,24,Trader,24,69.11,1.073,16,2.03,1,43.0,42.31,1,0.503,9.1,53.0,71.0,10,317.82,4,1
East Africa,Male,25,Farmer,13,65.54,-0.211,18,1.58,0,4.0,0.0,0,,,46.0,37.0,3,1551.78,4,1
West Africa,Female,20,Salaried,19,37.19,1.023,15,4.26,0,8.0,0.0,1,0.536,23.6,22.0,30.0,10,278.04,8,1
Southern Africa,Female,59,Salaried,28,155.29,0.574,22,4.55,1,41.0,26.21,0,,,32.0,70.0,12,128.86,8,1
Southern Africa,Male,20,Self-employed,25,35.13,-0.303,15,4.1,1,45.0,20.97,1,0.721,4.9,58.0,58.0,2,383.25,4,1
East Africa,Female,31,Salaried,18,55.52,1.065,13,2.14,0,2.0,0.0,1,0.849,5.4,26.0,83.0,5,160.49,4,1
West Africa,Male,56,Informal worker,33,80.12,2.066,21,3.45,1,65.0,45.36,1,0.728,1.8,59.0,74.0,9,320.35,12,1
Central Africa,Female,64,Self-employed,9,20.91,-0.478,15,2.96,0,1.0,0.0,1,0.902,7.7,61.0,37.0,5,130.77,12,1
West Africa,Male,25,Informal worker,15,29.48,-0.389,10,2.52,0,8.0,0.0,1,0.721,21.4,18.0,24.0,7,378.5,12,1
East Africa,Female,34,Informal worker,16,132.57,0.46,9,9.44,0,5.0,0.0,0,,,52.0,51.0,2,511.73,4,0
West Africa,Male,26,Trader,35,42.47,0.541,30,4.15,0,8.0,0.0,0,,,67.0,64.0,10,490.09,4,1
West Africa,Male,27,Farmer,16,21.47,-0.147,15,2.97,1,61.0,18.7,0,,,41.0,72.0,1,312.01,4,1
West Africa,Male,62,Trader,13,25.86,0.802,10,5.19,0,8.0,0.0,1,0.763,27.3,62.0,72.0,6,632.88,4,1
East Africa,Male,33,Salaried,28,111.8,-0.391,17,3.09,0,4.0,0.0,0,,,59.0,31.0,2,1107.32,52,0
East Africa,Female,46,Trader,15,44.89,-0.442,14,1.4,0,6.0,0.0,0,,,53.0,69.0,6,157.9,4,0
East Africa,Female,25,Farmer,39,65.25,0.767,24,1.99,0,9.0,0.0,1,0.623,7.3,70.0,82.0,11,282.41,4,1
Southern Africa,Male,31,Self-employed,12,28.06,-0.15,10,3.0,1,11.0,7.58,1,0.141,2.0,82.0,81.0,6,184.52,8,0
Southern Africa,Male,34,Salaried,13,34.36,0.862,17,3.51,0,1.0,0.0,0,,,15.0,44.0,1,378.6,8,1
West Africa,Female,45,Salaried,7,31.52,0.402,14,2.46,1,54.0,13.27,1,0.716,3.4,65.0,64.0,3,123.19,24,0
West Africa,Male,60,Informal worker,39,53.3,0.729,27,3.68,1,75.0,45.24,0,,,21.0,90.0,12,765.47,12,1
East Africa,Male,29,Trader,28,25.35,0.498,19,3.37,0,16.0,0.0,1,0.821,7.6,51.0,56.0,7,223.9,12,1
Southern Africa,Male,48,Trader,6,30.64,-0.721,7,2.87,0,5.0,0.0,0,,,48.0,29.0,1,225.3,24,1
East Africa,Female,41,Salaried,28,50.85,1.428,24,2.01,0,0.0,0.0,1,0.842,7.1,40.0,76.0,10,281.11,12,1
West Africa,Prefer not to say,55,Salaried,13,51.95,-0.311,13,3.57,0,3.0,0.0,0,,,34.0,40.0,3,95.12,8,1
Southern Africa,Male,33,Farmer,30,79.91,-0.042,15,3.69,0,0.0,0.0,1,0.828,7.3,64.0,91.0,6,91.49,12,1
West Africa,Female,37,Trader,14,84.54,0.602,9,2.27,0,1.0,0.0,0,,,25.0,69.0,7,488.42,4,1
East Africa,Female,47,Trader,17,47.34,-1.126,15,1.59,0,2.0,0.0,1,0.811,36.5,32.0,60.0,3,536.15,24,1
West Africa,Prefer not to say,38,Farmer,22,75.1,-0.173,15,4.16,1,81.0,50.9,0,,,11.0,88.0,12,114.52,24,1
Southern Africa,Female,53,Trader,9,25.12,-1.74,8,1.14,1,15.0,34.29,0,,,74.0,57.0,2,195.28,4,0
East Africa,Female,18,Trader,17,21.38,0.6,18,3.89,1,49.0,28.32,1,0.707,10.5,61.0,35.0,5,382.84,8,1
Southern Africa,Female,34,Farmer,19,34.33,-0.658,10,3.34,1,98.0,9.17,1,0.834,18.2,80.0,29.0,3,329.63,52,1
West Africa,Female,26,Informal worker,9,22.18,0.491,8,1.86,0,12.0,0.0,1,0.616,11.0,69.0,59.0,2,425.58,8,0
East Africa,Male,24,Informal worker,23,36.55,1.087,21,6.63,1,33.0,36.91,1,0.766,2.5,42.0,62.0,8,227.21,8,1
West Africa,Female,20,Farmer,20,91.1,-0.126,18,3.31,0,16.0,0.0,1,0.798,15.7,25.0,34.0,6,409.78,12,1
Southern Africa,Female,34,Farmer,23,51.49,1.67,25,2.56,1,47.0,55.52,1,0.913,1.8,61.0,88.0,7,563.56,24,1
West Africa,Male,28,Trader,10,43.89,-0.731,9,5.41,1,46.0,18.68,1,0.579,1.5,62.0,23.0,2,220.46,12,1
West Africa,Male,53,Informal worker,16,27.19,-0.471,18,3.42,1,38.0,22.97,0,,,67.0,65.0,5,231.36,8,1
Southern Africa,Male,41,Trader,17,43.02,-0.447,13,1.49,0,15.0,0.0,0,,,72.0,61.0,5,100.73,24,1
West Africa,Male,54,Self-employed,20,62.41,-0.108,15,1.68,1,78.0,13.67,0,,,30.0,27.0,3,380.53,12,1
West Africa,Male,59,Trader,16,209.97,0.805,22,2.0,0,1.0,0.0,1,0.914,15.7,34.0,86.0,7,123.31,24,1
Southern Africa,Male,54,Salaried,12,18.56,0.9,11,2.21,1,35.0,68.31,0,,,24.0,61.0,6,122.9,8,0
Southern Africa,Male,37,Farmer,8,34.01,-0.244,12,1.49,0,8.0,0.0,1,0.86,48.4,34.0,66.0,5,215.67,8,0
Central Africa,Female,63,Informal worker,9,19.92,-0.165,15,3.06,1,57.0,51.41,1,0.898,19.3,64.0,47.0,5,683.97,12,1
West Africa,Male,36,Informal worker,11,12.97,-0.389,9,2.55,0,2.0,0.0,1,0.81,2.9,68.0,36.0,6,325.01,8,0
East Africa,Male,56,Trader,22,91.0,1.079,24,4.48,1,63.0,32.92,1,0.669,6.0,68.0,48.0,9,1141.64,24,1
Southern Africa,Male,26,Farmer,13,49.98,-0.7,9,4.68,0,0.0,0.0,0,,,39.0,46.0,5,328.83,12,0
West Africa,Male,63,Trader,10,61.06,-0.525,13,2.92,0,8.0,0.0,0,,,78.0,67.0,6,118.97,8,1
Southern Africa,Male,32,Farmer,17,45.88,1.225,14,2.01,0,3.0,0.0,0,,,36.0,79.0,7,138.19,8,1
West Africa,Prefer not to say,47,Self-employed,12,68.11,-0.719,12,2.93,1,72.0,10.6,1,0.99,3.3,15.0,77.0,3,79.29,8,1
Central Africa,Male,34,Informal worker,5,48.9,-1.01,9,4.08,0,2.0,0.0,0,,,61.0,57.0,5,293.59,4,0
East Africa,Male,28,Informal worker,20,43.7,1.022,13,1.82,0,2.0,0.0,0,,,24.0,60.0,4,249.88,12,1
East Africa,Female,33,Trader,19,75.67,0.333,17,3.48,0,5.0,0.0,0,,,57.0,84.0,3,165.18,8,1
East Africa,Female,46,Farmer,16,42.76,0.908,21,3.04,0,7.0,0.0,1,0.77,31.7,46.0,85.0,6,57.24,4,1
West Africa,Male,23,Informal worker,17,113.35,-0.648,14,2.87,1,78.0,36.12,0,,,46.0,37.0,9,595.18,12,0
West Africa,Male,27,Trader,24,63.31,1.072,13,1.6,0,5.0,0.0,1,0.728,24.1,25.0,56.0,4,124.79,24,1
Southern Africa,Female,61,Trader,19,37.91,-2.134,7,2.06,0,8.0,0.0,0,,,22.0,55.0,3,366.67,12,0
East Africa,Male,22,Trader,25,62.98,1.016,28,15.69,1,93.0,26.48,1,0.948,3.0,61.0,50.0,17,467.17,8,1
East Africa,Male,51,Trader,14,42.15,1.093,10,2.46,0,9.0,0.0,0,,,50.0,70.0,9,271.74,24,1
West Africa,Prefer not to say,32,Self-employed,17,65.76,0.995,14,2.44,0,1.0,0.0,1,0.618,19.4,49.0,96.0,4,164.52,24,1
Southern Africa,Prefer not to say,33,Trader,11,34.53,0.314,16,2.63,0,1.0,0.0,1,0.851,2.6,70.0,72.0,1,96.86,12,0
East Africa,Female,35,Trader,17,82.7,1.16,15,3.01,1,61.0,23.07,0,,,90.0,63.0,4,306.7,4,1
West Africa,Male,35,Trader,12,29.14,-0.26,16,1.97,0,1.0,0.0,1,0.902,16.5,53.0,89.0,1,197.7,4,1
Central Africa,Female,51,Trader,26,104.34,-0.102,16,3.81,1,78.0,22.99,1,0.832,10.2,60.0,46.0,13,441.72,24,1
East Africa,Female,55,Farmer,27,18.78,0.381,14,4.54,1,47.0,55.34,0,,,55.0,97.0,9,336.85,24,1
East Africa,Female,35,Trader,17,46.07,-0.593,9,1.21,0,1.0,0.0,1,0.649,1.3,62.0,57.0,5,372.49,8,1
Central Africa,Male,26,Trader,25,62.74,0.502,22,7.62,0,2.0,0.0,0,,,32.0,76.0,14,568.09,8,1
East Africa,Male,18,Trader,21,18.4,-0.548,15,4.63,0,14.0,0.0,0,,,64.0,17.0,5,402.9,8,0
Central Africa,Male,52,Salaried,7,55.99,0.261,11,6.73,0,6.0,0.0,0,,,19.0,45.0,4,234.06,4,1
Southern Africa,Female,61,Farmer,20,67.17,-0.639,26,5.35,0,6.0,0.0,1,0.768,18.9,43.0,90.0,8,215.48,8,1
East Africa,Male,19,Informal worker,25,82.17,0.091,15,4.04,1,59.0,33.95,1,0.516,1.8,77.0,51.0,9,426.19,24,1
West Africa,Male,45,Trader,10,27.28,-0.612,15,1.92,0,7.0,0.0,0,,,48.0,47.0,3,611.26,8,1
West Africa,Male,28,Farmer,10,49.85,-0.5,7,0.82,0,5.0,0.0,0,,,63.0,50.0,4,573.26,8,1
East Africa,Male,27,Self-employed,12,47.8,-0.141,18,2.38,1,60.0,19.34,0,,,84.0,37.0,2,380.92,24,1
West Africa,Female,56,Trader,16,50.38,0.731,13,1.1,1,19.0,9.1,1,0.548,4.7,81.0,53.0,4,87.42,8,1
West Africa,Male,29,Farmer,20,72.07,0.157,16,7.13,0,7.0,0.0,1,0.728,5.5,30.0,93.0,13,334.11,8,1
East Africa,Male,32,Trader,16,55.84,-0.748,10,3.43,0,1.0,0.0,0,,,80.0,50.0,6,250.98,12,0
Southern Africa,Female,23,Trader,33,74.91,0.772,18,3.49,1,68.0,78.17,0,,,55.0,74.0,7,761.82,12,1
West Africa,Female,60,Informal worker,6,28.68,-0.509,8,1.52,0,6.0,0.0,0,,,23.0,62.0,2,206.94,52,1
Southern Africa,Female,60,Informal worker,4,23.78,-0.533,10,1.83,0,14.0,0.0,1,0.692,13.4,40.0,66.0,2,154.08,52,0
Central Africa,Female,60,Farmer,23,20.25,-0.074,16,4.95,0,13.0,0.0,1,0.861,10.4,69.0,59.0,7,530.9,52,0
Southern Africa,Male,28,Farmer,12,17.18,-0.298,16,2.28,1,25.0,12.17,0,,,11.0,58.0,7,359.23,4,1
Southern Africa,Male,26,Farmer,26,51.29,0.562,18,3.59,1,59.0,36.56,1,0.849,5.8,77.0,91.0,7,358.52,8,1
Southern Africa,Male,62,Farmer,26,118.96,-0.143,13,2.82,1,40.0,79.67,0,,,93.0,49.0,5,314.98,12,0
West Africa,Female,46,Salaried,12,49.92,0.546,17,5.4,1,74.0,30.81,1,0.676,12.3,30.0,48.0,5,941.11,12,1
East Africa,Female,30,Informal worker,23,29.83,1.854,20,2.87,0,1.0,0.0,1,0.819,1.0,68.0,91.0,7,571.5,4,1
Central Africa,Male,20,Trader,34,67.15,0.317,21,2.35,1,40.0,13.97,0,,,52.0,82.0,14,392.13,12,1
Southern Africa,Female,55,Trader,23,64.95,0.713,19,8.05,0,9.0,0.0,0,,,80.0,50.0,8,577.36,12,1
Southern Africa,Female,55,Informal worker,19,38.29,0.28,8,1.68,1,78.0,9.64,0,,,19.0,46.0,4,225.17,24,1
Central Africa,Prefer not to say,18,Trader,14,88.46,0.744,19,3.31,1,53.0,73.78,0,,,45.0,86.0,8,668.06,4,1
West Africa,Male,40,Self-employed,14,78.34,0.577,17,7.61,1,70.0,32.75,1,0.341,2.4,69.0,42.0,6,464.06,4,1
West Africa,Male,40,Salaried,3,45.45,-0.984,6,1.63,0,1.0,0.0,1,0.716,33.8,73.0,47.0,1,129.25,24,1
East Africa,Female,39,Trader,12,36.02,-1.069,9,1.31,1,70.0,33.12,0,,,57.0,62.0,10,237.68,8,0
West Africa,Female,35,Salaried,2,31.18,-1.293,7,1.11,0,4.0,0.0,0,,,60.0,49.0,1,193.98,4,1
East Africa,Female,33,Trader,20,79.98,0.435,18,2.69,1,32.0,12.87,1,0.801,0.0,59.0,81.0,4,354.22,24,1
Southern Africa,Female,33,Trader,16,39.23,-0.332,14,2.39,0,0.0,0.0,0,,,19.0,80.0,6,203.18,12,1
East Africa,Male,61,Self-employed,36,26.87,0.44,22,3.47,0,2.0,0.0,1,0.66,1.5,76.0,96.0,12,305.57,24,1
West Africa,Female,64,Salaried,16,40.83,-0.14,21,0.8,0,8.0,0.0,1,0.949,8.1,66.0,88.0,3,247.5,12,1
Southern Africa,Male,23,Farmer,19,154.47,0.524,14,4.63,0,0.0,0.0,0,,,32.0,80.0,6,652.77,4,1
West Africa,Male,51,Salaried,26,64.1,1.134,17,6.43,0,1.0,0.0,1,0.379,45.0,66.0,46.0,9,252.51,24,0
Central Africa,Male,44,Trader,22,58.46,-0.192,10,1.48,0,4.0,0.0,0,,,17.0,83.0,10,407.49,24,1
West Africa,Male,30,Informal worker,19,29.98,-0.673,13,1.96,0,19.0,0.0,0,,,14.0,56.0,3,696.24,4,1
Central Africa,Male,26,Self-employed,16,41.52,0.425,23,1.7,1,82.0,28.87,0,,,65.0,82.0,9,563.79,12,1
East Africa,Female,53,Salaried,13,44.69,0.112,11,2.91,1,84.0,12.96,1,0.706,0.6,66.0,71.0,6,124.76,8,1
East Africa,Female,35,Farmer,8,60.09,-0.477,11,4.65,0,14.0,0.0,1,0.828,8.2,60.0,39.0,1,73.88,12,0
East Africa,Male,24,Farmer,20,32.55,1.077,27,3.51,1,44.0,58.02,1,0.793,0.6,75.0,94.0,11,433.29,8,0
West Africa,Male,63,Salaried,28,38.38,0.742,20,7.35,1,79.0,47.71,1,0.84,5.5,78.0,59.0,8,374.98,52,1
East Africa,Male,61,Trader,26,89.2,-0.012,11,2.02,0,15.0,0.0,1,0.764,9.9,69.0,91.0,4,574.13,24,1
Southern Africa,Male,37,Self-employed,24,53.41,-0.02,10,4.79,0,2.0,0.0,1,0.695,8.2,68.0,69.0,4,122.68,8,1
Southern Africa,Male,38,Farmer,12,14.63,0.654,10,3.61,0,1.0,0.0,0,,,65.0,56.0,8,462.42,8,1
West Africa,Female,37,Trader,18,50.34,0.952,10,1.89,0,12.0,0.0,0,,,48.0,90.0,4,370.08,4,1
Southern Africa,Female,26,Trader,16,118.06,0.301,15,4.81,0,5.0,0.0,0,,,53.0,71.0,8,597.71,4,1
Central Africa,Male,22,Farmer,17,50.85,1.662,20,2.49,0,6.0,0.0,1,0.904,3.7,59.0,75.0,7,420.9,4,1
Southern Africa,Female,30,Trader,32,51.18,1.045,22,2.19,0,1.0,0.0,0,,,83.0,62.0,9,342.83,24,1
East Africa,Female,36,Farmer,12,27.33,-0.101,5,1.47,1,27.0,20.2,1,0.478,10.0,8.0,58.0,1,158.75,12,1
West Africa,Male,25,Self-employed,9,70.3,-0.424,13,1.55,1,44.0,39.15,0,,,35.0,54.0,5,269.49,12,1
Central Africa,Male,19,Trader,4,36.87,-0.471,12,1.47,1,85.0,7.89,1,0.675,20.1,33.0,93.0,1,422.34,12,0
East Africa,Male,61,Informal worker,18,30.65,0.36,17,2.51,0,2.0,0.0,0,,,54.0,37.0,4,140.06,8,1
East Africa,Male,59,Farmer,26,108.9,0.359,16,8.2,0,14.0,0.0,0,,,78.0,50.0,6,246.44,8,1
Southern Africa,Female,32,Informal worker,16,46.74,0.68,12,2.85,1,22.0,8.05,0,,,86.0,78.0,9,1057.83,12,0
West Africa,Male,46,Farmer,23,37.56,1.102,25,2.34,0,4.0,0.0,1,0.658,0.2,61.0,75.0,9,413.94,8,1
Southern Africa,Male,24,Salaried,16,83.89,-0.8,16,8.82,0,5.0,0.0,0,,,67.0,80.0,6,922.52,8,1
West Africa,Male,61,Farmer,7,49.66,-1.062,11,2.13,0,6.0,0.0,0,,,12.0,12.0,3,498.29,12,1
Southern Africa,Male,56,Farmer,20,31.18,0.005,17,3.01,0,1.0,0.0,0,,,58.0,93.0,4,229.81,24,1
Central Africa,Female,26,Trader,12,71.48,0.991,12,1.54,0,6.0,0.0,1,0.855,1.4,56.0,59.0,3,153.09,4,1
Central Africa,Male,28,Farmer,14,11.68,1.103,14,1.92,0,9.0,0.0,1,0.619,15.0,68.0,62.0,2,209.49,4,1
Central Africa,Female,33,Trader,13,33.04,-2.564,6,1.27,1,66.0,8.64,1,0.724,22.7,50.0,33.0,1,468.38,12,0
Central Africa,Male,22,Informal worker,22,198.18,0.316,12,2.87,1,64.0,128.7,0,,,17.0,60.0,9,625.49,52,1
West Africa,Male,34,Farmer,11,145.95,-0.005,14,4.3,0,0.0,0.0,0,,,46.0,22.0,5,444.94,8,1
Central Africa,Male,49,Salaried,12,25.54,-0.855,12,0.87,1,71.0,13.62,0,,,74.0,36.0,3,227.41,8,1
Central Africa,Female,52,Farmer,9,175.28,-0.279,12,2.23,0,3.0,0.0,0,,,60.0,73.0,3,115.16,4,1
East Africa,Male,18,Informal worker,6,47.2,-0.644,2,2.82,0,1.0,0.0,1,0.774,0.8,40.0,35.0,1,390.72,12,1
East Africa,Female,34,Trader,5,25.29,-0.462,11,0.96,0,2.0,0.0,0,,,25.0,38.0,2,169.27,12,1
West Africa,Male,57,Informal worker,26,84.03,0.47,14,5.88,1,77.0,41.26,0,,,55.0,84.0,15,1809.64,4,1
East Africa,Female,58,Self-employed,12,39.05,-0.546,11,2.89,0,2.0,0.0,0,,,62.0,95.0,3,227.84,12,1
Southern Africa,Female,44,Farmer,17,65.72,-0.229,13,1.83,1,59.0,27.44,1,0.984,13.8,42.0,83.0,7,229.44,4,1
East Africa,Female,52,Trader,15,33.41,-0.256,12,1.66,0,2.0,0.0,0,,,14.0,75.0,3,455.22,4,1
East Africa,Male,29,Informal worker,21,93.7,1.084,14,6.74,0,9.0,0.0,1,0.757,15.4,22.0,59.0,11,1443.9,8,0
East Africa,Male,58,Trader,17,37.37,0.065,9,1.8,1,32.0,17.65,1,0.965,15.6,35.0,39.0,2,829.24,8,1
West Africa,Female,40,Farmer,8,9.2,0.068,5,3.5,1,51.0,6.81,0,,,5.0,59.0,2,651.74,12,1
Central Africa,Female,50,Trader,14,28.59,0.204,8,2.04,0,4.0,0.0,0,,,25.0,95.0,4,111.69,12,1
West Africa,Male,30,Farmer,21,61.92,1.241,22,2.89,1,40.0,21.25,0,,,37.0,76.0,8,462.32,8,1
West Africa,Male,26,Salaried,12,40.0,-0.248,13,1.97,1,67.0,16.31,0,,,14.0,88.0,3,132.06,8,1
West Africa,Male,43,Trader,24,89.45,0.722,16,2.02,1,79.0,24.27,0,,,80.0,12.0,9,501.4,8,1
Central Africa,Male,42,Farmer,18,65.21,0.055,13,3.15,1,80.0,20.5,1,0.807,4.5,27.0,78.0,4,279.23,4,1
Central Africa,Male,44,Trader,16,38.84,0.969,25,5.24,0,6.0,0.0,1,0.64,1.8,22.0,87.0,7,372.52,24,1
West Africa,Male,55,Trader,16,45.27,0.475,15,2.19,0,5.0,0.0,0,,,80.0,56.0,5,241.22,52,1
West Africa,Male,54,Informal worker,23,88.9,0.09,19,6.37,0,3.0,0.0,1,0.939,3.6,72.0,37.0,11,950.57,52,1
East Africa,Female,32,Informal worker,22,42.27,0.053,16,4.97,0,9.0,0.0,1,0.876,7.1,43.0,80.0,6,762.92,8,1
West Africa,Female,39,Salaried,41,67.61,0.733,20,5.43,0,12.0,0.0,1,0.882,18.3,85.0,80.0,14,835.14,4,1
Southern Africa,Female,22,Trader,25,43.36,-0.005,15,5.33,0,8.0,0.0,0,,,62.0,55.0,9,319.43,12,1
West Africa,Male,54,Trader,15,29.05,-0.468,16,2.57,1,57.0,21.83,1,0.95,13.0,48.0,21.0,3,277.54,4,1
East Africa,Female,24,Farmer,22,98.07,-0.741,19,2.84,1,62.0,26.57,1,0.783,0.5,19.0,67.0,11,228.71,12,1
East Africa,Male,21,Informal worker,18,26.99,-0.279,8,1.25,0,8.0,0.0,1,0.726,0.4,43.0,32.0,7,344.52,24,0
East Africa,Female,42,Informal worker,17,80.36,0.684,15,4.68,0,9.0,0.0,1,0.773,16.9,58.0,31.0,5,319.13,8,0
East Africa,Male,61,Salaried,25,366.54,0.856,20,2.54,0,1.0,0.0,0,,,28.0,86.0,13,218.6,24,1
West Africa,Male,35,Salaried,24,49.22,0.111,17,3.17,1,61.0,20.46,1,0.669,6.2,23.0,70.0,5,320.82,12,1
West Africa,Female,26,Trader,16,42.87,0.299,10,4.26,1,52.0,36.48,1,0.963,19.5,44.0,78.0,6,253.91,52,0
West Africa,Male,26,Self-employed,25,57.75,1.348,23,2.46,0,9.0,0.0,0,,,69.0,75.0,5,812.03,24,1
West Africa,Female,57,Self-employed,23,73.0,-0.153,22,4.35,0,12.0,0.0,0,,,28.0,25.0,8,440.4,52,1
Central Africa,Female,49,Trader,36,73.17,-0.029,20,3.48,1,78.0,60.14,0,,,45.0,53.0,11,534.24,12,1
West Africa,Male,41,Farmer,13,33.83,-0.114,14,2.29,1,68.0,17.7,1,0.731,8.3,35.0,88.0,3,227.46,4,1
West Africa,Male,61,Salaried,15,21.6,0.979,11,3.68,1,61.0,14.8,1,0.904,2.4,54.0,68.0,8,155.43,8,1
West Africa,Female,22,Farmer,10,31.19,0.586,10,2.68,0,7.0,0.0,1,0.579,10.6,55.0,63.0,6,75.99,52,0
Southern Africa,Female,46,Trader,18,26.26,0.039,19,2.28,0,4.0,0.0,0,,,33.0,57.0,7,218.55,4,1
Central Africa,Female,34,Farmer,25,44.95,0.944,17,2.74,1,84.0,19.57,0,,,68.0,78.0,10,382.72,4,1
Southern Africa,Male,28,Informal worker,22,126.08,0.321,10,2.96,0,2.0,0.0,1,0.536,6.2,71.0,84.0,10,691.19,12,1
East Africa,Female,61,Salaried,11,20.22,0.969,12,2.01,0,8.0,0.0,0,,,46.0,43.0,2,307.62,12,1
Southern Africa,Male,62,Salaried,24,48.7,0.64,18,5.98,0,6.0,0.0,1,0.863,0.2,58.0,90.0,9,366.37,24,1
East Africa,Male,57,Self-employed,8,56.27,-1.039,12,1.36,1,50.0,44.58,0,,,59.0,21.0,5,237.13,24,0
Central Africa,Female,24,Farmer,19,31.81,-0.386,9,1.62,0,6.0,0.0,0,,,6.0,63.0,2,880.77,8,1
Southern Africa,Male,51,Salaried,6,39.63,-0.295,12,1.27,0,4.0,0.0,0,,,41.0,55.0,0,183.14,8,0
West Africa,Male,34,Trader,28,193.42,-0.087,15,2.35,0,3.0,0.0,1,0.88,4.9,72.0,77.0,9,529.99,12,0
East Africa,Male,35,Farmer,16,44.48,-0.078,13,0.77,1,45.0,7.45,1,0.898,36.0,62.0,59.0,2,119.5,24,1
West Africa,Female,27,Self-employed,19,33.66,0.218,19,10.46,1,84.0,36.23,0,,,64.0,88.0,7,430.27,24,1
West Africa,Female,45,Salaried,19,84.9,0.435,12,4.69,1,41.0,10.93,1,0.574,3.5,55.0,52.0,5,515.29,8,1
Southern Africa,Prefer not to say,58,Informal worker,3,18.31,-1.058,9,0.66,1,84.0,10.99,0,,,12.0,79.0,2,265.03,4,1
West Africa,Male,28,Trader,9,13.04,-0.262,21,1.91,0,5.0,0.0,0,,,56.0,79.0,3,367.98,4,0
Southern Africa,Male,43,Trader,20,31.22,1.075,12,2.58,0,5.0,0.0,1,0.731,3.6,74.0,58.0,9,263.4,8,1
Central Africa,Female,48,Informal worker,28,52.46,0.355,16,2.62,1,77.0,27.56,1,0.935,1.1,30.0,54.0,4,235.51,4,0
East Africa,Male,47,Farmer,7,36.86,-0.269,7,2.81,1,79.0,13.56,0,,,23.0,29.0,1,90.12,12,1
East Africa,Male,30,Farmer,29,65.46,0.173,13,5.41,0,21.0,0.0,0,,,33.0,36.0,15,2210.85,24,1
East Africa,Male,19,Salaried,34,89.92,0.447,20,1.5,0,8.0,0.0,0,,,73.0,61.0,8,1231.95,24,1
Southern Africa,Female,56,Trader,15,31.7,-0.392,13,4.85,0,5.0,0.0,1,0.66,20.1,47.0,80.0,3,383.76,12,1
West Africa,Female,46,Farmer,32,232.96,0.55,14,3.01,1,79.0,16.72,0,,,26.0,37.0,10,403.92,4,1
West Africa,Male,51,Trader,15,43.88,1.849,16,4.09,0,10.0,0.0,1,0.742,5.2,22.0,28.0,2,133.32,8,0
East Africa,Male,42,Trader,12,81.9,0.238,7,2.01,1,28.0,34.1,1,0.577,7.8,34.0,42.0,2,176.72,12,1
Central Africa,Female,36,Trader,13,39.05,0.069,21,3.99,0,2.0,0.0,0,,,26.0,61.0,6,112.61,4,0
West Africa,Female,29,Trader,26,92.87,0.312,19,4.57,0,17.0,0.0,0,,,45.0,58.0,14,507.95,4,0
East Africa,Male,48,Farmer,17,11.77,-0.14,19,2.15,1,73.0,20.01,0,,,50.0,45.0,8,218.46,8,1
Central Africa,Male,57,Farmer,21,147.3,0.306,13,3.61,0,9.0,0.0,0,,,22.0,46.0,1,320.78,4,0
West Africa,Female,33,Farmer,15,19.29,0.139,6,3.34,0,7.0,0.0,0,,,94.0,26.0,3,92.95,52,0
West Africa,Female,19,Salaried,10,50.95,-0.157,7,1.77,0,10.0,0.0,0,,,41.0,82.0,1,290.38,12,1
East Africa,Female,25,Farmer,13,34.46,-0.281,13,2.65,0,2.0,0.0,1,0.952,2.3,66.0,36.0,3,1442.87,24,1
West Africa,Female,45,Informal worker,5,11.94,-0.271,6,2.7,1,84.0,7.14,1,0.967,5.9,75.0,51.0,2,380.74,8,1
West Africa,Female,29,Informal worker,14,82.83,0.503,16,3.43,1,62.0,9.31,0,,,22.0,67.0,4,154.13,12,0
East Africa,Male,56,Farmer,7,32.26,0.733,10,1.13,1,44.0,40.03,0,,,52.0,36.0,2,187.51,24,1
Southern Africa,Male,30,Farmer,9,44.38,0.713,16,4.01,0,1.0,0.0,1,0.79,4.0,65.0,79.0,2,148.92,24,0
East Africa,Male,41,Self-employed,10,30.97,-0.398,11,1.32,1,51.0,20.33,0,,,2.0,88.0,6,228.96,8,1
East Africa,Female,28,Farmer,11,11.26,-1.812,17,1.57,1,73.0,11.8,0,,,29.0,76.0,2,204.97,12,1
East Africa,Male,39,Informal worker,19,23.57,-0.646,18,1.62,1,67.0,40.88,0,,,29.0,58.0,4,618.54,12,1
East Africa,Male,49,Informal worker,3,6.55,-1.19,2,1.3,0,10.0,0.0,1,0.73,2.5,53.0,22.0,4,233.12,12,0
Southern Africa,Male,55,Salaried,18,27.21,0.159,12,5.08,0,6.0,0.0,1,0.831,5.3,49.0,66.0,4,144.56,8,1
Southern Africa,Female,52,Farmer,1,56.06,-1.077,5,0.98,0,2.0,0.0,1,0.873,28.8,49.0,31.0,3,135.97,12,0
Southern Africa,Female,41,Farmer,16,94.86,-0.411,14,2.78,0,6.0,0.0,1,0.722,49.0,4.0,63.0,4,938.81,8,0
Central Africa,Male,39,Farmer,21,191.52,0.095,19,2.11,1,73.0,34.57,0,,,68.0,77.0,3,171.6,52,1
Southern Africa,Male,33,Salaried,11,62.01,1.681,12,2.01,1,78.0,34.71,0,,,57.0,85.0,5,122.05,12,1
West Africa,Female,64,Farmer,13,36.08,0.634,8,1.32,0,14.0,0.0,0,,,51.0,74.0,4,313.85,12,1
Central Africa,Male,52,Self-employed,14,91.74,-0.376,14,2.01,1,82.0,24.61,0,,,36.0,60.0,3,125.69,8,1
Central Africa,Female,59,Salaried,12,32.31,1.066,13,1.83,0,16.0,0.0,1,0.676,19.8,38.0,69.0,3,928.42,24,1
West Africa,Male,52,Trader,33,143.06,0.33,19,3.44,1,65.0,19.93,1,0.798,2.9,64.0,54.0,8,169.0,24,1
West Africa,Female,22,Farmer,4,32.5,-0.721,11,1.74,1,95.0,10.8,1,0.601,4.4,29.0,35.0,3,173.12,8,1
East Africa,Male,30,Self-employed,22,59.23,0.534,29,3.79,0,6.0,0.0,0,,,55.0,68.0,11,424.61,4,1
East Africa,Female,39,Trader,17,38.52,-0.722,9,3.31,1,70.0,11.23,0,,,23.0,79.0,5,294.72,24,0
Southern Africa,Male,32,Farmer,11,83.86,-1.343,8,4.8,1,68.0,16.68,1,0.793,1.9,78.0,85.0,4,201.18,4,1
East Africa,Male,60,Trader,36,270.28,-0.575,21,1.95,1,21.0,35.73,0,,,53.0,53.0,14,1027.92,12,1
West Africa,Female,41,Trader,12,22.28,0.722,10,4.9,0,8.0,0.0,0,,,64.0,74.0,6,75.74,12,1
West Africa,Female,28,Farmer,14,57.96,-0.358,6,1.81,0,7.0,0.0,0,,,31.0,41.0,2,70.97,8,0
Central Africa,Female,46,Salaried,8,33.45,-0.776,8,1.38,0,9.0,0.0,1,0.523,15.4,78.0,80.0,3,191.96,24,0
West Africa,Female,35,Informal worker,13,42.09,0.174,12,3.88,1,73.0,29.72,1,0.874,25.3,71.0,78.0,3,163.74,12,0
Southern Africa,Female,24,Trader,4,24.62,-1.322,6,3.73,1,91.0,8.98,1,0.757,44.6,21.0,42.0,1,117.92,4,1
West Africa,Female,62,Farmer,31,143.4,0.025,15,2.99,1,71.0,48.45,0,,,69.0,95.0,11,193.48,12,1
East Africa,Male,62,Farmer,11,19.19,0.222,20,6.0,1,42.0,17.1,0,,,71.0,69.0,6,129.58,8,1
East Africa,Female,54,Informal worker,22,20.1,1.133,13,4.13,0,6.0,0.0,0,,,25.0,52.0,10,97.51,24,1
West Africa,Male,32,Farmer,4,25.54,-1.219,7,1.2,0,1.0,0.0,0,,,32.0,86.0,5,128.01,24,0
Southern Africa,Male,57,Self-employed,16,20.39,-0.587,15,4.33,1,61.0,22.94,0,,,57.0,40.0,7,411.87,8,1
Southern Africa,Female,31,Salaried,21,84.55,0.495,13,3.97,1,53.0,27.37,1,0.898,19.6,83.0,68.0,6,321.99,8,1
West Africa,Male,59,Informal worker,25,121.72,0.812,23,2.51,1,62.0,43.61,0,,,82.0,49.0,10,337.79,4,1
East Africa,Male,59,Farmer,17,92.18,0.712,24,6.32,0,7.0,0.0,1,0.931,21.0,43.0,80.0,14,226.28,4,1
Southern Africa,Male,26,Informal worker,14,47.12,-0.433,9,1.26,0,1.0,0.0,0,,,69.0,52.0,0,154.55,12,0
Southern Africa,Male,32,Farmer,7,17.39,-0.423,17,1.49,0,7.0,0.0,0,,,55.0,44.0,1,167.94,12,0
East Africa,Female,50,Salaried,18,118.51,0.108,10,4.27,1,66.0,25.95,0,,,19.0,69.0,7,425.01,12,0
Southern Africa,Male,29,Self-employed,29,164.7,1.66,15,4.48,0,6.0,0.0,0,,,65.0,20.0,9,1354.51,4,1
West Africa,Male,55,Self-employed,18,144.48,0.929,19,5.21,1,76.0,98.81,0,,,64.0,57.0,7,908.93,8,1
West Africa,Male,49,Informal worker,11,55.23,-0.625,13,4.83,0,11.0,0.0,0,,,65.0,54.0,3,355.09,8,1
Southern Africa,Male,28,Informal worker,13,22.53,-1.002,8,2.14,0,1.0,0.0,0,,,56.0,33.0,2,412.39,8,0
Southern Africa,Male,54,Farmer,9,13.2,0.056,11,1.17,0,2.0,0.0,0,,,21.0,28.0,1,140.76,24,1
Southern Africa,Male,20,Trader,5,49.52,-1.182,12,2.21,1,78.0,12.94,1,0.634,18.9,57.0,40.0,1,287.78,4,0
West Africa,Female,36,Informal worker,11,29.23,0.128,11,3.01,1,61.0,24.25,0,,,19.0,86.0,4,120.65,8,0
East Africa,Female,26,Self-employed,14,18.74,0.412,7,1.9,1,58.0,22.02,0,,,27.0,61.0,6,524.79,4,1
Southern Africa,Male,18,Salaried,10,10.02,0.589,12,5.46,1,90.0,25.04,1,0.631,33.3,33.0,74.0,5,563.99,52,1
West Africa,Male,52,Salaried,10,88.72,-0.625,14,1.38,0,1.0,0.0,1,0.84,32.2,67.0,90.0,4,68.9,24,0
East Africa,Male,25,Farmer,27,129.31,0.904,15,3.99,1,53.0,23.07,1,0.897,0.2,65.0,71.0,11,330.95,24,0
East Africa,Male,50,Informal worker,30,257.97,1.112,17,3.23,0,6.0,0.0,1,0.712,0.8,45.0,40.0,8,439.35,4,1
West Africa,Male,21,Informal worker,19,53.74,-0.108,10,2.59,0,12.0,0.0,1,0.586,34.9,82.0,84.0,6,153.26,4,0
East Africa,Female,59,Farmer,8,29.14,-0.894,11,2.54,0,11.0,0.0,1,0.743,5.8,58.0,42.0,2,862.52,4,0
West Africa,Female,63,Trader,14,14.4,0.058,16,3.31,1,81.0,19.88,0,,,60.0,83.0,4,670.42,12,1
Central Africa,Male,32,Informal worker,9,64.83,-0.16,10,1.9,0,3.0,0.0,1,0.8,2.6,48.0,65.0,0,124.09,24,0
West Africa,Male,40,Trader,28,66.91,1.164,16,6.31,0,9.0,0.0,1,0.416,7.5,29.0,89.0,9,540.09,12,1
West Africa,Female,47,Informal worker,19,40.31,-0.036,9,5.03,0,1.0,0.0,1,0.812,1.5,46.0,72.0,3,284.62,4,0
West Africa,Female,45,Self-employed,12,22.5,0.016,14,1.41,0,5.0,0.0,1,0.72,5.5,56.0,72.0,5,152.77,8,1
West Africa,Male,19,Informal worker,22,68.65,0.949,21,4.83,0,7.0,0.0,0,,,64.0,67.0,11,891.69,8,1
West Africa,Female,64,Trader,16,46.87,-0.235,11,2.44,0,4.0,0.0,0,,,51.0,31.0,8,518.19,8,0
East Africa,Male,61,Farmer,21,39.38,0.139,12,1.74,0,8.0,0.0,0,,,87.0,80.0,6,1886.07,4,1
West Africa,Female,40,Informal worker,10,18.41,-0.571,6,4.63,0,3.0,0.0,1,0.871,5.1,72.0,54.0,7,1814.13,8,0
West Africa,Male,44,Informal worker,23,115.56,0.513,19,5.27,1,58.0,35.09,1,0.566,22.6,60.0,43.0,7,447.44,8,1
West Africa,Female,25,Trader,10,49.74,-0.277,9,1.54,0,5.0,0.0,1,0.508,0.7,28.0,27.0,5,99.55,4,1
East Africa,Male,53,Farmer,26,43.02,0.042,20,6.19,0,9.0,0.0,0,,,22.0,76.0,7,182.79,4,1
West Africa,Female,42,Salaried,17,83.71,-0.851,7,5.51,1,57.0,26.69,1,0.304,28.0,38.0,73.0,5,228.96,4,1
East Africa,Female,31,Trader,18,33.05,-0.157,7,1.76,0,8.0,0.0,1,0.816,5.5,34.0,40.0,3,351.12,4,1
Southern Africa,Female,32,Informal worker,20,50.67,-0.413,12,6.78,1,57.0,20.53,0,,,85.0,65.0,8,190.23,8,0
Southern Africa,Female,21,Salaried,16,10.97,-0.132,9,2.25,0,13.0,0.0,1,0.865,6.2,28.0,76.0,7,513.4,12,1
West Africa,Male,55,Salaried,7,18.08,-0.258,7,0.9,0,9.0,0.0,1,0.62,7.6,41.0,91.0,3,48.16,4,1
Central Africa,Female,20,Self-employed,20,68.93,1.224,14,2.29,0,2.0,0.0,0,,,39.0,71.0,2,774.88,12,1
Southern Africa,Male,44,Salaried,13,39.4,-0.321,13,2.17,1,42.0,19.67,1,0.99,10.0,59.0,24.0,6,144.39,8,0
West Africa,Female,56,Farmer,17,88.77,-0.112,26,2.29,1,41.0,68.03,1,0.753,14.3,86.0,44.0,3,251.3,8,1
East Africa,Male,20,Farmer,24,15.98,0.154,15,2.22,1,56.0,18.8,0,,,33.0,85.0,3,381.59,4,1
Southern Africa,Male,25,Trader,14,59.0,-0.663,18,2.16,1,53.0,15.39,1,0.707,5.6,68.0,51.0,3,368.89,12,1
West Africa,Male,53,Trader,17,40.96,-1.276,14,2.74,0,11.0,0.0,0,,,12.0,27.0,6,106.48,24,1
East Africa,Prefer not to say,56,Informal worker,7,80.14,-0.399,10,1.11,1,90.0,9.88,0,,,47.0,21.0,4,203.86,12,1
East Africa,Female,21,Trader,13,36.34,-0.191,14,1.86,0,9.0,0.0,1,0.616,12.3,13.0,42.0,1,141.52,4,1
West Africa,Male,30,Farmer,17,58.12,-0.007,13,3.52,0,1.0,0.0,1,0.838,4.7,49.0,43.0,4,346.83,12,1
Central Africa,Female,46,Salaried,22,121.74,0.655,19,4.23,1,10.0,32.1,0,,,33.0,41.0,12,1023.56,24,1
West Africa,Male,43,Trader,33,114.41,-0.061,13,2.92,0,0.0,0.0,1,0.696,61.2,38.0,88.0,11,63.09,4,0
West Africa,Male,42,Trader,12,41.68,-0.029,9,1.14,1,63.0,8.32,0,,,28.0,61.0,3,62.02,52,1
West Africa,Male,30,Informal worker,17,50.32,-0.18,16,1.99,1,22.0,18.54,0,,,56.0,59.0,3,275.74,12,1
East Africa,Female,43,Trader,24,50.43,-0.104,14,10.54,0,0.0,0.0,1,0.86,3.1,44.0,49.0,8,482.05,8,1
Central Africa,Female,20,Farmer,8,57.5,0.065,14,4.3,0,1.0,0.0,0,,,58.0,77.0,3,157.45,8,1
Southern Africa,Female,59,Trader,28,55.82,0.364,14,4.38,0,2.0,0.0,1,0.55,5.7,72.0,73.0,11,502.4,12,1
Central Africa,Male,43,Salaried,35,61.97,1.625,19,2.78,1,54.0,98.76,0,,,37.0,82.0,13,917.96,52,1
East Africa,Male,35,Informal worker,14,69.35,-0.649,12,2.19,1,53.0,31.01,1,0.862,22.9,67.0,55.0,2,230.23,8,0
East Africa,Female,35,Informal worker,4,51.26,0.674,9,2.47,0,13.0,0.0,0,,,31.0,71.0,1,97.51,12,0
East Africa,Male,35,Trader,14,108.71,0.234,10,3.53,0,18.0,0.0,1,0.747,6.4,11.0,17.0,6,875.41,8,1
West Africa,Female,38,Informal worker,21,180.36,-0.205,18,4.34,1,35.0,23.0,1,0.457,1.5,53.0,72.0,11,364.51,4,1
Central Africa,Prefer not to say,27,Farmer,12,40.97,-0.311,12,4.14,1,58.0,12.37,0,,,27.0,77.0,1,100.64,24,1
East Africa,Male,46,Informal worker,3,41.73,-0.692,6,1.18,1,83.0,9.34,1,0.945,68.8,25.0,98.0,1,191.08,24,1
East Africa,Male,26,Trader,21,172.93,0.4,11,4.42,1,79.0,33.09,0,,,88.0,39.0,4,39.53,12,1
East Africa,Female,32,Trader,22,107.49,-0.103,14,3.74,1,30.0,22.44,1,0.852,1.5,43.0,64.0,5,233.88,52,1
Southern Africa,Female,58,Trader,10,102.93,-0.642,11,3.75,0,16.0,0.0,1,0.684,1.9,18.0,85.0,3,168.06,24,1
West Africa,Female,44,Trader,11,60.47,0.058,9,1.86,0,5.0,0.0,1,0.738,11.5,19.0,61.0,3,116.4,24,0
Southern Africa,Female,60,Trader,25,44.45,0.386,22,6.53,0,3.0,0.0,0,,,57.0,79.0,9,664.12,8,1
Southern Africa,Male,48,Trader,24,64.18,-0.749,27,6.7,0,6.0,0.0,0,,,66.0,89.0,8,187.79,24,1
Southern Africa,Female,54,Salaried,20,24.57,1.064,18,3.12,1,84.0,27.29,0,,,64.0,56.0,6,227.92,12,1
West Africa,Female,22,Informal worker,7,34.09,-0.228,9,3.17,1,70.0,18.92,0,,,85.0,84.0,1,352.74,4,0
West Africa,Female,41,Informal worker,20,38.21,0.074,16,4.1,0,7.0,0.0,1,0.671,0.2,50.0,50.0,6,343.51,24,1
East Africa,Male,34,Trader,8,23.87,0.395,12,3.9,1,76.0,24.85,0,,,31.0,50.0,4,502.48,12,1
Central Africa,Male,18,Trader,10,39.38,0.325,8,2.15,1,82.0,19.34,1,0.893,22.9,83.0,89.0,4,265.72,4,0
Central Africa,Male,22,Self-employed,13,27.64,1.342,18,3.62,1,87.0,40.35,1,0.323,0.5,45.0,89.0,7,346.61,52,1
East Africa,Male,26,Trader,9,16.92,-0.611,6,3.66,1,56.0,22.0,1,0.675,23.1,80.0,53.0,2,100.78,4,0
West Africa,Prefer not to say,18,Salaried,14,63.58,0.263,11,3.09,1,67.0,18.94,1,0.792,91.7,27.0,76.0,3,467.18,8,1
West Africa,Prefer not to say,38,Informal worker,21,33.12,-0.345,15,3.15,1,30.0,39.12,0,,,71.0,23.0,2,821.25,12,1
East Africa,Female,20,Farmer,26,53.14,0.581,14,5.73,1,17.0,26.9,0,,,29.0,91.0,7,279.64,24,1
West Africa,Female,56,Informal worker,28,149.34,1.173,14,3.01,1,47.0,18.09,0,,,84.0,83.0,8,429.39,8,1
East Africa,Male,45,Salaried,22,23.6,-0.456,5,1.88,1,48.0,41.98,1,0.818,6.5,29.0,53.0,2,254.48,12,1
Southern Africa,Female,63,Salaried,13,57.7,1.284,11,2.97,0,6.0,0.0,0,,,39.0,67.0,5,114.25,12,1
East Africa,Female,21,Farmer,10,21.97,0.401,15,5.48,1,36.0,16.84,0,,,59.0,22.0,5,935.85,8,1
East Africa,Female,21,Trader,22,68.52,0.166,20,2.99,1,31.0,29.43,1,0.803,3.9,50.0,93.0,7,904.59,12,1
West Africa,Female,58,Informal worker,15,54.55,-1.844,19,1.98,1,23.0,18.49,0,,,28.0,51.0,3,133.77,24,0
West Africa,Female,36,Trader,23,36.48,0.183,2,3.55,0,10.0,0.0,1,0.818,11.1,30.0,37.0,6,213.5,4,1
Southern Africa,Female,53,Farmer,27,108.02,1.159,10,3.77,0,13.0,0.0,1,0.898,0.3,91.0,72.0,9,890.74,4,1
East Africa,Male,26,Informal worker,20,79.56,0.488,16,4.4,0,8.0,0.0,1,0.817,0.6,77.0,50.0,6,775.42,4,1
West Africa,Female,18,Trader,5,33.65,0.052,11,1.73,0,4.0,0.0,1,0.799,1.4,36.0,56.0,3,707.53,12,0
West Africa,Male,41,Salaried,10,77.33,-0.191,9,1.14,0,1.0,0.0,0,,,21.0,36.0,5,72.65,12,1
West Africa,Male,44,Self-employed,20,112.31,0.401,18,5.47,0,1.0,0.0,0,,,80.0,69.0,9,180.67,8,1
Southern Africa,Female,23,Trader,16,47.66,0.041,9,3.69,0,3.0,0.0,0,,,25.0,62.0,5,135.21,12,0
East Africa,Female,18,Trader,27,22.09,-0.054,14,4.04,1,29.0,52.08,0,,,73.0,90.0,5,418.87,4,1
East Africa,Female,27,Farmer,19,183.74,0.218,26,3.29,1,91.0,28.25,1,0.911,29.8,86.0,74.0,7,77.16,12,1
East Africa,Male,23,Trader,16,40.22,0.143,10,5.39,1,75.0,10.62,0,,,69.0,42.0,7,68.32,12,1
West Africa,Male,64,Trader,17,12.7,0.454,15,2.43,0,3.0,0.0,1,0.773,19.5,54.0,69.0,2,43.16,8,1
East Africa,Male,64,Self-employed,19,136.06,0.053,14,3.83,0,1.0,0.0,0,,,48.0,78.0,5,377.54,12,0
West Africa,Female,18,Trader,12,63.02,0.578,14,1.47,1,68.0,20.77,0,,,62.0,42.0,7,224.87,4,1
Central Africa,Prefer not to say,39,Trader,14,54.05,1.443,9,7.41,1,61.0,12.24,0,,,58.0,93.0,4,889.7,12,1
West Africa,Female,36,Farmer,16,46.45,-0.179,14,1.0,1,23.0,18.11,1,0.92,0.7,68.0,88.0,3,139.82,4,1
East Africa,Male,19,Trader,25,140.05,1.765,23,3.78,1,64.0,34.16,1,0.858,13.0,63.0,67.0,16,629.77,4,1
West Africa,Female,49,Salaried,20,207.91,0.586,21,1.56,1,91.0,45.99,1,0.671,1.3,82.0,77.0,4,256.62,52,1
Southern Africa,Male,57,Salaried,23,51.4,0.072,11,2.79,0,4.0,0.0,0,,,39.0,88.0,8,335.13,12,0
West Africa,Female,46,Farmer,9,20.81,0.641,7,1.28,0,13.0,0.0,1,0.763,53.8,37.0,29.0,3,124.86,4,1
Central Africa,Female,61,Trader,10,31.92,0.214,8,1.64,0,12.0,0.0,1,0.955,10.9,21.0,39.0,7,112.2,4,1
West Africa,Male,47,Salaried,14,18.93,0.417,11,3.24,1,75.0,33.38,1,0.834,0.5,26.0,91.0,7,361.61,4,1
Southern Africa,Female,43,Informal worker,9,34.88,-1.524,10,1.75,0,3.0,0.0,1,0.8,2.0,45.0,69.0,2,238.09,24,1
Southern Africa,Female,62,Farmer,18,118.22,0.61,19,1.89,1,33.0,15.84,1,0.72,7.6,53.0,60.0,5,167.65,24,1
West Africa,Male,51,Farmer,20,67.38,0.27,10,5.54,1,70.0,24.91,1,0.738,1.2,59.0,67.0,7,437.74,8,1
West Africa,Male,53,Farmer,35,100.75,0.888,23,7.58,0,3.0,0.0,1,0.723,1.9,25.0,68.0,9,323.91,8,1
East Africa,Female,54,Trader,11,76.87,0.312,11,3.86,1,75.0,16.93,1,0.789,12.0,65.0,62.0,6,718.92,8,0
Southern Africa,Female,19,Farmer,18,34.12,0.164,12,2.89,1,77.0,43.69,0,,,64.0,91.0,7,364.46,8,1
Central Africa,Female,52,Informal worker,17,22.2,0.274,14,2.59,0,0.0,0.0,0,,,34.0,81.0,7,280.69,24,1
West Africa,Male,53,Farmer,9,22.01,0.07,11,1.42,0,15.0,0.0,1,0.665,12.8,44.0,83.0,1,159.98,12,1
East Africa,Female,41,Informal worker,22,48.58,-0.004,14,7.29,1,23.0,42.92,0,,,79.0,33.0,6,141.09,4,1
West Africa,Male,44,Informal worker,17,89.26,1.246,12,4.74,1,56.0,50.02,1,0.729,50.3,63.0,75.0,7,125.26,4,1
West Africa,Male,57,Salaried,24,113.93,0.923,20,4.01,1,88.0,12.55,0,,,29.0,83.0,7,135.31,4,1
East Africa,Male,24,Informal worker,10,7.64,-0.817,10,0.74,0,3.0,0.0,1,0.455,15.0,57.0,83.0,2,200.14,8,1
West Africa,Male,42,Trader,6,8.94,-0.231,8,1.85,1,94.0,7.29,1,0.619,8.8,30.0,14.0,2,182.24,4,1
West Africa,Male,54,Informal worker,4,57.82,-0.941,13,0.87,0,11.0,0.0,0,,,34.0,99.0,4,696.24,8,1
Central Africa,Male,30,Salaried,15,21.14,0.438,17,2.77,1,57.0,18.64,1,0.751,5.3,22.0,67.0,5,441.26,8,1
Southern Africa,Male,30,Trader,15,111.7,-0.304,11,5.19,0,6.0,0.0,0,,,89.0,82.0,11,564.26,52,1
Southern Africa,Female,18,Salaried,17,10.22,-0.049,13,4.75,0,11.0,0.0,0,,,54.0,67.0,5,142.67,12,0
West Africa,Male,32,Self-employed,18,172.41,0.099,13,2.54,1,56.0,29.81,1,0.725,21.9,20.0,46.0,5,117.44,8,1
Central Africa,Male,34,Informal worker,15,69.14,0.927,21,2.75,1,30.0,27.47,1,0.817,13.5,83.0,36.0,5,258.26,12,1
East Africa,Female,62,Trader,12,107.41,-0.29,20,1.44,1,53.0,31.18,0,,,39.0,56.0,8,108.02,8,0
East Africa,Female,21,Informal worker,15,63.89,0.504,15,2.35,1,85.0,8.57,0,,,63.0,92.0,7,184.75,4,1
West Africa,Female,48,Farmer,25,126.14,-0.704,11,2.34,0,15.0,0.0,1,0.914,0.2,45.0,75.0,8,146.46,24,1
Central Africa,Male,20,Farmer,10,95.29,0.517,11,1.39,0,3.0,0.0,0,,,16.0,70.0,2,123.37,8,0
East Africa,Female,55,Trader,24,61.03,0.378,16,3.1,0,27.0,0.0,0,,,56.0,75.0,11,775.13,8,1
Southern Africa,Female,40,Informal worker,18,23.57,-0.005,19,3.42,0,3.0,0.0,0,,,38.0,49.0,7,407.7,8,1
Southern Africa,Female,38,Informal worker,14,19.28,0.299,13,2.42,0,10.0,0.0,0,,,84.0,33.0,6,130.47,12,1
Southern Africa,Female,62,Farmer,12,24.58,0.137,10,1.22,0,3.0,0.0,1,0.755,0.7,20.0,80.0,5,1588.66,8,1
Southern Africa,Male,53,Farmer,11,19.28,-0.539,4,0.52,1,55.0,20.08,0,,,54.0,67.0,2,196.69,24,1
Central Africa,Male,22,Farmer,10,61.98,0.555,8,3.85,0,3.0,0.0,0,,,38.0,94.0,2,147.5,12,1
West Africa,Male,30,Farmer,10,20.57,0.303,10,1.8,1,12.0,9.24,0,,,69.0,47.0,1,119.18,8,1
West Africa,Male,30,Farmer,8,35.83,-1.301,9,1.17,0,5.0,0.0,1,0.87,8.8,49.0,83.0,2,101.54,24,0
Southern Africa,Female,46,Trader,4,10.46,-0.34,10,0.9,1,95.0,24.68,0,,,50.0,63.0,2,370.35,4,1
East Africa,Male,57,Farmer,22,50.03,0.157,24,2.67,0,2.0,0.0,1,0.882,16.4,42.0,38.0,5,847.6,8,0
East Africa,Female,47,Trader,15,31.71,-1.917,8,1.96,1,49.0,35.38,0,,,62.0,64.0,3,203.29,24,0
Southern Africa,Prefer not to say,36,Salaried,14,45.15,0.105,17,2.81,0,17.0,0.0,1,0.704,20.5,24.0,89.0,5,123.3,8,1
East Africa,Female,53,Farmer,24,29.31,-0.095,15,6.25,1,63.0,29.99,0,,,50.0,52.0,2,218.68,24,1
Southern Africa,Male,53,Salaried,11,72.47,-0.013,8,1.83,1,57.0,18.89,0,,,42.0,66.0,5,355.83,12,1
West Africa,Prefer not to say,21,Farmer,12,77.92,0.271,11,3.11,0,2.0,0.0,1,0.599,1.7,71.0,67.0,5,270.17,4,1
Central Africa,Male,43,Trader,6,26.97,0.179,11,3.77,1,72.0,31.85,1,0.563,14.0,59.0,27.0,3,484.74,12,1
West Africa,Male,51,Trader,18,12.6,0.189,9,1.43,0,2.0,0.0,1,0.448,7.2,27.0,74.0,4,374.29,4,1
East Africa,Male,46,Trader,7,41.3,-1.665,17,2.56,1,41.0,12.4,0,,,18.0,64.0,5,158.1,8,1
Central Africa,Male,29,Farmer,10,32.4,-0.362,7,1.75,0,12.0,0.0,0,,,59.0,25.0,2,75.81,8,1
West Africa,Female,25,Salaried,15,73.84,-1.312,12,2.03,0,1.0,0.0,1,0.561,2.4,51.0,38.0,2,202.59,8,0
West Africa,Male,31,Trader,8,19.08,-0.818,11,2.08,0,0.0,0.0,0,,,51.0,77.0,5,163.92,8,0
West Africa,Female,34,Farmer,11,100.66,0.945,10,1.76,0,8.0,0.0,0,,,47.0,74.0,2,458.68,4,1
East Africa,Male,61,Trader,26,62.22,0.881,29,2.77,1,81.0,24.93,0,,,44.0,67.0,14,876.51,12,1
East Africa,Female,47,Farmer,14,174.45,-1.05,11,3.36,1,21.0,25.43,0,,,23.0,79.0,5,280.84,8,1
West Africa,Male,57,Informal worker,15,25.04,-0.232,9,3.21,0,4.0,0.0,0,,,59.0,86.0,3,440.52,8,1
Central Africa,Female,19,Trader,37,107.35,2.088,13,9.47,0,6.0,0.0,0,,,82.0,59.0,11,317.29,24,1
West Africa,Male,54,Trader,23,24.17,0.177,18,3.49,1,69.0,100.26,1,0.862,7.8,73.0,55.0,13,190.9,12,1
East Africa,Female,26,Informal worker,9,22.71,-1.582,7,1.37,0,13.0,0.0,1,0.733,4.8,76.0,55.0,1,256.51,12,1
East Africa,Female,44,Farmer,25,53.48,0.241,11,4.79,1,21.0,39.05,0,,,88.0,28.0,8,820.73,4,0
West Africa,Female,36,Farmer,18,63.81,1.426,13,3.74,0,2.0,0.0,1,0.932,2.9,69.0,63.0,6,377.49,4,1
West Africa,Male,58,Informal worker,26,65.1,0.441,23,7.62,0,13.0,0.0,0,,,46.0,83.0,11,528.95,52,0
Central Africa,Female,49,Trader,8,36.75,0.855,9,1.2,0,2.0,0.0,1,0.714,13.1,45.0,88.0,0,519.1,8,1
Southern Africa,Female,39,Salaried,9,65.9,-0.243,17,2.47,0,1.0,0.0,1,0.881,14.4,29.0,63.0,1,274.73,4,1
West Africa,Female,41,Salaried,17,28.22,1.403,9,2.49,1,66.0,8.87,1,0.879,39.9,23.0,30.0,3,483.42,4,1
Southern Africa,Female,51,Farmer,8,26.06,-0.326,16,1.41,0,9.0,0.0,0,,,84.0,67.0,0,55.7,8,1
East Africa,Prefer not to say,51,Farmer,24,99.3,0.52,18,2.7,0,9.0,0.0,0,,,41.0,77.0,11,574.2,4,0
West Africa,Prefer not to say,44,Farmer,6,23.66,-0.08,14,1.35,1,55.0,28.16,0,,,80.0,57.0,0,147.63,8,1
Southern Africa,Female,52,Salaried,18,42.45,-0.35,12,2.76,0,5.0,0.0,1,0.465,1.6,25.0,34.0,5,269.96,12,0
East Africa,Male,55,Trader,16,46.07,-0.248,14,0.97,1,29.0,16.9,0,,,73.0,69.0,3,539.02,4,1
West Africa,Male,19,Informal worker,35,40.83,0.861,33,6.76,1,85.0,38.81,1,0.796,2.3,79.0,88.0,11,437.72,8,1
Central Africa,Female,35,Farmer,6,106.8,0.788,16,2.64,0,13.0,0.0,1,0.691,14.3,29.0,54.0,1,97.96,24,0
West Africa,Prefer not to say,60,Salaried,12,27.63,-1.262,11,2.76,0,6.0,0.0,0,,,49.0,43.0,5,162.49,8,1
West Africa,Male,33,Self-employed,13,19.82,-0.925,5,4.15,0,9.0,0.0,1,0.27,0.8,49.0,8.0,2,458.1,8,1
West Africa,Male,56,Trader,22,104.16,1.882,22,3.57,0,3.0,0.0,1,0.838,22.2,33.0,65.0,8,478.71,24,1
Southern Africa,Male,43,Farmer,4,13.19,-0.324,8,1.93,1,64.0,12.0,1,0.811,60.4,33.0,37.0,3,290.21,4,1
Southern Africa,Male,30,Farmer,14,36.62,-0.622,14,4.66,0,6.0,0.0,1,0.794,7.9,48.0,61.0,4,412.52,24,0
Central Africa,Prefer not to say,34,Informal worker,12,77.83,0.164,14,2.01,0,3.0,0.0,1,0.851,1.1,55.0,63.0,3,87.58,12,1
West Africa,Female,40,Trader,15,39.24,-0.178,13,2.64,0,2.0,0.0,0,,,60.0,50.0,1,175.26,12,1
Southern Africa,Male,23,Informal worker,27,34.13,-0.187,12,4.39,1,81.0,44.98,1,0.667,5.2,54.0,46.0,8,51.35,24,1
East Africa,Male,32,Informal worker,32,37.3,0.039,28,5.35,0,16.0,0.0,0,,,79.0,45.0,16,392.82,52,1
West Africa,Male,50,Self-employed,24,69.28,0.006,15,2.22,0,9.0,0.0,0,,,57.0,61.0,5,1095.15,12,1
West Africa,Female,60,Informal worker,12,27.59,-1.283,11,3.88,1,77.0,22.76,1,0.86,2.5,41.0,63.0,3,512.65,52,1
Southern Africa,Female,62,Informal worker,18,30.13,-0.169,9,5.83,1,79.0,31.05,0,,,23.0,62.0,11,284.28,8,1
West Africa,Male,35,Trader,20,76.71,0.967,20,4.04,0,6.0,0.0,0,,,21.0,93.0,7,94.88,8,1
East Africa,Male,55,Trader,16,64.66,0.265,11,2.32,0,4.0,0.0,1,0.629,16.0,48.0,68.0,2,205.51,12,1
East Africa,Female,36,Informal worker,9,22.23,-0.471,9,2.08,1,67.0,23.53,0,,,56.0,60.0,5,318.82,8,1
West Africa,Female,55,Informal worker,14,24.61,-0.488,21,3.49,0,8.0,0.0,0,,,26.0,77.0,14,673.14,4,1
Central Africa,Female,60,Salaried,25,55.28,0.154,15,3.8,1,56.0,42.6,0,,,44.0,94.0,8,398.53,4,1
Southern Africa,Male,38,Farmer,17,70.16,-1.339,9,4.81,1,79.0,41.21,0,,,61.0,66.0,3,211.86,24,0
East Africa,Prefer not to say,46,Trader,14,76.17,0.586,14,1.85,1,94.0,36.62,0,,,60.0,85.0,3,86.38,8,1
Southern Africa,Female,58,Trader,20,45.2,0.776,22,6.44,0,8.0,0.0,1,0.707,18.9,59.0,93.0,11,108.13,12,1
East Africa,Female,24,Farmer,9,48.73,0.33,11,0.56,0,4.0,0.0,0,,,45.0,71.0,0,63.98,52,1
Southern Africa,Male,29,Farmer,11,27.53,0.545,15,1.37,0,5.0,0.0,1,0.603,2.9,22.0,66.0,3,283.71,12,1
West Africa,Male,47,Trader,20,23.43,0.473,10,2.84,0,1.0,0.0,0,,,44.0,16.0,5,973.31,4,1
East Africa,Male,26,Trader,23,131.93,0.235,17,6.83,1,76.0,37.78,1,0.895,6.7,65.0,43.0,9,203.18,12,1
West Africa,Female,55,Farmer,13,90.35,-0.321,10,5.86,0,14.0,0.0,0,,,41.0,29.0,8,320.9,8,0
East Africa,Female,30,Farmer,16,40.54,0.163,11,5.98,1,73.0,18.38,0,,,50.0,82.0,9,1106.45,4,1
East Africa,Male,33,Self-employed,8,51.32,-0.205,8,2.94,1,98.0,22.91,1,0.477,11.8,49.0,81.0,1,511.53,8,0
West Africa,Prefer not to say,56,Salaried,4,11.31,0.046,12,2.05,1,44.0,12.58,0,,,25.0,35.0,0,294.75,8,1
Central Africa,Female,42,Trader,9,59.3,-0.994,9,1.57,1,57.0,8.21,0,,,55.0,37.0,2,170.73,12,0
West Africa,Male,55,Salaried,22,86.63,0.413,11,1.59,1,71.0,53.72,0,,,52.0,66.0,9,285.1,4,1
West Africa,Female,47,Farmer,8,38.66,-0.848,9,1.58,0,10.0,0.0,0,,,64.0,30.0,2,375.03,12,1
East Africa,Female,42,Self-employed,15,20.35,0.272,17,2.34,0,6.0,0.0,0,,,26.0,76.0,7,367.98,8,0
East Africa,Male,41,Informal worker,18,86.95,-0.434,7,1.86,0,7.0,0.0,1,0.801,3.4,13.0,82.0,6,198.66,4,0
West Africa,Female,55,Trader,17,61.09,1.221,15,1.64,0,4.0,0.0,0,,,62.0,77.0,6,136.27,8,1
East Africa,Male,64,Trader,22,91.23,0.227,15,3.03,1,69.0,54.32,0,,,70.0,52.0,9,950.67,8,1
Southern Africa,Female,19,Self-employed,26,92.9,0.128,15,1.57,0,2.0,0.0,0,,,39.0,70.0,6,486.05,12,1
West Africa,Female,41,Self-employed,7,41.59,-1.104,13,4.69,0,5.0,0.0,0,,,21.0,37.0,1,57.82,8,0
Central Africa,Female,54,Farmer,22,24.38,0.42,11,3.93,1,74.0,75.25,0,,,13.0,79.0,6,499.99,52,1
West Africa,Female,48,Informal worker,25,98.85,0.704,18,2.74,1,58.0,41.23,1,0.763,56.5,51.0,86.0,3,423.39,8,1
East Africa,Male,40,Farmer,26,44.71,0.0,14,2.73,1,49.0,14.09,1,0.627,25.5,44.0,66.0,8,414.55,52,1
West Africa,Male,55,Salaried,7,22.98,-0.416,8,1.39,0,11.0,0.0,1,0.806,29.7,32.0,88.0,1,262.26,8,1
Southern Africa,Female,40,Farmer,25,52.63,-0.193,20,6.43,1,58.0,29.78,1,0.98,4.3,61.0,29.0,8,104.97,4,1
Southern Africa,Male,24,Trader,12,18.3,-0.217,16,0.73,0,14.0,0.0,1,0.78,2.2,62.0,73.0,2,521.58,12,1
West Africa,Female,30,Farmer,8,14.15,0.087,5,2.78,0,7.0,0.0,0,,,34.0,41.0,2,660.33,8,0
West Africa,Male,20,Informal worker,19,22.32,1.167,11,4.72,0,4.0,0.0,0,,,9.0,36.0,7,393.77,4,1
West Africa,Male,51,Farmer,24,40.4,1.054,13,5.9,1,74.0,27.09,1,0.571,4.3,42.0,92.0,11,231.82,12,1
West Africa,Male,63,Salaried,28,55.74,-0.459,17,2.6,0,1.0,0.0,0,,,47.0,85.0,10,436.67,8,1
Central Africa,Female,35,Self-employed,15,60.06,-0.222,10,2.17,0,0.0,0.0,0,,,70.0,65.0,4,373.14,12,0
East Africa,Male,52,Trader,24,170.33,0.645,11,1.07,1,48.0,24.91,0,,,72.0,66.0,7,235.94,12,1
East Africa,Female,64,Salaried,18,72.59,-1.712,5,2.9,0,1.0,0.0,0,,,55.0,76.0,7,344.14,8,0
Central Africa,Male,36,Informal worker,17,141.09,0.314,13,2.35,0,6.0,0.0,1,0.98,11.6,50.0,58.0,11,210.18,8,0
Southern Africa,Female,59,Informal worker,15,28.26,0.355,18,5.28,0,16.0,0.0,1,0.904,18.8,51.0,27.0,5,1403.62,8,0
Southern Africa,Female,18,Trader,27,169.66,1.556,12,7.49,0,5.0,0.0,0,,,45.0,58.0,5,285.14,12,1
West Africa,Female,49,Farmer,15,30.41,-0.166,14,3.37,1,61.0,17.24,0,,,56.0,20.0,3,240.13,12,0
West Africa,Male,25,Self-employed,13,157.82,0.822,12,2.53,0,15.0,0.0,1,0.755,12.2,7.0,87.0,4,152.1,24,0
West Africa,Female,54,Informal worker,23,39.81,0.372,24,4.91,0,10.0,0.0,0,,,37.0,89.0,9,227.24,8,1
West Africa,Male,18,Informal worker,4,62.2,0.155,7,1.84,1,16.0,21.41,1,0.427,23.9,43.0,77.0,5,756.47,4,1
East Africa,Female,57,Trader,39,37.14,0.827,26,6.9,1,51.0,24.93,1,0.693,15.2,49.0,58.0,9,298.22,12,1
West Africa,Male,36,Farmer,14,20.2,0.919,9,2.3,0,8.0,0.0,0,,,16.0,96.0,3,233.19,24,1
East Africa,Female,29,Farmer,10,161.52,0.787,18,4.76,0,10.0,0.0,0,,,35.0,72.0,2,475.83,12,1
East Africa,Female,44,Informal worker,16,30.78,-0.142,15,2.6,1,75.0,32.64,1,0.832,2.9,44.0,89.0,10,244.87,8,1
West Africa,Female,64,Salaried,27,77.28,-0.491,14,3.61,1,76.0,38.43,1,0.78,27.9,59.0,87.0,4,1079.04,8,1
West Africa,Female,25,Farmer,15,20.9,0.471,17,1.76,1,17.0,21.08,0,,,89.0,48.0,5,197.67,4,1
East Africa,Female,32,Trader,23,77.89,1.656,21,9.88,0,11.0,0.0,0,,,39.0,77.0,14,347.78,4,1
East Africa,Male,48,Trader,19,150.26,-0.929,11,4.28,0,17.0,0.0,1,0.795,14.7,42.0,52.0,4,106.44,12,1
